DATA,CO_ID,CL_ID,CL_GENERO,CL_EC,CL_FHL,CL_SEG,PR_ID,PR_CAT,PR_NOME
2019-02-01,1000,534,M,4,1,C,67,BEBIDAS,REFRIGERANTE GUARANA
2019-02-01,1040,279,M,1,2,B,38,ALIMENTOS,LEITE CONDENSADO
2019-02-01,1078,290,F,1,0,B,145,PET,RACAO UMIDA PARA GATOS
2019-02-01,1082,323,M,1,3,B,69,BEBIDAS,REFRIGERANTE LIMaO
2019-02-01,1103,957,M,2,3,B,15,ALIMENTOS,BATATA DOCE
2019-02-01,1121,49,M,2,0,C,123,LIMPEZA,TIRA MANCHA
2019-02-01,1188,906,M,2,0,A,96,LIMPEZA,BALDE
2019-02-01,1200,653,M,2,0,C,54,ALIMENTOS,PRESUNTO COZIDO
2019-02-01,1240,842,M,5,2,B,166,HIGIENE,MODELADOR
2019-02-01,1293,616,F,1,2,C,43,ALIMENTOS,MAMAO PAPAYA
2019-02-01,1298,406,M,2,4,C,72,HIGIENE,CONDICIONADOR
2019-02-01,1375,576,M,3,0,B,168,ALIMENTOS,MAMAO PAPAYA
2019-02-01,1433,652,F,4,0,B,96,LIMPEZA,BALDE
2019-02-01,1482,453,F,1,0,B,7,ALIMENTOS,ALMONDEGA
2019-02-01,1568,829,F,3,4,B,106,LIMPEZA,ODORIZADOR
2019-02-01,1569,251,F,2,0,C,148,PET,RACAO SECA PARA CAES
2019-02-01,1637,397,F,1,0,B,100,LIMPEZA,DETERGENTE
2019-02-01,1683,438,F,1,0,B,63,ALIMENTOS,TOMATE
2019-02-01,1768,69,M,4,3,A,221,ALIMENTOS,BANANA
2019-02-01,1793,608,F,3,0,C,122,ALIMENTOS,TOMATE
2019-02-01,1850,423,F,5,2,A,167,ALIMENTOS,MANGA
2019-02-01,1874,53,M,1,1,B,9,ALIMENTOS,ARROZ INTEGRAL
2019-02-01,1943,886,F,5,1,B,35,ALIMENTOS,LATA DE ERVILHA
2019-02-01,1954,624,M,4,0,B,143,BEBIDAS,REFRIGERANTE GUARANA
2019-02-01,1985,94,M,1,2,C,220,ALIMENTOS,BATATA
2019-02-01,2058,428,F,2,0,A,106,LIMPEZA,ODORIZADOR
2019-02-01,2112,72,F,2,0,A,192,HIGIENE,FIXADOR
2019-02-01,2151,493,M,2,4,B,39,ALIMENTOS,LIMAO
2019-02-01,2224,497,M,3,0,B,196,HIGIENE,ESCOVA DE DENTE
2019-02-01,2311,164,M,2,3,A,213,ALIMENTOS,CENOURA
2019-02-01,2327,689,M,2,0,C,177,ALIMENTOS,LIMAO
2019-02-01,2338,99,F,1,4,C,13,ALIMENTOS,BANANA
2019-02-01,2358,866,M,2,2,C,71,HIGIENE,ABSORVENTE
2019-02-01,2390,801,M,1,4,B,23,ALIMENTOS,COGUMELOS
2019-02-01,2424,279,M,1,2,B,221,ALIMENTOS,BANANA
2019-02-01,2522,340,M,3,4,B,223,ALIMENTOS,AZEITONA
2019-02-01,2599,52,F,1,0,A,137,ALIMENTOS,REQUEIJAO
2019-02-01,2668,574,F,2,2,B,113,LIMPEZA,TIRA MANCHA
2019-02-01,2757,328,M,2,0,B,19,ALIMENTOS,CAFE
2019-02-01,2830,466,F,1,0,C,168,ALIMENTOS,MAMAO PAPAYA
2019-02-01,2880,296,F,1,3,B,4,ALIMENTOS,ABACAXI
2019-02-01,2950,149,M,1,3,A,111,LIMPEZA,SABAO EM PO
2019-02-01,2995,406,M,2,4,C,178,HIGIENE,LENCO UMEDECIDO
2019-02-01,3076,458,F,3,4,C,109,LIMPEZA,RODO
2019-02-01,3157,776,F,2,0,B,59,ALIMENTOS,SALGADINHO
2019-02-01,3220,746,M,3,0,C,142,BEBIDAS,REFRIGERANTE LARANJA
2019-02-01,3305,45,M,2,0,A,48,ALIMENTOS,OVOS
2019-02-01,3395,798,M,5,2,B,188,ALIMENTOS,HAMBUGUER
2019-02-01,3444,709,F,3,0,B,154,HIGIENE,PRESERVATIVO
2019-02-01,3461,796,M,2,3,B,13,ALIMENTOS,BANANA
2019-02-01,3523,878,F,4,3,C,16,ALIMENTOS,BIFE DE COXAO MOLE
2019-02-01,3561,888,F,4,2,B,21,ALIMENTOS,CENOURA
2019-02-01,3634,246,M,2,2,B,78,HIGIENE,FRALDA
2019-02-01,3689,433,M,3,3,B,18,ALIMENTOS,BROCOLIS
2019-02-01,3763,433,M,3,3,B,84,HIGIENE,PAPEL HIGIENICO
2019-02-01,3855,545,M,2,2,B,18,ALIMENTOS,BROCOLIS
2019-02-01,3949,943,F,1,0,C,67,BEBIDAS,REFRIGERANTE GUARANA
2019-02-01,3950,429,M,4,0,C,223,ALIMENTOS,AZEITONA
2019-02-01,3970,56,F,2,3,B,134,LIMPEZA,SABAO
2019-02-01,4009,922,M,1,0,B,47,ALIMENTOS,MORTADELA
2019-02-01,4017,305,F,4,0,B,69,BEBIDAS,REFRIGERANTE LIMaO
2019-02-01,4064,453,F,1,0,B,203,ALIMENTOS,DANETTE
2019-02-01,4113,236,M,2,2,C,76,HIGIENE,FIO DENTAL
2019-02-01,4153,193,F,4,0,B,201,LIMPEZA,DESINFETANTE
2019-02-01,4246,927,M,1,1,C,215,ALIMENTOS,CAFE
2019-02-01,4251,594,F,3,1,C,82,HIGIENE,LENCO UMEDECIDO
2019-02-01,4307,333,F,2,0,C,206,ALIMENTOS,CORACAO DE FRANGO
2019-02-01,4382,199,M,3,3,B,62,ALIMENTOS,SNACKS
2019-02-01,4459,973,F,4,0,B,73,HIGIENE,CREME
2019-02-01,4521,686,F,3,2,A,93,LIMPEZA,AGUA SANITARIA
2019-02-01,4578,523,M,3,0,B,189,ALIMENTOS,GRANOLA
2019-02-01,4581,406,M,2,4,C,123,LIMPEZA,TIRA MANCHA
2019-02-01,4680,225,M,4,0,C,62,ALIMENTOS,SNACKS
2019-09-01,4755,82,F,1,1,C,203,ALIMENTOS,DANETTE
2019-09-01,4823,362,F,3,0,B,119,PET,RACAO UMIDA PARA GATOS
2019-09-01,4906,394,M,1,0,B,182,ALIMENTOS,LATA DE ERVILHA
2019-09-01,5000,243,F,1,4,C,53,ALIMENTOS,PRESUNTO COZIDO
2019-09-01,5038,652,F,4,0,B,186,HIGIENE,HIDRATANTE
2019-09-01,5082,160,F,3,4,B,223,ALIMENTOS,AZEITONA
2019-09-01,5151,79,F,2,0,C,86,HIGIENE,PRESERVATIVO
2019-09-01,5165,151,F,1,0,B,53,ALIMENTOS,PRESUNTO COZIDO
2019-09-01,5198,933,M,2,2,B,159,ALIMENTOS,PAO DE FORMA
2019-09-01,5279,6,F,2,0,B,53,ALIMENTOS,PRESUNTO COZIDO
2019-09-01,5305,322,M,2,0,B,80,HIGIENE,HASTES FLEXIVEIS
2019-09-01,5329,663,F,4,0,B,66,BEBIDAS,REFRIGERANTE COLA
2019-09-01,5407,459,F,3,2,B,215,ALIMENTOS,CAFE
2019-09-01,5506,761,F,1,4,B,129,ALIMENTOS,SARDINHA
2019-09-01,5524,384,F,3,2,C,178,HIGIENE,LENCO UMEDECIDO
2019-09-01,5578,707,M,4,0,B,132,HIGIENE,SABONETE
2019-09-01,5583,954,F,4,2,B,59,ALIMENTOS,SALGADINHO
2019-09-01,5678,227,F,3,0,C,92,HIGIENE,TINTURAS
2019-09-01,5693,458,F,3,4,C,81,HIGIENE,HIDRATANTE
2019-09-01,5773,804,F,4,3,B,169,ALIMENTOS,MAMAO
2019-09-01,5872,462,F,4,0,A,89,HIGIENE,SABONETE
2019-09-01,5959,283,M,4,1,B,43,ALIMENTOS,MAMAO PAPAYA
2019-09-01,5998,25,M,4,1,C,75,HIGIENE,ESCOVA DE DENTE
2019-09-01,6061,842,M,5,2,B,181,ALIMENTOS,LATA DE MILHO
2019-09-01,6085,348,F,3,0,A,202,LIMPEZA,DESENGORDURANTE
2019-09-01,6142,757,F,4,3,C,220,ALIMENTOS,BATATA
2019-09-01,6166,44,F,4,0,C,91,HIGIENE,TALCO
2019-09-01,6176,332,F,3,4,C,59,ALIMENTOS,SALGADINHO
2019-09-01,6243,38,M,3,0,B,178,HIGIENE,LENCO UMEDECIDO
2019-09-01,6268,257,M,1,4,C,165,ALIMENTOS,MOLHO BARBECUE
2019-09-01,6303,886,F,5,1,B,104,LIMPEZA,LIMPADOR PERFUMADO
2019-09-01,6336,4,M,4,0,B,106,LIMPEZA,ODORIZADOR
2019-09-01,6428,865,F,1,0,B,25,ALIMENTOS,CORACAO DE FRANGO
2019-09-01,6497,982,M,4,3,B,143,BEBIDAS,REFRIGERANTE GUARANA
2019-09-01,6531,516,M,1,0,C,17,ALIMENTOS,BISCOITO
2019-09-01,6623,443,F,4,0,C,125,HIGIENE,TINTURAS
2019-09-01,6669,996,F,1,4,B,172,LIMPEZA,LUSTRA MOVEIS
2019-09-01,6740,847,M,4,2,A,168,ALIMENTOS,MAMAO PAPAYA
2019-09-01,6800,408,F,4,0,B,37,ALIMENTOS,LEITE
2019-09-01,6805,369,F,3,4,C,38,ALIMENTOS,LEITE CONDENSADO
2019-09-01,6813,502,M,4,0,C,186,HIGIENE,HIDRATANTE
2019-09-01,6879,163,F,3,0,A,126,HIGIENE,TALCO
2019-09-01,6883,171,F,3,1,B,201,LIMPEZA,DESINFETANTE
2019-09-01,6912,597,M,3,0,C,164,ACESSORIOS,MORDEDOR
2019-09-01,6922,289,F,3,4,C,172,LIMPEZA,LUSTRA MOVEIS
2019-09-01,6975,521,F,1,0,A,214,ALIMENTOS,CEBOLA
2019-09-01,7042,770,M,2,3,B,32,ALIMENTOS,HAMBUGUER
2019-09-01,7118,42,M,2,2,B,6,ALIMENTOS,ALHO
2019-09-01,7158,517,F,3,1,B,169,ALIMENTOS,MAMAO
2019-09-01,7164,628,M,3,0,B,100,LIMPEZA,DETERGENTE
2019-09-01,7243,59,M,2,0,A,63,ALIMENTOS,TOMATE
2019-09-01,7286,418,M,2,2,A,106,LIMPEZA,ODORIZADOR
2019-09-01,7329,113,F,3,0,B,206,ALIMENTOS,CORACAO DE FRANGO
2019-09-01,7361,756,F,1,4,B,103,LIMPEZA,LIMPADOR MULTIUSO
2019-09-01,7378,933,M,2,2,B,116,PET,RACAO SECA PARA CAES
2019-09-01,7380,506,F,4,3,B,21,ALIMENTOS,CENOURA
2019-09-01,7410,991,F,2,2,C,75,HIGIENE,ESCOVA DE DENTE
2019-09-01,7419,773,M,4,0,B,208,HIGIENE,CONDICIONADOR
2019-09-01,7439,525,M,1,4,B,81,HIGIENE,HIDRATANTE
2019-09-01,7481,52,F,1,0,A,94,LIMPEZA,ALCOOL
2019-09-01,7563,174,M,4,3,C,197,HIGIENE,ENXAGUANTE BUCAL
2019-09-01,7599,498,M,3,2,B,13,ALIMENTOS,BANANA
2019-09-01,7634,921,M,2,3,B,84,HIGIENE,PAPEL HIGIENICO
2019-09-01,7711,916,F,3,4,C,175,LIMPEZA,LIMPADOR MULTIUSO
2019-09-01,7784,96,F,1,1,C,137,ALIMENTOS,REQUEIJAO
2019-09-01,7865,957,M,2,3,B,170,ALIMENTOS,MACARRAO INSTANTANEO
2019-09-01,7882,110,M,3,0,C,198,BEBIDAS,ENERGETICO
2019-09-01,7894,740,F,1,4,C,154,HIGIENE,PRESERVATIVO
2019-09-01,7915,780,M,3,2,B,141,BEBIDAS,REFRIGERANTE LIMaO
2019-09-01,7928,350,F,5,1,B,47,ALIMENTOS,MORTADELA
2019-09-01,8004,768,F,4,0,B,148,PET,RACAO SECA PARA CAES
2019-09-01,8022,892,F,4,2,B,28,ALIMENTOS,DOCE
2019-09-01,8120,75,M,1,0,B,37,ALIMENTOS,LEITE
2019-09-01,8218,880,M,3,2,B,33,ALIMENTOS,IOGURTE
2019-09-01,8250,583,F,2,0,B,139,LIMPEZA,REMOVEDOR
2019-09-01,8291,580,M,3,0,B,171,ALIMENTOS,MACARRAO
2019-09-01,8330,539,M,2,0,C,146,PET,RACAO UMIDA PARA CAES
2019-09-01,8333,560,M,2,0,B,60,ALIMENTOS,SALGADINHOS DE MILHO
2019-09-01,8410,645,F,4,0,B,26,ALIMENTOS,COXA E SOBRECOXA DE FRANGO
2019-09-01,8476,978,F,3,0,C,44,ALIMENTOS,MAMAO
2019-09-01,8562,831,F,4,2,B,82,HIGIENE,LENCO UMEDECIDO
2019-09-01,8613,830,F,5,1,B,153,ALIMENTOS,PRESUNTO COZIDO
2019-09-01,8701,651,F,2,0,B,105,LIMPEZA,LUSTRA MOVEIS
2019-09-01,8799,583,F,2,0,B,90,HIGIENE,SHAMPOO
2019-01-13,8878,814,M,4,0,B,122,ALIMENTOS,TOMATE
2019-01-13,8974,815,F,2,4,B,92,HIGIENE,TINTURAS
2019-01-13,9064,301,F,3,0,C,216,ALIMENTOS,BROCOLIS
2019-01-13,9158,122,M,3,3,B,12,ALIMENTOS,AZEITONA
2019-01-13,9215,750,M,2,2,C,129,ALIMENTOS,SARDINHA
2019-01-13,9248,802,M,1,1,B,212,LIMPEZA,CERA
2019-01-13,9329,351,F,2,2,B,64,ALIMENTOS,UVA
2019-01-13,9352,304,F,2,3,B,58,ALIMENTOS,RICOTA
2019-01-13,9368,847,M,4,2,A,140,BEBIDAS,REFRIGERANTE OUTROS
2019-01-13,9456,143,F,1,4,B,218,ALIMENTOS,BIFE DE COXAO MOLE
2019-01-13,9545,433,M,3,3,B,87,HIGIENE,PROTETOR SOLAR
2019-01-13,9560,935,F,2,0,B,205,ALIMENTOS,COXA E SOBRECOXA DE FRANGO
2019-01-13,9607,512,M,4,0,B,152,ALIMENTOS,PRESUNTO COZIDO
2019-01-13,9696,552,M,4,0,B,194,ALIMENTOS,FILE DE PEIXE
2019-01-13,9755,759,F,3,0,B,228,LIMPEZA,AMACIANTE
2019-01-13,9826,487,F,3,0,C,136,ALIMENTOS,RICOTA
2019-01-13,9862,691,M,4,0,B,154,HIGIENE,PRESERVATIVO
2019-01-13,9939,828,F,2,4,B,138,HIGIENE,REPELENTE
2019-01-13,10008,425,F,3,0,B,130,ALIMENTOS,SALGADINHOS DE MILHO
2019-01-13,10051,659,F,2,2,B,53,ALIMENTOS,PRESUNTO COZIDO
2019-01-13,10056,17,M,4,0,B,142,BEBIDAS,REFRIGERANTE LARANJA
2019-01-13,10106,464,M,2,2,B,210,ACESSORIOS,CHUPETA
2019-01-13,10126,742,M,1,1,C,87,HIGIENE,PROTETOR SOLAR
2019-01-13,10139,884,F,3,2,C,50,ALIMENTOS,PAO DE FORMA
2019-01-13,10192,325,M,1,3,B,21,ALIMENTOS,CENOURA
2019-01-13,10254,83,M,1,4,B,76,HIGIENE,FIO DENTAL
2019-01-13,10263,391,F,2,0,A,49,ALIMENTOS,PALMITO
2019-01-13,10326,785,M,1,4,C,71,HIGIENE,ABSORVENTE
2019-01-13,10421,812,F,2,0,A,62,ALIMENTOS,SNACKS
2019-01-13,10453,398,F,4,1,B,95,LIMPEZA,AMACIANTE
2019-01-13,10483,206,F,3,1,C,61,ALIMENTOS,SARDINHA
2019-01-13,10541,491,M,2,1,A,196,HIGIENE,ESCOVA DE DENTE
2019-01-13,10595,463,M,3,3,B,101,LIMPEZA,INSETICIDA
2019-01-13,10670,246,M,2,2,B,144,BEBIDAS,REFRIGERANTE COLA
2019-01-13,10722,510,F,4,0,B,41,ALIMENTOS,MACARRAO
2019-01-19,10776,537,F,1,4,B,178,HIGIENE,LENCO UMEDECIDO
2019-01-19,10807,898,F,4,0,C,27,ALIMENTOS,DANETTE
2019-01-19,10808,425,F,3,0,B,193,HIGIENE,FIO DENTAL
2019-01-19,10869,482,M,4,2,B,205,ALIMENTOS,COXA E SOBRECOXA DE FRANGO
2019-01-19,10900,527,F,4,1,B,31,ALIMENTOS,GRANOLA
2019-01-19,10944,5,F,4,3,C,6,ALIMENTOS,ALHO
2019-01-19,10954,34,M,2,0,C,9,ALIMENTOS,ARROZ INTEGRAL
2019-01-19,11035,971,F,1,2,A,66,BEBIDAS,REFRIGERANTE COLA
2019-01-19,11095,571,F,2,0,B,21,ALIMENTOS,CENOURA
2019-01-19,11100,460,F,1,3,B,98,LIMPEZA,DESENGORDURANTE
2019-01-23,11112,551,M,1,0,C,77,HIGIENE,FIXADOR
2019-01-23,11181,717,F,3,0,B,95,LIMPEZA,AMACIANTE
2019-01-23,11195,926,M,1,0,B,100,LIMPEZA,DETERGENTE
2019-01-23,11270,951,M,2,0,B,3,ALIMENTOS,ABACATE
2019-01-23,11272,626,M,3,1,C,127,ALIMENTOS,SNACKS
2019-01-23,11279,914,M,2,4,B,127,ALIMENTOS,SNACKS
2019-01-23,11288,735,F,4,0,B,62,ALIMENTOS,SNACKS
2019-01-23,11376,166,F,1,0,B,190,HIGIENE,GEL
2019-01-23,11454,883,M,1,0,B,156,HIGIENE,PASTA DE DENTE
2019-01-23,11508,710,F,3,1,C,70,BEBIDAS,REFRIGERANTE OUTROS
2019-01-23,11607,337,M,3,0,B,161,ALIMENTOS,OVOS
2019-01-23,11626,897,M,2,1,C,154,HIGIENE,PRESERVATIVO
2019-01-23,11679,387,M,2,2,B,196,HIGIENE,ESCOVA DE DENTE
2019-01-23,11740,768,F,4,0,B,110,LIMPEZA,SABAO
2019-01-23,11792,245,F,4,3,B,24,ALIMENTOS,COPA SUINA
2019-01-23,11800,421,M,3,3,C,128,HIGIENE,SHAMPOO
2019-01-23,11843,938,M,1,4,B,101,LIMPEZA,INSETICIDA
2019-01-23,11923,115,M,4,0,B,31,ALIMENTOS,GRANOLA
2019-01-23,11982,42,M,2,2,B,102,LIMPEZA,LIMPA VIDROS
2019-01-23,11983,750,M,2,2,C,36,ALIMENTOS,LATA DE MILHO
2019-01-23,12044,110,M,3,0,C,112,LIMPEZA,TIRA LIMO
2019-01-23,12110,589,F,3,2,C,100,LIMPEZA,DETERGENTE
2019-01-23,12159,10,M,1,0,B,87,HIGIENE,PROTETOR SOLAR
2019-01-29,12251,15,M,2,1,C,116,PET,RACAO SECA PARA CAES
2019-01-29,12295,472,M,2,1,C,209,ALIMENTOS,COGUMELOS
2019-01-29,12344,969,M,1,3,B,126,HIGIENE,TALCO
2019-01-29,12414,243,F,1,4,C,40,ALIMENTOS,LINGUICA
2019-01-29,12457,842,M,5,2,B,24,ALIMENTOS,COPA SUINA
2019-01-29,12550,39,M,2,0,C,190,HIGIENE,GEL
2019-01-29,12580,359,F,1,0,B,190,HIGIENE,GEL
2019-01-29,12649,536,M,4,0,B,18,ALIMENTOS,BROCOLIS
2019-01-29,12655,570,F,4,1,C,198,BEBIDAS,ENERGETICO
2019-01-29,12717,766,F,1,0,B,111,LIMPEZA,SABAO EM PO
2019-01-29,12748,790,F,3,0,B,77,HIGIENE,FIXADOR
2019-01-29,12754,987,F,1,0,B,77,HIGIENE,FIXADOR
2019-01-29,12783,684,F,3,0,C,101,LIMPEZA,INSETICIDA
2019-01-29,12870,625,F,4,0,C,42,ALIMENTOS,MACARRAO INSTANTANEO
2019-01-29,12887,408,F,4,0,B,11,ALIMENTOS,AZEITE
2019-01-29,12913,192,F,4,0,B,168,ALIMENTOS,MAMAO PAPAYA
2019-01-29,12930,630,M,1,2,C,12,ALIMENTOS,AZEITONA
2019-01-29,13002,799,M,4,3,C,22,ALIMENTOS,CHA
2019-01-29,13037,751,F,2,0,B,94,LIMPEZA,ALCOOL
2019-01-29,13068,396,F,1,0,B,149,ALIMENTOS,QUEIJO MUSSARELA
2019-01-29,13112,57,M,2,0,B,106,LIMPEZA,ODORIZADOR
2019-01-29,13197,71,F,3,1,B,5,ALIMENTOS,ACHOCOLATADO
2019-01-29,13266,396,F,1,0,B,214,ALIMENTOS,CEBOLA
2019-01-29,13284,310,M,4,3,C,21,ALIMENTOS,CENOURA
2019-01-29,13350,171,F,3,1,B,147,PET,RACAO SECA PARA GATOS
2019-01-29,13414,279,M,1,2,B,184,ALIMENTOS,IOGURTE
2019-01-29,13444,20,M,4,0,B,6,ALIMENTOS,ALHO
2019-01-29,13455,82,F,1,1,C,154,HIGIENE,PRESERVATIVO
2019-01-29,13460,303,M,3,4,B,44,ALIMENTOS,MAMAO
2019-01-29,13476,629,M,3,0,C,42,ALIMENTOS,MACARRAO INSTANTANEO
2019-01-29,13555,828,F,2,4,B,102,LIMPEZA,LIMPA VIDROS
2019-01-29,13638,455,F,2,0,C,199,ALIMENTOS,DOCE
2019-01-29,13695,447,M,2,0,B,218,ALIMENTOS,BIFE DE COXAO MOLE
2019-01-29,13721,603,M,3,0,B,43,ALIMENTOS,MAMAO PAPAYA
2019-01-29,13773,734,F,4,2,B,86,HIGIENE,PRESERVATIVO
2019-01-29,13788,971,F,1,2,A,29,ALIMENTOS,FEIJAO
2019-01-29,13836,872,M,3,4,A,38,ALIMENTOS,LEITE CONDENSADO
2019-01-29,13868,908,M,3,2,C,48,ALIMENTOS,OVOS
2019-01-29,13935,960,F,4,2,B,221,ALIMENTOS,BANANA
2019-01-29,13992,533,F,4,0,A,17,ALIMENTOS,BISCOITO
2019-01-29,14046,869,F,3,0,B,40,ALIMENTOS,LINGUICA
2019-01-29,14063,524,F,4,3,C,1,ACESSORIOS,CHUPETA
2019-01-29,14076,157,M,1,1,C,9,ALIMENTOS,ARROZ INTEGRAL
2019-01-29,14094,251,F,2,0,C,219,ALIMENTOS,BATATA DOCE
2019-01-29,14158,476,M,3,0,C,21,ALIMENTOS,CENOURA
2019-01-29,14249,975,F,3,0,B,213,ALIMENTOS,CENOURA
2019-01-29,14347,577,M,4,0,C,63,ALIMENTOS,TOMATE
2019-01-29,14418,753,F,1,3,C,178,HIGIENE,LENCO UMEDECIDO
2019-01-29,14421,335,F,3,0,C,194,ALIMENTOS,FILE DE PEIXE
2019-01-29,14422,752,M,3,0,C,52,ALIMENTOS,PATE
2019-01-29,14448,457,M,3,0,C,30,ALIMENTOS,FILE DE PEIXE
2019-01-29,14486,567,F,1,0,C,71,HIGIENE,ABSORVENTE
2019-01-29,14497,392,M,2,2,C,153,ALIMENTOS,PRESUNTO COZIDO
2019-01-29,14518,901,F,4,1,B,191,HIGIENE,FRALDA
2019-01-29,14597,427,M,3,0,B,29,ALIMENTOS,FEIJAO
2019-01-29,14605,389,F,3,0,C,129,ALIMENTOS,SARDINHA
2019-01-29,14644,810,M,1,0,B,180,ALIMENTOS,LEITE
2019-01-29,14704,187,M,2,1,B,215,ALIMENTOS,CAFE
2019-01-29,14741,10,M,1,0,B,15,ALIMENTOS,BATATA DOCE
2019-01-29,14816,792,F,2,0,B,87,HIGIENE,PROTETOR SOLAR
2019-01-29,14822,657,M,2,3,B,53,ALIMENTOS,PRESUNTO COZIDO
2019-01-29,14876,488,M,3,2,B,77,HIGIENE,FIXADOR
2019-01-29,14940,871,F,1,3,C,84,HIGIENE,PAPEL HIGIENICO
2019-01-29,15013,448,F,2,0,A,54,ALIMENTOS,PRESUNTO COZIDO
2019-01-29,15106,61,M,1,2,B,75,HIGIENE,ESCOVA DE DENTE
2019-01-29,15130,675,M,4,0,B,55,ALIMENTOS,QUEIJO DE CABRA
2019-01-29,15174,965,M,3,0,B,76,HIGIENE,FIO DENTAL
2019-01-29,15197,742,M,1,1,C,43,ALIMENTOS,MAMAO PAPAYA
2019-01-29,15227,976,M,4,2,B,43,ALIMENTOS,MAMAO PAPAYA
2019-01-29,15229,299,F,3,1,C,167,ALIMENTOS,MANGA
2019-01-29,15319,368,M,4,0,C,170,ALIMENTOS,MACARRAO INSTANTANEO
2019-01-29,15410,121,F,1,2,B,145,PET,RACAO UMIDA PARA GATOS
2019-01-29,15412,129,M,2,0,A,139,LIMPEZA,REMOVEDOR
2019-01-29,15481,956,M,5,1,C,148,PET,RACAO SECA PARA CAES
2019-01-29,15526,565,F,1,2,B,33,ALIMENTOS,IOGURTE
2019-01-29,15606,300,F,1,3,C,213,ALIMENTOS,CENOURA
2019-01-29,15625,884,F,3,2,C,24,ALIMENTOS,COPA SUINA
2019-01-29,15628,237,F,4,3,C,216,ALIMENTOS,BROCOLIS
2019-01-29,15703,994,M,4,0,C,19,ALIMENTOS,CAFE
2019-01-29,15772,87,M,3,2,A,129,ALIMENTOS,SARDINHA
2019-05-02,15869,275,M,4,0,B,206,ALIMENTOS,CORACAO DE FRANGO
2019-05-02,15909,444,F,2,0,B,45,ALIMENTOS,MANGA
2019-05-02,15951,475,F,4,3,B,106,LIMPEZA,ODORIZADOR
2019-05-02,16049,267,F,4,2,B,100,LIMPEZA,DETERGENTE
2019-05-02,16128,222,F,4,0,B,167,ALIMENTOS,MANGA
2019-05-02,16221,468,M,3,1,C,144,BEBIDAS,REFRIGERANTE COLA
2019-05-02,16295,934,F,2,2,B,132,HIGIENE,SABONETE
2019-05-02,16366,591,M,4,1,B,20,ALIMENTOS,CEBOLA
2019-05-02,16381,60,F,2,3,B,65,BEBIDAS,ENERGETICO
2019-05-02,16441,855,M,4,1,C,102,LIMPEZA,LIMPA VIDROS
2019-05-02,16469,980,F,1,0,B,191,HIGIENE,FRALDA
2019-05-02,16559,188,M,2,2,B,171,ALIMENTOS,MACARRAO
2019-05-02,16577,715,F,3,4,B,27,ALIMENTOS,DANETTE
2019-05-02,16605,493,M,2,4,B,112,LIMPEZA,TIRA LIMO
2019-05-02,16636,522,M,1,2,A,20,ALIMENTOS,CEBOLA
2019-05-02,16703,473,F,4,3,B,180,ALIMENTOS,LEITE
2019-05-02,16707,499,M,3,0,B,170,ALIMENTOS,MACARRAO INSTANTANEO
2019-05-02,16753,686,F,3,2,A,91,HIGIENE,TALCO
2019-05-02,16766,626,M,3,1,C,168,ALIMENTOS,MAMAO PAPAYA
2019-05-02,16847,383,M,1,3,C,224,ALIMENTOS,AZEITE
2019-05-02,16912,200,F,3,0,B,59,ALIMENTOS,SALGADINHO
2019-05-02,17001,724,M,1,0,B,91,HIGIENE,TALCO
2019-05-02,17072,315,F,3,0,B,208,HIGIENE,CONDICIONADOR
2019-05-02,17107,830,F,5,1,B,8,ALIMENTOS,ARROZ
2019-05-02,17201,523,M,3,0,B,126,HIGIENE,TALCO
2019-05-02,17268,766,F,1,0,B,113,LIMPEZA,TIRA MANCHA
2019-05-02,17356,433,M,3,3,B,184,ALIMENTOS,IOGURTE
2019-05-02,17368,614,F,4,1,B,130,ALIMENTOS,SALGADINHOS DE MILHO
2019-05-02,17453,495,F,2,3,A,18,ALIMENTOS,BROCOLIS
2019-05-02,17503,820,M,1,4,B,225,ALIMENTOS,ATUM
2019-05-02,17565,539,M,2,0,C,152,ALIMENTOS,PRESUNTO COZIDO
2019-05-02,17659,721,M,3,2,C,110,LIMPEZA,SABAO
2019-05-02,17686,61,M,1,2,B,204,HIGIENE,CREME
2019-05-02,17689,908,M,3,2,C,222,LIMPEZA,BALDE
2019-05-02,17710,70,F,4,0,B,187,HIGIENE,HASTES FLEXIVEIS
2019-05-02,17756,512,M,4,0,B,140,BEBIDAS,REFRIGERANTE OUTROS
2019-05-02,17841,709,F,3,0,B,110,LIMPEZA,SABAO
2019-05-02,17850,795,F,4,2,B,221,ALIMENTOS,BANANA
2019-05-02,17920,161,M,5,2,B,22,ALIMENTOS,CHA
2019-05-02,17936,634,F,2,0,C,71,HIGIENE,ABSORVENTE
2019-05-02,17982,270,F,3,1,B,85,HIGIENE,PASTA DE DENTE
2019-05-02,18056,769,F,3,3,C,36,ALIMENTOS,LATA DE MILHO
2019-05-02,18076,140,F,1,0,C,171,ALIMENTOS,MACARRAO
2019-05-02,18125,589,F,3,2,C,156,HIGIENE,PASTA DE DENTE
2019-05-02,18178,353,M,1,2,B,114,LIMPEZA,VASSOURA
2019-05-02,18236,337,M,3,0,B,183,ALIMENTOS,KETCHUP
2019-05-02,18242,408,F,4,0,B,200,LIMPEZA,DETERGENTE
2019-05-02,18269,79,F,2,0,C,136,ALIMENTOS,RICOTA
2019-05-02,18272,338,M,2,0,B,66,BEBIDAS,REFRIGERANTE COLA
2019-05-02,18370,872,M,3,4,A,22,ALIMENTOS,CHA
2019-05-02,18424,863,F,1,4,B,214,ALIMENTOS,CEBOLA
2019-05-02,18498,844,F,5,1,A,223,ALIMENTOS,AZEITONA
2019-05-02,18541,755,M,3,4,B,161,ALIMENTOS,OVOS
2019-05-02,18552,964,M,2,0,B,106,LIMPEZA,ODORIZADOR
2019-05-02,18623,550,M,4,0,B,108,LIMPEZA,REMOVEDOR
2019-05-02,18645,753,F,1,3,C,55,ALIMENTOS,QUEIJO DE CABRA
2019-05-02,18687,825,M,1,2,C,192,HIGIENE,FIXADOR
2019-05-02,18720,658,F,1,1,B,206,ALIMENTOS,CORACAO DE FRANGO
2019-05-02,18800,655,M,2,0,B,107,#N/D,#N/D
2019-05-02,18878,981,F,4,1,C,210,ACESSORIOS,CHUPETA
2019-05-02,18914,573,F,1,0,C,167,ALIMENTOS,MANGA
2019-05-02,18954,469,M,4,2,C,13,ALIMENTOS,BANANA
2019-05-02,19035,559,F,3,1,A,117,PET,RACAO SECA PARA GATOS
2019-05-02,19078,598,F,4,0,B,210,ACESSORIOS,CHUPETA
2019-05-02,19084,922,M,1,0,B,30,ALIMENTOS,FILE DE PEIXE
2019-05-02,19100,218,M,4,0,B,214,ALIMENTOS,CEBOLA
2019-05-02,19197,15,M,2,1,C,184,ALIMENTOS,IOGURTE
2019-05-02,19274,937,M,3,4,C,223,ALIMENTOS,AZEITONA
2019-05-02,19365,145,M,3,0,B,86,HIGIENE,PRESERVATIVO
2019-05-02,19382,819,M,4,0,B,49,ALIMENTOS,PALMITO
2019-05-02,19422,548,F,4,0,C,68,BEBIDAS,REFRIGERANTE LARANJA
2019-05-02,19511,479,F,1,0,B,30,ALIMENTOS,FILE DE PEIXE
2019-05-02,19561,777,F,1,0,B,71,HIGIENE,ABSORVENTE
2019-05-02,19581,179,F,2,0,B,39,ALIMENTOS,LIMAO
2019-05-02,19677,737,F,2,1,C,211,ALIMENTOS,CHA
2019-05-02,19735,561,M,2,0,B,4,ALIMENTOS,ABACAXI
2019-05-02,19823,618,M,4,3,B,192,HIGIENE,FIXADOR
2019-05-02,19846,317,M,3,0,B,226,ALIMENTOS,ARROZ INTEGRAL
2019-05-02,19904,978,F,3,0,C,159,ALIMENTOS,PAO DE FORMA
2019-05-02,19935,563,M,3,0,B,213,ALIMENTOS,CENOURA
2019-05-02,19949,696,M,2,0,B,71,HIGIENE,ABSORVENTE
2019-05-02,19977,453,F,1,0,B,33,ALIMENTOS,IOGURTE
2019-05-02,20047,669,F,4,0,B,77,HIGIENE,FIXADOR
2019-05-02,20057,242,F,4,0,B,38,ALIMENTOS,LEITE CONDENSADO
2019-05-02,20139,814,M,4,0,B,183,ALIMENTOS,KETCHUP
2019-05-02,20173,306,F,3,0,B,220,ALIMENTOS,BATATA
2019-05-02,20255,625,F,4,0,C,66,BEBIDAS,REFRIGERANTE COLA
2019-05-02,20281,469,M,4,2,C,138,HIGIENE,REPELENTE
2019-05-02,20328,636,M,2,2,B,31,ALIMENTOS,GRANOLA
2019-05-02,20388,961,F,1,0,C,3,ALIMENTOS,ABACATE
2019-05-02,20479,43,M,2,0,B,196,HIGIENE,ESCOVA DE DENTE
2019-05-02,20550,319,M,1,4,B,197,HIGIENE,ENXAGUANTE BUCAL
2019-06-02,20646,74,M,3,0,C,137,ALIMENTOS,REQUEIJAO
2019-06-02,20709,207,F,3,0,B,183,ALIMENTOS,KETCHUP
2019-06-02,20774,3,F,4,0,B,71,HIGIENE,ABSORVENTE
2019-06-02,20809,614,F,4,1,B,67,BEBIDAS,REFRIGERANTE GUARANA
2019-06-02,20891,117,M,2,3,B,211,ALIMENTOS,CHA
2019-06-02,20938,498,M,3,2,B,74,HIGIENE,ENXAGUANTE BUCAL
2019-06-02,20997,588,F,1,4,C,139,LIMPEZA,REMOVEDOR
2019-06-02,21023,532,F,2,3,B,166,HIGIENE,MODELADOR
2019-06-02,21063,739,F,2,3,B,190,HIGIENE,GEL
2019-06-02,21095,326,F,1,0,B,1,ACESSORIOS,CHUPETA
2019-06-02,21160,791,F,1,0,B,164,ACESSORIOS,MORDEDOR
2019-06-02,21166,180,M,3,4,B,188,ALIMENTOS,HAMBUGUER
2019-06-02,21244,594,F,3,1,C,156,HIGIENE,PASTA DE DENTE
2019-06-02,21282,308,M,4,0,B,85,HIGIENE,PASTA DE DENTE
2019-06-02,21290,673,F,5,1,B,46,ALIMENTOS,MOLHO BARBECUE
2019-06-02,21292,390,F,2,0,B,222,LIMPEZA,BALDE
2019-06-02,21365,338,M,2,0,B,15,ALIMENTOS,BATATA DOCE
2019-06-02,21442,25,M,4,1,C,76,HIGIENE,FIO DENTAL
2019-06-02,21499,396,F,1,0,B,24,ALIMENTOS,COPA SUINA
2019-06-02,21565,540,F,2,0,C,159,ALIMENTOS,PAO DE FORMA
2019-06-02,21606,111,M,2,4,C,39,ALIMENTOS,LIMAO
2019-06-02,21619,117,M,2,3,B,15,ALIMENTOS,BATATA DOCE
2019-06-02,21682,641,F,4,0,C,130,ALIMENTOS,SALGADINHOS DE MILHO
2019-06-02,21757,389,F,3,0,C,45,ALIMENTOS,MANGA
2019-06-02,21845,985,M,1,0,B,7,ALIMENTOS,ALMONDEGA
2019-06-02,21904,176,F,2,0,B,160,ALIMENTOS,PALMITO
2019-06-02,21993,316,F,3,2,B,39,ALIMENTOS,LIMAO
2019-06-02,22022,208,M,3,0,B,211,ALIMENTOS,CHA
2019-06-02,22046,649,F,3,0,B,59,ALIMENTOS,SALGADINHO
2019-06-02,22119,349,M,3,0,B,78,HIGIENE,FRALDA
2019-06-02,22180,9,F,2,0,B,51,ALIMENTOS,PAPINHA INFANTIL
2019-06-02,22227,402,M,2,0,C,150,ALIMENTOS,QUEIJO DE CABRA
2019-06-02,22298,664,M,3,1,B,6,ALIMENTOS,ALHO
2019-06-02,22319,354,F,2,0,B,164,ACESSORIOS,MORDEDOR
2019-06-02,22353,834,M,3,3,B,28,ALIMENTOS,DOCE
2019-06-02,22402,76,M,3,0,A,47,ALIMENTOS,MORTADELA
2019-06-02,22441,819,M,4,0,B,86,HIGIENE,PRESERVATIVO
2019-06-02,22500,741,M,3,0,B,82,HIGIENE,LENCO UMEDECIDO
2019-06-02,22543,371,F,4,0,B,205,ALIMENTOS,COXA E SOBRECOXA DE FRANGO
2019-06-02,22553,18,M,4,0,C,106,LIMPEZA,ODORIZADOR
2019-06-02,22613,18,M,4,0,C,173,ALIMENTOS,LINGUICA
2019-06-02,22709,442,F,3,2,B,100,LIMPEZA,DETERGENTE
2019-06-02,22744,650,F,2,0,C,226,ALIMENTOS,ARROZ INTEGRAL
2019-06-02,22810,579,F,3,0,B,102,LIMPEZA,LIMPA VIDROS
2019-06-02,22895,238,M,2,1,B,76,HIGIENE,FIO DENTAL
2019-06-02,22933,683,F,3,0,B,22,ALIMENTOS,CHA
2019-06-02,22935,322,M,2,0,B,57,ALIMENTOS,REQUEIJAO
2019-06-02,23010,652,F,4,0,B,200,LIMPEZA,DETERGENTE
2019-06-02,23037,521,F,1,0,A,171,ALIMENTOS,MACARRAO
2019-06-02,23116,434,M,1,4,B,43,ALIMENTOS,MAMAO PAPAYA
2019-06-02,23145,695,M,2,0,A,225,ALIMENTOS,ATUM
2019-06-02,23190,95,M,1,0,B,12,ALIMENTOS,AZEITONA
2019-06-02,23194,416,M,3,2,C,31,ALIMENTOS,GRANOLA
2019-06-02,23230,108,M,1,0,B,157,ALIMENTOS,PAPINHA INFANTIL
2019-06-02,23309,248,M,3,0,C,169,ALIMENTOS,MAMAO
2019-06-02,23339,12,M,1,1,A,111,LIMPEZA,SABAO EM PO
2019-06-02,23359,476,M,3,0,C,95,LIMPEZA,AMACIANTE
2019-06-02,23449,599,F,1,4,C,186,HIGIENE,HIDRATANTE
2019-06-02,23475,464,M,2,2,B,24,ALIMENTOS,COPA SUINA
2019-06-02,23490,596,M,2,0,B,105,LIMPEZA,LUSTRA MOVEIS
2019-06-02,23555,828,F,2,4,B,92,HIGIENE,TINTURAS
2019-06-02,23633,625,F,4,0,C,108,LIMPEZA,REMOVEDOR
2019-06-02,23653,35,M,3,0,B,35,ALIMENTOS,LATA DE ERVILHA
2019-06-02,23683,270,F,3,1,B,78,HIGIENE,FRALDA
2019-06-02,23722,952,F,3,4,C,185,LIMPEZA,INSETICIDA
2019-06-02,23747,537,F,1,4,B,57,ALIMENTOS,REQUEIJAO
2019-06-02,23757,656,M,2,0,C,96,LIMPEZA,BALDE
2019-06-02,23798,841,M,1,0,B,76,HIGIENE,FIO DENTAL
2019-06-02,23812,488,M,3,2,B,91,HIGIENE,TALCO
2019-06-02,23876,654,M,1,1,B,77,HIGIENE,FIXADOR
2019-06-02,23907,609,F,4,0,C,192,HIGIENE,FIXADOR
2019-06-02,23981,552,M,4,0,B,17,ALIMENTOS,BISCOITO
2019-06-02,24076,620,M,2,0,B,54,ALIMENTOS,PRESUNTO COZIDO
2019-06-02,24173,605,M,4,2,B,112,LIMPEZA,TIRA LIMO
2019-06-02,24182,552,M,4,0,B,174,LIMPEZA,LIMPADOR PERFUMADO
2019-09-02,24193,42,M,2,2,B,174,LIMPEZA,LIMPADOR PERFUMADO
2019-09-02,24246,484,M,3,2,C,192,HIGIENE,FIXADOR
2019-09-02,24338,955,F,3,2,C,171,ALIMENTOS,MACARRAO
2019-09-02,24365,747,M,1,0,B,212,LIMPEZA,CERA
2019-09-02,24412,639,M,2,0,C,141,BEBIDAS,REFRIGERANTE LIMaO
2019-09-02,24469,310,M,4,3,C,110,LIMPEZA,SABAO
2019-09-02,24507,440,F,4,0,C,195,ALIMENTOS,FEIJAO
2019-09-02,24553,633,F,3,0,C,68,BEBIDAS,REFRIGERANTE LARANJA
2019-09-02,24586,4,M,4,0,B,219,ALIMENTOS,BATATA DOCE
2019-09-02,24681,315,F,3,0,B,94,LIMPEZA,ALCOOL
2019-09-02,24713,706,F,2,0,A,149,ALIMENTOS,QUEIJO MUSSARELA
2019-09-02,24749,822,M,2,3,B,64,ALIMENTOS,UVA
2019-09-02,24811,257,M,1,4,C,91,HIGIENE,TALCO
2019-09-02,24902,937,M,3,4,C,19,ALIMENTOS,CAFE
2019-09-02,24961,283,M,4,1,B,151,HIGIENE,PROTETOR SOLAR
2019-09-02,25024,402,M,2,0,C,153,ALIMENTOS,PRESUNTO COZIDO
2019-09-02,25101,943,F,1,0,C,3,ALIMENTOS,ABACATE
2019-09-02,25134,152,F,3,1,C,135,LIMPEZA,RODO
2019-09-02,25172,153,M,4,1,B,70,BEBIDAS,REFRIGERANTE OUTROS
2019-09-02,25177,7,M,1,3,B,165,ALIMENTOS,MOLHO BARBECUE
2019-09-02,25254,511,F,1,0,B,53,ALIMENTOS,PRESUNTO COZIDO
2019-09-02,25279,56,F,2,3,B,181,ALIMENTOS,LATA DE MILHO
2019-09-02,25292,484,M,3,2,C,222,LIMPEZA,BALDE
2019-09-02,25327,769,F,3,3,C,222,LIMPEZA,BALDE
2019-09-02,25359,189,F,3,4,C,87,HIGIENE,PROTETOR SOLAR
2019-09-02,25361,562,F,3,0,B,56,ALIMENTOS,QUEIJO MUSSARELA
2019-09-02,25388,631,M,1,4,C,4,ALIMENTOS,ABACAXI
2019-09-02,25464,102,F,1,2,C,15,ALIMENTOS,BATATA DOCE
2019-09-02,25495,581,F,4,2,C,179,ALIMENTOS,LEITE CONDENSADO
2019-09-02,25548,598,F,4,0,B,179,ALIMENTOS,LEITE CONDENSADO
2019-09-02,25567,532,F,2,3,B,140,BEBIDAS,REFRIGERANTE OUTROS
2019-09-02,25607,602,M,3,0,B,129,ALIMENTOS,SARDINHA
2019-02-14,25698,296,F,1,3,B,131,ALIMENTOS,SALGADINHO
2019-02-14,25735,49,M,2,0,C,16,ALIMENTOS,BIFE DE COXAO MOLE
2019-02-14,25804,606,M,1,0,B,215,ALIMENTOS,CAFE
2019-02-14,25871,295,F,1,3,B,33,ALIMENTOS,IOGURTE
2019-02-14,25886,434,M,1,4,B,125,HIGIENE,TINTURAS
2019-02-14,25887,729,M,3,0,B,61,ALIMENTOS,SARDINHA
2019-02-14,25919,518,F,1,0,B,158,HIGIENE,PAPEL HIGIENICO
2019-02-14,25935,976,M,4,2,B,188,ALIMENTOS,HAMBUGUER
2019-02-14,26026,255,M,4,0,B,20,ALIMENTOS,CEBOLA
2019-02-14,26028,441,M,4,2,B,108,LIMPEZA,REMOVEDOR
2019-02-14,26080,678,F,3,0,C,180,ALIMENTOS,LEITE
2019-02-14,26122,236,M,2,2,C,105,LIMPEZA,LUSTRA MOVEIS
2019-02-14,26150,643,F,4,0,C,1,ACESSORIOS,CHUPETA
2019-02-14,26184,586,F,4,2,B,17,ALIMENTOS,BISCOITO
2019-02-14,26258,975,F,3,0,B,188,ALIMENTOS,HAMBUGUER
2019-02-14,26318,768,F,4,0,B,90,HIGIENE,SHAMPOO
2019-02-14,26414,253,F,4,1,B,143,BEBIDAS,REFRIGERANTE GUARANA
2019-02-14,26484,500,M,3,2,C,110,LIMPEZA,SABAO
2019-02-14,26562,864,F,1,3,B,113,LIMPEZA,TIRA MANCHA
2019-02-14,26565,32,F,1,0,B,176,LIMPEZA,LIMPA VIDROS
2019-02-14,26594,747,M,1,0,B,96,LIMPEZA,BALDE
2019-02-14,26680,25,M,4,1,C,138,HIGIENE,REPELENTE
2019-02-14,26765,275,M,4,0,B,190,HIGIENE,GEL
2019-02-14,26840,239,M,4,2,C,221,ALIMENTOS,BANANA
2019-02-14,26918,412,M,2,0,B,131,ALIMENTOS,SALGADINHO
2019-02-14,26927,414,F,1,0,B,222,LIMPEZA,BALDE
2019-02-14,26931,739,F,2,3,B,85,HIGIENE,PASTA DE DENTE
2019-02-14,27006,463,M,3,3,B,78,HIGIENE,FRALDA
2019-02-14,27047,754,F,3,4,B,18,ALIMENTOS,BROCOLIS
2019-02-14,27064,697,M,3,0,C,191,HIGIENE,FRALDA
2019-02-14,27105,950,M,3,0,C,16,ALIMENTOS,BIFE DE COXAO MOLE
2019-02-14,27133,235,F,4,0,B,141,BEBIDAS,REFRIGERANTE LIMaO
2019-02-14,27160,801,M,1,4,B,187,HIGIENE,HASTES FLEXIVEIS
2019-02-14,27243,709,F,3,0,B,87,HIGIENE,PROTETOR SOLAR
2019-02-14,27257,935,F,2,0,B,55,ALIMENTOS,QUEIJO DE CABRA
2019-02-14,27297,302,F,4,3,C,177,ALIMENTOS,LIMAO
2019-02-14,27320,285,M,3,0,B,1,ACESSORIOS,CHUPETA
2019-02-14,27394,641,F,4,0,C,217,ALIMENTOS,BISCOITO
2019-02-14,27434,513,F,4,3,B,21,ALIMENTOS,CENOURA
2019-02-14,27462,220,M,1,0,B,33,ALIMENTOS,IOGURTE
2019-02-14,27519,669,F,4,0,B,138,HIGIENE,REPELENTE
2019-02-14,27570,902,F,2,1,B,180,ALIMENTOS,LEITE
2019-02-14,27666,338,M,2,0,B,175,LIMPEZA,LIMPADOR MULTIUSO
2019-02-14,27676,470,M,3,1,B,226,ALIMENTOS,ARROZ INTEGRAL
2019-02-14,27769,822,M,2,3,B,29,ALIMENTOS,FEIJAO
2019-02-14,27832,402,M,2,0,C,81,HIGIENE,HIDRATANTE
2019-02-14,27882,466,F,1,0,C,220,ALIMENTOS,BATATA
2019-02-14,27931,278,F,3,2,C,70,BEBIDAS,REFRIGERANTE OUTROS
2019-02-14,28006,114,F,3,3,B,140,BEBIDAS,REFRIGERANTE OUTROS
2019-02-14,28019,419,F,2,1,B,52,ALIMENTOS,PATE
2019-02-14,28096,714,M,1,0,B,40,ALIMENTOS,LINGUICA
2019-02-14,28179,742,M,1,1,C,103,LIMPEZA,LIMPADOR MULTIUSO
2019-02-14,28272,240,M,4,0,B,103,LIMPEZA,LIMPADOR MULTIUSO
2019-02-14,28297,961,F,1,0,C,209,ALIMENTOS,COGUMELOS
2019-02-14,28331,214,F,4,0,B,19,ALIMENTOS,CAFE
2019-02-20,28407,832,F,1,0,B,128,HIGIENE,SHAMPOO
2019-02-20,28418,193,F,4,0,B,103,LIMPEZA,LIMPADOR MULTIUSO
2019-02-20,28472,361,F,1,0,C,207,ALIMENTOS,COPA SUINA
2019-02-20,28484,160,F,3,4,B,122,ALIMENTOS,TOMATE
2019-02-20,28501,545,M,2,2,B,5,ALIMENTOS,ACHOCOLATADO
2019-02-20,28558,34,M,2,0,C,62,ALIMENTOS,SNACKS
2019-02-20,28585,214,F,4,0,B,189,ALIMENTOS,GRANOLA
2019-02-20,28679,229,M,2,2,C,7,ALIMENTOS,ALMONDEGA
2019-02-20,28683,374,F,3,0,B,206,ALIMENTOS,CORACAO DE FRANGO
2019-02-20,28741,857,F,2,2,B,82,HIGIENE,LENCO UMEDECIDO
2019-02-20,28831,97,F,4,1,B,184,ALIMENTOS,IOGURTE
2019-02-20,28886,385,F,2,0,B,213,ALIMENTOS,CENOURA
2019-02-20,28925,426,F,3,0,C,5,ALIMENTOS,ACHOCOLATADO
2019-02-20,29017,65,M,4,0,B,135,LIMPEZA,RODO
2019-02-20,29071,25,M,4,1,C,30,ALIMENTOS,FILE DE PEIXE
2019-02-20,29130,898,F,4,0,C,142,BEBIDAS,REFRIGERANTE LARANJA
2019-02-20,29141,970,M,2,4,B,160,ALIMENTOS,PALMITO
2019-02-20,29158,945,F,2,3,B,45,ALIMENTOS,MANGA
2019-02-20,29170,356,M,2,4,A,82,HIGIENE,LENCO UMEDECIDO
2019-02-20,29269,30,M,4,0,B,217,ALIMENTOS,BISCOITO
2019-02-20,29305,98,M,1,0,B,182,ALIMENTOS,LATA DE ERVILHA
2019-02-20,29315,561,M,2,0,B,177,ALIMENTOS,LIMAO
2019-02-20,29412,419,F,2,1,B,121,ALIMENTOS,UVA
2019-02-20,29454,38,M,3,0,B,75,HIGIENE,ESCOVA DE DENTE
2019-02-20,29482,178,M,3,0,A,155,ALIMENTOS,PATE
2019-02-20,29581,901,F,4,1,B,206,ALIMENTOS,CORACAO DE FRANGO
2019-02-20,29596,91,M,3,0,B,24,ALIMENTOS,COPA SUINA
2019-02-20,29599,453,F,1,0,B,212,LIMPEZA,CERA
2019-02-20,29607,945,F,2,3,B,47,ALIMENTOS,MORTADELA
2019-02-20,29693,736,M,1,0,C,31,ALIMENTOS,GRANOLA
2019-02-20,29791,393,F,4,0,B,34,ALIMENTOS,KETCHUP
2019-02-20,29823,563,M,3,0,B,37,ALIMENTOS,LEITE
2019-02-20,29827,577,M,4,0,C,156,HIGIENE,PASTA DE DENTE
2019-02-20,29906,497,M,3,0,B,121,ALIMENTOS,UVA
2019-02-20,29912,488,M,3,2,B,128,HIGIENE,SHAMPOO
2019-02-20,29981,341,M,2,0,C,53,ALIMENTOS,PRESUNTO COZIDO
2019-02-20,29995,383,M,1,3,C,227,ALIMENTOS,ARROZ
2019-02-20,30001,194,F,4,0,B,144,BEBIDAS,REFRIGERANTE COLA
2019-02-20,30029,318,M,1,2,B,23,ALIMENTOS,COGUMELOS
2019-02-20,30072,932,M,4,1,B,157,ALIMENTOS,PAPINHA INFANTIL
2019-02-20,30076,928,F,5,1,B,187,HIGIENE,HASTES FLEXIVEIS
2019-02-20,30115,258,F,1,0,B,148,PET,RACAO SECA PARA CAES
2019-02-20,30212,341,M,2,0,C,51,ALIMENTOS,PAPINHA INFANTIL
2019-02-20,30236,300,F,1,3,C,163,ALIMENTOS,MORTADELA
2019-02-20,30258,474,M,2,0,B,80,HIGIENE,HASTES FLEXIVEIS
2019-02-20,30299,342,M,3,0,B,7,ALIMENTOS,ALMONDEGA
2019-02-20,30363,901,F,4,1,B,150,ALIMENTOS,QUEIJO DE CABRA
2019-02-20,30396,19,F,2,2,C,113,LIMPEZA,TIRA MANCHA
2019-02-20,30397,426,F,3,0,C,24,ALIMENTOS,COPA SUINA
2019-02-20,30468,510,F,4,0,B,86,HIGIENE,PRESERVATIVO
2019-02-20,30484,803,F,2,0,A,188,ALIMENTOS,HAMBUGUER
2019-02-20,30582,796,M,2,3,B,5,ALIMENTOS,ACHOCOLATADO
2019-02-20,30641,428,F,2,0,A,62,ALIMENTOS,SNACKS
2019-02-20,30692,855,M,4,1,C,84,HIGIENE,PAPEL HIGIENICO
2019-02-20,30708,524,F,4,3,C,198,BEBIDAS,ENERGETICO
2019-02-20,30727,896,M,3,0,B,9,ALIMENTOS,ARROZ INTEGRAL
2019-02-20,30813,852,M,2,3,B,166,HIGIENE,MODELADOR
2019-02-20,30872,555,M,4,3,A,27,ALIMENTOS,DANETTE
2019-02-20,30947,714,M,1,0,B,79,HIGIENE,GEL
2019-02-20,30993,631,M,1,4,C,129,ALIMENTOS,SARDINHA
2019-02-20,31023,217,F,3,0,B,72,HIGIENE,CONDICIONADOR
2019-02-20,31113,269,F,3,3,B,54,ALIMENTOS,PRESUNTO COZIDO
2019-02-20,31136,347,F,4,0,B,179,ALIMENTOS,LEITE CONDENSADO
2019-02-20,31198,942,M,1,0,B,73,HIGIENE,CREME
2019-02-20,31229,421,M,3,3,C,70,BEBIDAS,REFRIGERANTE OUTROS
2019-02-20,31247,575,M,1,4,B,98,LIMPEZA,DESENGORDURANTE
2019-02-20,31317,578,M,4,0,B,102,LIMPEZA,LIMPA VIDROS
2019-02-20,31385,789,F,5,1,B,136,ALIMENTOS,RICOTA
2019-02-27,31450,656,M,2,0,C,28,ALIMENTOS,DOCE
2019-02-27,31462,451,M,3,0,C,54,ALIMENTOS,PRESUNTO COZIDO
2019-02-27,31512,714,M,1,0,B,218,ALIMENTOS,BIFE DE COXAO MOLE
2019-02-27,31530,667,F,4,0,C,141,BEBIDAS,REFRIGERANTE LIMaO
2019-02-27,31576,56,F,2,3,B,200,LIMPEZA,DETERGENTE
2019-02-27,31658,359,F,1,0,B,221,ALIMENTOS,BANANA
2019-02-27,31703,35,M,3,0,B,92,HIGIENE,TINTURAS
2019-02-27,31720,447,M,2,0,B,176,LIMPEZA,LIMPA VIDROS
2019-02-27,31801,834,M,3,3,B,104,LIMPEZA,LIMPADOR PERFUMADO
2019-02-27,31824,403,M,3,2,B,32,ALIMENTOS,HAMBUGUER
2019-02-27,31913,63,F,3,0,B,173,ALIMENTOS,LINGUICA
2019-02-27,31990,814,M,4,0,B,165,ALIMENTOS,MOLHO BARBECUE
2019-02-27,32069,905,M,1,0,B,199,ALIMENTOS,DOCE
2019-02-27,32136,758,F,3,0,B,15,ALIMENTOS,BATATA DOCE
2019-02-27,32195,525,M,1,4,B,169,ALIMENTOS,MAMAO
2019-02-27,32292,5,F,4,3,C,136,ALIMENTOS,RICOTA
2019-02-27,32359,846,F,4,3,C,172,LIMPEZA,LUSTRA MOVEIS
2019-02-27,32402,572,M,1,0,C,148,PET,RACAO SECA PARA CAES
2019-02-27,32484,548,F,4,0,C,26,ALIMENTOS,COXA E SOBRECOXA DE FRANGO
2019-02-27,32511,886,F,5,1,B,142,BEBIDAS,REFRIGERANTE LARANJA
2019-02-27,32522,233,M,3,0,B,32,ALIMENTOS,HAMBUGUER
2019-02-27,32533,902,F,2,1,B,216,ALIMENTOS,BROCOLIS
2019-02-27,32601,541,F,3,0,B,181,ALIMENTOS,LATA DE MILHO
2019-02-27,32683,294,F,4,0,C,215,ALIMENTOS,CAFE
2019-02-27,32720,575,M,1,4,B,160,ALIMENTOS,PALMITO
2019-02-27,32747,254,F,5,2,B,128,HIGIENE,SHAMPOO
2019-02-27,32759,305,F,4,0,B,114,LIMPEZA,VASSOURA
2019-02-27,32810,991,F,2,2,C,56,ALIMENTOS,QUEIJO MUSSARELA
2019-02-27,32846,382,F,3,0,C,41,ALIMENTOS,MACARRAO
2019-02-27,32868,879,M,2,2,C,43,ALIMENTOS,MAMAO PAPAYA
2019-02-27,32949,626,M,3,1,C,120,LIMPEZA,VASSOURA
2019-02-27,33010,745,F,1,2,B,119,PET,RACAO UMIDA PARA GATOS
2019-02-27,33059,750,M,2,2,C,59,ALIMENTOS,SALGADINHO
2019-02-27,33086,876,F,2,3,B,64,ALIMENTOS,UVA
2019-02-27,33130,678,F,3,0,C,179,ALIMENTOS,LEITE CONDENSADO
2019-02-27,33168,408,F,4,0,B,111,LIMPEZA,SABAO EM PO
2019-02-27,33250,305,F,4,0,B,139,LIMPEZA,REMOVEDOR
2019-02-27,33297,68,F,2,1,A,122,ALIMENTOS,TOMATE
2019-02-27,33360,177,F,3,2,C,34,ALIMENTOS,KETCHUP
2019-02-27,33423,621,F,4,0,B,180,ALIMENTOS,LEITE
2019-02-27,33518,68,F,2,1,A,57,ALIMENTOS,REQUEIJAO
2019-02-27,33602,351,F,2,2,B,118,PET,RACAO UMIDA PARA CAES
2019-02-27,33686,286,M,4,0,B,28,ALIMENTOS,DOCE
2019-02-27,33712,122,M,3,3,B,175,LIMPEZA,LIMPADOR MULTIUSO
2019-02-27,33772,604,M,4,0,B,137,ALIMENTOS,REQUEIJAO
2019-02-27,33778,53,M,1,1,B,53,ALIMENTOS,PRESUNTO COZIDO
2019-02-27,33843,922,M,1,0,B,154,HIGIENE,PRESERVATIVO
2019-02-27,33864,931,M,2,0,A,209,ALIMENTOS,COGUMELOS
2019-02-27,33895,613,F,3,0,B,64,ALIMENTOS,UVA
2019-02-27,33933,103,M,3,4,B,30,ALIMENTOS,FILE DE PEIXE
2019-02-27,33999,152,F,3,1,C,15,ALIMENTOS,BATATA DOCE
2019-02-27,34051,607,F,2,0,B,108,LIMPEZA,REMOVEDOR
2019-02-27,34075,14,M,1,3,B,76,HIGIENE,FIO DENTAL
2019-02-27,34118,476,M,3,0,C,181,ALIMENTOS,LATA DE MILHO
2019-02-27,34153,163,F,3,0,A,220,ALIMENTOS,BATATA
2019-02-27,34168,437,F,2,1,C,98,LIMPEZA,DESENGORDURANTE
2019-02-27,34244,574,F,2,2,B,146,PET,RACAO UMIDA PARA CAES
2019-02-27,34278,738,M,1,0,C,175,LIMPEZA,LIMPADOR MULTIUSO
2019-02-27,34295,464,M,2,2,B,43,ALIMENTOS,MAMAO PAPAYA
2019-02-27,34383,501,M,1,0,B,212,LIMPEZA,CERA
2019-02-27,34422,170,F,4,2,B,118,PET,RACAO UMIDA PARA CAES
2019-02-27,34429,576,M,3,0,B,146,PET,RACAO UMIDA PARA CAES
2019-02-27,34433,443,F,4,0,C,132,HIGIENE,SABONETE
2019-02-27,34480,856,F,5,1,B,226,ALIMENTOS,ARROZ INTEGRAL
2019-02-27,34576,114,F,3,3,B,83,HIGIENE,MODELADOR
2019-02-27,34593,165,F,4,0,C,210,ACESSORIOS,CHUPETA
2019-02-27,34613,936,F,3,2,B,136,ALIMENTOS,RICOTA
2019-02-27,34680,612,F,3,4,B,187,HIGIENE,HASTES FLEXIVEIS
2019-02-27,34683,855,M,4,1,C,44,ALIMENTOS,MAMAO
2019-02-27,34781,23,M,3,0,B,142,BEBIDAS,REFRIGERANTE LARANJA
2019-02-27,34835,807,M,1,3,B,62,ALIMENTOS,SNACKS
2019-02-27,34887,29,M,2,0,B,212,LIMPEZA,CERA
2019-02-27,34915,149,M,1,3,A,189,ALIMENTOS,GRANOLA
2019-02-27,34921,411,F,2,0,B,155,ALIMENTOS,PATE
2019-02-27,34986,81,F,2,0,B,218,ALIMENTOS,BIFE DE COXAO MOLE
2019-02-27,35000,305,F,4,0,B,115,PET,ALIMENTO PARA PASSARO
2019-02-27,35060,574,F,2,2,B,144,BEBIDAS,REFRIGERANTE COLA
2019-02-27,35121,170,F,4,2,B,215,ALIMENTOS,CAFE
2019-02-27,35191,419,F,2,1,B,70,BEBIDAS,REFRIGERANTE OUTROS
2019-02-27,35268,209,F,4,0,B,144,BEBIDAS,REFRIGERANTE COLA
2019-02-27,35348,575,M,1,4,B,166,HIGIENE,MODELADOR
2019-02-27,35427,75,M,1,0,B,131,ALIMENTOS,SALGADINHO
2019-05-03,35502,726,M,2,0,B,94,LIMPEZA,ALCOOL
2019-05-03,35552,751,F,2,0,B,225,ALIMENTOS,ATUM
2019-05-03,35592,518,F,1,0,B,31,ALIMENTOS,GRANOLA
2019-05-03,35605,495,F,2,3,A,25,ALIMENTOS,CORACAO DE FRANGO
2019-05-03,35632,29,M,2,0,B,205,ALIMENTOS,COXA E SOBRECOXA DE FRANGO
2019-05-03,35665,676,M,2,3,B,111,LIMPEZA,SABAO EM PO
2019-05-03,35700,165,F,4,0,C,121,ALIMENTOS,UVA
2019-05-03,35759,329,F,3,0,B,62,ALIMENTOS,SNACKS
2019-05-03,35822,829,F,3,4,B,118,PET,RACAO UMIDA PARA CAES
2019-05-03,35867,185,F,3,0,C,61,ALIMENTOS,SARDINHA
2019-05-03,35872,352,M,4,2,B,35,ALIMENTOS,LATA DE ERVILHA
2019-05-03,35903,967,F,1,0,B,74,HIGIENE,ENXAGUANTE BUCAL
2019-05-03,35999,260,F,2,0,C,106,LIMPEZA,ODORIZADOR
2019-05-03,36028,318,M,1,2,B,153,ALIMENTOS,PRESUNTO COZIDO
2019-05-03,36045,190,M,1,4,B,181,ALIMENTOS,LATA DE MILHO
2019-05-03,36123,978,F,3,0,C,4,ALIMENTOS,ABACAXI
2019-05-03,36221,905,M,1,0,B,111,LIMPEZA,SABAO EM PO
2019-05-03,36272,672,F,4,0,B,55,ALIMENTOS,QUEIJO DE CABRA
2019-05-03,36299,213,M,2,4,B,167,ALIMENTOS,MANGA
2019-05-03,36334,702,M,1,0,B,24,ALIMENTOS,COPA SUINA
2019-05-03,36419,747,M,1,0,B,162,LIMPEZA,ODORIZADOR
2019-05-03,36422,599,F,1,4,C,104,LIMPEZA,LIMPADOR PERFUMADO
2019-05-03,36476,69,M,4,3,A,29,ALIMENTOS,FEIJAO
2019-05-03,36511,240,M,4,0,B,112,LIMPEZA,TIRA LIMO
2019-05-03,36580,264,F,4,1,B,6,ALIMENTOS,ALHO
2019-05-03,36606,611,M,4,0,B,6,ALIMENTOS,ALHO
2019-05-03,36702,926,M,1,0,B,173,ALIMENTOS,LINGUICA
2019-05-03,36705,266,F,3,3,B,119,PET,RACAO UMIDA PARA GATOS
2019-05-03,36781,294,F,4,0,C,23,ALIMENTOS,COGUMELOS
2019-05-03,36812,260,F,2,0,C,21,ALIMENTOS,CENOURA
2019-05-03,36819,499,M,3,0,B,23,ALIMENTOS,COGUMELOS
2019-05-03,36828,108,M,1,0,B,67,BEBIDAS,REFRIGERANTE GUARANA
2019-05-03,36918,815,F,2,4,B,204,HIGIENE,CREME
2019-05-03,37015,397,F,1,0,B,42,ALIMENTOS,MACARRAO INSTANTANEO
2019-05-03,37016,683,F,3,0,B,82,HIGIENE,LENCO UMEDECIDO
2019-05-03,37103,834,M,3,3,B,134,LIMPEZA,SABAO
2019-05-03,37104,378,F,2,0,C,29,ALIMENTOS,FEIJAO
2019-05-03,37191,21,M,3,0,B,5,ALIMENTOS,ACHOCOLATADO
2019-05-03,37270,342,M,3,0,B,202,LIMPEZA,DESENGORDURANTE
2019-05-03,37314,756,F,1,4,B,17,ALIMENTOS,BISCOITO
2019-05-03,37402,654,M,1,1,B,107,#N/D,#N/D
2019-05-03,37428,660,F,3,0,C,171,ALIMENTOS,MACARRAO
2019-05-03,37527,786,F,1,4,C,50,ALIMENTOS,PAO DE FORMA
2019-05-03,37554,230,M,1,4,A,95,LIMPEZA,AMACIANTE
2019-05-03,37611,554,F,3,0,A,141,BEBIDAS,REFRIGERANTE LIMaO
2019-05-03,37645,221,F,1,0,B,217,ALIMENTOS,BISCOITO
2019-05-03,37717,334,M,3,0,C,180,ALIMENTOS,LEITE
2019-05-03,37720,772,F,2,0,B,108,LIMPEZA,REMOVEDOR
2019-05-03,37755,940,F,1,3,B,83,HIGIENE,MODELADOR
2019-05-03,37837,924,F,2,2,B,29,ALIMENTOS,FEIJAO
2019-05-03,37886,698,F,2,0,B,224,ALIMENTOS,AZEITE
2019-05-03,37942,630,M,1,2,C,29,ALIMENTOS,FEIJAO
2019-05-03,37999,673,F,5,1,B,202,LIMPEZA,DESENGORDURANTE
2019-12-03,38066,346,F,2,4,C,181,ALIMENTOS,LATA DE MILHO
2019-12-03,38139,457,M,3,0,C,222,LIMPEZA,BALDE
2019-12-03,38235,862,M,4,0,B,25,ALIMENTOS,CORACAO DE FRANGO
2019-12-03,38312,210,M,2,2,C,113,LIMPEZA,TIRA MANCHA
2019-12-03,38362,791,F,1,0,B,64,ALIMENTOS,UVA
2019-12-03,38410,904,M,1,2,B,8,ALIMENTOS,ARROZ
2019-12-03,38469,306,F,3,0,B,34,ALIMENTOS,KETCHUP
2019-12-03,38542,879,M,2,2,C,199,ALIMENTOS,DOCE
2019-12-03,38577,132,M,2,0,A,83,HIGIENE,MODELADOR
2019-12-03,38580,737,F,2,1,C,133,LIMPEZA,SABAO EM PO
2019-12-03,38653,660,F,3,0,C,183,ALIMENTOS,KETCHUP
2019-12-03,38749,11,F,4,0,A,112,LIMPEZA,TIRA LIMO
2019-12-03,38846,713,F,1,3,C,206,ALIMENTOS,CORACAO DE FRANGO
2019-12-03,38859,918,F,2,4,C,202,LIMPEZA,DESENGORDURANTE
2019-12-03,38920,618,M,4,3,B,54,ALIMENTOS,PRESUNTO COZIDO
2019-12-03,38983,211,M,2,1,B,148,PET,RACAO SECA PARA CAES
2019-12-03,39049,132,M,2,0,A,62,ALIMENTOS,SNACKS
2019-12-03,39112,546,F,4,0,B,37,ALIMENTOS,LEITE
2019-12-03,39160,273,M,4,0,C,100,LIMPEZA,DETERGENTE
2019-12-03,39173,305,F,4,0,B,57,ALIMENTOS,REQUEIJAO
2019-12-03,39191,804,F,4,3,B,34,ALIMENTOS,KETCHUP
2019-12-03,39208,190,M,1,4,B,130,ALIMENTOS,SALGADINHOS DE MILHO
2019-12-03,39246,641,F,4,0,C,107,#N/D,#N/D
2019-12-03,39269,7,M,1,3,B,17,ALIMENTOS,BISCOITO
2019-12-03,39276,247,M,1,0,B,81,HIGIENE,HIDRATANTE
2019-12-03,39323,581,F,4,2,C,49,ALIMENTOS,PALMITO
2019-12-03,39324,617,F,4,3,C,158,HIGIENE,PAPEL HIGIENICO
2019-12-03,39406,241,M,4,1,B,35,ALIMENTOS,LATA DE ERVILHA
2019-12-03,39440,75,M,1,0,B,168,ALIMENTOS,MAMAO PAPAYA
2019-12-03,39525,378,F,2,0,C,202,LIMPEZA,DESENGORDURANTE
2019-12-03,39533,35,M,3,0,B,73,HIGIENE,CREME
2019-12-03,39614,475,F,4,3,B,120,LIMPEZA,VASSOURA
2019-12-03,39617,196,M,2,0,B,71,HIGIENE,ABSORVENTE
2019-12-03,39716,853,M,5,2,A,56,ALIMENTOS,QUEIJO MUSSARELA
2019-12-03,39783,289,F,3,4,C,94,LIMPEZA,ALCOOL
2019-12-03,39819,444,F,2,0,B,70,BEBIDAS,REFRIGERANTE OUTROS
2019-12-03,39873,145,M,3,0,B,42,ALIMENTOS,MACARRAO INSTANTANEO
2019-12-03,39907,674,M,4,1,B,107,#N/D,#N/D
2019-12-03,39961,379,F,4,0,C,185,LIMPEZA,INSETICIDA
2019-12-03,40009,888,F,4,2,B,228,LIMPEZA,AMACIANTE
2019-12-03,40095,784,F,1,3,B,177,ALIMENTOS,LIMAO
2019-12-03,40194,69,M,4,3,A,4,ALIMENTOS,ABACAXI
2019-12-03,40233,188,M,2,2,B,80,HIGIENE,HASTES FLEXIVEIS
2019-12-03,40299,207,F,3,0,B,80,HIGIENE,HASTES FLEXIVEIS
2019-12-03,40389,297,M,4,0,B,20,ALIMENTOS,CEBOLA
2019-12-03,40439,110,M,3,0,C,218,ALIMENTOS,BIFE DE COXAO MOLE
2019-12-03,40522,535,M,4,0,A,182,ALIMENTOS,LATA DE ERVILHA
2019-12-03,40540,916,F,3,4,C,162,LIMPEZA,ODORIZADOR
2019-12-03,40619,644,M,1,0,C,205,ALIMENTOS,COXA E SOBRECOXA DE FRANGO
2019-12-03,40655,686,F,3,2,A,208,HIGIENE,CONDICIONADOR
2019-12-03,40706,360,M,4,0,B,204,HIGIENE,CREME
2019-12-03,40803,456,M,1,4,B,9,ALIMENTOS,ARROZ INTEGRAL
2019-12-03,40847,243,F,1,4,C,28,ALIMENTOS,DOCE
2019-12-03,40899,654,M,1,1,B,227,ALIMENTOS,ARROZ
2019-12-03,40960,704,F,2,0,C,183,ALIMENTOS,KETCHUP
2019-12-03,41035,58,M,2,2,B,44,ALIMENTOS,MAMAO
2019-12-03,41116,405,F,4,0,B,181,ALIMENTOS,LATA DE MILHO
2019-12-03,41183,873,F,3,0,B,161,ALIMENTOS,OVOS
2019-12-03,41193,314,F,1,1,A,94,LIMPEZA,ALCOOL
2019-03-15,41210,657,M,2,3,B,219,ALIMENTOS,BATATA DOCE
2019-03-15,41221,493,M,2,4,B,136,ALIMENTOS,RICOTA
2019-03-15,41302,677,M,4,0,B,113,LIMPEZA,TIRA MANCHA
2019-03-15,41359,610,M,2,0,B,28,ALIMENTOS,DOCE
2019-03-15,41379,716,F,4,0,C,25,ALIMENTOS,CORACAO DE FRANGO
2019-03-15,41411,319,M,1,4,B,220,ALIMENTOS,BATATA
2019-03-15,41508,40,M,2,1,B,148,PET,RACAO SECA PARA CAES
2019-03-15,41579,909,M,3,0,B,15,ALIMENTOS,BATATA DOCE
2019-03-15,41639,143,F,1,4,B,63,ALIMENTOS,TOMATE
2019-03-15,41671,831,F,4,2,B,202,LIMPEZA,DESENGORDURANTE
2019-03-15,41681,438,F,1,0,B,192,HIGIENE,FIXADOR
2019-03-15,41766,57,M,2,0,B,3,ALIMENTOS,ABACATE
2019-03-15,41804,324,F,3,3,B,214,ALIMENTOS,CEBOLA
2019-03-15,41827,315,F,3,0,B,177,ALIMENTOS,LIMAO
2019-03-15,41857,62,F,2,0,B,28,ALIMENTOS,DOCE
2019-03-15,41945,806,F,2,3,B,191,HIGIENE,FRALDA
2019-03-15,41958,701,M,3,0,B,45,ALIMENTOS,MANGA
2019-03-15,42041,122,M,3,3,B,65,BEBIDAS,ENERGETICO
2019-03-15,42065,78,M,1,0,B,9,ALIMENTOS,ARROZ INTEGRAL
2019-03-15,42079,738,M,1,0,C,61,ALIMENTOS,SARDINHA
2019-03-15,42101,747,M,1,0,B,67,BEBIDAS,REFRIGERANTE GUARANA
2019-03-15,42125,311,F,4,0,C,37,ALIMENTOS,LEITE
2019-03-15,42222,669,F,4,0,B,96,LIMPEZA,BALDE
2019-03-15,42289,961,F,1,0,C,49,ALIMENTOS,PALMITO
2019-03-15,42300,872,M,3,4,A,1,ACESSORIOS,CHUPETA
2019-03-15,42317,490,F,2,4,C,15,ALIMENTOS,BATATA DOCE
2019-03-15,42404,381,F,1,1,B,51,ALIMENTOS,PAPINHA INFANTIL
2019-03-15,42470,201,M,3,0,B,188,ALIMENTOS,HAMBUGUER
2019-03-15,42471,940,F,1,3,B,98,LIMPEZA,DESENGORDURANTE
2019-03-15,42484,499,M,3,0,B,25,ALIMENTOS,CORACAO DE FRANGO
2019-03-15,42495,694,M,4,0,C,143,BEBIDAS,REFRIGERANTE GUARANA
2019-03-15,42575,641,F,4,0,C,17,ALIMENTOS,BISCOITO
2019-03-15,42579,363,F,1,0,B,83,HIGIENE,MODELADOR
2019-03-15,42592,440,F,4,0,C,27,ALIMENTOS,DANETTE
2019-03-15,42690,632,F,4,3,A,151,HIGIENE,PROTETOR SOLAR
2019-03-15,42741,710,F,3,1,C,206,ALIMENTOS,CORACAO DE FRANGO
2019-03-15,42831,429,M,4,0,C,185,LIMPEZA,INSETICIDA
2019-03-15,42903,61,M,1,2,B,146,PET,RACAO UMIDA PARA CAES
2019-03-15,42994,859,M,1,0,B,34,ALIMENTOS,KETCHUP
2019-03-15,43082,317,M,3,0,B,56,ALIMENTOS,QUEIJO MUSSARELA
2019-03-15,43138,350,F,5,1,B,20,ALIMENTOS,CEBOLA
2019-03-15,43161,922,M,1,0,B,50,ALIMENTOS,PAO DE FORMA
2019-03-15,43186,74,M,3,0,C,141,BEBIDAS,REFRIGERANTE LIMaO
2019-03-15,43283,571,F,2,0,B,110,LIMPEZA,SABAO
2019-03-15,43332,903,M,1,0,B,85,HIGIENE,PASTA DE DENTE
2019-03-15,43352,106,M,1,0,B,222,LIMPEZA,BALDE
2019-03-15,43355,240,M,4,0,B,80,HIGIENE,HASTES FLEXIVEIS
2019-03-15,43362,56,F,2,3,B,224,ALIMENTOS,AZEITE
2019-03-18,43459,775,F,2,3,B,208,HIGIENE,CONDICIONADOR
2019-03-18,43546,605,M,4,2,B,30,ALIMENTOS,FILE DE PEIXE
2019-03-18,43633,208,M,3,0,B,192,HIGIENE,FIXADOR
2019-03-18,43665,670,M,4,0,C,121,ALIMENTOS,UVA
2019-03-18,43734,88,F,1,0,B,28,ALIMENTOS,DOCE
2019-03-18,43765,979,F,3,0,A,34,ALIMENTOS,KETCHUP
2019-03-18,43846,844,F,5,1,A,192,HIGIENE,FIXADOR
2019-03-18,43857,677,M,4,0,B,223,ALIMENTOS,AZEITONA
2019-03-18,43901,554,F,3,0,A,134,LIMPEZA,SABAO
2019-03-18,43944,318,M,1,2,B,185,LIMPEZA,INSETICIDA
2019-03-18,43974,311,F,4,0,C,199,ALIMENTOS,DOCE
2019-03-18,44069,241,M,4,1,B,9,ALIMENTOS,ARROZ INTEGRAL
2019-03-18,44111,883,M,1,0,B,227,ALIMENTOS,ARROZ
2019-03-18,44205,298,F,4,0,C,96,LIMPEZA,BALDE
2019-03-18,44302,916,F,3,4,C,169,ALIMENTOS,MAMAO
2019-03-18,44303,378,F,2,0,C,178,HIGIENE,LENCO UMEDECIDO
2019-03-18,44346,941,M,2,3,B,228,LIMPEZA,AMACIANTE
2019-03-18,44361,757,F,4,3,C,81,HIGIENE,HIDRATANTE
2019-03-18,44379,819,M,4,0,B,53,ALIMENTOS,PRESUNTO COZIDO
2019-03-18,44478,38,M,3,0,B,165,ALIMENTOS,MOLHO BARBECUE
2019-03-18,44537,569,M,1,1,A,148,PET,RACAO SECA PARA CAES
2019-03-18,44626,160,F,3,4,B,1,ACESSORIOS,CHUPETA
2019-03-18,44670,269,F,3,3,B,142,BEBIDAS,REFRIGERANTE LARANJA
2019-03-18,44731,200,F,3,0,B,57,ALIMENTOS,REQUEIJAO
2019-03-18,44781,818,F,2,0,B,175,LIMPEZA,LIMPADOR MULTIUSO
2019-03-18,44820,41,M,3,0,C,24,ALIMENTOS,COPA SUINA
2019-03-18,44835,558,F,5,2,C,139,LIMPEZA,REMOVEDOR
2019-03-18,44853,845,F,3,3,C,91,HIGIENE,TALCO
2019-03-18,44899,584,M,3,0,B,153,ALIMENTOS,PRESUNTO COZIDO
2019-03-18,44917,510,F,4,0,B,44,ALIMENTOS,MAMAO
2019-03-18,44975,171,F,3,1,B,65,BEBIDAS,ENERGETICO
2019-03-18,44994,554,F,3,0,A,189,ALIMENTOS,GRANOLA
2019-03-18,45082,724,M,1,0,B,159,ALIMENTOS,PAO DE FORMA
2019-03-18,45150,936,F,3,2,B,182,ALIMENTOS,LATA DE ERVILHA
2019-03-18,45185,498,M,3,2,B,189,ALIMENTOS,GRANOLA
2019-03-18,45265,296,F,1,3,B,163,ALIMENTOS,MORTADELA
2019-03-18,45296,887,F,3,0,B,209,ALIMENTOS,COGUMELOS
2019-03-18,45351,629,M,3,0,C,99,LIMPEZA,DESINFETANTE
2019-03-18,45402,307,M,1,0,B,95,LIMPEZA,AMACIANTE
2019-03-18,45455,147,M,1,0,A,118,PET,RACAO UMIDA PARA CAES
2019-03-18,45540,457,M,3,0,C,156,HIGIENE,PASTA DE DENTE
2019-03-18,45588,890,M,3,0,C,167,ALIMENTOS,MANGA
2019-03-18,45669,705,M,1,0,B,61,ALIMENTOS,SARDINHA
2019-03-18,45743,136,F,2,1,B,140,BEBIDAS,REFRIGERANTE OUTROS
2019-03-18,45781,637,F,1,0,B,155,ALIMENTOS,PATE
2019-03-18,45864,308,M,4,0,B,1,ACESSORIOS,CHUPETA
2019-03-18,45868,55,F,3,0,B,216,ALIMENTOS,BROCOLIS
2019-03-18,45913,928,F,5,1,B,212,LIMPEZA,CERA
2019-03-18,45953,476,M,3,0,C,12,ALIMENTOS,AZEITONA
2019-03-18,46004,664,M,3,1,B,45,ALIMENTOS,MANGA
2019-03-18,46039,279,M,1,2,B,89,HIGIENE,SABONETE
2019-03-18,46075,107,F,2,0,C,124,LIMPEZA,TIRA LIMO
2019-03-18,46084,203,F,3,0,A,162,LIMPEZA,ODORIZADOR
2019-03-18,46171,630,M,1,2,C,73,HIGIENE,CREME
2019-03-18,46191,712,F,2,3,B,62,ALIMENTOS,SNACKS
2019-03-18,46217,240,M,4,0,B,99,LIMPEZA,DESINFETANTE
2019-03-18,46254,103,M,3,4,B,228,LIMPEZA,AMACIANTE
2019-03-18,46313,33,F,2,0,B,148,PET,RACAO SECA PARA CAES
2019-03-18,46360,204,F,3,3,B,215,ALIMENTOS,CAFE
2019-03-18,46378,233,M,3,0,B,119,PET,RACAO UMIDA PARA GATOS
2019-03-20,46473,506,F,4,3,B,78,HIGIENE,FRALDA
2019-03-20,46497,744,M,4,0,A,21,ALIMENTOS,CENOURA
2019-03-20,46537,251,F,2,0,C,52,ALIMENTOS,PATE
2019-03-20,46594,57,M,2,0,B,134,LIMPEZA,SABAO
2019-03-20,46677,908,M,3,2,C,96,LIMPEZA,BALDE
2019-03-20,46686,433,M,3,3,B,136,ALIMENTOS,RICOTA
2019-03-20,46739,762,F,2,0,B,11,ALIMENTOS,AZEITE
2019-03-20,46777,965,M,3,0,B,86,HIGIENE,PRESERVATIVO
2019-03-20,46846,2,M,3,0,B,207,ALIMENTOS,COPA SUINA
2019-03-20,46907,392,M,2,2,C,12,ALIMENTOS,AZEITONA
2019-03-20,46915,534,M,4,1,C,111,LIMPEZA,SABAO EM PO
2019-03-20,47000,202,M,1,0,B,143,BEBIDAS,REFRIGERANTE GUARANA
2019-03-20,47002,559,F,3,1,A,199,ALIMENTOS,DOCE
2019-03-20,47029,46,F,4,1,B,164,ACESSORIOS,MORDEDOR
2019-03-20,47058,528,M,2,2,C,32,ALIMENTOS,HAMBUGUER
2019-03-20,47077,206,F,3,1,C,111,LIMPEZA,SABAO EM PO
2019-03-20,47098,270,F,3,1,B,229,ALIMENTOS,ALMONDEGA
2019-03-25,47147,454,F,1,0,B,51,ALIMENTOS,PAPINHA INFANTIL
2019-03-25,47234,456,M,1,4,B,227,ALIMENTOS,ARROZ
2019-03-25,47279,958,M,2,3,B,43,ALIMENTOS,MAMAO PAPAYA
2019-03-25,47321,109,M,2,1,B,77,HIGIENE,FIXADOR
2019-03-25,47373,867,M,2,3,B,206,ALIMENTOS,CORACAO DE FRANGO
2019-03-25,47415,343,F,1,0,B,23,ALIMENTOS,COGUMELOS
2019-03-25,47473,189,F,3,4,C,49,ALIMENTOS,PALMITO
2019-03-25,47475,853,M,5,2,A,136,ALIMENTOS,RICOTA
2019-03-25,47572,305,F,4,0,B,147,PET,RACAO SECA PARA GATOS
2019-03-25,47671,849,F,5,1,B,215,ALIMENTOS,CAFE
2019-03-25,47713,78,M,1,0,B,129,ALIMENTOS,SARDINHA
2019-03-25,47756,31,F,1,0,C,16,ALIMENTOS,BIFE DE COXAO MOLE
2019-03-25,47837,992,F,2,0,B,181,ALIMENTOS,LATA DE MILHO
2019-03-25,47876,465,F,3,0,B,106,LIMPEZA,ODORIZADOR
2019-03-25,47878,259,M,1,1,B,12,ALIMENTOS,AZEITONA
2019-03-25,47883,369,F,3,4,C,80,HIGIENE,HASTES FLEXIVEIS
2019-03-25,47972,370,M,1,4,B,95,LIMPEZA,AMACIANTE
2019-03-25,48027,78,M,1,0,B,100,LIMPEZA,DETERGENTE
2019-03-25,48067,985,M,1,0,B,166,HIGIENE,MODELADOR
2019-03-25,48088,767,F,1,0,B,168,ALIMENTOS,MAMAO PAPAYA
2019-01-04,48152,745,F,1,2,B,165,ALIMENTOS,MOLHO BARBECUE
2019-01-04,48159,359,F,1,0,B,224,ALIMENTOS,AZEITE
2019-01-04,48205,448,F,2,0,A,181,ALIMENTOS,LATA DE MILHO
2019-01-04,48302,615,M,1,4,C,41,ALIMENTOS,MACARRAO
2019-01-04,48343,924,F,2,2,B,22,ALIMENTOS,CHA
2019-01-04,48413,334,M,3,0,C,115,PET,ALIMENTO PARA PASSARO
2019-01-04,48473,893,F,1,0,B,176,LIMPEZA,LIMPA VIDROS
2019-01-04,48534,57,M,2,0,B,83,HIGIENE,MODELADOR
2019-01-04,48570,736,M,1,0,C,228,LIMPEZA,AMACIANTE
2019-01-04,48640,630,M,1,2,C,133,LIMPEZA,SABAO EM PO
2019-01-04,48656,758,F,3,0,B,82,HIGIENE,LENCO UMEDECIDO
2019-01-04,48751,890,M,3,0,C,63,ALIMENTOS,TOMATE
2019-01-04,48800,4,M,4,0,B,219,ALIMENTOS,BATATA DOCE
2019-01-04,48878,172,M,2,0,B,147,PET,RACAO SECA PARA GATOS
2019-01-04,48971,869,F,3,0,B,203,ALIMENTOS,DANETTE
2019-01-04,49033,533,F,4,0,A,136,ALIMENTOS,RICOTA
2019-01-04,49051,820,M,1,4,B,52,ALIMENTOS,PATE
2019-01-04,49094,691,M,4,0,B,147,PET,RACAO SECA PARA GATOS
2019-01-04,49121,700,F,4,2,C,86,HIGIENE,PRESERVATIVO
2019-01-04,49137,179,F,2,0,B,71,HIGIENE,ABSORVENTE
2019-01-04,49175,842,M,5,2,B,49,ALIMENTOS,PALMITO
2019-01-04,49222,62,F,2,0,B,117,PET,RACAO SECA PARA GATOS
2019-01-04,49309,656,M,2,0,C,194,ALIMENTOS,FILE DE PEIXE
2019-06-04,49322,614,F,4,1,B,29,ALIMENTOS,FEIJAO
2019-06-04,49417,358,F,3,0,C,71,HIGIENE,ABSORVENTE
2019-06-04,49496,164,M,2,3,A,11,ALIMENTOS,AZEITE
2019-06-04,49576,636,M,2,2,B,75,HIGIENE,ESCOVA DE DENTE
2019-06-04,49632,409,F,3,4,B,203,ALIMENTOS,DANETTE
2019-06-04,49674,390,F,2,0,B,176,LIMPEZA,LIMPA VIDROS
2019-06-04,49711,613,F,3,0,B,101,LIMPEZA,INSETICIDA
2019-06-04,49733,189,F,3,4,C,198,BEBIDAS,ENERGETICO
2019-06-04,49811,645,F,4,0,B,17,ALIMENTOS,BISCOITO
2019-06-04,49893,870,F,1,0,B,204,HIGIENE,CREME
2019-06-04,49927,674,M,4,1,B,146,PET,RACAO UMIDA PARA CAES
2019-06-04,49941,91,M,3,0,B,190,HIGIENE,GEL
2019-06-04,50007,925,M,2,0,C,20,ALIMENTOS,CEBOLA
2019-06-04,50041,260,F,2,0,C,222,LIMPEZA,BALDE
2019-06-04,50070,693,F,4,0,B,80,HIGIENE,HASTES FLEXIVEIS
2019-06-04,50121,742,M,1,1,C,95,LIMPEZA,AMACIANTE
2019-06-04,50139,515,M,4,0,A,108,LIMPEZA,REMOVEDOR
2019-06-04,50177,282,M,2,0,B,43,ALIMENTOS,MAMAO PAPAYA
2019-06-04,50247,462,F,4,0,A,110,LIMPEZA,SABAO
2019-06-04,50325,941,M,2,3,B,164,ACESSORIOS,MORDEDOR
2019-06-04,50335,93,F,2,0,C,209,ALIMENTOS,COGUMELOS
2019-06-04,50403,58,M,2,2,B,215,ALIMENTOS,CAFE
2019-06-04,50485,214,F,4,0,B,18,ALIMENTOS,BROCOLIS
2019-06-04,50528,418,M,2,2,A,66,BEBIDAS,REFRIGERANTE COLA
2019-06-04,50603,682,F,2,2,B,33,ALIMENTOS,IOGURTE
2019-06-04,50636,116,M,4,0,B,61,ALIMENTOS,SARDINHA
2019-06-04,50656,583,F,2,0,B,63,ALIMENTOS,TOMATE
2019-06-04,50696,297,M,4,0,B,112,LIMPEZA,TIRA LIMO
2019-06-04,50699,160,F,3,4,B,177,ALIMENTOS,LIMAO
2019-06-04,50759,130,F,1,0,B,197,HIGIENE,ENXAGUANTE BUCAL
2019-06-04,50810,823,M,5,3,B,221,ALIMENTOS,BANANA
2019-06-04,50814,9,F,2,0,B,191,HIGIENE,FRALDA
2019-06-04,50854,596,M,2,0,B,192,HIGIENE,FIXADOR
2019-06-04,50898,217,F,3,0,B,176,LIMPEZA,LIMPA VIDROS
2019-06-04,50930,890,M,3,0,C,156,HIGIENE,PASTA DE DENTE
2019-06-04,50990,85,M,1,0,B,127,ALIMENTOS,SNACKS
2019-06-04,51041,562,F,3,0,B,105,LIMPEZA,LUSTRA MOVEIS
2019-06-04,51072,283,M,4,1,B,213,ALIMENTOS,CENOURA
2019-06-04,51110,919,F,2,0,C,205,ALIMENTOS,COXA E SOBRECOXA DE FRANGO
2019-06-04,51207,632,F,4,3,A,3,ALIMENTOS,ABACATE
2019-06-04,51295,496,F,2,0,B,113,LIMPEZA,TIRA MANCHA
2019-06-04,51367,778,F,2,2,A,66,BEBIDAS,REFRIGERANTE COLA
2019-06-04,51445,335,F,3,0,C,63,ALIMENTOS,TOMATE
2019-06-04,51476,71,F,3,1,B,216,ALIMENTOS,BROCOLIS
2019-06-04,51550,968,F,1,0,B,33,ALIMENTOS,IOGURTE
2019-06-04,51572,353,M,1,2,B,144,BEBIDAS,REFRIGERANTE COLA
2019-06-04,51627,795,F,4,2,B,165,ALIMENTOS,MOLHO BARBECUE
2019-06-04,51705,559,F,3,1,A,36,ALIMENTOS,LATA DE MILHO
2019-06-04,51716,357,M,2,2,C,15,ALIMENTOS,BATATA DOCE
2019-06-04,51795,317,M,3,0,B,187,HIGIENE,HASTES FLEXIVEIS
2019-06-04,51893,437,F,2,1,C,171,ALIMENTOS,MACARRAO
2019-06-04,51904,940,F,1,3,B,162,LIMPEZA,ODORIZADOR
2019-06-04,51956,511,F,1,0,B,147,PET,RACAO SECA PARA GATOS
2019-06-04,52049,338,M,2,0,B,41,ALIMENTOS,MACARRAO
2019-06-04,52053,566,F,4,0,B,5,ALIMENTOS,ACHOCOLATADO
2019-06-04,52079,984,F,4,3,B,103,LIMPEZA,LIMPADOR MULTIUSO
2019-06-04,52144,589,F,3,2,C,203,ALIMENTOS,DANETTE
2019-06-04,52231,31,F,1,0,C,40,ALIMENTOS,LINGUICA
2019-06-04,52263,626,M,3,1,C,220,ALIMENTOS,BATATA
2019-06-04,52269,182,F,1,4,B,94,LIMPEZA,ALCOOL
2019-06-04,52295,455,F,2,0,C,49,ALIMENTOS,PALMITO
2019-06-04,52331,624,M,4,0,B,41,ALIMENTOS,MACARRAO
2019-06-04,52375,269,F,3,3,B,139,LIMPEZA,REMOVEDOR
2019-06-04,52465,687,M,2,3,C,163,ALIMENTOS,MORTADELA
2019-06-04,52477,812,F,2,0,A,14,ALIMENTOS,BATATA
2019-06-04,52569,62,F,2,0,B,48,ALIMENTOS,OVOS
2019-06-04,52645,310,M,4,3,C,46,ALIMENTOS,MOLHO BARBECUE
2019-06-04,52699,719,M,1,0,B,220,ALIMENTOS,BATATA
2019-06-04,52791,823,M,5,3,B,3,ALIMENTOS,ABACATE
2019-06-04,52878,809,F,3,3,B,89,HIGIENE,SABONETE
2019-06-04,52954,972,M,4,0,C,179,ALIMENTOS,LEITE CONDENSADO
2019-06-04,52991,954,F,4,2,B,84,HIGIENE,PAPEL HIGIENICO
2019-06-04,53023,430,F,4,1,B,108,LIMPEZA,REMOVEDOR
2019-06-04,53043,7,M,1,3,B,214,ALIMENTOS,CEBOLA
2019-06-04,53078,121,F,1,2,B,95,LIMPEZA,AMACIANTE
2019-06-04,53107,447,M,2,0,B,38,ALIMENTOS,LEITE CONDENSADO
2019-06-04,53119,611,M,4,0,B,192,HIGIENE,FIXADOR
2019-06-04,53195,835,F,1,0,A,149,ALIMENTOS,QUEIJO MUSSARELA
2019-06-04,53229,261,F,4,0,B,108,LIMPEZA,REMOVEDOR
2019-06-04,53268,245,F,4,3,B,23,ALIMENTOS,COGUMELOS
2019-06-04,53282,707,M,4,0,B,146,PET,RACAO UMIDA PARA CAES
2019-06-04,53359,498,M,3,2,B,139,LIMPEZA,REMOVEDOR
2019-06-04,53426,58,M,2,2,B,155,ALIMENTOS,PATE
2019-06-04,53432,28,F,1,2,B,40,ALIMENTOS,LINGUICA
2019-06-04,53518,437,F,2,1,C,180,ALIMENTOS,LEITE
2019-06-04,53565,33,F,2,0,B,154,HIGIENE,PRESERVATIVO
2019-06-04,53642,814,M,4,0,B,110,LIMPEZA,SABAO
2019-06-04,53725,435,F,2,0,C,194,ALIMENTOS,FILE DE PEIXE
2019-06-04,53796,757,F,4,3,C,100,LIMPEZA,DETERGENTE
2019-06-04,53826,855,M,4,1,C,154,HIGIENE,PRESERVATIVO
2019-06-04,53903,158,M,3,0,B,2,ACESSORIOS,MORDEDOR
2019-06-04,53948,967,F,1,0,B,61,ALIMENTOS,SARDINHA
2019-06-04,54035,407,F,3,3,A,61,ALIMENTOS,SARDINHA
2019-08-04,54066,879,M,2,2,C,149,ALIMENTOS,QUEIJO MUSSARELA
2019-08-04,54155,821,F,2,3,B,88,HIGIENE,REPELENTE
2019-08-04,54170,373,F,4,2,B,109,LIMPEZA,RODO
2019-08-04,54173,976,M,4,2,B,97,LIMPEZA,CERA
2019-08-04,54265,489,F,4,3,B,75,HIGIENE,ESCOVA DE DENTE
2019-08-04,54344,716,F,4,0,C,145,PET,RACAO UMIDA PARA GATOS
2019-08-04,54403,331,F,4,0,B,190,HIGIENE,GEL
2019-08-04,54427,968,F,1,0,B,86,HIGIENE,PRESERVATIVO
2019-08-04,54467,857,F,2,2,B,165,ALIMENTOS,MOLHO BARBECUE
2019-08-04,54484,578,M,4,0,B,205,ALIMENTOS,COXA E SOBRECOXA DE FRANGO
2019-08-04,54548,443,F,4,0,C,195,ALIMENTOS,FEIJAO
2019-08-04,54644,731,M,3,4,B,228,LIMPEZA,AMACIANTE
2019-08-04,54693,971,F,1,2,A,216,ALIMENTOS,BROCOLIS
2019-08-04,54711,259,M,1,1,B,89,HIGIENE,SABONETE
2019-08-04,54808,4,M,4,0,B,174,LIMPEZA,LIMPADOR PERFUMADO
2019-08-04,54827,37,M,3,0,B,188,ALIMENTOS,HAMBUGUER
2019-08-04,54861,73,M,1,0,A,144,BEBIDAS,REFRIGERANTE COLA
2019-08-04,54938,443,F,4,0,C,101,LIMPEZA,INSETICIDA
2019-08-04,55008,147,M,1,0,A,127,ALIMENTOS,SNACKS
2019-08-04,55053,283,M,4,1,B,195,ALIMENTOS,FEIJAO
2019-08-04,55148,262,M,1,2,B,64,ALIMENTOS,UVA
2019-08-04,55208,819,M,4,0,B,91,HIGIENE,TALCO
2019-08-04,55228,606,M,1,0,B,167,ALIMENTOS,MANGA
2019-08-04,55318,654,M,1,1,B,183,ALIMENTOS,KETCHUP
2019-08-04,55334,207,F,3,0,B,21,ALIMENTOS,CENOURA
2019-08-04,55382,773,M,4,0,B,42,ALIMENTOS,MACARRAO INSTANTANEO
2019-08-04,55389,853,M,5,2,A,154,HIGIENE,PRESERVATIVO
2019-08-04,55403,901,F,4,1,B,159,ALIMENTOS,PAO DE FORMA
2019-08-04,55431,318,M,1,2,B,200,LIMPEZA,DETERGENTE
2019-08-04,55527,596,M,2,0,B,218,ALIMENTOS,BIFE DE COXAO MOLE
2019-08-04,55550,912,F,4,0,C,222,LIMPEZA,BALDE
2019-08-04,55623,527,F,4,1,B,44,ALIMENTOS,MAMAO
2019-08-04,55709,346,F,2,4,C,11,ALIMENTOS,AZEITE
2019-08-04,55760,246,M,2,2,B,158,HIGIENE,PAPEL HIGIENICO
2019-08-04,55828,119,F,3,2,B,108,LIMPEZA,REMOVEDOR
2019-08-04,55838,848,F,5,3,A,60,ALIMENTOS,SALGADINHOS DE MILHO
2019-08-04,55869,823,M,5,3,B,33,ALIMENTOS,IOGURTE
2019-08-04,55877,66,M,3,3,B,32,ALIMENTOS,HAMBUGUER
2019-08-04,55886,63,F,3,0,B,110,LIMPEZA,SABAO
2019-08-04,55899,413,M,3,2,B,116,PET,RACAO SECA PARA CAES
2019-08-04,55914,715,F,3,4,B,130,ALIMENTOS,SALGADINHOS DE MILHO
2019-08-04,55926,976,M,4,2,B,152,ALIMENTOS,PRESUNTO COZIDO
2019-08-04,55933,423,F,5,2,A,156,HIGIENE,PASTA DE DENTE
2019-08-04,55984,888,F,4,2,B,212,LIMPEZA,CERA
2019-08-04,56027,598,F,4,0,B,222,LIMPEZA,BALDE
2019-08-04,56029,228,F,4,0,C,31,ALIMENTOS,GRANOLA
2019-08-04,56126,538,M,3,0,B,189,ALIMENTOS,GRANOLA
2019-08-04,56175,619,M,4,1,B,222,LIMPEZA,BALDE
2019-08-04,56182,325,M,1,3,B,146,PET,RACAO UMIDA PARA CAES
2019-08-04,56275,191,M,3,0,B,151,HIGIENE,PROTETOR SOLAR
2019-08-04,56369,820,M,1,4,B,41,ALIMENTOS,MACARRAO
2019-08-04,56445,12,M,1,1,A,142,BEBIDAS,REFRIGERANTE LARANJA
2019-08-04,56458,925,M,2,0,C,166,HIGIENE,MODELADOR
2019-08-04,56511,362,F,3,0,B,36,ALIMENTOS,LATA DE MILHO
2019-08-04,56567,80,F,2,1,C,212,LIMPEZA,CERA
2019-08-04,56662,542,M,3,1,B,77,HIGIENE,FIXADOR
2019-08-04,56723,751,F,2,0,B,85,HIGIENE,PASTA DE DENTE
2019-08-04,56775,483,M,1,0,C,61,ALIMENTOS,SARDINHA
2019-08-04,56822,899,F,4,0,C,201,LIMPEZA,DESINFETANTE
2019-08-04,56839,305,F,4,0,B,171,ALIMENTOS,MACARRAO
2019-08-04,56861,631,M,1,4,C,207,ALIMENTOS,COPA SUINA
2019-08-04,56948,777,F,1,0,B,228,LIMPEZA,AMACIANTE
2019-08-04,57022,796,M,2,3,B,63,ALIMENTOS,TOMATE
2019-08-04,57077,438,F,1,0,B,46,ALIMENTOS,MOLHO BARBECUE
2019-08-04,57123,967,F,1,0,B,13,ALIMENTOS,BANANA
2019-12-04,57173,540,F,2,0,C,95,LIMPEZA,AMACIANTE
2019-12-04,57203,642,M,2,3,B,8,ALIMENTOS,ARROZ
2019-12-04,57241,790,F,3,0,B,79,HIGIENE,GEL
2019-12-04,57279,971,F,1,2,A,175,LIMPEZA,LIMPADOR MULTIUSO
2019-12-04,57367,579,F,3,0,B,160,ALIMENTOS,PALMITO
2019-12-04,57454,368,M,4,0,C,2,ACESSORIOS,MORDEDOR
2019-12-04,57511,527,F,4,1,B,201,LIMPEZA,DESINFETANTE
2019-12-04,57566,911,F,2,0,B,105,LIMPEZA,LUSTRA MOVEIS
2019-12-04,57644,725,M,4,0,C,95,LIMPEZA,AMACIANTE
2019-12-04,57698,817,M,3,0,B,73,HIGIENE,CREME
2019-12-04,57793,390,F,2,0,B,33,ALIMENTOS,IOGURTE
2019-12-04,57810,906,M,2,0,A,202,LIMPEZA,DESENGORDURANTE
2019-12-04,57839,899,F,4,0,C,210,ACESSORIOS,CHUPETA
2019-12-04,57887,16,M,1,4,C,43,ALIMENTOS,MAMAO PAPAYA
2019-12-04,57914,225,M,4,0,C,185,LIMPEZA,INSETICIDA
2019-12-04,57955,299,F,3,1,C,115,PET,ALIMENTO PARA PASSARO
2019-12-04,57981,821,F,2,3,B,7,ALIMENTOS,ALMONDEGA
2019-12-04,57990,434,M,1,4,B,55,ALIMENTOS,QUEIJO DE CABRA
2019-12-04,58059,816,M,4,0,C,216,ALIMENTOS,BROCOLIS
2019-12-04,58069,237,F,4,3,C,132,HIGIENE,SABONETE
2019-12-04,58162,105,F,4,0,C,162,LIMPEZA,ODORIZADOR
2019-12-04,58226,744,M,4,0,A,98,LIMPEZA,DESENGORDURANTE
2019-12-04,58258,936,F,3,2,B,189,ALIMENTOS,GRANOLA
2019-12-04,58271,996,F,1,4,B,117,PET,RACAO SECA PARA GATOS
2019-12-04,58356,840,F,3,3,C,113,LIMPEZA,TIRA MANCHA
2019-12-04,58359,228,F,4,0,C,44,ALIMENTOS,MAMAO
2019-12-04,58411,594,F,3,1,C,6,ALIMENTOS,ALHO
2019-12-04,58456,193,F,4,0,B,170,ALIMENTOS,MACARRAO INSTANTANEO
2019-12-04,58471,496,F,2,0,B,143,BEBIDAS,REFRIGERANTE GUARANA
2019-12-04,58552,367,F,1,0,A,90,HIGIENE,SHAMPOO
2019-12-04,58638,722,F,4,0,B,99,LIMPEZA,DESINFETANTE
2019-12-04,58690,506,F,4,3,B,92,HIGIENE,TINTURAS
2019-12-04,58715,392,M,2,2,C,3,ALIMENTOS,ABACATE
2019-12-04,58736,432,F,1,0,C,33,ALIMENTOS,IOGURTE
2019-12-04,58764,824,F,1,0,B,158,HIGIENE,PAPEL HIGIENICO
2019-12-04,58815,318,M,1,2,B,18,ALIMENTOS,BROCOLIS
2019-12-04,58846,417,M,4,1,B,225,ALIMENTOS,ATUM
2019-12-04,58928,61,M,1,2,B,26,ALIMENTOS,COXA E SOBRECOXA DE FRANGO
2019-12-04,58943,430,F,4,1,B,92,HIGIENE,TINTURAS
2019-12-04,59034,342,M,3,0,B,105,LIMPEZA,LUSTRA MOVEIS
2019-12-04,59084,741,M,3,0,B,12,ALIMENTOS,AZEITONA
2019-12-04,59183,889,F,3,4,B,134,LIMPEZA,SABAO
2019-12-04,59217,177,F,3,2,C,200,LIMPEZA,DETERGENTE
2019-12-04,59229,954,F,4,2,B,110,LIMPEZA,SABAO
2019-12-04,59250,561,M,2,0,B,184,ALIMENTOS,IOGURTE
2019-12-04,59335,419,F,2,1,B,6,ALIMENTOS,ALHO
2019-12-04,59363,372,M,1,4,B,19,ALIMENTOS,CAFE
2019-12-04,59426,404,M,4,0,B,84,HIGIENE,PAPEL HIGIENICO
2019-12-04,59482,124,F,4,2,B,99,LIMPEZA,DESINFETANTE
2019-12-04,59504,869,F,3,0,B,34,ALIMENTOS,KETCHUP
2019-12-04,59520,366,M,3,4,B,169,ALIMENTOS,MAMAO
2019-12-04,59550,200,F,3,0,B,121,ALIMENTOS,UVA
2019-12-04,59551,858,F,4,2,C,210,ACESSORIOS,CHUPETA
2019-12-04,59591,353,M,1,2,B,31,ALIMENTOS,GRANOLA
2019-12-04,59592,586,F,4,2,B,46,ALIMENTOS,MOLHO BARBECUE
2019-12-04,59691,979,F,3,0,A,158,HIGIENE,PAPEL HIGIENICO
2019-12-04,59772,87,M,3,2,A,9,ALIMENTOS,ARROZ INTEGRAL
2019-12-04,59855,629,M,3,0,C,42,ALIMENTOS,MACARRAO INSTANTANEO
2019-12-04,59874,510,F,4,0,B,113,LIMPEZA,TIRA MANCHA
2019-12-04,59908,844,F,5,1,A,152,ALIMENTOS,PRESUNTO COZIDO
2019-12-04,59923,667,F,4,0,C,127,ALIMENTOS,SNACKS
2019-12-04,59961,297,M,4,0,B,27,ALIMENTOS,DANETTE
2019-12-04,59962,641,F,4,0,C,26,ALIMENTOS,COXA E SOBRECOXA DE FRANGO
2019-12-04,60054,878,F,4,3,C,209,ALIMENTOS,COGUMELOS
2019-12-04,60076,667,F,4,0,C,109,LIMPEZA,RODO
2019-12-04,60107,240,M,4,0,B,3,ALIMENTOS,ABACATE
2019-12-04,60109,41,M,3,0,C,98,LIMPEZA,DESENGORDURANTE
2019-12-04,60199,203,F,3,0,A,74,HIGIENE,ENXAGUANTE BUCAL
2019-12-04,60200,792,F,2,0,B,25,ALIMENTOS,CORACAO DE FRANGO
2019-12-04,60239,671,M,2,0,C,119,PET,RACAO UMIDA PARA GATOS
2019-12-04,60292,44,F,4,0,C,121,ALIMENTOS,UVA
2019-12-04,60373,605,M,4,2,B,213,ALIMENTOS,CENOURA
2019-12-04,60403,893,F,1,0,B,166,HIGIENE,MODELADOR
2019-12-04,60430,393,F,4,0,B,131,ALIMENTOS,SALGADINHO
2019-12-04,60477,832,F,1,0,B,173,ALIMENTOS,LINGUICA
2019-12-04,60505,168,F,4,3,B,156,HIGIENE,PASTA DE DENTE
2019-12-04,60526,793,M,1,3,B,157,ALIMENTOS,PAPINHA INFANTIL
2019-12-04,60619,390,F,2,0,B,145,PET,RACAO UMIDA PARA GATOS
2019-12-04,60698,24,F,4,0,C,198,BEBIDAS,ENERGETICO
2019-12-04,60708,829,F,3,4,B,1,ACESSORIOS,CHUPETA
2019-12-04,60717,189,F,3,4,C,41,ALIMENTOS,MACARRAO
2019-12-04,60772,384,F,3,2,C,71,HIGIENE,ABSORVENTE
2019-12-04,60815,783,F,1,0,B,219,ALIMENTOS,BATATA DOCE
2019-12-04,60895,678,F,3,0,C,14,ALIMENTOS,BATATA
2019-12-04,60991,716,F,4,0,C,69,BEBIDAS,REFRIGERANTE LIMaO
2019-12-04,61088,311,F,4,0,C,126,HIGIENE,TALCO
2019-12-04,61173,261,F,4,0,B,160,ALIMENTOS,PALMITO
2019-12-04,61185,329,F,3,0,B,130,ALIMENTOS,SALGADINHOS DE MILHO
2019-12-04,61194,654,M,1,1,B,185,LIMPEZA,INSETICIDA
2019-12-04,61246,864,F,1,3,B,98,LIMPEZA,DESENGORDURANTE
2019-04-15,61259,563,M,3,0,B,149,ALIMENTOS,QUEIJO MUSSARELA
2019-04-15,61353,704,F,2,0,C,162,LIMPEZA,ODORIZADOR
2019-04-15,61433,4,M,4,0,B,187,HIGIENE,HASTES FLEXIVEIS
2019-04-15,61440,873,F,3,0,B,171,ALIMENTOS,MACARRAO
2019-04-15,61455,278,F,3,2,C,103,LIMPEZA,LIMPADOR MULTIUSO
2019-04-15,61506,156,F,2,0,B,104,LIMPEZA,LIMPADOR PERFUMADO
2019-04-15,61528,943,F,1,0,C,146,PET,RACAO UMIDA PARA CAES
2019-04-15,61560,737,F,2,1,C,212,LIMPEZA,CERA
2019-04-15,61642,900,F,3,0,B,120,LIMPEZA,VASSOURA
2019-04-15,61720,890,M,3,0,C,106,LIMPEZA,ODORIZADOR
2019-04-15,61754,485,M,3,3,B,154,HIGIENE,PRESERVATIVO
2019-04-15,61827,513,F,4,3,B,57,ALIMENTOS,REQUEIJAO
2019-04-15,61878,700,F,4,2,C,92,HIGIENE,TINTURAS
2019-04-15,61921,80,F,2,1,C,118,PET,RACAO UMIDA PARA CAES
2019-04-15,61980,942,M,1,0,B,101,LIMPEZA,INSETICIDA
2019-04-15,62058,723,M,4,0,B,7,ALIMENTOS,ALMONDEGA
2019-04-15,62115,936,F,3,2,B,196,HIGIENE,ESCOVA DE DENTE
2019-04-15,62130,188,M,2,2,B,222,LIMPEZA,BALDE
2019-04-15,62186,865,F,1,0,B,194,ALIMENTOS,FILE DE PEIXE
2019-04-15,62259,43,M,2,0,B,41,ALIMENTOS,MACARRAO
2019-04-15,62292,722,F,4,0,B,126,HIGIENE,TALCO
2019-04-15,62295,921,M,2,3,B,88,HIGIENE,REPELENTE
2019-04-15,62364,664,M,3,1,B,38,ALIMENTOS,LEITE CONDENSADO
2019-04-15,62429,391,F,2,0,A,68,BEBIDAS,REFRIGERANTE LARANJA
2019-04-15,62500,742,M,1,1,C,179,ALIMENTOS,LEITE CONDENSADO
2019-04-15,62581,226,F,4,0,B,172,LIMPEZA,LUSTRA MOVEIS
2019-04-15,62655,158,M,3,0,B,181,ALIMENTOS,LATA DE MILHO
2019-04-15,62659,630,M,1,2,C,25,ALIMENTOS,CORACAO DE FRANGO
2019-04-15,62733,700,F,4,2,C,129,ALIMENTOS,SARDINHA
2019-04-15,62792,742,M,1,1,C,20,ALIMENTOS,CEBOLA
2019-04-15,62824,127,F,4,2,C,224,ALIMENTOS,AZEITE
2019-04-15,62840,239,M,4,2,C,98,LIMPEZA,DESENGORDURANTE
2019-04-15,62929,678,F,3,0,C,109,LIMPEZA,RODO
2019-04-15,62993,202,M,1,0,B,206,ALIMENTOS,CORACAO DE FRANGO
2019-04-15,63087,813,F,4,0,C,219,ALIMENTOS,BATATA DOCE
2019-04-15,63129,937,M,3,4,C,127,ALIMENTOS,SNACKS
2019-04-15,63162,556,F,4,0,B,196,HIGIENE,ESCOVA DE DENTE
2019-04-15,63179,571,F,2,0,B,214,ALIMENTOS,CEBOLA
2019-04-15,63198,186,M,2,4,C,70,BEBIDAS,REFRIGERANTE OUTROS
2019-04-15,63222,615,M,1,4,C,74,HIGIENE,ENXAGUANTE BUCAL
2019-04-15,63310,283,M,4,1,B,174,LIMPEZA,LIMPADOR PERFUMADO
2019-04-15,63386,396,F,1,0,B,69,BEBIDAS,REFRIGERANTE LIMaO
2019-04-15,63412,948,M,4,0,C,60,ALIMENTOS,SALGADINHOS DE MILHO
2019-04-15,63504,652,F,4,0,B,123,LIMPEZA,TIRA MANCHA
2019-04-15,63581,433,M,3,3,B,84,HIGIENE,PAPEL HIGIENICO
2019-04-15,63653,590,M,4,3,B,94,LIMPEZA,ALCOOL
2019-04-15,63702,645,F,4,0,B,154,HIGIENE,PRESERVATIVO
2019-04-15,63800,29,M,2,0,B,57,ALIMENTOS,REQUEIJAO
2019-04-15,63848,119,F,3,2,B,47,ALIMENTOS,MORTADELA
2019-04-15,63864,504,M,3,0,B,177,ALIMENTOS,LIMAO
2019-04-15,63941,967,F,1,0,B,136,ALIMENTOS,RICOTA
2019-04-15,63977,888,F,4,2,B,217,ALIMENTOS,BISCOITO
2019-04-15,64054,827,M,4,0,B,68,BEBIDAS,REFRIGERANTE LARANJA
2019-04-15,64077,646,F,1,0,B,77,HIGIENE,FIXADOR
2019-04-15,64116,220,M,1,0,B,44,ALIMENTOS,MAMAO
2019-04-15,64130,36,F,3,0,C,116,PET,RACAO SECA PARA CAES
2019-04-15,64211,925,M,2,0,C,196,HIGIENE,ESCOVA DE DENTE
2019-04-15,64255,432,F,1,0,C,119,PET,RACAO UMIDA PARA GATOS
2019-04-15,64341,272,M,4,3,C,94,LIMPEZA,ALCOOL
2019-04-15,64397,794,M,1,2,B,120,LIMPEZA,VASSOURA
2019-04-15,64431,937,M,3,4,C,97,LIMPEZA,CERA
2019-04-15,64434,789,F,5,1,B,164,ACESSORIOS,MORDEDOR
2019-04-15,64457,338,M,2,0,B,59,ALIMENTOS,SALGADINHO
2019-04-15,64522,110,M,3,0,C,181,ALIMENTOS,LATA DE MILHO
2019-04-15,64523,546,F,4,0,B,191,HIGIENE,FRALDA
2019-04-15,64554,863,F,1,4,B,167,ALIMENTOS,MANGA
2019-04-15,64617,289,F,3,4,C,23,ALIMENTOS,COGUMELOS
2019-04-15,64647,975,F,3,0,B,78,HIGIENE,FRALDA
2019-04-15,64736,463,M,3,3,B,81,HIGIENE,HIDRATANTE
2019-04-15,64744,457,M,3,0,C,26,ALIMENTOS,COXA E SOBRECOXA DE FRANGO
2019-04-15,64782,542,M,3,1,B,136,ALIMENTOS,RICOTA
2019-04-15,64875,792,F,2,0,B,116,PET,RACAO SECA PARA CAES
2019-04-15,64942,382,F,3,0,C,9,ALIMENTOS,ARROZ INTEGRAL
2019-04-15,65033,750,M,2,2,C,198,BEBIDAS,ENERGETICO
2019-04-15,65122,894,F,4,3,C,141,BEBIDAS,REFRIGERANTE LIMaO
2019-04-15,65201,628,M,3,0,B,216,ALIMENTOS,BROCOLIS
2019-04-15,65267,559,F,3,1,A,30,ALIMENTOS,FILE DE PEIXE
2019-04-15,65347,553,F,4,0,B,129,ALIMENTOS,SARDINHA
2019-04-15,65400,63,F,3,0,B,152,ALIMENTOS,PRESUNTO COZIDO
2019-04-15,65453,252,M,2,2,B,174,LIMPEZA,LIMPADOR PERFUMADO
2019-04-15,65491,207,F,3,0,B,2,ACESSORIOS,MORDEDOR
2019-04-15,65538,789,F,5,1,B,78,HIGIENE,FRALDA
2019-04-15,65549,249,F,4,0,B,17,ALIMENTOS,BISCOITO
2019-04-15,65556,622,F,3,0,B,89,HIGIENE,SABONETE
2019-04-15,65602,210,M,2,2,C,53,ALIMENTOS,PRESUNTO COZIDO
2019-04-15,65604,551,M,1,0,C,137,ALIMENTOS,REQUEIJAO
2019-04-15,65623,943,F,1,0,C,129,ALIMENTOS,SARDINHA
2019-04-15,65682,783,F,1,0,B,134,LIMPEZA,SABAO
2019-04-15,65723,307,M,1,0,B,72,HIGIENE,CONDICIONADOR
2019-04-15,65775,508,F,3,0,B,229,ALIMENTOS,ALMONDEGA
2019-04-15,65835,756,F,1,4,B,170,ALIMENTOS,MACARRAO INSTANTANEO
2019-04-15,65907,213,M,2,4,B,214,ALIMENTOS,CEBOLA
2019-04-15,65995,137,F,4,1,B,198,BEBIDAS,ENERGETICO
2019-04-15,66068,420,M,3,0,B,113,LIMPEZA,TIRA MANCHA
2019-04-15,66135,563,M,3,0,B,123,LIMPEZA,TIRA MANCHA
2019-04-16,66216,84,F,3,0,C,198,BEBIDAS,ENERGETICO
2019-04-16,66293,844,F,5,1,A,224,ALIMENTOS,AZEITE
2019-04-16,66379,718,F,3,2,B,179,ALIMENTOS,LEITE CONDENSADO
2019-04-16,66402,794,M,1,2,B,71,HIGIENE,ABSORVENTE
2019-04-16,66445,610,M,2,0,B,25,ALIMENTOS,CORACAO DE FRANGO
2019-04-16,66489,806,F,2,3,B,33,ALIMENTOS,IOGURTE
2019-04-16,66522,916,F,3,4,C,110,LIMPEZA,SABAO
2019-04-16,66565,153,M,4,1,B,95,LIMPEZA,AMACIANTE
2019-04-16,66638,793,M,1,3,B,190,HIGIENE,GEL
2019-04-16,66720,271,F,4,0,B,220,ALIMENTOS,BATATA
2019-04-16,66727,669,F,4,0,B,25,ALIMENTOS,CORACAO DE FRANGO
2019-04-16,66792,262,M,1,2,B,226,ALIMENTOS,ARROZ INTEGRAL
2019-04-16,66797,606,M,1,0,B,188,ALIMENTOS,HAMBUGUER
2019-04-16,66844,408,F,4,0,B,214,ALIMENTOS,CEBOLA
2019-04-16,66889,514,M,4,0,C,216,ALIMENTOS,BROCOLIS
2019-04-20,66914,19,F,2,2,C,60,ALIMENTOS,SALGADINHOS DE MILHO
2019-04-20,66988,19,F,2,2,C,200,LIMPEZA,DETERGENTE
2019-04-20,67024,209,F,4,0,B,211,ALIMENTOS,CHA
2019-04-20,67102,291,F,3,0,C,60,ALIMENTOS,SALGADINHOS DE MILHO
2019-04-20,67110,718,F,3,2,B,31,ALIMENTOS,GRANOLA
2019-04-20,67138,280,M,4,3,B,61,ALIMENTOS,SARDINHA
2019-04-20,67140,61,M,1,2,B,168,ALIMENTOS,MAMAO PAPAYA
2019-04-20,67199,395,F,4,1,B,55,ALIMENTOS,QUEIJO DE CABRA
2019-04-20,67286,7,M,1,3,B,70,BEBIDAS,REFRIGERANTE OUTROS
2019-04-20,67354,817,M,3,0,B,149,ALIMENTOS,QUEIJO MUSSARELA
2019-04-20,67393,472,M,2,1,C,185,LIMPEZA,INSETICIDA
2019-04-20,67415,217,F,3,0,B,29,ALIMENTOS,FEIJAO
2019-04-20,67436,413,M,3,2,B,9,ALIMENTOS,ARROZ INTEGRAL
2019-04-20,67522,313,M,3,0,B,16,ALIMENTOS,BIFE DE COXAO MOLE
2019-04-20,67530,237,F,4,3,C,7,ALIMENTOS,ALMONDEGA
2019-04-20,67587,174,M,4,3,C,138,HIGIENE,REPELENTE
2019-04-20,67675,712,F,2,3,B,78,HIGIENE,FRALDA
2019-04-20,67710,460,F,1,3,B,87,HIGIENE,PROTETOR SOLAR
2019-04-20,67781,752,M,3,0,C,33,ALIMENTOS,IOGURTE
2019-04-20,67808,298,F,4,0,C,134,LIMPEZA,SABAO
2019-04-20,67836,961,F,1,0,C,192,HIGIENE,FIXADOR
2019-04-20,67896,153,M,4,1,B,155,ALIMENTOS,PATE
2019-04-20,67985,799,M,4,3,C,162,LIMPEZA,ODORIZADOR
2019-04-20,68077,455,F,2,0,C,77,HIGIENE,FIXADOR
2019-04-20,68101,990,F,1,4,B,200,LIMPEZA,DETERGENTE
2019-04-20,68172,382,F,3,0,C,203,ALIMENTOS,DANETTE
2019-04-20,68198,91,M,3,0,B,68,BEBIDAS,REFRIGERANTE LARANJA
2019-04-20,68272,676,M,2,3,B,81,HIGIENE,HIDRATANTE
2019-04-20,68317,972,M,4,0,C,168,ALIMENTOS,MAMAO PAPAYA
2019-04-20,68325,576,M,3,0,B,50,ALIMENTOS,PAO DE FORMA
2019-04-20,68400,781,M,4,0,B,226,ALIMENTOS,ARROZ INTEGRAL
2019-04-20,68437,508,F,3,0,B,137,ALIMENTOS,REQUEIJAO
2019-04-20,68506,870,F,1,0,B,119,PET,RACAO UMIDA PARA GATOS
2019-04-20,68587,1000,F,4,1,B,69,BEBIDAS,REFRIGERANTE LIMaO
2019-04-20,68604,841,M,1,0,B,50,ALIMENTOS,PAO DE FORMA
2019-04-20,68672,928,F,5,1,B,110,LIMPEZA,SABAO
2019-04-20,68700,950,M,3,0,C,6,ALIMENTOS,ALHO
2019-04-23,68795,686,F,3,2,A,194,ALIMENTOS,FILE DE PEIXE
2019-04-23,68891,145,M,3,0,B,189,ALIMENTOS,GRANOLA
2019-04-23,68908,655,M,2,0,B,103,LIMPEZA,LIMPADOR MULTIUSO
2019-04-23,68953,44,F,4,0,C,79,HIGIENE,GEL
2019-04-23,68955,120,F,4,3,A,150,ALIMENTOS,QUEIJO DE CABRA
2019-04-23,69024,775,F,2,3,B,184,ALIMENTOS,IOGURTE
2019-04-23,69062,843,F,5,1,C,116,PET,RACAO SECA PARA CAES
2019-04-23,69136,431,F,4,3,B,161,ALIMENTOS,OVOS
2019-04-23,69197,426,F,3,0,C,175,LIMPEZA,LIMPADOR MULTIUSO
2019-04-23,69274,131,F,2,0,C,115,PET,ALIMENTO PARA PASSARO
2019-04-23,69279,859,M,1,0,B,48,ALIMENTOS,OVOS
2019-04-23,69281,445,M,2,0,B,35,ALIMENTOS,LATA DE ERVILHA
2019-04-23,69323,629,M,3,0,C,80,HIGIENE,HASTES FLEXIVEIS
2019-04-23,69405,969,M,1,3,B,22,ALIMENTOS,CHA
2019-04-23,69500,377,F,1,0,B,213,ALIMENTOS,CENOURA
2019-04-23,69555,528,M,2,2,C,147,PET,RACAO SECA PARA GATOS
2019-04-23,69574,122,M,3,3,B,2,ACESSORIOS,MORDEDOR
2019-04-23,69654,969,M,1,3,B,169,ALIMENTOS,MAMAO
2019-04-23,69666,44,F,4,0,C,52,ALIMENTOS,PATE
2019-04-23,69678,674,M,4,1,B,145,PET,RACAO UMIDA PARA GATOS
2019-04-23,69758,349,M,3,0,B,32,ALIMENTOS,HAMBUGUER
2019-04-23,69849,40,M,2,1,B,219,ALIMENTOS,BATATA DOCE
2019-04-23,69882,529,M,1,2,B,107,#N/D,#N/D
2019-04-23,69943,276,F,3,0,B,183,ALIMENTOS,KETCHUP
2019-04-23,70032,296,F,1,3,B,97,LIMPEZA,CERA
2019-04-23,70100,381,F,1,1,B,184,ALIMENTOS,IOGURTE
2019-04-23,70101,156,F,2,0,B,179,ALIMENTOS,LEITE CONDENSADO
2019-04-23,70111,901,F,4,1,B,17,ALIMENTOS,BISCOITO
2019-04-23,70154,167,M,1,1,A,132,HIGIENE,SABONETE
2019-04-23,70179,55,F,3,0,B,9,ALIMENTOS,ARROZ INTEGRAL
2019-04-23,70194,730,F,2,0,B,202,LIMPEZA,DESENGORDURANTE
2019-04-23,70278,713,F,1,3,C,148,PET,RACAO SECA PARA CAES
2019-04-23,70360,174,M,4,3,C,121,ALIMENTOS,UVA
2019-04-23,70394,228,F,4,0,C,135,LIMPEZA,RODO
2019-04-23,70469,976,M,4,2,B,127,ALIMENTOS,SNACKS
2019-04-23,70519,529,M,1,2,B,185,LIMPEZA,INSETICIDA
2019-04-23,70602,646,F,1,0,B,132,HIGIENE,SABONETE
2019-04-23,70605,570,F,4,1,C,73,HIGIENE,CREME
2019-04-23,70627,480,F,2,0,C,19,ALIMENTOS,CAFE
2019-04-23,70634,498,M,3,2,B,49,ALIMENTOS,PALMITO
2019-04-23,70689,865,F,1,0,B,213,ALIMENTOS,CENOURA
2019-04-23,70759,590,M,4,3,B,203,ALIMENTOS,DANETTE
2019-04-23,70821,799,M,4,3,C,140,BEBIDAS,REFRIGERANTE OUTROS
2019-04-23,70907,889,F,3,4,B,47,ALIMENTOS,MORTADELA
2019-04-23,71002,439,F,3,0,B,30,ALIMENTOS,FILE DE PEIXE
2019-04-23,71069,650,F,2,0,C,65,BEBIDAS,ENERGETICO
2019-04-23,71156,472,M,2,1,C,72,HIGIENE,CONDICIONADOR
2019-04-23,71240,532,F,2,3,B,202,LIMPEZA,DESENGORDURANTE
2019-04-23,71326,200,F,3,0,B,3,ALIMENTOS,ABACATE
2019-04-23,71424,121,F,1,2,B,152,ALIMENTOS,PRESUNTO COZIDO
2019-04-23,71447,324,F,3,3,B,76,HIGIENE,FIO DENTAL
2019-04-23,71466,628,M,3,0,B,109,LIMPEZA,RODO
2019-04-23,71559,126,M,1,0,C,96,LIMPEZA,BALDE
2019-04-23,71647,407,F,3,3,A,30,ALIMENTOS,FILE DE PEIXE
2019-04-23,71656,744,M,4,0,A,94,LIMPEZA,ALCOOL
2019-04-23,71671,331,F,4,0,B,172,LIMPEZA,LUSTRA MOVEIS
2019-04-23,71736,217,F,3,0,B,226,ALIMENTOS,ARROZ INTEGRAL
2019-04-23,71739,487,F,3,0,C,183,ALIMENTOS,KETCHUP
2019-04-23,71816,721,M,3,2,C,14,ALIMENTOS,BATATA
2019-04-23,71878,140,F,1,0,C,53,ALIMENTOS,PRESUNTO COZIDO
2019-04-23,71968,379,F,4,0,C,132,HIGIENE,SABONETE
2019-04-23,72040,784,F,1,3,B,34,ALIMENTOS,KETCHUP
2019-04-23,72047,478,M,1,4,A,132,HIGIENE,SABONETE
2019-04-23,72080,737,F,2,1,C,161,ALIMENTOS,OVOS
2019-04-23,72120,697,M,3,0,C,171,ALIMENTOS,MACARRAO
2019-04-23,72147,582,F,2,0,B,12,ALIMENTOS,AZEITONA
2019-04-23,72190,432,F,1,0,C,224,ALIMENTOS,AZEITE
2019-04-23,72197,765,F,5,1,B,35,ALIMENTOS,LATA DE ERVILHA
2019-04-23,72208,132,M,2,0,A,206,ALIMENTOS,CORACAO DE FRANGO
2019-04-23,72239,686,F,3,2,A,41,ALIMENTOS,MACARRAO
2019-04-23,72244,793,M,1,3,B,16,ALIMENTOS,BIFE DE COXAO MOLE
2019-04-23,72319,46,F,4,1,B,192,HIGIENE,FIXADOR
2019-04-23,72391,360,M,4,0,B,61,ALIMENTOS,SARDINHA
2019-04-23,72440,338,M,2,0,B,194,ALIMENTOS,FILE DE PEIXE
2019-04-28,72460,268,M,4,0,B,197,HIGIENE,ENXAGUANTE BUCAL
2019-04-28,72468,231,F,4,2,B,156,HIGIENE,PASTA DE DENTE
2019-04-28,72482,547,F,3,4,C,153,ALIMENTOS,PRESUNTO COZIDO
2019-04-28,72561,564,M,3,2,B,70,BEBIDAS,REFRIGERANTE OUTROS
2019-04-28,72612,457,M,3,0,C,160,ALIMENTOS,PALMITO
2019-04-28,72700,864,F,1,3,B,43,ALIMENTOS,MAMAO PAPAYA
2019-04-28,72770,229,M,2,2,C,199,ALIMENTOS,DOCE
2019-04-28,72835,726,M,2,0,B,73,HIGIENE,CREME
2019-04-28,72913,650,F,2,0,C,11,ALIMENTOS,AZEITE
2019-04-28,72919,24,F,4,0,C,77,HIGIENE,FIXADOR
2019-04-28,72972,592,F,2,0,C,98,LIMPEZA,DESENGORDURANTE
2019-04-28,72984,475,F,4,3,B,136,ALIMENTOS,RICOTA
2019-04-28,73079,589,F,3,2,C,188,ALIMENTOS,HAMBUGUER
2019-04-28,73120,404,M,4,0,B,121,ALIMENTOS,UVA
2019-04-28,73204,397,F,1,0,B,145,PET,RACAO UMIDA PARA GATOS
2019-04-28,73215,915,F,3,0,B,222,LIMPEZA,BALDE
2019-04-28,73297,104,F,3,2,B,152,ALIMENTOS,PRESUNTO COZIDO
2019-04-28,73373,536,M,4,0,B,188,ALIMENTOS,HAMBUGUER
2019-04-28,73465,394,M,1,0,B,132,HIGIENE,SABONETE
2019-04-28,73502,894,F,4,3,C,24,ALIMENTOS,COPA SUINA
2019-04-28,73511,964,M,2,0,B,5,ALIMENTOS,ACHOCOLATADO
2019-04-28,73598,46,F,4,1,B,41,ALIMENTOS,MACARRAO
2019-04-28,73678,983,F,4,0,C,63,ALIMENTOS,TOMATE
2019-04-28,73734,626,M,3,1,C,62,ALIMENTOS,SNACKS
2019-04-28,73832,903,M,1,0,B,25,ALIMENTOS,CORACAO DE FRANGO
2019-04-28,73868,565,F,1,2,B,119,PET,RACAO UMIDA PARA GATOS
2019-04-28,73950,497,M,3,0,B,10,ALIMENTOS,ATUM
2019-04-28,74033,710,F,3,1,C,153,ALIMENTOS,PRESUNTO COZIDO
2019-04-28,74078,896,M,3,0,B,2,ACESSORIOS,MORDEDOR
2019-04-28,74084,52,F,1,0,A,91,HIGIENE,TALCO
2019-04-28,74145,51,F,3,0,B,194,ALIMENTOS,FILE DE PEIXE
2019-04-28,74231,217,F,3,0,B,21,ALIMENTOS,CENOURA
2019-04-28,74326,73,M,1,0,A,152,ALIMENTOS,PRESUNTO COZIDO
2019-04-28,74399,402,M,2,0,C,176,LIMPEZA,LIMPA VIDROS
2019-04-28,74453,39,M,2,0,C,228,LIMPEZA,AMACIANTE
2019-04-28,74513,934,F,2,2,B,11,ALIMENTOS,AZEITE
2019-04-28,74559,715,F,3,4,B,91,HIGIENE,TALCO
2019-04-28,74649,637,F,1,0,B,104,LIMPEZA,LIMPADOR PERFUMADO
2019-04-28,74723,877,M,2,0,C,67,BEBIDAS,REFRIGERANTE GUARANA
2019-04-28,74742,394,M,1,0,B,46,ALIMENTOS,MOLHO BARBECUE
2019-04-28,74752,545,M,2,2,B,112,LIMPEZA,TIRA LIMO
2019-04-28,74780,52,F,1,0,A,168,ALIMENTOS,MAMAO PAPAYA
2019-04-28,74841,352,M,4,2,B,18,ALIMENTOS,BROCOLIS
2019-04-28,74935,856,F,5,1,B,193,HIGIENE,FIO DENTAL
2019-04-28,75020,974,M,4,1,B,186,HIGIENE,HIDRATANTE
2019-04-28,75074,378,F,2,0,C,145,PET,RACAO UMIDA PARA GATOS
2019-04-28,75101,754,F,3,4,B,175,LIMPEZA,LIMPADOR MULTIUSO
2019-04-28,75133,121,F,1,2,B,59,ALIMENTOS,SALGADINHO
2019-04-28,75169,227,F,3,0,C,228,LIMPEZA,AMACIANTE
2019-04-28,75215,127,F,4,2,C,150,ALIMENTOS,QUEIJO DE CABRA
2019-04-28,75246,186,M,2,4,C,173,ALIMENTOS,LINGUICA
2019-04-28,75307,128,F,2,0,B,80,HIGIENE,HASTES FLEXIVEIS
2019-04-28,75310,626,M,3,1,C,24,ALIMENTOS,COPA SUINA
2019-04-28,75369,448,F,2,0,A,203,ALIMENTOS,DANETTE
2019-04-28,75384,201,M,3,0,B,20,ALIMENTOS,CEBOLA
2019-04-28,75483,917,M,1,0,A,159,ALIMENTOS,PAO DE FORMA
2019-04-28,75581,900,F,3,0,B,76,HIGIENE,FIO DENTAL
2019-04-28,75605,447,M,2,0,B,157,ALIMENTOS,PAPINHA INFANTIL
2019-04-28,75675,948,M,4,0,C,212,LIMPEZA,CERA
2019-04-28,75679,353,M,1,2,B,122,ALIMENTOS,TOMATE
2019-04-28,75754,82,F,1,1,C,32,ALIMENTOS,HAMBUGUER
2019-04-28,75833,625,F,4,0,C,208,HIGIENE,CONDICIONADOR
2019-04-28,75835,581,F,4,2,C,95,LIMPEZA,AMACIANTE
2019-04-28,75860,43,M,2,0,B,128,HIGIENE,SHAMPOO
2019-02-05,75865,54,M,1,0,A,12,ALIMENTOS,AZEITONA
2019-02-05,75942,417,M,4,1,B,184,ALIMENTOS,IOGURTE
2019-02-05,76006,586,F,4,2,B,168,ALIMENTOS,MAMAO PAPAYA
2019-02-05,76078,974,M,4,1,B,61,ALIMENTOS,SARDINHA
2019-02-05,76097,620,M,2,0,B,196,HIGIENE,ESCOVA DE DENTE
2019-02-05,76120,333,F,2,0,C,214,ALIMENTOS,CEBOLA
2019-02-05,76171,105,F,4,0,C,59,ALIMENTOS,SALGADINHO
2019-02-05,76174,123,F,3,2,B,152,ALIMENTOS,PRESUNTO COZIDO
2019-02-05,76241,891,F,3,2,B,202,LIMPEZA,DESENGORDURANTE
2019-02-05,76293,471,F,4,0,A,113,LIMPEZA,TIRA MANCHA
2019-02-05,76343,690,F,1,3,B,22,ALIMENTOS,CHA
2019-02-05,76373,661,M,3,0,B,139,LIMPEZA,REMOVEDOR
2019-02-05,76392,768,F,4,0,B,106,LIMPEZA,ODORIZADOR
2019-02-05,76468,795,F,4,2,B,194,ALIMENTOS,FILE DE PEIXE
2019-02-05,76494,61,M,1,2,B,187,HIGIENE,HASTES FLEXIVEIS
2019-02-05,76588,205,M,2,4,B,220,ALIMENTOS,BATATA
2019-02-05,76655,421,M,3,3,C,178,HIGIENE,LENCO UMEDECIDO
2019-02-05,76690,537,F,1,4,B,24,ALIMENTOS,COPA SUINA
2019-02-05,76711,471,F,4,0,A,141,BEBIDAS,REFRIGERANTE LIMaO
2019-02-05,76801,485,M,3,3,B,96,LIMPEZA,BALDE
2019-02-05,76871,451,M,3,0,C,32,ALIMENTOS,HAMBUGUER
2019-02-05,76905,332,F,3,4,C,203,ALIMENTOS,DANETTE
2019-02-05,76927,358,F,3,0,C,56,ALIMENTOS,QUEIJO MUSSARELA
2019-02-05,77020,879,M,2,2,C,47,ALIMENTOS,MORTADELA
2019-02-05,77075,332,F,3,4,C,147,PET,RACAO SECA PARA GATOS
2019-02-05,77159,655,M,2,0,B,27,ALIMENTOS,DANETTE
2019-02-05,77219,276,F,3,0,B,132,HIGIENE,SABONETE
2019-02-05,77309,313,M,3,0,B,173,ALIMENTOS,LINGUICA
2019-02-05,77384,689,M,2,0,C,193,HIGIENE,FIO DENTAL
2019-02-05,77417,648,M,1,0,B,216,ALIMENTOS,BROCOLIS
2019-02-05,77515,864,F,1,3,B,226,ALIMENTOS,ARROZ INTEGRAL
2019-02-05,77594,273,M,4,0,C,140,BEBIDAS,REFRIGERANTE OUTROS
2019-02-05,77673,561,M,2,0,B,182,ALIMENTOS,LATA DE ERVILHA
2019-02-05,77748,66,M,3,3,B,181,ALIMENTOS,LATA DE MILHO
2019-02-05,77771,191,M,3,0,B,114,LIMPEZA,VASSOURA
2019-02-05,77776,748,M,4,0,B,16,ALIMENTOS,BIFE DE COXAO MOLE
2019-02-05,77806,828,F,2,4,B,46,ALIMENTOS,MOLHO BARBECUE
2019-02-05,77816,861,M,3,0,B,14,ALIMENTOS,BATATA
2019-02-05,77879,339,F,4,0,C,224,ALIMENTOS,AZEITE
2019-02-05,77958,69,M,4,3,A,28,ALIMENTOS,DOCE
2019-02-05,77989,936,F,3,2,B,12,ALIMENTOS,AZEITONA
2019-02-05,78061,536,M,4,0,B,104,LIMPEZA,LIMPADOR PERFUMADO
2019-02-05,78123,439,F,3,0,B,10,ALIMENTOS,ATUM
2019-02-05,78192,161,M,5,2,B,158,HIGIENE,PAPEL HIGIENICO
2019-02-05,78195,875,F,1,0,B,82,HIGIENE,LENCO UMEDECIDO
2019-02-05,78254,991,F,2,2,C,163,ALIMENTOS,MORTADELA
2019-02-05,78259,95,M,1,0,B,132,HIGIENE,SABONETE
2019-02-05,78303,129,M,2,0,A,206,ALIMENTOS,CORACAO DE FRANGO
2019-02-05,78327,387,M,2,2,B,36,ALIMENTOS,LATA DE MILHO
2019-02-05,78426,268,M,4,0,B,71,HIGIENE,ABSORVENTE
2019-02-05,78445,699,F,1,0,C,70,BEBIDAS,REFRIGERANTE OUTROS
2019-02-05,78482,658,F,1,1,B,218,ALIMENTOS,BIFE DE COXAO MOLE
2019-02-05,78501,664,M,3,1,B,155,ALIMENTOS,PATE
2019-02-05,78552,906,M,2,0,A,121,ALIMENTOS,UVA
2019-05-05,78633,584,M,3,0,B,51,ALIMENTOS,PAPINHA INFANTIL
2019-05-05,78653,601,M,4,0,A,96,LIMPEZA,BALDE
2019-05-05,78713,931,M,2,0,A,195,ALIMENTOS,FEIJAO
2019-05-05,78781,950,M,3,0,C,31,ALIMENTOS,GRANOLA
2019-05-05,78824,676,M,2,3,B,65,BEBIDAS,ENERGETICO
2019-05-05,78891,35,M,3,0,B,159,ALIMENTOS,PAO DE FORMA
2019-05-05,78892,984,F,4,3,B,25,ALIMENTOS,CORACAO DE FRANGO
2019-05-05,78981,419,F,2,1,B,54,ALIMENTOS,PRESUNTO COZIDO
2019-05-05,78997,512,M,4,0,B,184,ALIMENTOS,IOGURTE
2019-05-05,79007,4,M,4,0,B,93,LIMPEZA,AGUA SANITARIA
2019-05-05,79049,949,M,1,0,B,2,ACESSORIOS,MORDEDOR
2019-05-05,79084,594,F,3,1,C,9,ALIMENTOS,ARROZ INTEGRAL
2019-05-05,79159,850,M,1,0,C,164,ACESSORIOS,MORDEDOR
2019-05-05,79234,197,F,2,0,B,2,ACESSORIOS,MORDEDOR
2019-05-05,79305,456,M,1,4,B,82,HIGIENE,LENCO UMEDECIDO
2019-05-05,79377,164,M,2,3,A,22,ALIMENTOS,CHA
2019-05-05,79440,881,F,5,1,C,73,HIGIENE,CREME
2019-05-05,79501,33,F,2,0,B,218,ALIMENTOS,BIFE DE COXAO MOLE
2019-05-05,79524,138,F,3,2,B,140,BEBIDAS,REFRIGERANTE OUTROS
2019-05-05,79575,786,F,1,4,C,32,ALIMENTOS,HAMBUGUER
2019-05-05,79592,837,F,2,0,C,79,HIGIENE,GEL
2019-05-05,79642,680,F,3,0,C,160,ALIMENTOS,PALMITO
2019-05-05,79677,675,M,4,0,B,197,HIGIENE,ENXAGUANTE BUCAL
2019-05-05,79706,316,F,3,2,B,48,ALIMENTOS,OVOS
2019-05-05,79708,250,F,4,1,B,178,HIGIENE,LENCO UMEDECIDO
2019-05-05,79797,129,M,2,0,A,222,LIMPEZA,BALDE
2019-05-05,79800,717,F,3,0,B,155,ALIMENTOS,PATE
2019-05-05,79874,318,M,1,2,B,196,HIGIENE,ESCOVA DE DENTE
2019-05-05,79926,828,F,2,4,B,108,LIMPEZA,REMOVEDOR
2019-05-05,79986,313,M,3,0,B,209,ALIMENTOS,COGUMELOS
2019-05-05,80055,429,M,4,0,C,25,ALIMENTOS,CORACAO DE FRANGO
2019-05-05,80097,111,M,2,4,C,154,HIGIENE,PRESERVATIVO
2019-05-05,80126,90,F,2,2,B,30,ALIMENTOS,FILE DE PEIXE
2019-05-05,80173,154,M,2,3,B,86,HIGIENE,PRESERVATIVO
2019-05-05,80219,665,M,1,4,B,7,ALIMENTOS,ALMONDEGA
2019-05-05,80268,138,F,3,2,B,123,LIMPEZA,TIRA MANCHA
2019-05-05,80350,703,M,1,3,B,102,LIMPEZA,LIMPA VIDROS
2019-05-05,80394,48,M,4,1,B,11,ALIMENTOS,AZEITE
2019-05-05,80478,334,M,3,0,C,51,ALIMENTOS,PAPINHA INFANTIL
2019-05-05,80567,187,M,2,1,B,120,LIMPEZA,VASSOURA
2019-05-05,80597,942,M,1,0,B,89,HIGIENE,SABONETE
2019-05-05,80682,837,F,2,0,C,220,ALIMENTOS,BATATA
2019-05-05,80768,142,F,1,0,B,63,ALIMENTOS,TOMATE
2019-05-05,80858,10,M,1,0,B,214,ALIMENTOS,CEBOLA
2019-05-05,80925,701,M,3,0,B,23,ALIMENTOS,COGUMELOS
2019-05-05,81020,245,F,4,3,B,49,ALIMENTOS,PALMITO
2019-12-05,81054,831,F,4,2,B,156,HIGIENE,PASTA DE DENTE
2019-12-05,81121,297,M,4,0,B,194,ALIMENTOS,FILE DE PEIXE
2019-12-05,81189,381,F,1,1,B,189,ALIMENTOS,GRANOLA
2019-12-05,81228,514,M,4,0,C,21,ALIMENTOS,CENOURA
2019-12-05,81297,258,F,1,0,B,194,ALIMENTOS,FILE DE PEIXE
2019-12-05,81352,760,F,2,0,A,190,HIGIENE,GEL
2019-12-05,81438,165,F,4,0,C,51,ALIMENTOS,PAPINHA INFANTIL
2019-12-05,81509,793,M,1,3,B,117,PET,RACAO SECA PARA GATOS
2019-12-05,81582,694,M,4,0,C,226,ALIMENTOS,ARROZ INTEGRAL
2019-12-05,81646,836,F,2,0,B,71,HIGIENE,ABSORVENTE
2019-12-05,81681,626,M,3,1,C,173,ALIMENTOS,LINGUICA
2019-12-05,81763,605,M,4,2,B,37,ALIMENTOS,LEITE
2019-12-05,81783,800,M,1,0,C,27,ALIMENTOS,DANETTE
2019-12-05,81790,713,F,1,3,C,229,ALIMENTOS,ALMONDEGA
2019-12-05,81813,552,M,4,0,B,57,ALIMENTOS,REQUEIJAO
2019-12-05,81855,960,F,4,2,B,79,HIGIENE,GEL
2019-05-15,81892,960,F,4,2,B,50,ALIMENTOS,PAO DE FORMA
2019-05-15,81905,391,F,2,0,A,163,ALIMENTOS,MORTADELA
2019-05-15,81941,387,M,2,2,B,31,ALIMENTOS,GRANOLA
2019-05-15,82012,3,F,4,0,B,110,LIMPEZA,SABAO
2019-05-15,82066,59,M,2,0,A,8,ALIMENTOS,ARROZ
2019-05-15,82119,548,F,4,0,C,80,HIGIENE,HASTES FLEXIVEIS
2019-05-15,82144,583,F,2,0,B,161,ALIMENTOS,OVOS
2019-05-15,82230,8,F,3,0,B,116,PET,RACAO SECA PARA CAES
2019-05-15,82314,678,F,3,0,C,66,BEBIDAS,REFRIGERANTE COLA
2019-05-15,82359,376,F,3,0,B,227,ALIMENTOS,ARROZ
2019-05-15,82405,425,F,3,0,B,56,ALIMENTOS,QUEIJO MUSSARELA
2019-05-15,82427,95,M,1,0,B,227,ALIMENTOS,ARROZ
2019-05-15,82463,774,F,2,0,B,178,HIGIENE,LENCO UMEDECIDO
2019-05-15,82546,134,F,3,0,B,135,LIMPEZA,RODO
2019-05-15,82628,837,F,2,0,C,13,ALIMENTOS,BANANA
2019-05-15,82720,177,F,3,2,C,205,ALIMENTOS,COXA E SOBRECOXA DE FRANGO
2019-05-15,82780,25,M,4,1,C,128,HIGIENE,SHAMPOO
2019-05-15,82878,834,M,3,3,B,208,HIGIENE,CONDICIONADOR
2019-05-15,82898,882,F,4,1,B,139,LIMPEZA,REMOVEDOR
2019-05-15,82950,308,M,4,0,B,40,ALIMENTOS,LINGUICA
2019-05-15,83009,553,F,4,0,B,3,ALIMENTOS,ABACATE
2019-05-15,83107,777,F,1,0,B,143,BEBIDAS,REFRIGERANTE GUARANA
2019-05-15,83120,213,M,2,4,B,84,HIGIENE,PAPEL HIGIENICO
2019-05-15,83216,147,M,1,0,A,85,HIGIENE,PASTA DE DENTE
2019-05-15,83274,422,F,2,4,C,154,HIGIENE,PRESERVATIVO
2019-05-15,83338,527,F,4,1,B,30,ALIMENTOS,FILE DE PEIXE
2019-05-15,83343,48,M,4,1,B,70,BEBIDAS,REFRIGERANTE OUTROS
2019-05-15,83436,669,F,4,0,B,39,ALIMENTOS,LIMAO
2019-05-15,83465,426,F,3,0,C,139,LIMPEZA,REMOVEDOR
2019-05-15,83553,506,F,4,3,B,4,ALIMENTOS,ABACAXI
2019-05-15,83592,819,M,4,0,B,114,LIMPEZA,VASSOURA
2019-05-15,83649,431,F,4,3,B,111,LIMPEZA,SABAO EM PO
2019-05-15,83660,29,M,2,0,B,164,ACESSORIOS,MORDEDOR
2019-05-15,83687,636,M,2,2,B,220,ALIMENTOS,BATATA
2019-05-15,83711,476,M,3,0,C,56,ALIMENTOS,QUEIJO MUSSARELA
2019-05-15,83751,830,F,5,1,B,89,HIGIENE,SABONETE
2019-05-15,83756,244,M,4,0,B,66,BEBIDAS,REFRIGERANTE COLA
2019-05-15,83792,525,M,1,4,B,229,ALIMENTOS,ALMONDEGA
2019-05-15,83818,814,M,4,0,B,29,ALIMENTOS,FEIJAO
2019-05-15,83906,896,M,3,0,B,122,ALIMENTOS,TOMATE
2019-05-15,83969,811,M,2,1,B,152,ALIMENTOS,PRESUNTO COZIDO
2019-05-15,84021,364,F,4,2,C,106,LIMPEZA,ODORIZADOR
2019-05-15,84024,223,F,3,0,B,61,ALIMENTOS,SARDINHA
2019-05-15,84103,686,F,3,2,A,67,BEBIDAS,REFRIGERANTE GUARANA
2019-05-15,84173,123,F,3,2,B,141,BEBIDAS,REFRIGERANTE LIMaO
2019-05-15,84257,715,F,3,4,B,215,ALIMENTOS,CAFE
2019-05-15,84272,55,F,3,0,B,6,ALIMENTOS,ALHO
2019-05-15,84286,601,M,4,0,A,215,ALIMENTOS,CAFE
2019-05-15,84291,150,M,1,4,B,5,ALIMENTOS,ACHOCOLATADO
2019-05-15,84336,673,F,5,1,B,27,ALIMENTOS,DANETTE
2019-05-15,84392,917,M,1,0,A,137,ALIMENTOS,REQUEIJAO
2019-05-15,84487,970,M,2,4,B,152,ALIMENTOS,PRESUNTO COZIDO
2019-05-15,84565,814,M,4,0,B,178,HIGIENE,LENCO UMEDECIDO
2019-05-15,84566,950,M,3,0,C,67,BEBIDAS,REFRIGERANTE GUARANA
2019-05-15,84640,378,F,2,0,C,99,LIMPEZA,DESINFETANTE
2019-05-15,84695,41,M,3,0,C,220,ALIMENTOS,BATATA
2019-05-15,84754,852,M,2,3,B,151,HIGIENE,PROTETOR SOLAR
2019-05-15,84842,921,M,2,3,B,173,ALIMENTOS,LINGUICA
2019-05-15,84928,256,F,4,0,B,103,LIMPEZA,LIMPADOR MULTIUSO
2019-05-15,84992,302,F,4,3,C,204,HIGIENE,CREME
2019-05-15,85039,20,M,4,0,B,175,LIMPEZA,LIMPADOR MULTIUSO
2019-05-15,85103,234,M,3,4,B,72,HIGIENE,CONDICIONADOR
2019-05-15,85111,951,M,2,0,B,27,ALIMENTOS,DANETTE
2019-05-15,85172,94,M,1,2,C,203,ALIMENTOS,DANETTE
2019-05-15,85237,985,M,1,0,B,155,ALIMENTOS,PATE
2019-05-15,85324,769,F,3,3,C,59,ALIMENTOS,SALGADINHO
2019-05-15,85395,927,M,1,1,C,214,ALIMENTOS,CEBOLA
2019-05-15,85429,19,F,2,2,C,42,ALIMENTOS,MACARRAO INSTANTANEO
2019-05-15,85464,274,M,1,1,B,66,BEBIDAS,REFRIGERANTE COLA
2019-05-15,85529,95,M,1,0,B,154,HIGIENE,PRESERVATIVO
2019-05-15,85573,449,F,2,3,B,62,ALIMENTOS,SNACKS
2019-05-15,85605,369,F,3,4,C,202,LIMPEZA,DESENGORDURANTE
2019-05-15,85689,161,M,5,2,B,27,ALIMENTOS,DANETTE
2019-05-15,85740,791,F,1,0,B,107,#N/D,#N/D
2019-05-15,85762,384,F,3,2,C,94,LIMPEZA,ALCOOL
2019-05-15,85850,925,M,2,0,C,96,LIMPEZA,BALDE
2019-05-15,85879,469,M,4,2,C,31,ALIMENTOS,GRANOLA
2019-05-15,85905,618,M,4,3,B,198,BEBIDAS,ENERGETICO
2019-05-15,85999,815,F,2,4,B,95,LIMPEZA,AMACIANTE
2019-05-15,86085,752,M,3,0,C,95,LIMPEZA,AMACIANTE
2019-05-15,86138,116,M,4,0,B,210,ACESSORIOS,CHUPETA
2019-05-15,86190,924,F,2,2,B,191,HIGIENE,FRALDA
2019-05-22,86205,593,M,4,1,B,212,LIMPEZA,CERA
2019-05-22,86272,805,F,3,0,C,217,ALIMENTOS,BISCOITO
2019-05-22,86293,453,F,1,0,B,87,HIGIENE,PROTETOR SOLAR
2019-05-22,86338,956,M,5,1,C,191,HIGIENE,FRALDA
2019-05-22,86409,773,M,4,0,B,87,HIGIENE,PROTETOR SOLAR
2019-05-22,86491,40,M,2,1,B,136,ALIMENTOS,RICOTA
2019-05-22,86585,280,M,4,3,B,54,ALIMENTOS,PRESUNTO COZIDO
2019-05-22,86602,759,F,3,0,B,207,ALIMENTOS,COPA SUINA
2019-05-22,86691,422,F,2,4,C,126,HIGIENE,TALCO
2019-05-22,86702,866,M,2,2,C,55,ALIMENTOS,QUEIJO DE CABRA
2019-05-22,86750,941,M,2,3,B,92,HIGIENE,TINTURAS
2019-05-22,86846,533,F,4,0,A,26,ALIMENTOS,COXA E SOBRECOXA DE FRANGO
2019-05-22,86867,354,F,2,0,B,197,HIGIENE,ENXAGUANTE BUCAL
2019-05-22,86928,937,M,3,4,C,82,HIGIENE,LENCO UMEDECIDO
2019-05-22,87016,478,M,1,4,A,100,LIMPEZA,DETERGENTE
2019-05-22,87065,606,M,1,0,B,144,BEBIDAS,REFRIGERANTE COLA
2019-05-22,87142,251,F,2,0,C,110,LIMPEZA,SABAO
2019-05-22,87230,696,M,2,0,B,182,ALIMENTOS,LATA DE ERVILHA
2019-05-22,87251,217,F,3,0,B,82,HIGIENE,LENCO UMEDECIDO
2019-05-22,87336,317,M,3,0,B,136,ALIMENTOS,RICOTA
2019-05-22,87367,712,F,2,3,B,160,ALIMENTOS,PALMITO
2019-05-22,87432,101,F,1,0,C,126,HIGIENE,TALCO
2019-05-22,87473,84,F,3,0,C,13,ALIMENTOS,BANANA
2019-05-22,87567,88,F,1,0,B,46,ALIMENTOS,MOLHO BARBECUE
2019-05-22,87651,324,F,3,3,B,206,ALIMENTOS,CORACAO DE FRANGO
2019-05-22,87704,667,F,4,0,C,198,BEBIDAS,ENERGETICO
2019-05-22,87715,269,F,3,3,B,112,LIMPEZA,TIRA LIMO
2019-05-22,87791,909,M,3,0,B,25,ALIMENTOS,CORACAO DE FRANGO
2019-05-22,87859,644,M,1,0,C,146,PET,RACAO UMIDA PARA CAES
2019-05-22,87922,844,F,5,1,A,159,ALIMENTOS,PAO DE FORMA
2019-05-22,87933,609,F,4,0,C,40,ALIMENTOS,LINGUICA
2019-05-22,88027,128,F,2,0,B,20,ALIMENTOS,CEBOLA
2019-05-22,88042,954,F,4,2,B,44,ALIMENTOS,MAMAO
2019-05-22,88118,533,F,4,0,A,178,HIGIENE,LENCO UMEDECIDO
2019-05-22,88217,374,F,3,0,B,44,ALIMENTOS,MAMAO
2019-05-22,88272,618,M,4,3,B,173,ALIMENTOS,LINGUICA
2019-05-22,88365,969,M,1,3,B,88,HIGIENE,REPELENTE
2019-05-22,88438,909,M,3,0,B,172,LIMPEZA,LUSTRA MOVEIS
2019-05-22,88536,703,M,1,3,B,102,LIMPEZA,LIMPA VIDROS
2019-05-22,88537,682,F,2,2,B,201,LIMPEZA,DESINFETANTE
2019-05-22,88610,738,M,1,0,C,180,ALIMENTOS,LEITE
2019-05-22,88644,928,F,5,1,B,71,HIGIENE,ABSORVENTE
2019-05-22,88698,855,M,4,1,C,125,HIGIENE,TINTURAS
2019-05-22,88786,503,F,2,1,B,216,ALIMENTOS,BROCOLIS
2019-05-22,88809,118,M,2,4,A,188,ALIMENTOS,HAMBUGUER
2019-05-22,88859,324,F,3,3,B,210,ACESSORIOS,CHUPETA
2019-05-22,88947,290,F,1,0,B,100,LIMPEZA,DETERGENTE
2019-05-22,88989,455,F,2,0,C,201,LIMPEZA,DESINFETANTE
2019-05-22,89063,379,F,4,0,C,16,ALIMENTOS,BIFE DE COXAO MOLE
2019-05-22,89117,561,M,2,0,B,130,ALIMENTOS,SALGADINHOS DE MILHO
2019-05-22,89133,342,M,3,0,B,66,BEBIDAS,REFRIGERANTE COLA
2019-05-22,89168,196,M,2,0,B,227,ALIMENTOS,ARROZ
2019-05-22,89186,357,M,2,2,C,143,BEBIDAS,REFRIGERANTE GUARANA
2019-05-22,89249,334,M,3,0,C,198,BEBIDAS,ENERGETICO
2019-05-22,89277,805,F,3,0,C,83,HIGIENE,MODELADOR
2019-05-22,89296,565,F,1,2,B,155,ALIMENTOS,PATE
2019-05-22,89351,573,F,1,0,C,55,ALIMENTOS,QUEIJO DE CABRA
2019-05-22,89391,130,F,1,0,B,155,ALIMENTOS,PATE
2019-05-22,89467,256,F,4,0,B,79,HIGIENE,GEL
2019-05-22,89486,637,F,1,0,B,51,ALIMENTOS,PAPINHA INFANTIL
2019-05-22,89549,602,M,3,0,B,142,BEBIDAS,REFRIGERANTE LARANJA
2019-05-22,89602,738,M,1,0,C,183,ALIMENTOS,KETCHUP
2019-05-22,89642,101,F,1,0,C,224,ALIMENTOS,AZEITE
2019-05-22,89658,435,F,2,0,C,134,LIMPEZA,SABAO
2019-05-22,89662,407,F,3,3,A,197,HIGIENE,ENXAGUANTE BUCAL
2019-05-24,89749,494,F,5,1,C,174,LIMPEZA,LIMPADOR PERFUMADO
2019-05-24,89822,949,M,1,0,B,67,BEBIDAS,REFRIGERANTE GUARANA
2019-05-24,89867,521,F,1,0,A,226,ALIMENTOS,ARROZ INTEGRAL
2019-05-24,89963,889,F,3,4,B,168,ALIMENTOS,MAMAO PAPAYA
2019-05-24,90020,234,M,3,4,B,126,HIGIENE,TALCO
2019-05-24,90096,308,M,4,0,B,148,PET,RACAO SECA PARA CAES
2019-05-24,90126,374,F,3,0,B,72,HIGIENE,CONDICIONADOR
2019-05-24,90189,572,M,1,0,C,96,LIMPEZA,BALDE
2019-05-24,90211,47,F,4,0,B,105,LIMPEZA,LUSTRA MOVEIS
2019-05-24,90300,189,F,3,4,C,12,ALIMENTOS,AZEITONA
2019-05-24,90325,831,F,4,2,B,173,ALIMENTOS,LINGUICA
2019-05-24,90330,303,M,3,4,B,71,HIGIENE,ABSORVENTE
2019-05-24,90400,401,M,1,4,C,69,BEBIDAS,REFRIGERANTE LIMaO
2019-05-24,90486,132,M,2,0,A,54,ALIMENTOS,PRESUNTO COZIDO
2019-05-24,90489,388,F,4,3,B,77,HIGIENE,FIXADOR
2019-05-24,90499,279,M,1,2,B,27,ALIMENTOS,DANETTE
2019-05-24,90565,799,M,4,3,C,144,BEBIDAS,REFRIGERANTE COLA
2019-05-24,90642,607,F,2,0,B,42,ALIMENTOS,MACARRAO INSTANTANEO
2019-05-24,90721,416,M,3,2,C,191,HIGIENE,FRALDA
2019-05-24,90741,152,F,3,1,C,12,ALIMENTOS,AZEITONA
2019-05-24,90759,347,F,4,0,B,181,ALIMENTOS,LATA DE MILHO
2019-05-24,90760,973,F,4,0,B,200,LIMPEZA,DETERGENTE
2019-05-24,90812,802,M,1,1,B,119,PET,RACAO UMIDA PARA GATOS
2019-05-24,90883,314,F,1,1,A,18,ALIMENTOS,BROCOLIS
2019-05-24,90968,398,F,4,1,B,138,HIGIENE,REPELENTE
2019-05-24,90979,891,F,3,2,B,224,ALIMENTOS,AZEITE
2019-05-24,90989,692,F,4,0,B,151,HIGIENE,PROTETOR SOLAR
2019-05-24,91033,89,F,3,3,C,11,ALIMENTOS,AZEITE
2019-05-24,91108,547,F,3,4,C,103,LIMPEZA,LIMPADOR MULTIUSO
2019-05-24,91161,367,F,1,0,A,15,ALIMENTOS,BATATA DOCE
2019-05-24,91260,457,M,3,0,C,216,ALIMENTOS,BROCOLIS
2019-05-24,91282,505,F,1,0,C,16,ALIMENTOS,BIFE DE COXAO MOLE
2019-05-27,91299,873,F,3,0,B,217,ALIMENTOS,BISCOITO
2019-05-27,91341,912,F,4,0,C,44,ALIMENTOS,MAMAO
2019-05-27,91359,314,F,1,1,A,82,HIGIENE,LENCO UMEDECIDO
2019-05-27,91434,839,F,1,3,B,204,HIGIENE,CREME
2019-05-27,91499,324,F,3,3,B,124,LIMPEZA,TIRA LIMO
2019-05-27,91592,424,M,1,4,B,171,ALIMENTOS,MACARRAO
2019-05-27,91637,923,F,2,4,C,142,BEBIDAS,REFRIGERANTE LARANJA
2019-05-27,91718,53,M,1,1,B,51,ALIMENTOS,PAPINHA INFANTIL
2019-05-27,91722,60,F,2,3,B,135,LIMPEZA,RODO
2019-05-27,91725,394,M,1,0,B,195,ALIMENTOS,FEIJAO
2019-05-27,91822,96,F,1,1,C,135,LIMPEZA,RODO
2019-05-27,91899,960,F,4,2,B,214,ALIMENTOS,CEBOLA
2019-05-27,91936,446,M,1,4,B,110,LIMPEZA,SABAO
2019-05-27,91942,715,F,3,4,B,141,BEBIDAS,REFRIGERANTE LIMaO
2019-05-27,91963,968,F,1,0,B,104,LIMPEZA,LIMPADOR PERFUMADO
2019-05-27,92042,280,M,4,3,B,190,HIGIENE,GEL
2019-05-27,92086,278,F,3,2,C,110,LIMPEZA,SABAO
2019-05-27,92134,172,M,2,0,B,116,PET,RACAO SECA PARA CAES
2019-05-27,92189,40,M,2,1,B,46,ALIMENTOS,MOLHO BARBECUE
2019-05-27,92196,963,M,3,0,B,119,PET,RACAO UMIDA PARA GATOS
2019-05-27,92197,636,M,2,2,B,105,LIMPEZA,LUSTRA MOVEIS
2019-05-29,92266,654,M,1,1,B,225,ALIMENTOS,ATUM
2019-05-29,92360,991,F,2,2,C,139,LIMPEZA,REMOVEDOR
2019-05-29,92383,96,F,1,1,C,154,HIGIENE,PRESERVATIVO
2019-05-29,92419,421,M,3,3,C,57,ALIMENTOS,REQUEIJAO
2019-05-29,92489,78,M,1,0,B,200,LIMPEZA,DETERGENTE
2019-05-29,92580,398,F,4,1,B,176,LIMPEZA,LIMPA VIDROS
2019-05-29,92677,361,F,1,0,C,68,BEBIDAS,REFRIGERANTE LARANJA
2019-05-29,92684,164,M,2,3,A,135,LIMPEZA,RODO
2019-05-29,92749,550,M,4,0,B,172,LIMPEZA,LUSTRA MOVEIS
2019-05-29,92795,869,F,3,0,B,140,BEBIDAS,REFRIGERANTE OUTROS
2019-05-29,92894,86,F,4,3,C,132,HIGIENE,SABONETE
2019-05-29,92910,94,M,1,2,C,120,LIMPEZA,VASSOURA
2019-05-29,92966,502,M,4,0,C,54,ALIMENTOS,PRESUNTO COZIDO
2019-05-29,92992,747,M,1,0,B,224,ALIMENTOS,AZEITE
2019-05-29,93040,744,M,4,0,A,194,ALIMENTOS,FILE DE PEIXE
2019-05-29,93138,516,M,1,0,C,100,LIMPEZA,DETERGENTE
2019-05-29,93174,568,F,4,1,A,173,ALIMENTOS,LINGUICA
2019-05-29,93254,784,F,1,3,B,105,LIMPEZA,LUSTRA MOVEIS
2019-05-29,93274,929,M,4,0,B,224,ALIMENTOS,AZEITE
2019-05-29,93329,952,F,3,4,C,225,ALIMENTOS,ATUM
2019-05-29,93392,765,F,5,1,B,221,ALIMENTOS,BANANA
2019-05-29,93461,23,M,3,0,B,105,LIMPEZA,LUSTRA MOVEIS
2019-05-29,93486,36,F,3,0,C,202,LIMPEZA,DESENGORDURANTE
2019-04-06,93544,177,F,3,2,C,189,ALIMENTOS,GRANOLA
2019-04-06,93590,542,M,3,1,B,174,LIMPEZA,LIMPADOR PERFUMADO
2019-04-06,93608,912,F,4,0,C,205,ALIMENTOS,COXA E SOBRECOXA DE FRANGO
2019-04-06,93679,225,M,4,0,C,228,LIMPEZA,AMACIANTE
2019-04-06,93770,51,F,3,0,B,229,ALIMENTOS,ALMONDEGA
2019-04-06,93844,756,F,1,4,B,49,ALIMENTOS,PALMITO
2019-04-06,93902,911,F,2,0,B,97,LIMPEZA,CERA
2019-04-06,93907,644,M,1,0,C,93,LIMPEZA,AGUA SANITARIA
2019-04-06,93995,355,M,3,4,B,159,ALIMENTOS,PAO DE FORMA
2019-04-06,94053,551,M,1,0,C,87,HIGIENE,PROTETOR SOLAR
2019-04-06,94085,453,F,1,0,B,187,HIGIENE,HASTES FLEXIVEIS
2019-04-06,94164,506,F,4,3,B,52,ALIMENTOS,PATE
2019-04-06,94175,76,M,3,0,A,214,ALIMENTOS,CEBOLA
2019-04-06,94234,978,F,3,0,C,103,LIMPEZA,LIMPADOR MULTIUSO
2019-04-06,94324,675,M,4,0,B,46,ALIMENTOS,MOLHO BARBECUE
2019-04-06,94325,161,M,5,2,B,106,LIMPEZA,ODORIZADOR
2019-04-06,94348,746,M,3,0,C,57,ALIMENTOS,REQUEIJAO
2019-04-06,94363,122,M,3,3,B,4,ALIMENTOS,ABACAXI
2019-04-06,94390,173,F,1,0,B,121,ALIMENTOS,UVA
2019-04-06,94393,455,F,2,0,C,213,ALIMENTOS,CENOURA
2019-04-06,94481,360,M,4,0,B,206,ALIMENTOS,CORACAO DE FRANGO
2019-04-06,94513,284,M,4,1,B,135,LIMPEZA,RODO
2019-04-06,94578,50,M,4,0,B,153,ALIMENTOS,PRESUNTO COZIDO
2019-04-06,94672,344,M,3,0,B,70,BEBIDAS,REFRIGERANTE OUTROS
2019-04-06,94762,542,M,3,1,B,88,HIGIENE,REPELENTE
2019-04-06,94844,431,F,4,3,B,54,ALIMENTOS,PRESUNTO COZIDO
2019-04-06,94873,944,F,3,1,B,46,ALIMENTOS,MOLHO BARBECUE
2019-04-06,94917,729,M,3,0,B,226,ALIMENTOS,ARROZ INTEGRAL
2019-04-06,94919,160,F,3,4,B,212,LIMPEZA,CERA
2019-04-06,94978,15,M,2,1,C,148,PET,RACAO SECA PARA CAES
2019-04-06,95069,262,M,1,2,B,104,LIMPEZA,LIMPADOR PERFUMADO
2019-04-06,95135,4,M,4,0,B,82,HIGIENE,LENCO UMEDECIDO
2019-04-06,95152,595,M,1,0,B,139,LIMPEZA,REMOVEDOR
2019-04-06,95180,346,F,2,4,C,58,ALIMENTOS,RICOTA
2019-04-06,95204,75,M,1,0,B,82,HIGIENE,LENCO UMEDECIDO
2019-04-06,95227,713,F,1,3,C,67,BEBIDAS,REFRIGERANTE GUARANA
2019-04-06,95326,132,M,2,0,A,30,ALIMENTOS,FILE DE PEIXE
2019-04-06,95420,343,F,1,0,B,152,ALIMENTOS,PRESUNTO COZIDO
2019-04-06,95497,69,M,4,3,A,3,ALIMENTOS,ABACATE
2019-04-06,95516,965,M,3,0,B,14,ALIMENTOS,BATATA
2019-04-06,95558,897,M,2,1,C,88,HIGIENE,REPELENTE
2019-04-06,95617,361,F,1,0,C,44,ALIMENTOS,MAMAO
2019-04-06,95694,826,F,2,0,C,106,LIMPEZA,ODORIZADOR
2019-04-06,95777,188,M,2,2,B,74,HIGIENE,ENXAGUANTE BUCAL
2019-04-06,95791,874,F,3,3,B,25,ALIMENTOS,CORACAO DE FRANGO
2019-04-06,95874,653,M,2,0,C,172,LIMPEZA,LUSTRA MOVEIS
2019-04-06,95905,890,M,3,0,C,66,BEBIDAS,REFRIGERANTE COLA
2019-04-06,95964,971,F,1,2,A,217,ALIMENTOS,BISCOITO
2019-04-06,96039,432,F,1,0,C,214,ALIMENTOS,CEBOLA
2019-04-06,96068,18,M,4,0,C,227,ALIMENTOS,ARROZ
2019-04-06,96070,298,F,4,0,C,218,ALIMENTOS,BIFE DE COXAO MOLE
2019-04-06,96097,782,M,3,3,B,7,ALIMENTOS,ALMONDEGA
2019-04-06,96160,626,M,3,1,C,155,ALIMENTOS,PATE
2019-04-06,96253,740,F,1,4,C,113,LIMPEZA,TIRA MANCHA
2019-04-06,96350,614,F,4,1,B,126,HIGIENE,TALCO
2019-04-06,96374,687,M,2,3,C,79,HIGIENE,GEL
2019-04-06,96409,471,F,4,0,A,84,HIGIENE,PAPEL HIGIENICO
2019-04-06,96504,791,F,1,0,B,79,HIGIENE,GEL
2019-04-06,96590,258,F,1,0,B,118,PET,RACAO UMIDA PARA CAES
2019-05-06,96654,746,M,3,0,C,88,HIGIENE,REPELENTE
2019-05-06,96657,737,F,2,1,C,98,LIMPEZA,DESENGORDURANTE
2019-05-06,96746,407,F,3,3,A,95,LIMPEZA,AMACIANTE
2019-05-06,96781,453,F,1,0,B,51,ALIMENTOS,PAPINHA INFANTIL
2019-05-06,96845,123,F,3,2,B,110,LIMPEZA,SABAO
2019-05-06,96879,122,M,3,3,B,65,BEBIDAS,ENERGETICO
2019-05-06,96925,335,F,3,0,C,135,LIMPEZA,RODO
2019-05-06,96965,783,F,1,0,B,118,PET,RACAO UMIDA PARA CAES
2019-05-06,97042,69,M,4,3,A,112,LIMPEZA,TIRA LIMO
2019-05-06,97067,560,M,2,0,B,118,PET,RACAO UMIDA PARA CAES
2019-05-06,97091,903,M,1,0,B,216,ALIMENTOS,BROCOLIS
2019-05-06,97128,865,F,1,0,B,101,LIMPEZA,INSETICIDA
2019-05-06,97174,960,F,4,2,B,54,ALIMENTOS,PRESUNTO COZIDO
2019-05-06,97270,808,F,3,0,B,127,ALIMENTOS,SNACKS
2019-05-06,97332,712,F,2,3,B,201,LIMPEZA,DESINFETANTE
2019-05-06,97334,9,F,2,0,B,88,HIGIENE,REPELENTE
2019-05-06,97386,481,M,3,0,B,197,HIGIENE,ENXAGUANTE BUCAL
2019-05-06,97458,396,F,1,0,B,224,ALIMENTOS,AZEITE
2019-05-06,97467,486,M,4,0,B,2,ACESSORIOS,MORDEDOR
2019-05-06,97527,641,F,4,0,C,214,ALIMENTOS,CEBOLA
2019-05-06,97560,231,F,4,2,B,130,ALIMENTOS,SALGADINHOS DE MILHO
2019-05-06,97564,697,M,3,0,C,212,LIMPEZA,CERA
2019-05-06,97584,881,F,5,1,C,174,LIMPEZA,LIMPADOR PERFUMADO
2019-05-06,97628,153,M,4,1,B,155,ALIMENTOS,PATE
2019-05-06,97632,462,F,4,0,A,179,ALIMENTOS,LEITE CONDENSADO
2019-05-06,97701,375,M,4,0,B,188,ALIMENTOS,HAMBUGUER
2019-05-06,97775,75,M,1,0,B,9,ALIMENTOS,ARROZ INTEGRAL
2019-05-06,97867,185,F,3,0,C,142,BEBIDAS,REFRIGERANTE LARANJA
2019-05-06,97922,341,M,2,0,C,6,ALIMENTOS,ALHO
2019-05-06,97930,764,F,3,1,B,14,ALIMENTOS,BATATA
2019-05-06,97933,447,M,2,0,B,220,ALIMENTOS,BATATA
2019-06-06,98012,62,F,2,0,B,195,ALIMENTOS,FEIJAO
2019-06-06,98080,424,M,1,4,B,161,ALIMENTOS,OVOS
2019-06-06,98117,828,F,2,4,B,9,ALIMENTOS,ARROZ INTEGRAL
2019-06-06,98174,786,F,1,4,C,191,HIGIENE,FRALDA
2019-06-06,98186,820,M,1,4,B,174,LIMPEZA,LIMPADOR PERFUMADO
2019-06-06,98241,433,M,3,3,B,219,ALIMENTOS,BATATA DOCE
2019-06-06,98317,519,M,2,4,B,58,ALIMENTOS,RICOTA
2019-06-06,98415,374,F,3,0,B,229,ALIMENTOS,ALMONDEGA
2019-06-06,98490,879,M,2,2,C,134,LIMPEZA,SABAO
2019-06-06,98496,469,M,4,2,C,135,LIMPEZA,RODO
2019-06-06,98569,195,M,4,0,B,185,LIMPEZA,INSETICIDA
2019-06-06,98587,397,F,1,0,B,37,ALIMENTOS,LEITE
2019-06-06,98636,113,F,3,0,B,50,ALIMENTOS,PAO DE FORMA
2019-06-06,98720,836,F,2,0,B,60,ALIMENTOS,SALGADINHOS DE MILHO
2019-06-06,98743,954,F,4,2,B,100,LIMPEZA,DETERGENTE
2019-06-06,98764,537,F,1,4,B,202,LIMPEZA,DESENGORDURANTE
2019-06-06,98850,538,M,3,0,B,123,LIMPEZA,TIRA MANCHA
2019-06-06,98879,848,F,5,3,A,84,HIGIENE,PAPEL HIGIENICO
2019-06-06,98885,10,M,1,0,B,64,ALIMENTOS,UVA
2019-06-06,98970,93,F,2,0,C,17,ALIMENTOS,BISCOITO
2019-06-06,98995,363,F,1,0,B,63,ALIMENTOS,TOMATE
2019-06-06,99081,33,F,2,0,B,124,LIMPEZA,TIRA LIMO
2019-06-06,99111,842,M,5,2,B,200,LIMPEZA,DETERGENTE
2019-06-06,99174,531,F,3,1,B,76,HIGIENE,FIO DENTAL
2019-06-06,99228,650,F,2,0,C,1,ACESSORIOS,CHUPETA
2019-06-06,99285,774,F,2,0,B,75,HIGIENE,ESCOVA DE DENTE
2019-06-06,99325,786,F,1,4,C,168,ALIMENTOS,MAMAO PAPAYA
2019-06-06,99368,763,F,4,0,B,8,ALIMENTOS,ARROZ
2019-06-06,99418,407,F,3,3,A,43,ALIMENTOS,MAMAO PAPAYA
2019-06-06,99506,881,F,5,1,C,178,HIGIENE,LENCO UMEDECIDO
2019-08-06,99594,949,M,1,0,B,172,LIMPEZA,LUSTRA MOVEIS
2019-08-06,99615,69,M,4,3,A,170,ALIMENTOS,MACARRAO INSTANTANEO
2019-08-06,99632,515,M,4,0,A,15,ALIMENTOS,BATATA DOCE
2019-08-06,99714,528,M,2,2,C,198,BEBIDAS,ENERGETICO
2019-08-06,99767,824,F,1,0,B,16,ALIMENTOS,BIFE DE COXAO MOLE
2019-08-06,99805,141,M,3,4,B,227,ALIMENTOS,ARROZ
2019-08-06,99835,430,F,4,1,B,144,BEBIDAS,REFRIGERANTE COLA
2019-08-06,99896,442,F,3,2,B,152,ALIMENTOS,PRESUNTO COZIDO
2019-08-06,99914,492,F,2,1,C,47,ALIMENTOS,MORTADELA
2019-08-06,99937,583,F,2,0,B,125,HIGIENE,TINTURAS
2019-08-06,99955,659,F,2,2,B,84,HIGIENE,PAPEL HIGIENICO
2019-08-06,99995,65,M,4,0,B,134,LIMPEZA,SABAO
2019-08-06,100005,845,F,3,3,C,148,PET,RACAO SECA PARA CAES
2019-08-06,100067,293,M,4,0,B,108,LIMPEZA,REMOVEDOR
2019-08-06,100094,846,F,4,3,C,176,LIMPEZA,LIMPA VIDROS
2019-08-06,100100,269,F,3,3,B,139,LIMPEZA,REMOVEDOR
2019-08-06,100111,910,M,2,2,B,128,HIGIENE,SHAMPOO
2019-08-06,100205,221,F,1,0,B,44,ALIMENTOS,MAMAO
2019-08-06,100210,992,F,2,0,B,204,HIGIENE,CREME
2019-08-06,100228,409,F,3,4,B,181,ALIMENTOS,LATA DE MILHO
2019-08-06,100323,82,F,1,1,C,79,HIGIENE,GEL
2019-08-06,100372,302,F,4,3,C,225,ALIMENTOS,ATUM
2019-08-06,100399,805,F,3,0,C,70,BEBIDAS,REFRIGERANTE OUTROS
2019-08-06,100465,274,M,1,1,B,187,HIGIENE,HASTES FLEXIVEIS
2019-08-06,100519,300,F,1,3,C,121,ALIMENTOS,UVA
2019-08-06,100604,788,F,4,2,B,151,HIGIENE,PROTETOR SOLAR
2019-08-06,100631,124,F,4,2,B,19,ALIMENTOS,CAFE
2019-08-06,100713,946,M,3,0,B,111,LIMPEZA,SABAO EM PO
2019-08-06,100797,946,M,3,0,B,223,ALIMENTOS,AZEITONA
2019-08-06,100873,26,F,4,1,A,41,ALIMENTOS,MACARRAO
2019-08-06,100942,726,M,2,0,B,154,HIGIENE,PRESERVATIVO
2019-08-06,100945,449,F,2,3,B,164,ACESSORIOS,MORDEDOR
2019-08-06,100973,103,M,3,4,B,145,PET,RACAO UMIDA PARA GATOS
2019-08-06,100984,503,F,2,1,B,36,ALIMENTOS,LATA DE MILHO
2019-08-06,101082,325,M,1,3,B,192,HIGIENE,FIXADOR
2019-08-06,101154,442,F,3,2,B,207,ALIMENTOS,COPA SUINA
2019-08-06,101244,140,F,1,0,C,44,ALIMENTOS,MAMAO
2019-08-06,101343,700,F,4,2,C,181,ALIMENTOS,LATA DE MILHO
2019-08-06,101348,938,M,1,4,B,156,HIGIENE,PASTA DE DENTE
2019-08-06,101387,778,F,2,2,A,71,HIGIENE,ABSORVENTE
2019-08-06,101441,774,F,2,0,B,53,ALIMENTOS,PRESUNTO COZIDO
2019-08-06,101512,968,F,1,0,B,141,BEBIDAS,REFRIGERANTE LIMaO
2019-08-06,101540,99,F,1,4,C,104,LIMPEZA,LIMPADOR PERFUMADO
2019-08-06,101565,389,F,3,0,C,137,ALIMENTOS,REQUEIJAO
2019-08-06,101631,871,F,1,3,C,229,ALIMENTOS,ALMONDEGA
2019-08-06,101672,178,M,3,0,A,58,ALIMENTOS,RICOTA
2019-08-06,101765,815,F,2,4,B,76,HIGIENE,FIO DENTAL
2019-08-06,101808,278,F,3,2,C,32,ALIMENTOS,HAMBUGUER
2019-08-06,101859,649,F,3,0,B,148,PET,RACAO SECA PARA CAES
2019-08-06,101883,921,M,2,3,B,113,LIMPEZA,TIRA MANCHA
2019-09-06,101916,761,F,1,4,B,60,ALIMENTOS,SALGADINHOS DE MILHO
2019-09-06,101934,433,M,3,3,B,195,ALIMENTOS,FEIJAO
2019-09-06,102030,588,F,1,4,C,36,ALIMENTOS,LATA DE MILHO
2019-09-06,102098,512,M,4,0,B,165,ALIMENTOS,MOLHO BARBECUE
2019-09-06,102193,300,F,1,3,C,119,PET,RACAO UMIDA PARA GATOS
2019-09-06,102218,989,M,2,0,B,73,HIGIENE,CREME
2019-09-06,102219,813,F,4,0,C,229,ALIMENTOS,ALMONDEGA
2019-09-06,102230,268,M,4,0,B,132,HIGIENE,SABONETE
2019-09-06,102319,258,F,1,0,B,224,ALIMENTOS,AZEITE
2019-09-06,102383,119,F,3,2,B,115,PET,ALIMENTO PARA PASSARO
2019-09-06,102398,426,F,3,0,C,23,ALIMENTOS,COGUMELOS
2019-09-06,102444,852,M,2,3,B,213,ALIMENTOS,CENOURA
2019-09-06,102469,14,M,1,3,B,201,LIMPEZA,DESINFETANTE
2019-09-06,102537,463,M,3,3,B,192,HIGIENE,FIXADOR
2019-09-06,102550,298,F,4,0,C,15,ALIMENTOS,BATATA DOCE
2019-09-06,102595,121,F,1,2,B,223,ALIMENTOS,AZEITONA
2019-09-06,102665,174,M,4,3,C,1,ACESSORIOS,CHUPETA
2019-09-06,102723,115,M,4,0,B,222,LIMPEZA,BALDE
2019-09-06,102781,631,M,1,4,C,51,ALIMENTOS,PAPINHA INFANTIL
2019-09-06,102827,918,F,2,4,C,176,LIMPEZA,LIMPA VIDROS
2019-09-06,102874,312,M,1,0,A,12,ALIMENTOS,AZEITONA
2019-09-06,102903,90,F,2,2,B,220,ALIMENTOS,BATATA
2019-09-06,103001,513,F,4,3,B,43,ALIMENTOS,MAMAO PAPAYA
2019-09-06,103043,331,F,4,0,B,62,ALIMENTOS,SNACKS
2019-09-06,103052,30,M,4,0,B,42,ALIMENTOS,MACARRAO INSTANTANEO
2019-09-06,103090,639,M,2,0,C,208,HIGIENE,CONDICIONADOR
2019-09-06,103153,83,M,1,4,B,209,ALIMENTOS,COGUMELOS
2019-09-06,103251,871,F,1,3,C,229,ALIMENTOS,ALMONDEGA
2019-09-06,103310,766,F,1,0,B,42,ALIMENTOS,MACARRAO INSTANTANEO
2019-09-06,103315,436,M,2,4,B,106,LIMPEZA,ODORIZADOR
2019-09-06,103338,408,F,4,0,B,11,ALIMENTOS,AZEITE
2019-09-06,103431,753,F,1,3,C,48,ALIMENTOS,OVOS
2019-09-06,103471,125,M,3,0,B,98,LIMPEZA,DESENGORDURANTE
2019-09-06,103561,33,F,2,0,B,116,PET,RACAO SECA PARA CAES
2019-09-06,103644,748,M,4,0,B,87,HIGIENE,PROTETOR SOLAR
2019-09-06,103687,461,M,3,4,C,115,PET,ALIMENTO PARA PASSARO
2019-09-06,103764,528,M,2,2,C,141,BEBIDAS,REFRIGERANTE LIMaO
2019-09-06,103842,162,F,1,1,B,59,ALIMENTOS,SALGADINHO
2019-09-06,103852,14,M,1,3,B,145,PET,RACAO UMIDA PARA GATOS
2019-09-06,103870,848,F,5,3,A,210,ACESSORIOS,CHUPETA
2019-09-06,103969,345,F,2,3,B,4,ALIMENTOS,ABACAXI
2019-09-06,103977,344,M,3,0,B,133,LIMPEZA,SABAO EM PO
2019-09-06,103981,601,M,4,0,A,185,LIMPEZA,INSETICIDA
2019-09-06,104019,196,M,2,0,B,11,ALIMENTOS,AZEITE
2019-09-06,104044,223,F,3,0,B,204,HIGIENE,CREME
2019-09-06,104111,842,M,5,2,B,69,BEBIDAS,REFRIGERANTE LIMaO
2019-09-06,104137,442,F,3,2,B,142,BEBIDAS,REFRIGERANTE LARANJA
2019-09-06,104153,157,M,1,1,C,114,LIMPEZA,VASSOURA
2019-09-06,104238,60,F,2,3,B,174,LIMPEZA,LIMPADOR PERFUMADO
2019-09-06,104311,242,F,4,0,B,5,ALIMENTOS,ACHOCOLATADO
2019-10-06,104314,777,F,1,0,B,98,LIMPEZA,DESENGORDURANTE
2019-10-06,104327,336,F,1,0,C,194,ALIMENTOS,FILE DE PEIXE
2019-10-06,104345,532,F,2,3,B,11,ALIMENTOS,AZEITE
2019-10-06,104355,513,F,4,3,B,173,ALIMENTOS,LINGUICA
2019-10-06,104418,577,M,4,0,C,13,ALIMENTOS,BANANA
2019-10-06,104455,363,F,1,0,B,211,ALIMENTOS,CHA
2019-10-06,104542,948,M,4,0,C,72,HIGIENE,CONDICIONADOR
2019-10-06,104602,236,M,2,2,C,58,ALIMENTOS,RICOTA
2019-10-06,104685,429,M,4,0,C,138,HIGIENE,REPELENTE
2019-10-06,104708,703,M,1,3,B,12,ALIMENTOS,AZEITONA
2019-10-06,104722,751,F,2,0,B,81,HIGIENE,HIDRATANTE
2019-10-06,104797,851,F,2,0,B,77,HIGIENE,FIXADOR
2019-10-06,104889,108,M,1,0,B,195,ALIMENTOS,FEIJAO
2019-10-06,104919,739,F,2,3,B,124,LIMPEZA,TIRA LIMO
2019-10-06,104982,533,F,4,0,A,124,LIMPEZA,TIRA LIMO
2019-10-06,105030,403,M,3,2,B,11,ALIMENTOS,AZEITE
2019-10-06,105074,980,F,1,0,B,34,ALIMENTOS,KETCHUP
2019-10-06,105154,10,M,1,0,B,54,ALIMENTOS,PRESUNTO COZIDO
2019-10-06,105230,79,F,2,0,C,148,PET,RACAO SECA PARA CAES
2019-10-06,105267,694,M,4,0,C,117,PET,RACAO SECA PARA GATOS
2019-10-06,105299,944,F,3,1,B,103,LIMPEZA,LIMPADOR MULTIUSO
2019-10-06,105356,397,F,1,0,B,2,ACESSORIOS,MORDEDOR
2019-10-06,105374,162,F,1,1,B,141,BEBIDAS,REFRIGERANTE LIMaO
2019-10-06,105432,4,M,4,0,B,44,ALIMENTOS,MAMAO
2019-10-06,105476,380,M,3,4,B,58,ALIMENTOS,RICOTA
2019-10-06,105551,436,M,2,4,B,174,LIMPEZA,LIMPADOR PERFUMADO
2019-10-06,105627,979,F,3,0,A,174,LIMPEZA,LIMPADOR PERFUMADO
2019-10-06,105639,498,M,3,2,B,51,ALIMENTOS,PAPINHA INFANTIL
2019-10-06,105645,271,F,4,0,B,133,LIMPEZA,SABAO EM PO
2019-10-06,105727,923,F,2,4,C,11,ALIMENTOS,AZEITE
2019-10-06,105793,527,F,4,1,B,103,LIMPEZA,LIMPADOR MULTIUSO
2019-10-06,105864,612,F,3,4,B,68,BEBIDAS,REFRIGERANTE LARANJA
2019-10-06,105873,267,F,4,2,B,98,LIMPEZA,DESENGORDURANTE
2019-10-06,105930,991,F,2,2,C,210,ACESSORIOS,CHUPETA
2019-10-06,106000,617,F,4,3,C,114,LIMPEZA,VASSOURA
2019-10-06,106080,349,M,3,0,B,185,LIMPEZA,INSETICIDA
2019-10-06,106179,627,M,3,1,B,218,ALIMENTOS,BIFE DE COXAO MOLE
2019-10-06,106192,34,M,2,0,C,143,BEBIDAS,REFRIGERANTE GUARANA
2019-10-06,106194,714,M,1,0,B,109,LIMPEZA,RODO
2019-06-13,106197,843,F,5,1,C,115,PET,ALIMENTO PARA PASSARO
2019-06-13,106233,104,F,3,2,B,169,ALIMENTOS,MAMAO
2019-06-13,106306,620,M,2,0,B,93,LIMPEZA,AGUA SANITARIA
2019-06-13,106324,13,M,2,1,B,85,HIGIENE,PASTA DE DENTE
2019-06-13,106372,277,F,1,3,B,93,LIMPEZA,AGUA SANITARIA
2019-06-13,106450,655,M,2,0,B,69,BEBIDAS,REFRIGERANTE LIMaO
2019-06-13,106459,217,F,3,0,B,208,HIGIENE,CONDICIONADOR
2019-06-13,106494,301,F,3,0,C,50,ALIMENTOS,PAO DE FORMA
2019-06-13,106526,280,M,4,3,B,87,HIGIENE,PROTETOR SOLAR
2019-06-13,106606,51,F,3,0,B,13,ALIMENTOS,BANANA
2019-06-13,106625,292,F,2,0,C,113,LIMPEZA,TIRA MANCHA
2019-06-13,106630,874,F,3,3,B,164,ACESSORIOS,MORDEDOR
2019-06-13,106654,255,M,4,0,B,89,HIGIENE,SABONETE
2019-06-13,106701,892,F,4,2,B,124,LIMPEZA,TIRA LIMO
2019-06-13,106731,949,M,1,0,B,15,ALIMENTOS,BATATA DOCE
2019-06-13,106783,971,F,1,2,A,83,HIGIENE,MODELADOR
2019-06-13,106784,494,F,5,1,C,7,ALIMENTOS,ALMONDEGA
2019-06-13,106835,483,M,1,0,C,2,ACESSORIOS,MORDEDOR
2019-06-13,106859,973,F,4,0,B,192,HIGIENE,FIXADOR
2019-06-13,106941,873,F,3,0,B,72,HIGIENE,CONDICIONADOR
2019-06-13,107014,286,M,4,0,B,81,HIGIENE,HIDRATANTE
2019-06-13,107032,608,F,3,0,C,32,ALIMENTOS,HAMBUGUER
2019-06-13,107034,416,M,3,2,C,72,HIGIENE,CONDICIONADOR
2019-06-13,107113,120,F,4,3,A,56,ALIMENTOS,QUEIJO MUSSARELA
2019-06-13,107132,957,M,2,3,B,27,ALIMENTOS,DANETTE
2019-06-13,107135,61,M,1,2,B,97,LIMPEZA,CERA
2019-06-13,107227,672,F,4,0,B,9,ALIMENTOS,ARROZ INTEGRAL
2019-06-13,107249,606,M,1,0,B,91,HIGIENE,TALCO
2019-06-13,107263,816,M,4,0,C,212,LIMPEZA,CERA
2019-06-13,107290,903,M,1,0,B,44,ALIMENTOS,MAMAO
2019-06-13,107377,908,M,3,2,C,98,LIMPEZA,DESENGORDURANTE
2019-06-13,107400,376,F,3,0,B,1,ACESSORIOS,CHUPETA
2019-06-13,107463,244,M,4,0,B,152,ALIMENTOS,PRESUNTO COZIDO
2019-06-13,107555,783,F,1,0,B,121,ALIMENTOS,UVA
2019-06-13,107569,155,F,2,0,B,206,ALIMENTOS,CORACAO DE FRANGO
2019-06-13,107666,829,F,3,4,B,40,ALIMENTOS,LINGUICA
2019-06-13,107739,325,M,1,3,B,110,LIMPEZA,SABAO
2019-06-13,107754,170,F,4,2,B,164,ACESSORIOS,MORDEDOR
2019-06-13,107779,432,F,1,0,C,2,ACESSORIOS,MORDEDOR
2019-06-13,107865,697,M,3,0,C,134,LIMPEZA,SABAO
2019-06-13,107951,366,M,3,4,B,80,HIGIENE,HASTES FLEXIVEIS
2019-06-13,108013,607,F,2,0,B,216,ALIMENTOS,BROCOLIS
2019-06-13,108083,865,F,1,0,B,36,ALIMENTOS,LATA DE MILHO
2019-06-15,108142,112,M,4,0,B,206,ALIMENTOS,CORACAO DE FRANGO
2019-06-15,108172,492,F,2,1,C,163,ALIMENTOS,MORTADELA
2019-06-15,108261,482,M,4,2,B,193,HIGIENE,FIO DENTAL
2019-06-15,108340,731,M,3,4,B,208,HIGIENE,CONDICIONADOR
2019-06-15,108377,5,F,4,3,C,58,ALIMENTOS,RICOTA
2019-06-15,108380,153,M,4,1,B,102,LIMPEZA,LIMPA VIDROS
2019-06-15,108396,14,M,1,3,B,23,ALIMENTOS,COGUMELOS
2019-06-15,108405,804,F,4,3,B,7,ALIMENTOS,ALMONDEGA
2019-06-15,108438,265,M,2,3,B,52,ALIMENTOS,PATE
2019-06-15,108497,541,F,3,0,B,54,ALIMENTOS,PRESUNTO COZIDO
2019-06-15,108567,328,M,2,0,B,84,HIGIENE,PAPEL HIGIENICO
2019-06-15,108616,781,M,4,0,B,126,HIGIENE,TALCO
2019-06-15,108653,994,M,4,0,C,63,ALIMENTOS,TOMATE
2019-06-15,108688,622,F,3,0,B,131,ALIMENTOS,SALGADINHO
2019-06-15,108752,179,F,2,0,B,211,ALIMENTOS,CHA
2019-06-22,108815,3,F,4,0,B,97,LIMPEZA,CERA
2019-06-22,108827,778,F,2,2,A,20,ALIMENTOS,CEBOLA
2019-06-22,108869,521,F,1,0,A,159,ALIMENTOS,PAO DE FORMA
2019-06-22,108941,852,M,2,3,B,14,ALIMENTOS,BATATA
2019-06-22,108999,619,M,4,1,B,26,ALIMENTOS,COXA E SOBRECOXA DE FRANGO
2019-06-22,109048,77,F,4,1,B,108,LIMPEZA,REMOVEDOR
2019-06-22,109074,752,M,3,0,C,28,ALIMENTOS,DOCE
2019-06-22,109131,112,M,4,0,B,132,HIGIENE,SABONETE
2019-06-22,109203,192,F,4,0,B,88,HIGIENE,REPELENTE
2019-06-22,109225,646,F,1,0,B,210,ACESSORIOS,CHUPETA
2019-06-22,109301,582,F,2,0,B,59,ALIMENTOS,SALGADINHO
2019-06-22,109369,113,F,3,0,B,75,HIGIENE,ESCOVA DE DENTE
2019-06-22,109448,445,M,2,0,B,74,HIGIENE,ENXAGUANTE BUCAL
2019-06-22,109463,215,M,2,4,B,102,LIMPEZA,LIMPA VIDROS
2019-06-22,109561,552,M,4,0,B,95,LIMPEZA,AMACIANTE
2019-06-22,109574,727,M,4,2,C,192,HIGIENE,FIXADOR
2019-06-22,109673,298,F,4,0,C,73,HIGIENE,CREME
2019-06-22,109722,268,M,4,0,B,41,ALIMENTOS,MACARRAO
2019-06-22,109769,991,F,2,2,C,196,HIGIENE,ESCOVA DE DENTE
2019-06-22,109849,449,F,2,3,B,98,LIMPEZA,DESENGORDURANTE
2019-06-22,109898,939,M,2,1,C,15,ALIMENTOS,BATATA DOCE
2019-06-22,109914,39,M,2,0,C,30,ALIMENTOS,FILE DE PEIXE
2019-06-22,109996,542,M,3,1,B,203,ALIMENTOS,DANETTE
2019-06-22,110053,807,M,1,3,B,6,ALIMENTOS,ALHO
2019-06-22,110055,536,M,4,0,B,90,HIGIENE,SHAMPOO
2019-06-22,110136,763,F,4,0,B,73,HIGIENE,CREME
2019-06-22,110188,29,M,2,0,B,174,LIMPEZA,LIMPADOR PERFUMADO
2019-06-22,110213,189,F,3,4,C,171,ALIMENTOS,MACARRAO
2019-06-22,110223,751,F,2,0,B,4,ALIMENTOS,ABACAXI
2019-06-22,110248,116,M,4,0,B,179,ALIMENTOS,LEITE CONDENSADO
2019-06-22,110289,838,F,1,0,C,148,PET,RACAO SECA PARA CAES
2019-06-22,110318,49,M,2,0,C,26,ALIMENTOS,COXA E SOBRECOXA DE FRANGO
2019-06-22,110381,602,M,3,0,B,33,ALIMENTOS,IOGURTE
2019-06-22,110463,640,M,4,0,C,217,ALIMENTOS,BISCOITO
2019-06-22,110480,548,F,4,0,C,67,BEBIDAS,REFRIGERANTE GUARANA
2019-06-22,110533,728,M,2,0,A,95,LIMPEZA,AMACIANTE
2019-06-22,110619,237,F,4,3,C,83,HIGIENE,MODELADOR
2019-06-22,110693,953,M,1,1,B,36,ALIMENTOS,LATA DE MILHO
2019-06-22,110709,318,M,1,2,B,136,ALIMENTOS,RICOTA
2019-06-22,110732,443,F,4,0,C,105,LIMPEZA,LUSTRA MOVEIS
2019-06-22,110778,430,F,4,1,B,228,LIMPEZA,AMACIANTE
2019-06-22,110827,125,M,3,0,B,119,PET,RACAO UMIDA PARA GATOS
2019-06-22,110912,617,F,4,3,C,56,ALIMENTOS,QUEIJO MUSSARELA
2019-06-22,110936,866,M,2,2,C,104,LIMPEZA,LIMPADOR PERFUMADO
2019-06-22,111007,339,F,4,0,C,118,PET,RACAO UMIDA PARA CAES
2019-06-22,111020,14,M,1,3,B,206,ALIMENTOS,CORACAO DE FRANGO
2019-06-22,111103,333,F,2,0,C,59,ALIMENTOS,SALGADINHO
2019-06-22,111172,796,M,2,3,B,83,HIGIENE,MODELADOR
2019-06-22,111175,742,M,1,1,C,227,ALIMENTOS,ARROZ
2019-06-22,111236,649,F,3,0,B,1,ACESSORIOS,CHUPETA
2019-06-22,111279,375,M,4,0,B,132,HIGIENE,SABONETE
2019-06-22,111367,268,M,4,0,B,16,ALIMENTOS,BIFE DE COXAO MOLE
2019-06-22,111409,793,M,1,3,B,185,LIMPEZA,INSETICIDA
2019-06-22,111450,414,F,1,0,B,217,ALIMENTOS,BISCOITO
2019-06-22,111493,703,M,1,3,B,164,ACESSORIOS,MORDEDOR
2019-06-22,111528,530,F,1,0,A,83,HIGIENE,MODELADOR
2019-06-22,111589,656,M,2,0,C,226,ALIMENTOS,ARROZ INTEGRAL
2019-06-22,111660,395,F,4,1,B,65,BEBIDAS,ENERGETICO
2019-06-22,111666,289,F,3,4,C,167,ALIMENTOS,MANGA
2019-06-22,111741,119,F,3,2,B,129,ALIMENTOS,SARDINHA
2019-06-22,111790,138,F,3,2,B,21,ALIMENTOS,CENOURA
2019-06-22,111801,440,F,4,0,C,39,ALIMENTOS,LIMAO
2019-06-22,111885,881,F,5,1,C,89,HIGIENE,SABONETE
2019-06-22,111948,279,M,1,2,B,37,ALIMENTOS,LEITE
2019-06-22,111959,747,M,1,0,B,223,ALIMENTOS,AZEITONA
2019-06-22,112021,423,F,5,2,A,65,BEBIDAS,ENERGETICO
2019-06-22,112061,401,M,1,4,C,33,ALIMENTOS,IOGURTE
2019-06-22,112067,881,F,5,1,C,135,LIMPEZA,RODO
2019-06-22,112127,174,M,4,3,C,18,ALIMENTOS,BROCOLIS
2019-06-22,112212,405,F,4,0,B,192,HIGIENE,FIXADOR
2019-06-22,112283,637,F,1,0,B,119,PET,RACAO UMIDA PARA GATOS
2019-06-22,112313,51,F,3,0,B,58,ALIMENTOS,RICOTA
2019-06-22,112353,744,M,4,0,A,221,ALIMENTOS,BANANA
2019-06-22,112358,455,F,2,0,C,225,ALIMENTOS,ATUM
2019-06-22,112436,665,M,1,4,B,43,ALIMENTOS,MAMAO PAPAYA
2019-06-22,112459,911,F,2,0,B,43,ALIMENTOS,MAMAO PAPAYA
2019-06-22,112500,914,M,2,4,B,11,ALIMENTOS,AZEITE
2019-06-22,112547,141,M,3,4,B,213,ALIMENTOS,CENOURA
2019-06-22,112621,5,F,4,3,C,110,LIMPEZA,SABAO
2019-06-22,112677,146,F,2,0,B,220,ALIMENTOS,BATATA
2019-06-22,112732,14,M,1,3,B,37,ALIMENTOS,LEITE
2019-06-22,112817,292,F,2,0,C,71,HIGIENE,ABSORVENTE
2019-06-22,112871,498,M,3,2,B,28,ALIMENTOS,DOCE
2019-06-22,112888,734,F,4,2,B,114,LIMPEZA,VASSOURA
2019-06-22,112901,438,F,1,0,B,172,LIMPEZA,LUSTRA MOVEIS
2019-06-22,112951,189,F,3,4,C,163,ALIMENTOS,MORTADELA
2019-06-22,113020,513,F,4,3,B,141,BEBIDAS,REFRIGERANTE LIMaO
2019-06-22,113037,898,F,4,0,C,220,ALIMENTOS,BATATA
2019-06-22,113080,101,F,1,0,C,65,BEBIDAS,ENERGETICO
2019-06-28,113138,379,F,4,0,C,73,HIGIENE,CREME
2019-06-28,113166,467,F,2,2,B,122,ALIMENTOS,TOMATE
2019-06-28,113230,251,F,2,0,C,54,ALIMENTOS,PRESUNTO COZIDO
2019-06-28,113293,545,M,2,2,B,76,HIGIENE,FIO DENTAL
2019-06-28,113367,553,F,4,0,B,99,LIMPEZA,DESINFETANTE
2019-06-28,113374,191,M,3,0,B,8,ALIMENTOS,ARROZ
2019-06-28,113397,911,F,2,0,B,39,ALIMENTOS,LIMAO
2019-06-28,113483,362,F,3,0,B,153,ALIMENTOS,PRESUNTO COZIDO
2019-06-28,113497,130,F,1,0,B,12,ALIMENTOS,AZEITONA
2019-06-28,113516,425,F,3,0,B,71,HIGIENE,ABSORVENTE
2019-06-28,113563,690,F,1,3,B,195,ALIMENTOS,FEIJAO
2019-06-28,113621,226,F,4,0,B,110,LIMPEZA,SABAO
2019-06-28,113683,769,F,3,3,C,1,ACESSORIOS,CHUPETA
2019-06-28,113758,988,F,2,0,C,227,ALIMENTOS,ARROZ
2019-06-28,113841,705,M,1,0,B,139,LIMPEZA,REMOVEDOR
2019-06-28,113843,13,M,2,1,B,1,ACESSORIOS,CHUPETA
2019-06-28,113849,578,M,4,0,B,226,ALIMENTOS,ARROZ INTEGRAL
2019-06-28,113858,825,M,1,2,C,96,LIMPEZA,BALDE
2019-06-28,113945,109,M,2,1,B,120,LIMPEZA,VASSOURA
2019-06-28,114043,33,F,2,0,B,155,ALIMENTOS,PATE
2019-06-28,114105,727,M,4,2,C,168,ALIMENTOS,MAMAO PAPAYA
2019-06-28,114193,251,F,2,0,C,11,ALIMENTOS,AZEITE
2019-06-28,114201,931,M,2,0,A,163,ALIMENTOS,MORTADELA
2019-06-28,114220,831,F,4,2,B,215,ALIMENTOS,CAFE
2019-06-28,114296,555,M,4,3,A,28,ALIMENTOS,DOCE
2019-06-28,114382,484,M,3,2,C,51,ALIMENTOS,PAPINHA INFANTIL
2019-06-28,114398,573,F,1,0,C,198,BEBIDAS,ENERGETICO
2019-06-28,114409,423,F,5,2,A,52,ALIMENTOS,PATE
2019-06-28,114427,6,F,2,0,B,190,HIGIENE,GEL
2019-06-28,114526,528,M,2,2,C,209,ALIMENTOS,COGUMELOS
2019-06-28,114576,207,F,3,0,B,156,HIGIENE,PASTA DE DENTE
2019-06-28,114642,702,M,1,0,B,189,ALIMENTOS,GRANOLA
2019-06-28,114691,822,M,2,3,B,203,ALIMENTOS,DANETTE
2019-06-28,114780,750,M,2,2,C,19,ALIMENTOS,CAFE
2019-06-28,114871,126,M,1,0,C,135,LIMPEZA,RODO
2019-06-28,114874,250,F,4,1,B,130,ALIMENTOS,SALGADINHOS DE MILHO
2019-06-28,114923,250,F,4,1,B,80,HIGIENE,HASTES FLEXIVEIS
2019-06-28,114943,243,F,1,4,C,75,HIGIENE,ESCOVA DE DENTE
2019-06-28,114990,59,M,2,0,A,216,ALIMENTOS,BROCOLIS
2019-06-28,115009,708,F,2,2,B,193,HIGIENE,FIO DENTAL
2019-06-28,115016,429,M,4,0,C,36,ALIMENTOS,LATA DE MILHO
2019-06-28,115113,892,F,4,2,B,42,ALIMENTOS,MACARRAO INSTANTANEO
2019-06-28,115211,762,F,2,0,B,96,LIMPEZA,BALDE
2019-06-28,115232,613,F,3,0,B,78,HIGIENE,FRALDA
2019-06-28,115241,532,F,2,3,B,177,ALIMENTOS,LIMAO
2019-06-28,115304,616,F,1,2,C,26,ALIMENTOS,COXA E SOBRECOXA DE FRANGO
2019-06-28,115399,456,M,1,4,B,44,ALIMENTOS,MAMAO
2019-06-28,115477,872,M,3,4,A,72,HIGIENE,CONDICIONADOR
2019-06-28,115521,352,M,4,2,B,161,ALIMENTOS,OVOS
2019-06-28,115538,126,M,1,0,C,221,ALIMENTOS,BANANA
2019-06-28,115624,677,M,4,0,B,102,LIMPEZA,LIMPA VIDROS
2019-06-28,115625,333,F,2,0,C,80,HIGIENE,HASTES FLEXIVEIS
2019-06-28,115685,918,F,2,4,C,205,ALIMENTOS,COXA E SOBRECOXA DE FRANGO
2019-06-28,115717,726,M,2,0,B,217,ALIMENTOS,BISCOITO
2019-06-28,115741,377,F,1,0,B,209,ALIMENTOS,COGUMELOS
2019-06-28,115760,373,F,4,2,B,111,LIMPEZA,SABAO EM PO
2019-06-28,115850,980,F,1,0,B,216,ALIMENTOS,BROCOLIS
2019-06-28,115877,741,M,3,0,B,51,ALIMENTOS,PAPINHA INFANTIL
2019-06-28,115932,585,F,2,4,B,161,ALIMENTOS,OVOS
2019-06-28,115970,271,F,4,0,B,149,ALIMENTOS,QUEIJO MUSSARELA
2019-06-28,116059,796,M,2,3,B,229,ALIMENTOS,ALMONDEGA
2019-06-28,116156,252,M,2,2,B,5,ALIMENTOS,ACHOCOLATADO
2019-06-28,116212,7,M,1,3,B,199,ALIMENTOS,DOCE
2019-06-28,116286,53,M,1,1,B,146,PET,RACAO UMIDA PARA CAES
2019-03-07,116323,714,M,1,0,B,195,ALIMENTOS,FEIJAO
2019-03-07,116383,638,M,3,1,B,203,ALIMENTOS,DANETTE
2019-03-07,116416,979,F,3,0,A,140,BEBIDAS,REFRIGERANTE OUTROS
2019-03-07,116465,524,F,4,3,C,66,BEBIDAS,REFRIGERANTE COLA
2019-03-07,116537,111,M,2,4,C,37,ALIMENTOS,LEITE
2019-03-07,116592,824,F,1,0,B,169,ALIMENTOS,MAMAO
2019-03-07,116679,317,M,3,0,B,96,LIMPEZA,BALDE
2019-03-07,116712,592,F,2,0,C,26,ALIMENTOS,COXA E SOBRECOXA DE FRANGO
2019-03-07,116736,35,M,3,0,B,157,ALIMENTOS,PAPINHA INFANTIL
2019-03-07,116801,832,F,1,0,B,175,LIMPEZA,LIMPADOR MULTIUSO
2019-03-07,116869,241,M,4,1,B,78,HIGIENE,FRALDA
2019-03-07,116953,50,M,4,0,B,25,ALIMENTOS,CORACAO DE FRANGO
2019-03-07,117032,481,M,3,0,B,129,ALIMENTOS,SARDINHA
2019-03-07,117057,6,F,2,0,B,202,LIMPEZA,DESENGORDURANTE
2019-03-07,117078,371,F,4,0,B,168,ALIMENTOS,MAMAO PAPAYA
2019-03-07,117152,113,F,3,0,B,165,ALIMENTOS,MOLHO BARBECUE
2019-08-07,117160,3,F,4,0,B,226,ALIMENTOS,ARROZ INTEGRAL
2019-08-07,117194,738,M,1,0,C,62,ALIMENTOS,SNACKS
2019-08-07,117242,852,M,2,3,B,68,BEBIDAS,REFRIGERANTE LARANJA
2019-08-07,117261,872,M,3,4,A,172,LIMPEZA,LUSTRA MOVEIS
2019-08-07,117312,312,M,1,0,A,164,ACESSORIOS,MORDEDOR
2019-08-07,117409,169,F,1,1,B,193,HIGIENE,FIO DENTAL
2019-08-07,117461,986,M,4,0,B,129,ALIMENTOS,SARDINHA
2019-08-07,117498,169,F,1,1,B,6,ALIMENTOS,ALHO
2019-08-07,117501,891,F,3,2,B,34,ALIMENTOS,KETCHUP
2019-08-07,117572,781,M,4,0,B,160,ALIMENTOS,PALMITO
2019-08-07,117620,452,M,1,3,B,108,LIMPEZA,REMOVEDOR
2019-08-07,117711,792,F,2,0,B,43,ALIMENTOS,MAMAO PAPAYA
2019-08-07,117750,514,M,4,0,C,214,ALIMENTOS,CEBOLA
2019-08-07,117756,369,F,3,4,C,96,LIMPEZA,BALDE
2019-08-07,117801,256,F,4,0,B,60,ALIMENTOS,SALGADINHOS DE MILHO
2019-08-07,117877,435,F,2,0,C,48,ALIMENTOS,OVOS
2019-08-07,117926,372,M,1,4,B,83,HIGIENE,MODELADOR
2019-08-07,117933,214,F,4,0,B,124,LIMPEZA,TIRA LIMO
2019-08-07,118023,662,F,1,1,B,176,LIMPEZA,LIMPA VIDROS
2019-08-07,118058,429,M,4,0,C,210,ACESSORIOS,CHUPETA
2019-08-07,118098,262,M,1,2,B,165,ALIMENTOS,MOLHO BARBECUE
2019-08-07,118162,422,F,2,4,C,43,ALIMENTOS,MAMAO PAPAYA
2019-08-07,118174,980,F,1,0,B,189,ALIMENTOS,GRANOLA
2019-08-07,118221,644,M,1,0,C,4,ALIMENTOS,ABACAXI
2019-08-07,118245,144,M,1,0,B,93,LIMPEZA,AGUA SANITARIA
2019-08-07,118267,343,F,1,0,B,178,HIGIENE,LENCO UMEDECIDO
2019-11-07,118340,904,M,1,2,B,188,ALIMENTOS,HAMBUGUER
2019-11-07,118370,260,F,2,0,C,185,LIMPEZA,INSETICIDA
2019-11-07,118469,914,M,2,4,B,77,HIGIENE,FIXADOR
2019-11-07,118548,679,F,3,3,B,181,ALIMENTOS,LATA DE MILHO
2019-11-07,118644,128,F,2,0,B,138,HIGIENE,REPELENTE
2019-11-07,118716,481,M,3,0,B,227,ALIMENTOS,ARROZ
2019-11-07,118778,912,F,4,0,C,88,HIGIENE,REPELENTE
2019-11-07,118802,28,F,1,2,B,38,ALIMENTOS,LEITE CONDENSADO
2019-11-07,118884,95,M,1,0,B,90,HIGIENE,SHAMPOO
2019-11-07,118927,25,M,4,1,C,76,HIGIENE,FIO DENTAL
2019-11-07,119018,608,F,3,0,C,29,ALIMENTOS,FEIJAO
2019-11-07,119035,990,F,1,4,B,186,HIGIENE,HIDRATANTE
2019-11-07,119114,235,F,4,0,B,226,ALIMENTOS,ARROZ INTEGRAL
2019-11-07,119203,798,M,5,2,B,161,ALIMENTOS,OVOS
2019-11-07,119286,91,M,3,0,B,38,ALIMENTOS,LEITE CONDENSADO
2019-11-07,119355,450,M,1,0,B,147,PET,RACAO SECA PARA GATOS
2019-11-07,119424,465,F,3,0,B,24,ALIMENTOS,COPA SUINA
2019-11-07,119511,481,M,3,0,B,45,ALIMENTOS,MANGA
2019-11-07,119581,633,F,3,0,C,39,ALIMENTOS,LIMAO
2019-11-07,119615,943,F,1,0,C,148,PET,RACAO SECA PARA CAES
2019-11-07,119637,286,M,4,0,B,105,LIMPEZA,LUSTRA MOVEIS
2019-11-07,119728,547,F,3,4,C,56,ALIMENTOS,QUEIJO MUSSARELA
2019-11-07,119742,964,M,2,0,B,128,HIGIENE,SHAMPOO
2019-11-07,119792,537,F,1,4,B,35,ALIMENTOS,LATA DE ERVILHA
2019-11-07,119832,583,F,2,0,B,128,HIGIENE,SHAMPOO
2019-11-07,119919,793,M,1,3,B,68,BEBIDAS,REFRIGERANTE LARANJA
2019-11-07,119959,349,M,3,0,B,99,LIMPEZA,DESINFETANTE
2019-11-07,119989,692,F,4,0,B,183,ALIMENTOS,KETCHUP
2019-11-07,120045,925,M,2,0,C,54,ALIMENTOS,PRESUNTO COZIDO
2019-11-07,120121,824,F,1,0,B,74,HIGIENE,ENXAGUANTE BUCAL
2019-11-07,120167,431,F,4,3,B,140,BEBIDAS,REFRIGERANTE OUTROS
2019-11-07,120236,31,F,1,0,C,22,ALIMENTOS,CHA
2019-11-07,120242,116,M,4,0,B,1,ACESSORIOS,CHUPETA
2019-11-07,120323,485,M,3,3,B,78,HIGIENE,FRALDA
2019-11-07,120420,751,F,2,0,B,124,LIMPEZA,TIRA LIMO
2019-11-07,120454,750,M,2,2,C,195,ALIMENTOS,FEIJAO
2019-11-07,120479,246,M,2,2,B,95,LIMPEZA,AMACIANTE
2019-07-17,120509,82,F,1,1,C,221,ALIMENTOS,BANANA
2019-07-17,120564,126,M,1,0,C,38,ALIMENTOS,LEITE CONDENSADO
2019-07-17,120649,353,M,1,2,B,222,LIMPEZA,BALDE
2019-07-17,120673,900,F,3,0,B,26,ALIMENTOS,COXA E SOBRECOXA DE FRANGO
2019-07-17,120677,904,M,1,2,B,57,ALIMENTOS,REQUEIJAO
2019-07-17,120752,476,M,3,0,C,216,ALIMENTOS,BROCOLIS
2019-07-17,120796,606,M,1,0,B,13,ALIMENTOS,BANANA
2019-07-17,120834,516,M,1,0,C,14,ALIMENTOS,BATATA
2019-07-17,120929,946,M,3,0,B,9,ALIMENTOS,ARROZ INTEGRAL
2019-07-17,120934,680,F,3,0,C,188,ALIMENTOS,HAMBUGUER
2019-07-17,121002,481,M,3,0,B,114,LIMPEZA,VASSOURA
2019-07-17,121045,729,M,3,0,B,214,ALIMENTOS,CEBOLA
2019-07-17,121122,920,F,5,3,B,19,ALIMENTOS,CAFE
2019-07-17,121137,833,F,1,4,B,93,LIMPEZA,AGUA SANITARIA
2019-07-17,121161,980,F,1,0,B,43,ALIMENTOS,MAMAO PAPAYA
2019-07-17,121190,72,F,2,0,A,90,HIGIENE,SHAMPOO
2019-07-17,121232,161,M,5,2,B,180,ALIMENTOS,LEITE
2019-07-17,121251,905,M,1,0,B,168,ALIMENTOS,MAMAO PAPAYA
2019-07-17,121257,345,F,2,3,B,227,ALIMENTOS,ARROZ
2019-07-17,121309,272,M,4,3,C,52,ALIMENTOS,PATE
2019-07-17,121332,567,F,1,0,C,156,HIGIENE,PASTA DE DENTE
2019-07-17,121428,234,M,3,4,B,104,LIMPEZA,LIMPADOR PERFUMADO
2019-07-17,121460,525,M,1,4,B,207,ALIMENTOS,COPA SUINA
2019-07-17,121492,769,F,3,3,C,187,HIGIENE,HASTES FLEXIVEIS
2019-07-17,121509,685,F,4,0,B,97,LIMPEZA,CERA
2019-07-17,121568,948,M,4,0,C,186,HIGIENE,HIDRATANTE
2019-07-17,121629,551,M,1,0,C,207,ALIMENTOS,COPA SUINA
2019-07-17,121634,577,M,4,0,C,28,ALIMENTOS,DOCE
2019-07-17,121662,216,F,1,2,B,103,LIMPEZA,LIMPADOR MULTIUSO
2019-07-17,121747,429,M,4,0,C,99,LIMPEZA,DESINFETANTE
2019-07-17,121755,140,F,1,0,C,64,ALIMENTOS,UVA
2019-07-17,121774,212,F,2,1,B,207,ALIMENTOS,COPA SUINA
2019-07-17,121857,481,M,3,0,B,162,LIMPEZA,ODORIZADOR
2019-07-17,121862,746,M,3,0,C,151,HIGIENE,PROTETOR SOLAR
2019-07-17,121951,660,F,3,0,C,31,ALIMENTOS,GRANOLA
2019-07-17,121980,120,F,4,3,A,28,ALIMENTOS,DOCE
2019-07-17,122013,390,F,2,0,B,97,LIMPEZA,CERA
2019-07-17,122020,132,M,2,0,A,171,ALIMENTOS,MACARRAO
2019-07-17,122099,270,F,3,1,B,141,BEBIDAS,REFRIGERANTE LIMaO
2019-07-17,122122,514,M,4,0,C,66,BEBIDAS,REFRIGERANTE COLA
2019-07-17,122168,806,F,2,3,B,114,LIMPEZA,VASSOURA
2019-07-17,122263,226,F,4,0,B,55,ALIMENTOS,QUEIJO DE CABRA
2019-07-17,122357,776,F,2,0,B,220,ALIMENTOS,BATATA
2019-07-17,122383,768,F,4,0,B,138,HIGIENE,REPELENTE
2019-07-17,122423,734,F,4,2,B,136,ALIMENTOS,RICOTA
2019-07-17,122429,875,F,1,0,B,166,HIGIENE,MODELADOR
2019-07-17,122475,768,F,4,0,B,205,ALIMENTOS,COXA E SOBRECOXA DE FRANGO
2019-07-17,122565,862,M,4,0,B,31,ALIMENTOS,GRANOLA
2019-07-17,122599,616,F,1,2,C,103,LIMPEZA,LIMPADOR MULTIUSO
2019-07-17,122605,446,M,1,4,B,211,ALIMENTOS,CHA
2019-07-17,122688,750,M,2,2,C,123,LIMPEZA,TIRA MANCHA
2019-07-17,122747,621,F,4,0,B,172,LIMPEZA,LUSTRA MOVEIS
2019-07-17,122758,329,F,3,0,B,1,ACESSORIOS,CHUPETA
2019-07-17,122844,511,F,1,0,B,187,HIGIENE,HASTES FLEXIVEIS
2019-07-17,122875,772,F,2,0,B,67,BEBIDAS,REFRIGERANTE GUARANA
2019-07-17,122944,314,F,1,1,A,61,ALIMENTOS,SARDINHA
2019-07-17,123010,529,M,1,2,B,181,ALIMENTOS,LATA DE MILHO
2019-07-17,123098,52,F,1,0,A,45,ALIMENTOS,MANGA
2019-07-18,123113,85,M,1,0,B,197,HIGIENE,ENXAGUANTE BUCAL
2019-07-18,123135,679,F,3,3,B,199,ALIMENTOS,DOCE
2019-07-18,123151,201,M,3,0,B,80,HIGIENE,HASTES FLEXIVEIS
2019-07-18,123205,412,M,2,0,B,28,ALIMENTOS,DOCE
2019-07-18,123293,674,M,4,1,B,201,LIMPEZA,DESINFETANTE
2019-07-18,123386,381,F,1,1,B,12,ALIMENTOS,AZEITONA
2019-07-18,123398,939,M,2,1,C,147,PET,RACAO SECA PARA GATOS
2019-07-18,123442,149,M,1,3,A,80,HIGIENE,HASTES FLEXIVEIS
2019-07-18,123490,437,F,2,1,C,79,HIGIENE,GEL
2019-07-18,123498,601,M,4,0,A,135,LIMPEZA,RODO
2019-07-18,123586,210,M,2,2,C,127,ALIMENTOS,SNACKS
2019-07-18,123680,258,F,1,0,B,128,HIGIENE,SHAMPOO
2019-07-18,123701,631,M,1,4,C,224,ALIMENTOS,AZEITE
2019-07-18,123774,586,F,4,2,B,6,ALIMENTOS,ALHO
2019-07-18,123782,223,F,3,0,B,227,ALIMENTOS,ARROZ
2019-07-18,123802,589,F,3,2,C,196,HIGIENE,ESCOVA DE DENTE
2019-07-18,123899,822,M,2,3,B,118,PET,RACAO UMIDA PARA CAES
2019-07-18,123959,558,F,5,2,C,86,HIGIENE,PRESERVATIVO
2019-07-18,124016,436,M,2,4,B,23,ALIMENTOS,COGUMELOS
2019-07-18,124066,301,F,3,0,C,73,HIGIENE,CREME
2019-07-18,124156,725,M,4,0,C,229,ALIMENTOS,ALMONDEGA
2019-07-18,124225,701,M,3,0,B,78,HIGIENE,FRALDA
2019-07-18,124263,312,M,1,0,A,2,ACESSORIOS,MORDEDOR
2019-07-18,124317,863,F,1,4,B,165,ALIMENTOS,MOLHO BARBECUE
2019-07-18,124381,238,M,2,1,B,63,ALIMENTOS,TOMATE
2019-07-18,124407,812,F,2,0,A,13,ALIMENTOS,BANANA
2019-07-18,124464,76,M,3,0,A,125,HIGIENE,TINTURAS
2019-07-18,124471,873,F,3,0,B,58,ALIMENTOS,RICOTA
2019-07-18,124490,145,M,3,0,B,18,ALIMENTOS,BROCOLIS
2019-07-18,124516,619,M,4,1,B,26,ALIMENTOS,COXA E SOBRECOXA DE FRANGO
2019-07-18,124577,79,F,2,0,C,59,ALIMENTOS,SALGADINHO
2019-07-18,124602,600,M,2,4,C,64,ALIMENTOS,UVA
2019-07-18,124693,447,M,2,0,B,166,HIGIENE,MODELADOR
2019-07-18,124696,630,M,1,2,C,19,ALIMENTOS,CAFE
2019-07-18,124706,180,M,3,4,B,31,ALIMENTOS,GRANOLA
2019-07-18,124718,299,F,3,1,C,209,ALIMENTOS,COGUMELOS
2019-07-18,124803,714,M,1,0,B,34,ALIMENTOS,KETCHUP
2019-07-18,124873,16,M,1,4,C,44,ALIMENTOS,MAMAO
2019-07-18,124884,595,M,1,0,B,82,HIGIENE,LENCO UMEDECIDO
2019-07-18,124907,252,M,2,2,B,74,HIGIENE,ENXAGUANTE BUCAL
2019-07-18,124967,370,M,1,4,B,75,HIGIENE,ESCOVA DE DENTE
2019-07-18,125015,798,M,5,2,B,113,LIMPEZA,TIRA MANCHA
2019-07-18,125074,704,F,2,0,C,154,HIGIENE,PRESERVATIVO
2019-07-18,125093,998,F,2,0,C,103,LIMPEZA,LIMPADOR MULTIUSO
2019-07-18,125146,598,F,4,0,B,19,ALIMENTOS,CAFE
2019-07-18,125173,914,M,2,4,B,135,LIMPEZA,RODO
2019-07-18,125204,483,M,1,0,C,121,ALIMENTOS,UVA
2019-07-18,125219,392,M,2,2,C,225,ALIMENTOS,ATUM
2019-07-18,125294,792,F,2,0,B,200,LIMPEZA,DETERGENTE
2019-07-18,125362,611,M,4,0,B,61,ALIMENTOS,SARDINHA
2019-07-18,125402,411,F,2,0,B,191,HIGIENE,FRALDA
2019-07-18,125495,709,F,3,0,B,145,PET,RACAO UMIDA PARA GATOS
2019-07-18,125537,688,M,1,1,A,158,HIGIENE,PAPEL HIGIENICO
2019-07-18,125579,349,M,3,0,B,75,HIGIENE,ESCOVA DE DENTE
2019-07-18,125605,773,M,4,0,B,154,HIGIENE,PRESERVATIVO
2019-07-18,125693,825,M,1,2,C,215,ALIMENTOS,CAFE
2019-07-18,125790,666,F,2,2,B,150,ALIMENTOS,QUEIJO DE CABRA
2019-07-18,125878,118,M,2,4,A,199,ALIMENTOS,DOCE
2019-07-18,125918,669,F,4,0,B,5,ALIMENTOS,ACHOCOLATADO
2019-07-18,125987,847,M,4,2,A,200,LIMPEZA,DETERGENTE
2019-07-18,126058,659,F,2,2,B,129,ALIMENTOS,SARDINHA
2019-07-18,126124,202,M,1,0,B,199,ALIMENTOS,DOCE
2019-07-18,126168,207,F,3,0,B,119,PET,RACAO UMIDA PARA GATOS
2019-07-18,126233,560,M,2,0,B,156,HIGIENE,PASTA DE DENTE
2019-07-18,126332,576,M,3,0,B,64,ALIMENTOS,UVA
2019-07-18,126430,382,F,3,0,C,100,LIMPEZA,DETERGENTE
2019-07-18,126476,762,F,2,0,B,116,PET,RACAO SECA PARA CAES
2019-07-18,126542,445,M,2,0,B,182,ALIMENTOS,LATA DE ERVILHA
2019-07-18,126584,483,M,1,0,C,66,BEBIDAS,REFRIGERANTE COLA
2019-07-18,126660,604,M,4,0,B,128,HIGIENE,SHAMPOO
2019-07-18,126690,526,M,2,2,B,141,BEBIDAS,REFRIGERANTE LIMaO
2019-07-18,126710,323,M,1,3,B,228,LIMPEZA,AMACIANTE
2019-07-18,126800,384,F,3,2,C,94,LIMPEZA,ALCOOL
2019-07-18,126818,463,M,3,3,B,145,PET,RACAO UMIDA PARA GATOS
2019-07-18,126867,427,M,3,0,B,52,ALIMENTOS,PATE
2019-07-18,126897,284,M,4,1,B,95,LIMPEZA,AMACIANTE
2019-07-18,126947,880,M,3,2,B,43,ALIMENTOS,MAMAO PAPAYA
2019-07-18,127014,937,M,3,4,C,137,ALIMENTOS,REQUEIJAO
2019-07-18,127026,619,M,4,1,B,39,ALIMENTOS,LIMAO
2019-07-18,127123,816,M,4,0,C,214,ALIMENTOS,CEBOLA
2019-07-18,127196,131,F,2,0,C,155,ALIMENTOS,PATE
2019-07-18,127270,25,M,4,1,C,51,ALIMENTOS,PAPINHA INFANTIL
2019-07-22,127272,476,M,3,0,C,161,ALIMENTOS,OVOS
2019-07-22,127276,111,M,2,4,C,96,LIMPEZA,BALDE
2019-07-22,127370,41,M,3,0,C,165,ALIMENTOS,MOLHO BARBECUE
2019-07-22,127439,685,F,4,0,B,9,ALIMENTOS,ARROZ INTEGRAL
2019-07-22,127507,414,F,1,0,B,84,HIGIENE,PAPEL HIGIENICO
2019-07-22,127565,795,F,4,2,B,149,ALIMENTOS,QUEIJO MUSSARELA
2019-07-22,127588,616,F,1,2,C,113,LIMPEZA,TIRA MANCHA
2019-07-22,127671,325,M,1,3,B,60,ALIMENTOS,SALGADINHOS DE MILHO
2019-07-22,127704,912,F,4,0,C,72,HIGIENE,CONDICIONADOR
2019-07-22,127705,240,M,4,0,B,84,HIGIENE,PAPEL HIGIENICO
2019-07-22,127774,887,F,3,0,B,126,HIGIENE,TALCO
2019-07-22,127777,810,M,1,0,B,204,HIGIENE,CREME
2019-07-22,127809,734,F,4,2,B,130,ALIMENTOS,SALGADINHOS DE MILHO
2019-07-22,127903,45,M,2,0,A,150,ALIMENTOS,QUEIJO DE CABRA
2019-07-22,127926,700,F,4,2,C,21,ALIMENTOS,CENOURA
2019-07-22,127979,750,M,2,2,C,56,ALIMENTOS,QUEIJO MUSSARELA
2019-07-22,128026,696,M,2,0,B,208,HIGIENE,CONDICIONADOR
2019-07-22,128076,254,F,5,2,B,130,ALIMENTOS,SALGADINHOS DE MILHO
2019-07-22,128113,801,M,1,4,B,152,ALIMENTOS,PRESUNTO COZIDO
2019-07-22,128135,232,M,3,1,B,146,PET,RACAO UMIDA PARA CAES
2019-07-22,128231,788,F,4,2,B,220,ALIMENTOS,BATATA
2019-07-22,128267,350,F,5,1,B,31,ALIMENTOS,GRANOLA
2019-07-22,128326,369,F,3,4,C,64,ALIMENTOS,UVA
2019-07-22,128398,311,F,4,0,C,225,ALIMENTOS,ATUM
2019-07-22,128486,464,M,2,2,B,200,LIMPEZA,DETERGENTE
2019-07-22,128581,762,F,2,0,B,155,ALIMENTOS,PATE
2019-07-22,128596,937,M,3,4,C,204,HIGIENE,CREME
2019-07-22,128680,874,F,3,3,B,172,LIMPEZA,LUSTRA MOVEIS
2019-07-22,128764,815,F,2,4,B,173,ALIMENTOS,LINGUICA
2019-07-22,128839,277,F,1,3,B,104,LIMPEZA,LIMPADOR PERFUMADO
2019-07-22,128858,510,F,4,0,B,185,LIMPEZA,INSETICIDA
2019-07-22,128882,482,M,4,2,B,214,ALIMENTOS,CEBOLA
2019-07-22,128926,59,M,2,0,A,210,ACESSORIOS,CHUPETA
2019-07-22,128986,9,F,2,0,B,136,ALIMENTOS,RICOTA
2019-07-22,129062,736,M,1,0,C,177,ALIMENTOS,LIMAO
2019-07-22,129161,437,F,2,1,C,127,ALIMENTOS,SNACKS
2019-07-22,129204,549,M,2,3,C,155,ALIMENTOS,PATE
2019-07-22,129254,434,M,1,4,B,188,ALIMENTOS,HAMBUGUER
2019-07-22,129265,886,F,5,1,B,34,ALIMENTOS,KETCHUP
2019-07-22,129323,67,M,1,0,B,202,LIMPEZA,DESENGORDURANTE
2019-07-22,129354,521,F,1,0,A,139,LIMPEZA,REMOVEDOR
2019-07-22,129368,132,M,2,0,A,110,LIMPEZA,SABAO
2019-07-22,129414,396,F,1,0,B,80,HIGIENE,HASTES FLEXIVEIS
2019-07-22,129450,161,M,5,2,B,30,ALIMENTOS,FILE DE PEIXE
2019-07-22,129536,346,F,2,4,C,88,HIGIENE,REPELENTE
2019-07-22,129600,162,F,1,1,B,83,HIGIENE,MODELADOR
2019-07-22,129652,398,F,4,1,B,203,ALIMENTOS,DANETTE
2019-07-22,129717,372,M,1,4,B,145,PET,RACAO UMIDA PARA GATOS
2019-07-22,129719,870,F,1,0,B,110,LIMPEZA,SABAO
2019-07-22,129798,794,M,1,2,B,165,ALIMENTOS,MOLHO BARBECUE
2019-07-22,129891,684,F,3,0,C,2,ACESSORIOS,MORDEDOR
2019-07-22,129907,277,F,1,3,B,15,ALIMENTOS,BATATA DOCE
2019-07-22,129955,42,M,2,2,B,196,HIGIENE,ESCOVA DE DENTE
2019-07-22,130028,644,M,1,0,C,126,HIGIENE,TALCO
2019-07-22,130097,922,M,1,0,B,110,LIMPEZA,SABAO
2019-07-22,130182,785,M,1,4,C,75,HIGIENE,ESCOVA DE DENTE
2019-07-22,130241,341,M,2,0,C,26,ALIMENTOS,COXA E SOBRECOXA DE FRANGO
2019-07-22,130339,498,M,3,2,B,91,HIGIENE,TALCO
2019-07-22,130426,295,F,1,3,B,30,ALIMENTOS,FILE DE PEIXE
2019-07-22,130489,50,M,4,0,B,20,ALIMENTOS,CEBOLA
2019-07-22,130499,775,F,2,3,B,174,LIMPEZA,LIMPADOR PERFUMADO
2019-07-22,130525,189,F,3,4,C,90,HIGIENE,SHAMPOO
2019-07-22,130569,826,F,2,0,C,57,ALIMENTOS,REQUEIJAO
2019-07-22,130590,406,M,2,4,C,225,ALIMENTOS,ATUM
2019-07-22,130628,268,M,4,0,B,184,ALIMENTOS,IOGURTE
2019-07-22,130685,44,F,4,0,C,147,PET,RACAO SECA PARA GATOS
2019-07-22,130723,105,F,4,0,C,119,PET,RACAO UMIDA PARA GATOS
2019-07-22,130785,905,M,1,0,B,52,ALIMENTOS,PATE
2019-07-22,130803,599,F,1,4,C,4,ALIMENTOS,ABACAXI
2019-07-22,130888,466,F,1,0,C,123,LIMPEZA,TIRA MANCHA
2019-07-22,130923,995,M,3,1,B,193,HIGIENE,FIO DENTAL
2019-07-22,130929,17,M,4,0,B,37,ALIMENTOS,LEITE
2019-07-22,130989,495,F,2,3,A,190,HIGIENE,GEL
2019-07-22,131074,587,M,1,0,B,99,LIMPEZA,DESINFETANTE
2019-07-22,131108,816,M,4,0,C,199,ALIMENTOS,DOCE
2019-07-22,131195,559,F,3,1,A,88,HIGIENE,REPELENTE
2019-07-22,131207,281,F,2,0,B,124,LIMPEZA,TIRA LIMO
2019-07-22,131242,234,M,3,4,B,134,LIMPEZA,SABAO
2019-07-29,131341,640,M,4,0,C,209,ALIMENTOS,COGUMELOS
2019-07-29,131342,191,M,3,0,B,95,LIMPEZA,AMACIANTE
2019-07-29,131426,813,F,4,0,C,28,ALIMENTOS,DOCE
2019-07-29,131496,107,F,2,0,C,123,LIMPEZA,TIRA MANCHA
2019-07-29,131536,837,F,2,0,C,23,ALIMENTOS,COGUMELOS
2019-07-29,131615,794,M,1,2,B,140,BEBIDAS,REFRIGERANTE OUTROS
2019-07-29,131630,88,F,1,0,B,7,ALIMENTOS,ALMONDEGA
2019-07-29,131646,692,F,4,0,B,38,ALIMENTOS,LEITE CONDENSADO
2019-07-29,131700,904,M,1,2,B,130,ALIMENTOS,SALGADINHOS DE MILHO
2019-07-29,131727,591,M,4,1,B,110,LIMPEZA,SABAO
2019-07-29,131751,644,M,1,0,C,223,ALIMENTOS,AZEITONA
2019-07-29,131844,298,F,4,0,C,194,ALIMENTOS,FILE DE PEIXE
2019-07-29,131877,174,M,4,3,C,109,LIMPEZA,RODO
2019-07-29,131968,497,M,3,0,B,76,HIGIENE,FIO DENTAL
2019-07-29,131971,861,M,3,0,B,189,ALIMENTOS,GRANOLA
2019-07-29,131975,142,F,1,0,B,72,HIGIENE,CONDICIONADOR
2019-07-29,132068,108,M,1,0,B,160,ALIMENTOS,PALMITO
2019-07-29,132120,732,F,3,4,B,74,HIGIENE,ENXAGUANTE BUCAL
2019-07-29,132165,694,M,4,0,C,151,HIGIENE,PROTETOR SOLAR
2019-07-29,132259,468,M,3,1,C,100,LIMPEZA,DETERGENTE
2019-07-29,132320,779,M,3,4,A,110,LIMPEZA,SABAO
2019-07-29,132327,262,M,1,2,B,75,HIGIENE,ESCOVA DE DENTE
2019-07-29,132351,663,F,4,0,B,106,LIMPEZA,ODORIZADOR
2019-07-29,132411,824,F,1,0,B,223,ALIMENTOS,AZEITONA
2019-07-29,132422,414,F,1,0,B,26,ALIMENTOS,COXA E SOBRECOXA DE FRANGO
2019-07-29,132518,875,F,1,0,B,159,ALIMENTOS,PAO DE FORMA
2019-07-29,132579,826,F,2,0,C,155,ALIMENTOS,PATE
2019-07-29,132588,604,M,4,0,B,64,ALIMENTOS,UVA
2019-07-29,132645,68,F,2,1,A,99,LIMPEZA,DESINFETANTE
2019-07-29,132657,217,F,3,0,B,228,LIMPEZA,AMACIANTE
2019-07-29,132705,644,M,1,0,C,36,ALIMENTOS,LATA DE MILHO
2019-07-29,132729,135,M,3,0,B,147,PET,RACAO SECA PARA GATOS
2019-07-29,132777,834,M,3,3,B,56,ALIMENTOS,QUEIJO MUSSARELA
2019-07-29,132808,547,F,3,4,C,68,BEBIDAS,REFRIGERANTE LARANJA
2019-07-29,132855,931,M,2,0,A,204,HIGIENE,CREME
2019-07-29,132905,155,F,2,0,B,58,ALIMENTOS,RICOTA
2019-07-29,132952,604,M,4,0,B,125,HIGIENE,TINTURAS
2019-07-29,133017,347,F,4,0,B,68,BEBIDAS,REFRIGERANTE LARANJA
2019-07-29,133113,719,M,1,0,B,10,ALIMENTOS,ATUM
2019-07-29,133143,490,F,2,4,C,95,LIMPEZA,AMACIANTE
2019-07-29,133242,591,M,4,1,B,140,BEBIDAS,REFRIGERANTE OUTROS
2019-07-29,133293,849,F,5,1,B,151,HIGIENE,PROTETOR SOLAR
2019-07-29,133336,469,M,4,2,C,212,LIMPEZA,CERA
2019-07-29,133363,392,M,2,2,C,27,ALIMENTOS,DANETTE
2019-07-29,133421,303,M,3,4,B,52,ALIMENTOS,PATE
2019-07-29,133433,541,F,3,0,B,116,PET,RACAO SECA PARA CAES
2019-07-29,133434,468,M,3,1,C,51,ALIMENTOS,PAPINHA INFANTIL
2019-07-29,133492,434,M,1,4,B,74,HIGIENE,ENXAGUANTE BUCAL
2019-07-29,133536,88,F,1,0,B,163,ALIMENTOS,MORTADELA
2019-07-29,133592,202,M,1,0,B,147,PET,RACAO SECA PARA GATOS
2019-07-29,133601,44,F,4,0,C,42,ALIMENTOS,MACARRAO INSTANTANEO
2019-07-29,133646,494,F,5,1,C,216,ALIMENTOS,BROCOLIS
2019-07-29,133719,822,M,2,3,B,29,ALIMENTOS,FEIJAO
2019-07-29,133812,458,F,3,4,C,108,LIMPEZA,REMOVEDOR
2019-07-29,133880,346,F,2,4,C,216,ALIMENTOS,BROCOLIS
2019-07-29,133940,219,M,2,0,B,31,ALIMENTOS,GRANOLA
2019-05-08,133964,662,F,1,1,B,169,ALIMENTOS,MAMAO
2019-05-08,133993,247,M,1,0,B,198,BEBIDAS,ENERGETICO
2019-05-08,134059,882,F,4,1,B,167,ALIMENTOS,MANGA
2019-05-08,134068,272,M,4,3,C,121,ALIMENTOS,UVA
2019-05-08,134077,395,F,4,1,B,46,ALIMENTOS,MOLHO BARBECUE
2019-05-08,134102,550,M,4,0,B,29,ALIMENTOS,FEIJAO
2019-05-08,134138,605,M,4,2,B,169,ALIMENTOS,MAMAO
2019-05-08,134182,129,M,2,0,A,212,LIMPEZA,CERA
2019-05-08,134240,222,F,4,0,B,50,ALIMENTOS,PAO DE FORMA
2019-05-08,134246,161,M,5,2,B,38,ALIMENTOS,LEITE CONDENSADO
2019-05-08,134277,738,M,1,0,C,158,HIGIENE,PAPEL HIGIENICO
2019-05-08,134374,529,M,1,2,B,94,LIMPEZA,ALCOOL
2019-05-08,134456,292,F,2,0,C,167,ALIMENTOS,MANGA
2019-05-08,134485,305,F,4,0,B,8,ALIMENTOS,ARROZ
2019-05-08,134502,342,M,3,0,B,126,HIGIENE,TALCO
2019-05-08,134543,182,F,1,4,B,142,BEBIDAS,REFRIGERANTE LARANJA
2019-05-08,134621,993,M,5,1,B,224,ALIMENTOS,AZEITE
2019-05-08,134686,228,F,4,0,C,87,HIGIENE,PROTETOR SOLAR
2019-05-08,134722,849,F,5,1,B,15,ALIMENTOS,BATATA DOCE
2019-05-08,134811,965,M,3,0,B,124,LIMPEZA,TIRA LIMO
2019-05-08,134846,441,M,4,2,B,131,ALIMENTOS,SALGADINHO
2019-05-08,134848,672,F,4,0,B,134,LIMPEZA,SABAO
2019-05-08,134906,195,M,4,0,B,24,ALIMENTOS,COPA SUINA
2019-05-08,134970,493,M,2,4,B,206,ALIMENTOS,CORACAO DE FRANGO
2019-05-08,135010,893,F,1,0,B,62,ALIMENTOS,SNACKS
2019-05-08,135083,200,F,3,0,B,68,BEBIDAS,REFRIGERANTE LARANJA
2019-05-08,135127,311,F,4,0,C,38,ALIMENTOS,LEITE CONDENSADO
2019-05-08,135222,510,F,4,0,B,20,ALIMENTOS,CEBOLA
2019-05-08,135248,995,M,3,1,B,114,LIMPEZA,VASSOURA
2019-05-08,135330,876,F,2,3,B,110,LIMPEZA,SABAO
2019-05-08,135409,791,F,1,0,B,126,HIGIENE,TALCO
2019-05-08,135440,379,F,4,0,C,131,ALIMENTOS,SALGADINHO
2019-05-08,135459,147,M,1,0,A,169,ALIMENTOS,MAMAO
2019-05-08,135550,970,M,2,4,B,103,LIMPEZA,LIMPADOR MULTIUSO
2019-05-08,135562,64,F,4,0,B,158,HIGIENE,PAPEL HIGIENICO
2019-05-08,135599,850,M,1,0,C,106,LIMPEZA,ODORIZADOR
2019-05-08,135697,191,M,3,0,B,123,LIMPEZA,TIRA MANCHA
2019-09-08,135780,336,F,1,0,C,101,LIMPEZA,INSETICIDA
2019-09-08,135802,447,M,2,0,B,59,ALIMENTOS,SALGADINHO
2019-09-08,135819,91,M,3,0,B,18,ALIMENTOS,BROCOLIS
2019-09-08,135831,162,F,1,1,B,214,ALIMENTOS,CEBOLA
2019-09-08,135844,642,M,2,3,B,76,HIGIENE,FIO DENTAL
2019-09-08,135905,534,M,4,1,C,12,ALIMENTOS,AZEITONA
2019-09-08,135982,479,F,1,0,B,159,ALIMENTOS,PAO DE FORMA
2019-09-08,135988,21,M,3,0,B,74,HIGIENE,ENXAGUANTE BUCAL
2019-09-08,136034,871,F,1,3,C,92,HIGIENE,TINTURAS
2019-09-08,136118,856,F,5,1,B,5,ALIMENTOS,ACHOCOLATADO
2019-09-08,136154,571,F,2,0,B,70,BEBIDAS,REFRIGERANTE OUTROS
2019-09-08,136211,273,M,4,0,C,110,LIMPEZA,SABAO
2019-09-08,136298,391,F,2,0,A,213,ALIMENTOS,CENOURA
2019-09-08,136367,979,F,3,0,A,99,LIMPEZA,DESINFETANTE
2019-09-08,136418,153,M,4,1,B,98,LIMPEZA,DESENGORDURANTE
2019-09-08,136461,60,F,2,3,B,107,#N/D,#N/D
2019-09-08,136527,684,F,3,0,C,74,HIGIENE,ENXAGUANTE BUCAL
2019-09-08,136532,890,M,3,0,C,113,LIMPEZA,TIRA MANCHA
2019-08-16,136599,719,M,1,0,B,45,ALIMENTOS,MANGA
2019-08-16,136634,431,F,4,3,B,90,HIGIENE,SHAMPOO
2019-08-16,136688,744,M,4,0,A,180,ALIMENTOS,LEITE
2019-08-16,136715,202,M,1,0,B,92,HIGIENE,TINTURAS
2019-08-16,136783,985,M,1,0,B,8,ALIMENTOS,ARROZ
2019-08-16,136851,475,F,4,3,B,213,ALIMENTOS,CENOURA
2019-08-16,136875,471,F,4,0,A,34,ALIMENTOS,KETCHUP
2019-08-16,136934,746,M,3,0,C,141,BEBIDAS,REFRIGERANTE LIMaO
2019-08-16,136991,665,M,1,4,B,146,PET,RACAO UMIDA PARA CAES
2019-08-16,137056,924,F,2,2,B,129,ALIMENTOS,SARDINHA
2019-08-16,137100,528,M,2,2,C,89,HIGIENE,SABONETE
2019-08-16,137142,7,M,1,3,B,204,HIGIENE,CREME
2019-08-16,137239,558,F,5,2,C,166,HIGIENE,MODELADOR
2019-08-16,137329,508,F,3,0,B,13,ALIMENTOS,BANANA
2019-08-16,137360,766,F,1,0,B,92,HIGIENE,TINTURAS
2019-08-16,137399,667,F,4,0,C,5,ALIMENTOS,ACHOCOLATADO
2019-08-16,137470,785,M,1,4,C,124,LIMPEZA,TIRA LIMO
2019-08-16,137524,883,M,1,0,B,149,ALIMENTOS,QUEIJO MUSSARELA
2019-08-16,137551,242,F,4,0,B,126,HIGIENE,TALCO
2019-08-16,137607,466,F,1,0,C,224,ALIMENTOS,AZEITE
2019-08-16,137705,365,M,4,0,A,118,PET,RACAO UMIDA PARA CAES
2019-08-16,137726,25,M,4,1,C,127,ALIMENTOS,SNACKS
2019-08-16,137748,935,F,2,0,B,84,HIGIENE,PAPEL HIGIENICO
2019-08-16,137772,806,F,2,3,B,40,ALIMENTOS,LINGUICA
2019-08-16,137863,643,F,4,0,C,56,ALIMENTOS,QUEIJO MUSSARELA
2019-08-16,137911,775,F,2,3,B,130,ALIMENTOS,SALGADINHOS DE MILHO
2019-08-16,137989,545,M,2,2,B,212,LIMPEZA,CERA
2019-08-16,138015,642,M,2,3,B,175,LIMPEZA,LIMPADOR MULTIUSO
2019-08-16,138039,534,M,4,1,C,79,HIGIENE,GEL
2019-08-16,138084,658,F,1,1,B,129,ALIMENTOS,SARDINHA
2019-08-16,138181,959,M,5,1,B,173,ALIMENTOS,LINGUICA
2019-08-16,138201,936,F,3,2,B,199,ALIMENTOS,DOCE
2019-08-16,138207,147,M,1,0,A,107,#N/D,#N/D
2019-08-16,138226,268,M,4,0,B,90,HIGIENE,SHAMPOO
2019-08-16,138321,651,F,2,0,B,75,HIGIENE,ESCOVA DE DENTE
2019-08-16,138379,952,F,3,4,C,24,ALIMENTOS,COPA SUINA
2019-08-16,138416,656,M,2,0,C,114,LIMPEZA,VASSOURA
2019-08-16,138475,520,M,1,0,B,3,ALIMENTOS,ABACATE
2019-08-16,138542,858,F,4,2,C,197,HIGIENE,ENXAGUANTE BUCAL
2019-08-16,138545,131,F,2,0,C,53,ALIMENTOS,PRESUNTO COZIDO
2019-08-16,138566,371,F,4,0,B,59,ALIMENTOS,SALGADINHO
2019-08-16,138657,282,M,2,0,B,89,HIGIENE,SABONETE
2019-08-16,138744,508,F,3,0,B,30,ALIMENTOS,FILE DE PEIXE
2019-08-16,138796,675,M,4,0,B,49,ALIMENTOS,PALMITO
2019-08-16,138805,244,M,4,0,B,147,PET,RACAO SECA PARA GATOS
2019-08-16,138898,519,M,2,4,B,222,LIMPEZA,BALDE
2019-08-16,138910,441,M,4,2,B,121,ALIMENTOS,UVA
2019-08-16,138947,23,M,3,0,B,110,LIMPEZA,SABAO
2019-08-16,139023,681,M,1,0,C,64,ALIMENTOS,UVA
2019-08-16,139064,36,F,3,0,C,14,ALIMENTOS,BATATA
2019-08-16,139105,245,F,4,3,B,101,LIMPEZA,INSETICIDA
2019-08-16,139131,424,M,1,4,B,22,ALIMENTOS,CHA
2019-08-16,139181,341,M,2,0,C,224,ALIMENTOS,AZEITE
2019-08-16,139192,252,M,2,2,B,141,BEBIDAS,REFRIGERANTE LIMaO
2019-08-16,139226,56,F,2,3,B,151,HIGIENE,PROTETOR SOLAR
2019-08-16,139242,252,M,2,2,B,49,ALIMENTOS,PALMITO
2019-08-16,139255,939,M,2,1,C,140,BEBIDAS,REFRIGERANTE OUTROS
2019-08-16,139354,662,F,1,1,B,50,ALIMENTOS,PAO DE FORMA
2019-08-16,139432,324,F,3,3,B,63,ALIMENTOS,TOMATE
2019-08-16,139446,967,F,1,0,B,109,LIMPEZA,RODO
2019-08-16,139530,59,M,2,0,A,83,HIGIENE,MODELADOR
2019-08-16,139540,902,F,2,1,B,151,HIGIENE,PROTETOR SOLAR
2019-08-16,139583,376,F,3,0,B,107,#N/D,#N/D
2019-08-16,139632,598,F,4,0,B,110,LIMPEZA,SABAO
2019-08-16,139642,706,F,2,0,A,51,ALIMENTOS,PAPINHA INFANTIL
2019-08-16,139685,829,F,3,4,B,43,ALIMENTOS,MAMAO PAPAYA
2019-08-16,139767,347,F,4,0,B,52,ALIMENTOS,PATE
2019-08-16,139834,172,M,2,0,B,33,ALIMENTOS,IOGURTE
2019-08-16,139881,449,F,2,3,B,162,LIMPEZA,ODORIZADOR
2019-08-16,139955,530,F,1,0,A,172,LIMPEZA,LUSTRA MOVEIS
2019-08-16,139983,917,M,1,0,A,6,ALIMENTOS,ALHO
2019-08-16,140008,811,M,2,1,B,127,ALIMENTOS,SNACKS
2019-08-16,140086,282,M,2,0,B,134,LIMPEZA,SABAO
2019-08-16,140168,619,M,4,1,B,57,ALIMENTOS,REQUEIJAO
2019-08-16,140236,47,F,4,0,B,216,ALIMENTOS,BROCOLIS
2019-08-16,140289,359,F,1,0,B,47,ALIMENTOS,MORTADELA
2019-08-16,140355,624,M,4,0,B,171,ALIMENTOS,MACARRAO
2019-08-16,140429,420,M,3,0,B,170,ALIMENTOS,MACARRAO INSTANTANEO
2019-08-16,140487,617,F,4,3,C,2,ACESSORIOS,MORDEDOR
2019-08-16,140552,938,M,1,4,B,66,BEBIDAS,REFRIGERANTE COLA
2019-08-16,140586,790,F,3,0,B,165,ALIMENTOS,MOLHO BARBECUE
2019-08-16,140637,36,F,3,0,C,117,PET,RACAO SECA PARA GATOS
2019-08-16,140700,292,F,2,0,C,168,ALIMENTOS,MAMAO PAPAYA
2019-08-16,140797,990,F,1,4,B,21,ALIMENTOS,CENOURA
2019-08-16,140845,955,F,3,2,C,29,ALIMENTOS,FEIJAO
2019-08-16,140862,760,F,2,0,A,76,HIGIENE,FIO DENTAL
2019-08-16,140945,888,F,4,2,B,127,ALIMENTOS,SNACKS
2019-08-16,140983,631,M,1,4,C,26,ALIMENTOS,COXA E SOBRECOXA DE FRANGO
2019-08-16,141055,609,F,4,0,C,169,ALIMENTOS,MAMAO
2019-08-16,141149,582,F,2,0,B,207,ALIMENTOS,COPA SUINA
2019-08-16,141215,324,F,3,3,B,166,HIGIENE,MODELADOR
2019-08-16,141282,370,M,1,4,B,161,ALIMENTOS,OVOS
2019-08-17,141329,98,M,1,0,B,105,LIMPEZA,LUSTRA MOVEIS
2019-08-17,141340,497,M,3,0,B,128,HIGIENE,SHAMPOO
2019-08-17,141426,457,M,3,0,C,136,ALIMENTOS,RICOTA
2019-08-17,141518,688,M,1,1,A,182,ALIMENTOS,LATA DE ERVILHA
2019-08-17,141545,754,F,3,4,B,70,BEBIDAS,REFRIGERANTE OUTROS
2019-08-17,141560,486,M,4,0,B,22,ALIMENTOS,CHA
2019-08-17,141607,389,F,3,0,C,163,ALIMENTOS,MORTADELA
2019-08-17,141671,73,M,1,0,A,64,ALIMENTOS,UVA
2019-08-17,141712,289,F,3,4,C,128,HIGIENE,SHAMPOO
2019-08-17,141756,842,M,5,2,B,199,ALIMENTOS,DOCE
2019-08-17,141824,990,F,1,4,B,219,ALIMENTOS,BATATA DOCE
2019-08-17,141905,485,M,3,3,B,77,HIGIENE,FIXADOR
2019-08-17,141916,595,M,1,0,B,215,ALIMENTOS,CAFE
2019-08-17,142014,241,M,4,1,B,98,LIMPEZA,DESENGORDURANTE
2019-08-17,142060,306,F,3,0,B,100,LIMPEZA,DETERGENTE
2019-08-17,142084,982,M,4,3,B,62,ALIMENTOS,SNACKS
2019-08-23,142105,69,M,4,3,A,52,ALIMENTOS,PATE
2019-08-23,142154,616,F,1,2,C,2,ACESSORIOS,MORDEDOR
2019-08-23,142242,601,M,4,0,A,6,ALIMENTOS,ALHO
2019-08-23,142302,3,F,4,0,B,207,ALIMENTOS,COPA SUINA
2019-08-23,142374,10,M,1,0,B,180,ALIMENTOS,LEITE
2019-08-23,142473,366,M,3,4,B,200,LIMPEZA,DETERGENTE
2019-08-23,142494,481,M,3,0,B,30,ALIMENTOS,FILE DE PEIXE
2019-08-23,142521,235,F,4,0,B,197,HIGIENE,ENXAGUANTE BUCAL
2019-08-23,142529,386,M,4,2,A,107,#N/D,#N/D
2019-08-23,142555,337,M,3,0,B,119,PET,RACAO UMIDA PARA GATOS
2019-08-23,142638,258,F,1,0,B,170,ALIMENTOS,MACARRAO INSTANTANEO
2019-08-23,142696,509,F,2,3,C,97,LIMPEZA,CERA
2019-08-23,142737,909,M,3,0,B,49,ALIMENTOS,PALMITO
2019-08-23,142822,518,F,1,0,B,177,ALIMENTOS,LIMAO
2019-08-23,142869,157,M,1,1,C,217,ALIMENTOS,BISCOITO
2019-08-23,142948,717,F,3,0,B,50,ALIMENTOS,PAO DE FORMA
2019-08-23,142988,469,M,4,2,C,101,LIMPEZA,INSETICIDA
2019-08-23,143069,777,F,1,0,B,10,ALIMENTOS,ATUM
2019-08-23,143136,985,M,1,0,B,195,ALIMENTOS,FEIJAO
2019-08-23,143222,370,M,1,4,B,41,ALIMENTOS,MACARRAO
2019-08-23,143283,666,F,2,2,B,168,ALIMENTOS,MAMAO PAPAYA
2019-08-23,143321,709,F,3,0,B,161,ALIMENTOS,OVOS
2019-08-23,143418,461,M,3,4,C,135,LIMPEZA,RODO
2019-08-23,143500,710,F,3,1,C,105,LIMPEZA,LUSTRA MOVEIS
2019-08-23,143551,939,M,2,1,C,205,ALIMENTOS,COXA E SOBRECOXA DE FRANGO
2019-08-23,143622,983,F,4,0,C,200,LIMPEZA,DETERGENTE
2019-08-23,143679,33,F,2,0,B,225,ALIMENTOS,ATUM
2019-08-23,143702,542,M,3,1,B,156,HIGIENE,PASTA DE DENTE
2019-08-23,143720,637,F,1,0,B,195,ALIMENTOS,FEIJAO
2019-08-23,143732,599,F,1,4,C,163,ALIMENTOS,MORTADELA
2019-08-23,143825,941,M,2,3,B,134,LIMPEZA,SABAO
2019-08-23,143904,279,M,1,2,B,88,HIGIENE,REPELENTE
2019-08-23,143965,10,M,1,0,B,146,PET,RACAO UMIDA PARA CAES
2019-08-23,143980,3,F,4,0,B,229,ALIMENTOS,ALMONDEGA
2019-08-23,143998,753,F,1,3,C,94,LIMPEZA,ALCOOL
2019-08-23,144084,991,F,2,2,C,27,ALIMENTOS,DANETTE
2019-08-23,144117,905,M,1,0,B,182,ALIMENTOS,LATA DE ERVILHA
2019-08-23,144144,320,M,3,4,B,172,LIMPEZA,LUSTRA MOVEIS
2019-08-23,144173,914,M,2,4,B,92,HIGIENE,TINTURAS
2019-08-23,144238,904,M,1,2,B,3,ALIMENTOS,ABACATE
2019-08-23,144280,640,M,4,0,C,86,HIGIENE,PRESERVATIVO
2019-08-23,144356,275,M,4,0,B,78,HIGIENE,FRALDA
2019-08-23,144359,630,M,1,2,C,197,HIGIENE,ENXAGUANTE BUCAL
2019-08-23,144419,243,F,1,4,C,206,ALIMENTOS,CORACAO DE FRANGO
2019-08-23,144433,171,F,3,1,B,10,ALIMENTOS,ATUM
2019-08-23,144478,697,M,3,0,C,193,HIGIENE,FIO DENTAL
2019-08-23,144479,611,M,4,0,B,221,ALIMENTOS,BANANA
2019-08-23,144567,211,M,2,1,B,147,PET,RACAO SECA PARA GATOS
2019-08-23,144626,772,F,2,0,B,91,HIGIENE,TALCO
2019-08-23,144703,952,F,3,4,C,174,LIMPEZA,LIMPADOR PERFUMADO
2019-08-23,144717,388,F,4,3,B,24,ALIMENTOS,COPA SUINA
2019-08-23,144741,656,M,2,0,C,74,HIGIENE,ENXAGUANTE BUCAL
2019-08-23,144804,830,F,5,1,B,223,ALIMENTOS,AZEITONA
2019-08-23,144825,605,M,4,2,B,191,HIGIENE,FRALDA
2019-08-23,144853,865,F,1,0,B,82,HIGIENE,LENCO UMEDECIDO
2019-08-23,144867,352,M,4,2,B,47,ALIMENTOS,MORTADELA
2019-08-23,144931,949,M,1,0,B,12,ALIMENTOS,AZEITONA
2019-08-23,144949,640,M,4,0,C,118,PET,RACAO UMIDA PARA CAES
2019-08-23,145022,593,M,4,1,B,201,LIMPEZA,DESINFETANTE
2019-08-23,145040,464,M,2,2,B,35,ALIMENTOS,LATA DE ERVILHA
2019-08-23,145053,790,F,3,0,B,186,HIGIENE,HIDRATANTE
2019-08-23,145094,320,M,3,4,B,115,PET,ALIMENTO PARA PASSARO
2019-08-23,145120,73,M,1,0,A,26,ALIMENTOS,COXA E SOBRECOXA DE FRANGO
2019-08-23,145174,294,F,4,0,C,24,ALIMENTOS,COPA SUINA
2019-08-23,145251,714,M,1,0,B,189,ALIMENTOS,GRANOLA
2019-08-23,145342,679,F,3,3,B,138,HIGIENE,REPELENTE
2019-08-23,145348,346,F,2,4,C,225,ALIMENTOS,ATUM
2019-08-23,145414,26,F,4,1,A,43,ALIMENTOS,MAMAO PAPAYA
2019-08-23,145510,488,M,3,2,B,63,ALIMENTOS,TOMATE
2019-08-23,145520,417,M,4,1,B,103,LIMPEZA,LIMPADOR MULTIUSO
2019-08-23,145531,824,F,1,0,B,18,ALIMENTOS,BROCOLIS
2019-08-23,145600,897,M,2,1,C,208,HIGIENE,CONDICIONADOR
2019-08-23,145696,286,M,4,0,B,106,LIMPEZA,ODORIZADOR
2019-08-23,145713,912,F,4,0,C,76,HIGIENE,FIO DENTAL
2019-08-23,145720,80,F,2,1,C,84,HIGIENE,PAPEL HIGIENICO
2019-08-23,145780,693,F,4,0,B,99,LIMPEZA,DESINFETANTE
2019-08-23,145828,198,M,4,0,B,225,ALIMENTOS,ATUM
2019-08-23,145833,408,F,4,0,B,92,HIGIENE,TINTURAS
2019-08-23,145914,377,F,1,0,B,90,HIGIENE,SHAMPOO
2019-08-23,145951,903,M,1,0,B,200,LIMPEZA,DETERGENTE
2019-08-23,145956,878,F,4,3,C,11,ALIMENTOS,AZEITE
2019-08-23,145980,255,M,4,0,B,206,ALIMENTOS,CORACAO DE FRANGO
2019-08-23,146008,622,F,3,0,B,67,BEBIDAS,REFRIGERANTE GUARANA
2019-08-23,146018,291,F,3,0,C,172,LIMPEZA,LUSTRA MOVEIS
2019-08-23,146039,513,F,4,3,B,117,PET,RACAO SECA PARA GATOS
2019-08-25,146048,447,M,2,0,B,89,HIGIENE,SABONETE
2019-08-25,146145,268,M,4,0,B,118,PET,RACAO UMIDA PARA CAES
2019-08-25,146244,55,F,3,0,B,180,ALIMENTOS,LEITE
2019-08-25,146299,644,M,1,0,C,50,ALIMENTOS,PAO DE FORMA
2019-08-25,146337,218,M,4,0,B,208,HIGIENE,CONDICIONADOR
2019-08-25,146341,546,F,4,0,B,108,LIMPEZA,REMOVEDOR
2019-08-25,146369,643,F,4,0,C,45,ALIMENTOS,MANGA
2019-08-25,146447,625,F,4,0,C,80,HIGIENE,HASTES FLEXIVEIS
2019-08-25,146509,286,M,4,0,B,138,HIGIENE,REPELENTE
2019-08-25,146524,66,M,3,3,B,150,ALIMENTOS,QUEIJO DE CABRA
2019-08-25,146571,15,M,2,1,C,113,LIMPEZA,TIRA MANCHA
2019-08-25,146646,901,F,4,1,B,212,LIMPEZA,CERA
2019-08-25,146707,629,M,3,0,C,85,HIGIENE,PASTA DE DENTE
2019-08-25,146757,367,F,1,0,A,226,ALIMENTOS,ARROZ INTEGRAL
2019-08-25,146828,835,F,1,0,A,87,HIGIENE,PROTETOR SOLAR
2019-08-25,146842,741,M,3,0,B,177,ALIMENTOS,LIMAO
2019-08-25,146925,686,F,3,2,A,148,PET,RACAO SECA PARA CAES
2019-08-25,146975,73,M,1,0,A,108,LIMPEZA,REMOVEDOR
2019-08-30,147014,855,M,4,1,C,144,BEBIDAS,REFRIGERANTE COLA
2019-08-30,147056,505,F,1,0,C,19,ALIMENTOS,CAFE
2019-08-30,147094,218,M,4,0,B,124,LIMPEZA,TIRA LIMO
2019-08-30,147132,937,M,3,4,C,18,ALIMENTOS,BROCOLIS
2019-08-30,147205,954,F,4,2,B,118,PET,RACAO UMIDA PARA CAES
2019-08-30,147236,622,F,3,0,B,18,ALIMENTOS,BROCOLIS
2019-08-30,147290,389,F,3,0,C,217,ALIMENTOS,BISCOITO
2019-08-30,147347,98,M,1,0,B,167,ALIMENTOS,MANGA
2019-08-30,147440,730,F,2,0,B,65,BEBIDAS,ENERGETICO
2019-08-30,147442,996,F,1,4,B,25,ALIMENTOS,CORACAO DE FRANGO
2019-08-30,147460,862,M,4,0,B,195,ALIMENTOS,FEIJAO
2019-08-30,147490,348,F,3,0,A,162,LIMPEZA,ODORIZADOR
2019-08-30,147503,212,F,2,1,B,25,ALIMENTOS,CORACAO DE FRANGO
2019-08-30,147567,471,F,4,0,A,23,ALIMENTOS,COGUMELOS
2019-08-30,147649,718,F,3,2,B,69,BEBIDAS,REFRIGERANTE LIMaO
2019-08-30,147690,54,M,1,0,A,171,ALIMENTOS,MACARRAO
2019-08-30,147699,513,F,4,3,B,81,HIGIENE,HIDRATANTE
2019-08-30,147737,699,F,1,0,C,228,LIMPEZA,AMACIANTE
2019-08-30,147783,961,F,1,0,C,142,BEBIDAS,REFRIGERANTE LARANJA
2019-08-30,147877,758,F,3,0,B,109,LIMPEZA,RODO
2019-08-30,147911,618,M,4,3,B,80,HIGIENE,HASTES FLEXIVEIS
2019-08-30,147957,49,M,2,0,C,119,PET,RACAO UMIDA PARA GATOS
2019-08-30,147978,575,M,1,4,B,192,HIGIENE,FIXADOR
2019-08-30,148056,506,F,4,3,B,47,ALIMENTOS,MORTADELA
2019-08-30,148133,621,F,4,0,B,165,ALIMENTOS,MOLHO BARBECUE
2019-08-30,148209,553,F,4,0,B,200,LIMPEZA,DETERGENTE
2019-08-30,148285,826,F,2,0,C,118,PET,RACAO UMIDA PARA CAES
2019-08-30,148361,837,F,2,0,C,118,PET,RACAO UMIDA PARA CAES
2019-08-30,148449,441,M,4,2,B,104,LIMPEZA,LIMPADOR PERFUMADO
2019-08-30,148525,543,M,2,2,B,116,PET,RACAO SECA PARA CAES
2019-08-30,148559,215,M,2,4,B,194,ALIMENTOS,FILE DE PEIXE
2019-08-30,148561,492,F,2,1,C,48,ALIMENTOS,OVOS
2019-08-30,148594,775,F,2,3,B,10,ALIMENTOS,ATUM
2019-08-30,148671,342,M,3,0,B,225,ALIMENTOS,ATUM
2019-08-30,148739,944,F,3,1,B,58,ALIMENTOS,RICOTA
2019-08-30,148821,46,F,4,1,B,28,ALIMENTOS,DOCE
2019-08-30,148828,250,F,4,1,B,6,ALIMENTOS,ALHO
2019-08-30,148902,176,F,2,0,B,168,ALIMENTOS,MAMAO PAPAYA
2019-08-30,148973,806,F,2,3,B,84,HIGIENE,PAPEL HIGIENICO
2019-08-30,148992,315,F,3,0,B,19,ALIMENTOS,CAFE
2019-08-30,149046,381,F,1,1,B,72,HIGIENE,CONDICIONADOR
2019-08-30,149097,913,M,3,4,C,143,BEBIDAS,REFRIGERANTE GUARANA
2019-08-30,149146,21,M,3,0,B,129,ALIMENTOS,SARDINHA
2019-08-30,149156,945,F,2,3,B,15,ALIMENTOS,BATATA DOCE
2019-08-30,149242,412,M,2,0,B,176,LIMPEZA,LIMPA VIDROS
2019-03-09,149322,359,F,1,0,B,162,LIMPEZA,ODORIZADOR
2019-03-09,149351,232,M,3,1,B,6,ALIMENTOS,ALHO
2019-03-09,149395,330,F,1,0,B,181,ALIMENTOS,LATA DE MILHO
2019-03-09,149436,915,F,3,0,B,113,LIMPEZA,TIRA MANCHA
2019-03-09,149438,929,M,4,0,B,184,ALIMENTOS,IOGURTE
2019-03-09,149537,642,M,2,3,B,71,HIGIENE,ABSORVENTE
2019-03-09,149567,948,M,4,0,C,138,HIGIENE,REPELENTE
2019-03-09,149645,70,F,4,0,B,209,ALIMENTOS,COGUMELOS
2019-03-09,149650,249,F,4,0,B,89,HIGIENE,SABONETE
2019-03-09,149734,994,M,4,0,C,178,HIGIENE,LENCO UMEDECIDO
2019-03-09,149815,524,F,4,3,C,58,ALIMENTOS,RICOTA
2019-03-09,149817,600,M,2,4,C,227,ALIMENTOS,ARROZ
2019-03-09,149861,439,F,3,0,B,132,HIGIENE,SABONETE
2019-03-09,149935,24,F,4,0,C,30,ALIMENTOS,FILE DE PEIXE
2019-03-09,149991,808,F,3,0,B,168,ALIMENTOS,MAMAO PAPAYA
2019-03-09,150001,603,M,3,0,B,118,PET,RACAO UMIDA PARA CAES
2019-03-09,150099,328,M,2,0,B,89,HIGIENE,SABONETE
2019-03-09,150115,460,F,1,3,B,150,ALIMENTOS,QUEIJO DE CABRA
2019-03-09,150175,139,F,3,3,B,216,ALIMENTOS,BROCOLIS
2019-03-09,150221,393,F,4,0,B,228,LIMPEZA,AMACIANTE
2019-03-09,150296,444,F,2,0,B,94,LIMPEZA,ALCOOL
2019-03-09,150340,749,F,4,1,B,212,LIMPEZA,CERA
2019-03-09,150356,852,M,2,3,B,148,PET,RACAO SECA PARA CAES
2019-03-09,150440,528,M,2,2,C,45,ALIMENTOS,MANGA
2019-03-09,150522,105,F,4,0,C,107,#N/D,#N/D
2019-03-09,150579,12,M,1,1,A,100,LIMPEZA,DETERGENTE
2019-03-09,150644,821,F,2,3,B,56,ALIMENTOS,QUEIJO MUSSARELA
2019-03-09,150653,64,F,4,0,B,99,LIMPEZA,DESINFETANTE
2019-03-09,150669,31,F,1,0,C,50,ALIMENTOS,PAO DE FORMA
2019-03-09,150703,303,M,3,4,B,79,HIGIENE,GEL
2019-03-09,150800,204,F,3,3,B,46,ALIMENTOS,MOLHO BARBECUE
2019-03-09,150865,617,F,4,3,C,89,HIGIENE,SABONETE
2019-03-09,150926,129,M,2,0,A,66,BEBIDAS,REFRIGERANTE COLA
2019-03-09,150993,313,M,3,0,B,220,ALIMENTOS,BATATA
2019-03-09,151069,87,M,3,2,A,16,ALIMENTOS,BIFE DE COXAO MOLE
2019-06-09,151156,181,F,2,2,B,138,HIGIENE,REPELENTE
2019-06-09,151230,746,M,3,0,C,44,ALIMENTOS,MAMAO
2019-06-09,151329,586,F,4,2,B,194,ALIMENTOS,FILE DE PEIXE
2019-06-09,151420,439,F,3,0,B,176,LIMPEZA,LIMPA VIDROS
2019-06-09,151467,860,M,1,0,B,225,ALIMENTOS,ATUM
2019-06-09,151561,145,M,3,0,B,104,LIMPEZA,LIMPADOR PERFUMADO
2019-06-09,151572,55,F,3,0,B,50,ALIMENTOS,PAO DE FORMA
2019-06-09,151626,923,F,2,4,C,16,ALIMENTOS,BIFE DE COXAO MOLE
2019-06-09,151639,397,F,1,0,B,203,ALIMENTOS,DANETTE
2019-06-09,151673,760,F,2,0,A,165,ALIMENTOS,MOLHO BARBECUE
2019-06-09,151703,987,F,1,0,B,219,ALIMENTOS,BATATA DOCE
2019-06-09,151782,306,F,3,0,B,24,ALIMENTOS,COPA SUINA
2019-06-09,151867,836,F,2,0,B,73,HIGIENE,CREME
2019-06-09,151964,934,F,2,2,B,217,ALIMENTOS,BISCOITO
2019-06-09,152061,763,F,4,0,B,70,BEBIDAS,REFRIGERANTE OUTROS
2019-06-09,152077,901,F,4,1,B,214,ALIMENTOS,CEBOLA
2019-06-09,152107,79,F,2,0,C,149,ALIMENTOS,QUEIJO MUSSARELA
2019-06-09,152171,567,F,1,0,C,102,LIMPEZA,LIMPA VIDROS
2019-06-09,152180,961,F,1,0,C,136,ALIMENTOS,RICOTA
2019-06-09,152183,706,F,2,0,A,101,LIMPEZA,INSETICIDA
2019-06-09,152239,237,F,4,3,C,124,LIMPEZA,TIRA LIMO
2019-06-09,152269,684,F,3,0,C,38,ALIMENTOS,LEITE CONDENSADO
2019-06-09,152271,562,F,3,0,B,176,LIMPEZA,LIMPA VIDROS
2019-06-09,152301,499,M,3,0,B,93,LIMPEZA,AGUA SANITARIA
2019-06-09,152345,390,F,2,0,B,185,LIMPEZA,INSETICIDA
2019-06-09,152356,859,M,1,0,B,191,HIGIENE,FRALDA
2019-06-09,152385,678,F,3,0,C,166,HIGIENE,MODELADOR
2019-06-09,152473,167,M,1,1,A,199,ALIMENTOS,DOCE
2019-06-09,152507,921,M,2,3,B,112,LIMPEZA,TIRA LIMO
2019-06-09,152560,306,F,3,0,B,149,ALIMENTOS,QUEIJO MUSSARELA
2019-06-09,152658,822,M,2,3,B,56,ALIMENTOS,QUEIJO MUSSARELA
2019-06-09,152667,151,F,1,0,B,86,HIGIENE,PRESERVATIVO
2019-06-09,152744,73,M,1,0,A,111,LIMPEZA,SABAO EM PO
2019-09-09,152839,914,M,2,4,B,54,ALIMENTOS,PRESUNTO COZIDO
2019-09-09,152874,643,F,4,0,C,216,ALIMENTOS,BROCOLIS
2019-09-09,152913,606,M,1,0,B,60,ALIMENTOS,SALGADINHOS DE MILHO
2019-09-09,152959,486,M,4,0,B,143,BEBIDAS,REFRIGERANTE GUARANA
2019-09-09,153054,727,M,4,2,C,144,BEBIDAS,REFRIGERANTE COLA
2019-09-09,153072,810,M,1,0,B,144,BEBIDAS,REFRIGERANTE COLA
2019-09-09,153111,469,M,4,2,C,25,ALIMENTOS,CORACAO DE FRANGO
2019-09-09,153191,295,F,1,3,B,84,HIGIENE,PAPEL HIGIENICO
2019-09-09,153258,23,M,3,0,B,205,ALIMENTOS,COXA E SOBRECOXA DE FRANGO
2019-09-09,153276,135,M,3,0,B,161,ALIMENTOS,OVOS
2019-09-09,153358,146,F,2,0,B,143,BEBIDAS,REFRIGERANTE GUARANA
2019-09-09,153451,74,M,3,0,C,21,ALIMENTOS,CENOURA
2019-09-09,153471,430,F,4,1,B,76,HIGIENE,FIO DENTAL
2019-09-09,153498,417,M,4,1,B,44,ALIMENTOS,MAMAO
2019-09-09,153561,316,F,3,2,B,208,HIGIENE,CONDICIONADOR
2019-09-09,153640,678,F,3,0,C,42,ALIMENTOS,MACARRAO INSTANTANEO
2019-09-09,153691,638,M,3,1,B,221,ALIMENTOS,BANANA
2019-09-09,153697,139,F,3,3,B,26,ALIMENTOS,COXA E SOBRECOXA DE FRANGO
2019-09-09,153742,665,M,1,4,B,19,ALIMENTOS,CAFE
2019-09-09,153769,945,F,2,3,B,191,HIGIENE,FRALDA
2019-09-09,153849,942,M,1,0,B,151,HIGIENE,PROTETOR SOLAR
2019-09-09,153934,39,M,2,0,C,71,HIGIENE,ABSORVENTE
2019-09-09,154017,871,F,1,3,C,185,LIMPEZA,INSETICIDA
2019-09-09,154086,584,M,3,0,B,218,ALIMENTOS,BIFE DE COXAO MOLE
2019-09-09,154090,804,F,4,3,B,64,ALIMENTOS,UVA
2019-09-09,154188,668,M,1,0,A,2,ACESSORIOS,MORDEDOR
2019-09-09,154192,214,F,4,0,B,97,LIMPEZA,CERA
2019-09-09,154290,871,F,1,3,C,51,ALIMENTOS,PAPINHA INFANTIL
2019-09-09,154385,219,M,2,0,B,121,ALIMENTOS,UVA
2019-09-09,154446,253,F,4,1,B,42,ALIMENTOS,MACARRAO INSTANTANEO
2019-09-09,154450,87,M,3,2,A,114,LIMPEZA,VASSOURA
2019-09-09,154542,166,F,1,0,B,34,ALIMENTOS,KETCHUP
2019-09-09,154578,524,F,4,3,C,22,ALIMENTOS,CHA
2019-09-09,154670,155,F,2,0,B,229,ALIMENTOS,ALMONDEGA
2019-09-09,154710,140,F,1,0,C,137,ALIMENTOS,REQUEIJAO
2019-09-09,154765,924,F,2,2,B,219,ALIMENTOS,BATATA DOCE
2019-09-09,154858,26,F,4,1,A,210,ACESSORIOS,CHUPETA
2019-09-09,154922,32,F,1,0,B,136,ALIMENTOS,RICOTA
2019-09-09,154968,581,F,4,2,C,81,HIGIENE,HIDRATANTE
2019-09-09,155052,121,F,1,2,B,131,ALIMENTOS,SALGADINHO
2019-09-09,155133,74,M,3,0,C,27,ALIMENTOS,DANETTE
2019-09-09,155168,910,M,2,2,B,137,ALIMENTOS,REQUEIJAO
2019-09-09,155178,888,F,4,2,B,2,ACESSORIOS,MORDEDOR
2019-09-09,155203,733,M,4,0,B,131,ALIMENTOS,SALGADINHO
2019-09-09,155259,139,F,3,3,B,18,ALIMENTOS,BROCOLIS
2019-09-09,155282,261,F,4,0,B,10,ALIMENTOS,ATUM
2019-09-09,155345,756,F,1,4,B,6,ALIMENTOS,ALHO
2019-09-09,155398,261,F,4,0,B,45,ALIMENTOS,MANGA
2019-09-09,155484,986,M,4,0,B,75,HIGIENE,ESCOVA DE DENTE
2019-09-09,155581,918,F,2,4,C,64,ALIMENTOS,UVA
2019-09-09,155652,219,M,2,0,B,171,ALIMENTOS,MACARRAO
2019-09-09,155685,691,M,4,0,B,77,HIGIENE,FIXADOR
2019-09-09,155688,262,M,1,2,B,223,ALIMENTOS,AZEITONA
2019-09-09,155758,593,M,4,1,B,96,LIMPEZA,BALDE
2019-09-09,155836,561,M,2,0,B,133,LIMPEZA,SABAO EM PO
2019-09-09,155910,226,F,4,0,B,77,HIGIENE,FIXADOR
2019-09-09,155970,253,F,4,1,B,138,HIGIENE,REPELENTE
2019-09-09,155990,426,F,3,0,C,45,ALIMENTOS,MANGA
2019-09-09,155993,926,M,1,0,B,38,ALIMENTOS,LEITE CONDENSADO
2019-09-09,156024,556,F,4,0,B,211,ALIMENTOS,CHA
2019-09-09,156114,775,F,2,3,B,168,ALIMENTOS,MAMAO PAPAYA
2019-09-09,156131,133,F,2,0,B,229,ALIMENTOS,ALMONDEGA
2019-09-09,156190,476,M,3,0,C,189,ALIMENTOS,GRANOLA
2019-09-09,156208,721,M,3,2,C,203,ALIMENTOS,DANETTE
2019-09-09,156275,297,M,4,0,B,91,HIGIENE,TALCO
2019-09-09,156282,223,F,3,0,B,147,PET,RACAO SECA PARA GATOS
2019-09-09,156303,687,M,2,3,C,75,HIGIENE,ESCOVA DE DENTE
2019-09-09,156377,434,M,1,4,B,61,ALIMENTOS,SARDINHA
2019-09-09,156422,214,F,4,0,B,218,ALIMENTOS,BIFE DE COXAO MOLE
2019-09-09,156455,170,F,4,2,B,24,ALIMENTOS,COPA SUINA
2019-09-09,156461,792,F,2,0,B,119,PET,RACAO UMIDA PARA GATOS
2019-09-09,156528,96,F,1,1,C,31,ALIMENTOS,GRANOLA
2019-09-09,156538,735,F,4,0,B,94,LIMPEZA,ALCOOL
2019-09-09,156630,647,M,1,0,C,141,BEBIDAS,REFRIGERANTE LIMaO
2019-09-09,156633,285,M,3,0,B,114,LIMPEZA,VASSOURA
2019-09-09,156720,376,F,3,0,B,69,BEBIDAS,REFRIGERANTE LIMaO
2019-09-09,156811,114,F,3,3,B,104,LIMPEZA,LIMPADOR PERFUMADO
2019-09-09,156876,781,M,4,0,B,200,LIMPEZA,DETERGENTE
2019-09-09,156958,464,M,2,2,B,25,ALIMENTOS,CORACAO DE FRANGO
2019-09-09,157012,735,F,4,0,B,74,HIGIENE,ENXAGUANTE BUCAL
2019-09-09,157105,259,M,1,1,B,6,ALIMENTOS,ALHO
2019-09-09,157182,658,F,1,1,B,140,BEBIDAS,REFRIGERANTE OUTROS
2019-09-09,157202,591,M,4,1,B,27,ALIMENTOS,DANETTE
2019-09-09,157243,934,F,2,2,B,3,ALIMENTOS,ABACATE
2019-09-09,157278,894,F,4,3,C,169,ALIMENTOS,MAMAO
2019-11-09,157282,36,F,3,0,C,117,PET,RACAO SECA PARA GATOS
2019-11-09,157284,519,M,2,4,B,217,ALIMENTOS,BISCOITO
2019-11-09,157329,292,F,2,0,C,154,HIGIENE,PRESERVATIVO
2019-11-09,157409,213,M,2,4,B,172,LIMPEZA,LUSTRA MOVEIS
2019-11-09,157453,464,M,2,2,B,134,LIMPEZA,SABAO
2019-11-09,157501,665,M,1,4,B,192,HIGIENE,FIXADOR
2019-11-09,157503,630,M,1,2,C,77,HIGIENE,FIXADOR
2019-11-09,157517,864,F,1,3,B,209,ALIMENTOS,COGUMELOS
2019-11-09,157520,44,F,4,0,C,82,HIGIENE,LENCO UMEDECIDO
2019-11-09,157574,824,F,1,0,B,158,HIGIENE,PAPEL HIGIENICO
2019-11-09,157647,417,M,4,1,B,38,ALIMENTOS,LEITE CONDENSADO
2019-11-09,157697,850,M,1,0,C,149,ALIMENTOS,QUEIJO MUSSARELA
2019-11-09,157777,266,F,3,3,B,197,HIGIENE,ENXAGUANTE BUCAL
2019-11-09,157836,84,F,3,0,C,77,HIGIENE,FIXADOR
2019-11-09,157838,133,F,2,0,B,170,ALIMENTOS,MACARRAO INSTANTANEO
2019-11-09,157908,468,M,3,1,C,20,ALIMENTOS,CEBOLA
2019-11-09,157931,914,M,2,4,B,203,ALIMENTOS,DANETTE
2019-11-09,157983,993,M,5,1,B,159,ALIMENTOS,PAO DE FORMA
2019-11-09,158020,224,M,4,0,B,129,ALIMENTOS,SARDINHA
2019-11-09,158099,939,M,2,1,C,91,HIGIENE,TALCO
2019-11-09,158131,749,F,4,1,B,216,ALIMENTOS,BROCOLIS
2019-11-09,158230,358,F,3,0,C,169,ALIMENTOS,MAMAO
2019-11-09,158296,822,M,2,3,B,164,ACESSORIOS,MORDEDOR
2019-11-09,158333,119,F,3,2,B,213,ALIMENTOS,CENOURA
2019-11-09,158425,711,M,4,2,B,53,ALIMENTOS,PRESUNTO COZIDO
2019-11-09,158494,54,M,1,0,A,17,ALIMENTOS,BISCOITO
2019-09-15,158585,340,M,3,4,B,3,ALIMENTOS,ABACATE
2019-09-15,158682,175,M,1,0,B,54,ALIMENTOS,PRESUNTO COZIDO
2019-09-15,158715,949,M,1,0,B,146,PET,RACAO UMIDA PARA CAES
2019-09-15,158719,196,M,2,0,B,208,HIGIENE,CONDICIONADOR
2019-09-15,158741,206,F,3,1,C,228,LIMPEZA,AMACIANTE
2019-09-15,158762,509,F,2,3,C,32,ALIMENTOS,HAMBUGUER
2019-09-15,158812,632,F,4,3,A,15,ALIMENTOS,BATATA DOCE
2019-09-15,158876,189,F,3,4,C,75,HIGIENE,ESCOVA DE DENTE
2019-09-15,158908,260,F,2,0,C,225,ALIMENTOS,ATUM
2019-09-15,158978,460,F,1,3,B,127,ALIMENTOS,SNACKS
2019-09-15,158996,279,M,1,2,B,29,ALIMENTOS,FEIJAO
2019-09-15,159010,537,F,1,4,B,7,ALIMENTOS,ALMONDEGA
2019-09-15,159107,894,F,4,3,C,132,HIGIENE,SABONETE
2019-09-15,159167,456,M,1,4,B,209,ALIMENTOS,COGUMELOS
2019-09-15,159256,389,F,3,0,C,81,HIGIENE,HIDRATANTE
2019-09-15,159285,832,F,1,0,B,179,ALIMENTOS,LEITE CONDENSADO
2019-09-15,159295,106,M,1,0,B,146,PET,RACAO UMIDA PARA CAES
2019-09-15,159344,333,F,2,0,C,212,LIMPEZA,CERA
2019-09-15,159371,136,F,2,1,B,116,PET,RACAO SECA PARA CAES
2019-09-15,159402,23,M,3,0,B,152,ALIMENTOS,PRESUNTO COZIDO
2019-09-15,159443,41,M,3,0,C,24,ALIMENTOS,COPA SUINA
2019-09-15,159497,837,F,2,0,C,51,ALIMENTOS,PAPINHA INFANTIL
2019-09-15,159585,46,F,4,1,B,190,HIGIENE,GEL
2019-09-15,159643,478,M,1,4,A,148,PET,RACAO SECA PARA CAES
2019-09-15,159644,476,M,3,0,C,156,HIGIENE,PASTA DE DENTE
2019-09-15,159731,952,F,3,4,C,63,ALIMENTOS,TOMATE
2019-09-15,159811,180,M,3,4,B,197,HIGIENE,ENXAGUANTE BUCAL
2019-09-15,159819,374,F,3,0,B,118,PET,RACAO UMIDA PARA CAES
2019-09-15,159864,204,F,3,3,B,65,BEBIDAS,ENERGETICO
2019-09-15,159868,955,F,3,2,C,142,BEBIDAS,REFRIGERANTE LARANJA
2019-09-15,159869,332,F,3,4,C,6,ALIMENTOS,ALHO
2019-09-15,159962,257,M,1,4,C,151,HIGIENE,PROTETOR SOLAR
2019-09-15,160022,841,M,1,0,B,89,HIGIENE,SABONETE
2019-09-15,160060,750,M,2,2,C,109,LIMPEZA,RODO
2019-09-15,160115,632,F,4,3,A,130,ALIMENTOS,SALGADINHOS DE MILHO
2019-09-15,160202,283,M,4,1,B,81,HIGIENE,HIDRATANTE
2019-09-15,160265,678,F,3,0,C,149,ALIMENTOS,QUEIJO MUSSARELA
2019-09-15,160331,828,F,2,4,B,196,HIGIENE,ESCOVA DE DENTE
2019-09-15,160430,4,M,4,0,B,23,ALIMENTOS,COGUMELOS
2019-09-15,160495,504,M,3,0,B,153,ALIMENTOS,PRESUNTO COZIDO
2019-09-15,160588,8,F,3,0,B,52,ALIMENTOS,PATE
2019-09-15,160592,912,F,4,0,C,218,ALIMENTOS,BIFE DE COXAO MOLE
2019-09-21,160620,942,M,1,0,B,107,#N/D,#N/D
2019-09-21,160632,146,F,2,0,B,66,BEBIDAS,REFRIGERANTE COLA
2019-09-21,160650,902,F,2,1,B,156,HIGIENE,PASTA DE DENTE
2019-09-21,160733,733,M,4,0,B,36,ALIMENTOS,LATA DE MILHO
2019-09-21,160823,733,M,4,0,B,55,ALIMENTOS,QUEIJO DE CABRA
2019-09-21,160837,33,F,2,0,B,206,ALIMENTOS,CORACAO DE FRANGO
2019-09-21,160927,929,M,4,0,B,45,ALIMENTOS,MANGA
2019-09-21,161004,163,F,3,0,A,72,HIGIENE,CONDICIONADOR
2019-09-21,161061,329,F,3,0,B,106,LIMPEZA,ODORIZADOR
2019-09-21,161128,225,M,4,0,C,222,LIMPEZA,BALDE
2019-09-21,161219,944,F,3,1,B,144,BEBIDAS,REFRIGERANTE COLA
2019-09-21,161223,239,M,4,2,C,75,HIGIENE,ESCOVA DE DENTE
2019-09-21,161315,637,F,1,0,B,24,ALIMENTOS,COPA SUINA
2019-09-21,161377,504,M,3,0,B,132,HIGIENE,SABONETE
2019-09-21,161464,450,M,1,0,B,62,ALIMENTOS,SNACKS
2019-09-21,161520,694,M,4,0,C,126,HIGIENE,TALCO
2019-09-21,161549,9,F,2,0,B,147,PET,RACAO SECA PARA GATOS
2019-09-21,161607,240,M,4,0,B,50,ALIMENTOS,PAO DE FORMA
2019-09-21,161658,429,M,4,0,C,34,ALIMENTOS,KETCHUP
2019-09-21,161664,571,F,2,0,B,181,ALIMENTOS,LATA DE MILHO
2019-09-21,161738,958,M,2,3,B,170,ALIMENTOS,MACARRAO INSTANTANEO
2019-09-21,161792,585,F,2,4,B,43,ALIMENTOS,MAMAO PAPAYA
2019-09-21,161818,685,F,4,0,B,67,BEBIDAS,REFRIGERANTE GUARANA
2019-09-21,161874,871,F,1,3,C,54,ALIMENTOS,PRESUNTO COZIDO
2019-09-21,161887,972,M,4,0,C,136,ALIMENTOS,RICOTA
2019-09-21,161971,576,M,3,0,B,205,ALIMENTOS,COXA E SOBRECOXA DE FRANGO
2019-09-21,162024,343,F,1,0,B,181,ALIMENTOS,LATA DE MILHO
2019-09-21,162025,566,F,4,0,B,76,HIGIENE,FIO DENTAL
2019-09-21,162036,758,F,3,0,B,105,LIMPEZA,LUSTRA MOVEIS
2019-09-21,162038,968,F,1,0,B,160,ALIMENTOS,PALMITO
2019-09-21,162135,429,M,4,0,C,49,ALIMENTOS,PALMITO
2019-09-21,162158,964,M,2,0,B,222,LIMPEZA,BALDE
2019-09-21,162165,774,F,2,0,B,93,LIMPEZA,AGUA SANITARIA
2019-09-21,162243,159,M,1,0,C,198,BEBIDAS,ENERGETICO
2019-09-21,162342,369,F,3,4,C,174,LIMPEZA,LIMPADOR PERFUMADO
2019-09-21,162414,695,M,2,0,A,39,ALIMENTOS,LIMAO
2019-09-21,162468,387,M,2,2,B,8,ALIMENTOS,ARROZ
2019-09-21,162504,215,M,2,4,B,194,ALIMENTOS,FILE DE PEIXE
2019-09-21,162505,469,M,4,2,C,45,ALIMENTOS,MANGA
2019-09-21,162580,833,F,1,4,B,225,ALIMENTOS,ATUM
2019-09-21,162662,47,F,4,0,B,26,ALIMENTOS,COXA E SOBRECOXA DE FRANGO
2019-09-21,162688,108,M,1,0,B,115,PET,ALIMENTO PARA PASSARO
2019-09-21,162692,343,F,1,0,B,94,LIMPEZA,ALCOOL
2019-09-21,162783,717,F,3,0,B,213,ALIMENTOS,CENOURA
2019-09-21,162795,689,M,2,0,C,225,ALIMENTOS,ATUM
2019-09-21,162807,727,M,4,2,C,214,ALIMENTOS,CEBOLA
2019-09-21,162900,668,M,1,0,A,136,ALIMENTOS,RICOTA
2019-09-21,162978,379,F,4,0,C,182,ALIMENTOS,LATA DE ERVILHA
2019-09-21,162990,742,M,1,1,C,54,ALIMENTOS,PRESUNTO COZIDO
2019-09-21,163037,788,F,4,2,B,197,HIGIENE,ENXAGUANTE BUCAL
2019-09-21,163124,133,F,2,0,B,64,ALIMENTOS,UVA
2019-09-21,163152,88,F,1,0,B,131,ALIMENTOS,SALGADINHO
2019-09-21,163251,328,M,2,0,B,114,LIMPEZA,VASSOURA
2019-09-21,163255,541,F,3,0,B,179,ALIMENTOS,LEITE CONDENSADO
2019-09-21,163309,823,M,5,3,B,128,HIGIENE,SHAMPOO
2019-09-21,163334,586,F,4,2,B,48,ALIMENTOS,OVOS
2019-09-21,163407,442,F,3,2,B,222,LIMPEZA,BALDE
2019-09-21,163465,342,M,3,0,B,181,ALIMENTOS,LATA DE MILHO
2019-09-21,163519,130,F,1,0,B,188,ALIMENTOS,HAMBUGUER
2019-09-25,163616,891,F,3,2,B,77,HIGIENE,FIXADOR
2019-09-25,163693,158,M,3,0,B,122,ALIMENTOS,TOMATE
2019-09-25,163766,705,M,1,0,B,29,ALIMENTOS,FEIJAO
2019-09-25,163837,100,F,2,3,C,214,ALIMENTOS,CEBOLA
2019-09-25,163879,726,M,2,0,B,24,ALIMENTOS,COPA SUINA
2019-09-25,163899,695,M,2,0,A,87,HIGIENE,PROTETOR SOLAR
2019-09-25,163928,684,F,3,0,C,222,LIMPEZA,BALDE
2019-09-25,163943,870,F,1,0,B,53,ALIMENTOS,PRESUNTO COZIDO
2019-09-25,164020,928,F,5,1,B,196,HIGIENE,ESCOVA DE DENTE
2019-09-25,164095,770,M,2,3,B,199,ALIMENTOS,DOCE
2019-09-25,164140,68,F,2,1,A,202,LIMPEZA,DESENGORDURANTE
2019-09-25,164211,439,F,3,0,B,173,ALIMENTOS,LINGUICA
2019-09-25,164245,19,F,2,2,C,74,HIGIENE,ENXAGUANTE BUCAL
2019-09-25,164248,330,F,1,0,B,175,LIMPEZA,LIMPADOR MULTIUSO
2019-09-25,164253,313,M,3,0,B,167,ALIMENTOS,MANGA
2019-09-25,164351,119,F,3,2,B,122,ALIMENTOS,TOMATE
2019-09-25,164354,115,M,4,0,B,36,ALIMENTOS,LATA DE MILHO
2019-09-25,164430,837,F,2,0,C,132,HIGIENE,SABONETE
2019-09-25,164514,881,F,5,1,C,60,ALIMENTOS,SALGADINHOS DE MILHO
2019-09-25,164601,733,M,4,0,B,226,ALIMENTOS,ARROZ INTEGRAL
2019-09-25,164657,224,M,4,0,B,64,ALIMENTOS,UVA
2019-09-25,164721,199,M,3,3,B,167,ALIMENTOS,MANGA
2019-09-25,164743,334,M,3,0,C,40,ALIMENTOS,LINGUICA
2019-09-25,164836,28,F,1,2,B,67,BEBIDAS,REFRIGERANTE GUARANA
2019-09-25,164902,958,M,2,3,B,224,ALIMENTOS,AZEITE
2019-09-25,164969,29,M,2,0,B,9,ALIMENTOS,ARROZ INTEGRAL
2019-09-25,165036,633,F,3,0,C,58,ALIMENTOS,RICOTA
2019-09-25,165065,66,M,3,3,B,88,HIGIENE,REPELENTE
2019-09-25,165089,997,M,5,2,C,89,HIGIENE,SABONETE
2019-09-25,165117,385,F,2,0,B,190,HIGIENE,GEL
2019-09-25,165151,158,M,3,0,B,56,ALIMENTOS,QUEIJO MUSSARELA
2019-09-25,165193,894,F,4,3,C,198,BEBIDAS,ENERGETICO
2019-09-25,165271,407,F,3,3,A,189,ALIMENTOS,GRANOLA
2019-09-25,165281,377,F,1,0,B,208,HIGIENE,CONDICIONADOR
2019-09-25,165349,41,M,3,0,C,88,HIGIENE,REPELENTE
2019-09-25,165377,572,M,1,0,C,66,BEBIDAS,REFRIGERANTE COLA
2019-09-25,165389,665,M,1,4,B,192,HIGIENE,FIXADOR
2019-09-25,165402,625,F,4,0,C,96,LIMPEZA,BALDE
2019-09-25,165481,966,F,4,2,B,107,#N/D,#N/D
2019-09-25,165499,755,M,3,4,B,81,HIGIENE,HIDRATANTE
2019-09-25,165529,549,M,2,3,C,173,ALIMENTOS,LINGUICA
2019-09-25,165598,880,M,3,2,B,128,HIGIENE,SHAMPOO
2019-09-25,165625,343,F,1,0,B,34,ALIMENTOS,KETCHUP
2019-09-25,165706,160,F,3,4,B,168,ALIMENTOS,MAMAO PAPAYA
2019-09-25,165732,637,F,1,0,B,29,ALIMENTOS,FEIJAO
2019-09-25,165768,729,M,3,0,B,107,#N/D,#N/D
2019-09-25,165861,234,M,3,4,B,10,ALIMENTOS,ATUM
2019-09-25,165929,332,F,3,4,C,202,LIMPEZA,DESENGORDURANTE
2019-09-25,165998,726,M,2,0,B,147,PET,RACAO SECA PARA GATOS
2019-09-25,166060,908,M,3,2,C,135,LIMPEZA,RODO
2019-09-25,166077,612,F,3,4,B,112,LIMPEZA,TIRA LIMO
2019-09-25,166106,446,M,1,4,B,191,HIGIENE,FRALDA
2019-09-25,166160,619,M,4,1,B,146,PET,RACAO UMIDA PARA CAES
2019-09-25,166258,276,F,3,0,B,134,LIMPEZA,SABAO
2019-09-25,166346,746,M,3,0,C,151,HIGIENE,PROTETOR SOLAR
2019-09-25,166417,505,F,1,0,C,187,HIGIENE,HASTES FLEXIVEIS
2019-09-25,166464,957,M,2,3,B,17,ALIMENTOS,BISCOITO
2019-09-25,166546,424,M,1,4,B,6,ALIMENTOS,ALHO
2019-09-25,166573,675,M,4,0,B,43,ALIMENTOS,MAMAO PAPAYA
2019-09-25,166577,801,M,1,4,B,85,HIGIENE,PASTA DE DENTE
2019-09-25,166629,167,M,1,1,A,10,ALIMENTOS,ATUM
2019-09-25,166635,756,F,1,4,B,25,ALIMENTOS,CORACAO DE FRANGO
2019-09-25,166681,893,F,1,0,B,100,LIMPEZA,DETERGENTE
2019-09-25,166725,967,F,1,0,B,20,ALIMENTOS,CEBOLA
2019-09-25,166824,684,F,3,0,C,203,ALIMENTOS,DANETTE
2019-09-25,166837,803,F,2,0,A,14,ALIMENTOS,BATATA
2019-02-10,166856,595,M,1,0,B,168,ALIMENTOS,MAMAO PAPAYA
2019-02-10,166884,469,M,4,2,C,175,LIMPEZA,LIMPADOR MULTIUSO
2019-02-10,166955,533,F,4,0,A,161,ALIMENTOS,OVOS
2019-02-10,167043,879,M,2,2,C,34,ALIMENTOS,KETCHUP
2019-02-10,167055,977,M,1,0,C,181,ALIMENTOS,LATA DE MILHO
2019-02-10,167145,221,F,1,0,B,215,ALIMENTOS,CAFE
2019-02-10,167237,742,M,1,1,C,200,LIMPEZA,DETERGENTE
2019-02-10,167256,269,F,3,3,B,153,ALIMENTOS,PRESUNTO COZIDO
2019-02-10,167267,841,M,1,0,B,34,ALIMENTOS,KETCHUP
2019-02-10,167335,208,M,3,0,B,35,ALIMENTOS,LATA DE ERVILHA
2019-02-10,167380,469,M,4,2,C,38,ALIMENTOS,LEITE CONDENSADO
2019-02-10,167440,461,M,3,4,C,207,ALIMENTOS,COPA SUINA
2019-02-10,167483,330,F,1,0,B,169,ALIMENTOS,MAMAO
2019-02-10,167556,275,M,4,0,B,50,ALIMENTOS,PAO DE FORMA
2019-02-10,167562,82,F,1,1,C,89,HIGIENE,SABONETE
2019-02-10,167641,421,M,3,3,C,32,ALIMENTOS,HAMBUGUER
2019-02-10,167667,264,F,4,1,B,71,HIGIENE,ABSORVENTE
2019-02-10,167758,814,M,4,0,B,112,LIMPEZA,TIRA LIMO
2019-02-10,167769,447,M,2,0,B,102,LIMPEZA,LIMPA VIDROS
2019-02-10,167865,509,F,2,3,C,13,ALIMENTOS,BANANA
2019-02-10,167911,82,F,1,1,C,191,HIGIENE,FRALDA
2019-02-10,167955,406,M,2,4,C,100,LIMPEZA,DETERGENTE
2019-02-10,167986,552,M,4,0,B,171,ALIMENTOS,MACARRAO
2019-02-10,168002,432,F,1,0,C,169,ALIMENTOS,MAMAO
2019-02-10,168032,60,F,2,3,B,50,ALIMENTOS,PAO DE FORMA
2019-02-10,168102,863,F,1,4,B,49,ALIMENTOS,PALMITO
2019-02-10,168176,973,F,4,0,B,65,BEBIDAS,ENERGETICO
2019-02-10,168264,228,F,4,0,C,126,HIGIENE,TALCO
2019-02-10,168292,343,F,1,0,B,19,ALIMENTOS,CAFE
2019-02-10,168307,222,F,4,0,B,122,ALIMENTOS,TOMATE
2019-02-10,168361,893,F,1,0,B,199,ALIMENTOS,DOCE
2019-02-10,168417,635,F,4,0,B,117,PET,RACAO SECA PARA GATOS
2019-02-10,168424,456,M,1,4,B,14,ALIMENTOS,BATATA
2019-02-10,168478,405,F,4,0,B,24,ALIMENTOS,COPA SUINA
2019-02-10,168512,33,F,2,0,B,219,ALIMENTOS,BATATA DOCE
2019-02-10,168513,925,M,2,0,C,19,ALIMENTOS,CAFE
2019-02-10,168595,676,M,2,3,B,126,HIGIENE,TALCO
2019-02-10,168602,201,M,3,0,B,58,ALIMENTOS,RICOTA
2019-02-10,168611,681,M,1,0,C,58,ALIMENTOS,RICOTA
2019-02-10,168666,711,M,4,2,B,43,ALIMENTOS,MAMAO PAPAYA
2019-02-10,168717,421,M,3,3,C,146,PET,RACAO UMIDA PARA CAES
2019-02-10,168731,228,F,4,0,C,79,HIGIENE,GEL
2019-02-10,168748,442,F,3,2,B,48,ALIMENTOS,OVOS
2019-02-10,168772,835,F,1,0,A,207,ALIMENTOS,COPA SUINA
2019-02-10,168869,10,M,1,0,B,115,PET,ALIMENTO PARA PASSARO
2019-02-10,168896,730,F,2,0,B,189,ALIMENTOS,GRANOLA
2019-02-10,168924,974,M,4,1,B,94,LIMPEZA,ALCOOL
2019-02-10,168942,106,M,1,0,B,117,PET,RACAO SECA PARA GATOS
2019-02-10,169005,239,M,4,2,C,46,ALIMENTOS,MOLHO BARBECUE
2019-02-10,169014,204,F,3,3,B,112,LIMPEZA,TIRA LIMO
2019-02-10,169050,395,F,4,1,B,49,ALIMENTOS,PALMITO
2019-02-10,169145,864,F,1,3,B,169,ALIMENTOS,MAMAO
2019-02-10,169212,134,F,3,0,B,29,ALIMENTOS,FEIJAO
2019-02-10,169276,806,F,2,3,B,153,ALIMENTOS,PRESUNTO COZIDO
2019-02-10,169357,380,M,3,4,B,35,ALIMENTOS,LATA DE ERVILHA
2019-02-10,169454,746,M,3,0,C,95,LIMPEZA,AMACIANTE
2019-02-10,169526,293,M,4,0,B,103,LIMPEZA,LIMPADOR MULTIUSO
2019-02-10,169531,510,F,4,0,B,62,ALIMENTOS,SNACKS
2019-02-10,169617,74,M,3,0,C,163,ALIMENTOS,MORTADELA
2019-02-10,169642,118,M,2,4,A,196,HIGIENE,ESCOVA DE DENTE
2019-02-10,169672,11,F,4,0,A,20,ALIMENTOS,CEBOLA
2019-02-10,169709,169,F,1,1,B,160,ALIMENTOS,PALMITO
2019-02-10,169714,749,F,4,1,B,50,ALIMENTOS,PAO DE FORMA
2019-02-10,169751,599,F,1,4,C,72,HIGIENE,CONDICIONADOR
2019-02-10,169815,393,F,4,0,B,155,ALIMENTOS,PATE
2019-02-10,169869,874,F,3,3,B,60,ALIMENTOS,SALGADINHOS DE MILHO
2019-02-10,169966,538,M,3,0,B,185,LIMPEZA,INSETICIDA
2019-02-10,170029,316,F,3,2,B,83,HIGIENE,MODELADOR
2019-02-10,170122,511,F,1,0,B,201,LIMPEZA,DESINFETANTE
2019-02-10,170170,682,F,2,2,B,106,LIMPEZA,ODORIZADOR
2019-04-10,170194,771,F,4,0,B,219,ALIMENTOS,BATATA DOCE
2019-04-10,170218,677,M,4,0,B,151,HIGIENE,PROTETOR SOLAR
2019-04-10,170231,80,F,2,1,C,206,ALIMENTOS,CORACAO DE FRANGO
2019-04-10,170276,416,M,3,2,C,195,ALIMENTOS,FEIJAO
2019-04-10,170367,58,M,2,2,B,152,ALIMENTOS,PRESUNTO COZIDO
2019-04-10,170463,625,F,4,0,C,68,BEBIDAS,REFRIGERANTE LARANJA
2019-04-10,170514,451,M,3,0,C,22,ALIMENTOS,CHA
2019-04-10,170602,300,F,1,3,C,38,ALIMENTOS,LEITE CONDENSADO
2019-04-10,170608,217,F,3,0,B,70,BEBIDAS,REFRIGERANTE OUTROS
2019-04-10,170643,574,F,2,2,B,93,LIMPEZA,AGUA SANITARIA
2019-04-10,170661,753,F,1,3,C,61,ALIMENTOS,SARDINHA
2019-04-10,170712,966,F,4,2,B,69,BEBIDAS,REFRIGERANTE LIMaO
2019-04-10,170807,59,M,2,0,A,211,ALIMENTOS,CHA
2019-04-10,170822,250,F,4,1,B,154,HIGIENE,PRESERVATIVO
2019-04-10,170845,38,M,3,0,B,61,ALIMENTOS,SARDINHA
2019-04-10,170862,725,M,4,0,C,180,ALIMENTOS,LEITE
2019-04-10,170890,204,F,3,3,B,89,HIGIENE,SABONETE
2019-04-10,170969,329,F,3,0,B,15,ALIMENTOS,BATATA DOCE
2019-04-10,170970,459,F,3,2,B,187,HIGIENE,HASTES FLEXIVEIS
2019-04-10,171062,115,M,4,0,B,1,ACESSORIOS,CHUPETA
2019-04-10,171111,84,F,3,0,C,184,ALIMENTOS,IOGURTE
2019-04-10,171149,134,F,3,0,B,191,HIGIENE,FRALDA
2019-04-10,171205,616,F,1,2,C,61,ALIMENTOS,SARDINHA
2019-04-10,171297,466,F,1,0,C,221,ALIMENTOS,BANANA
2019-04-10,171350,957,M,2,3,B,215,ALIMENTOS,CAFE
2019-04-10,171440,921,M,2,3,B,218,ALIMENTOS,BIFE DE COXAO MOLE
2019-04-10,171445,913,M,3,4,C,217,ALIMENTOS,BISCOITO
2019-04-10,171531,638,M,3,1,B,46,ALIMENTOS,MOLHO BARBECUE
2019-04-10,171597,530,F,1,0,A,66,BEBIDAS,REFRIGERANTE COLA
2019-04-10,171610,763,F,4,0,B,157,ALIMENTOS,PAPINHA INFANTIL
2019-04-10,171614,671,M,2,0,C,73,HIGIENE,CREME
2019-04-10,171619,611,M,4,0,B,215,ALIMENTOS,CAFE
2019-04-10,171635,518,F,1,0,B,49,ALIMENTOS,PALMITO
2019-04-10,171686,897,M,2,1,C,105,LIMPEZA,LUSTRA MOVEIS
2019-04-10,171775,106,M,1,0,B,222,LIMPEZA,BALDE
2019-04-10,171860,155,F,2,0,B,178,HIGIENE,LENCO UMEDECIDO
2019-04-10,171898,736,M,1,0,C,68,BEBIDAS,REFRIGERANTE LARANJA
2019-04-10,171955,353,M,1,2,B,14,ALIMENTOS,BATATA
2019-04-10,171981,832,F,1,0,B,195,ALIMENTOS,FEIJAO
2019-04-10,172002,474,M,2,0,B,209,ALIMENTOS,COGUMELOS
2019-04-10,172092,648,M,1,0,B,58,ALIMENTOS,RICOTA
2019-04-10,172125,69,M,4,3,A,161,ALIMENTOS,OVOS
2019-04-10,172224,544,F,2,0,B,3,ALIMENTOS,ABACATE
2019-04-10,172234,15,M,2,1,C,98,LIMPEZA,DESENGORDURANTE
2019-04-10,172319,483,M,1,0,C,211,ALIMENTOS,CHA
2019-04-10,172348,533,F,4,0,A,60,ALIMENTOS,SALGADINHOS DE MILHO
2019-04-10,172402,218,M,4,0,B,204,HIGIENE,CREME
2019-04-10,172418,604,M,4,0,B,31,ALIMENTOS,GRANOLA
2019-04-10,172433,225,M,4,0,C,162,LIMPEZA,ODORIZADOR
2019-04-10,172453,330,F,1,0,B,74,HIGIENE,ENXAGUANTE BUCAL
2019-04-10,172534,98,M,1,0,B,39,ALIMENTOS,LIMAO
2019-04-10,172550,96,F,1,1,C,92,HIGIENE,TINTURAS
2019-04-10,172618,974,M,4,1,B,48,ALIMENTOS,OVOS
2019-04-10,172667,604,M,4,0,B,6,ALIMENTOS,ALHO
2019-04-10,172743,312,M,1,0,A,151,HIGIENE,PROTETOR SOLAR
2019-04-10,172748,53,M,1,1,B,177,ALIMENTOS,LIMAO
2019-04-10,172833,192,F,4,0,B,220,ALIMENTOS,BATATA
2019-04-10,172864,235,F,4,0,B,131,ALIMENTOS,SALGADINHO
2019-04-10,172924,731,M,3,4,B,119,PET,RACAO UMIDA PARA GATOS
2019-04-10,172965,829,F,3,4,B,59,ALIMENTOS,SALGADINHO
2019-04-10,172984,818,F,2,0,B,212,LIMPEZA,CERA
2019-04-10,173005,827,M,4,0,B,82,HIGIENE,LENCO UMEDECIDO
2019-04-10,173007,703,M,1,3,B,191,HIGIENE,FRALDA
2019-04-10,173045,367,F,1,0,A,111,LIMPEZA,SABAO EM PO
2019-04-10,173055,393,F,4,0,B,10,ALIMENTOS,ATUM
2019-04-10,173098,217,F,3,0,B,51,ALIMENTOS,PAPINHA INFANTIL
2019-05-10,173106,959,M,5,1,B,25,ALIMENTOS,CORACAO DE FRANGO
2019-05-10,173149,387,M,2,2,B,227,ALIMENTOS,ARROZ
2019-05-10,173237,303,M,3,4,B,153,ALIMENTOS,PRESUNTO COZIDO
2019-05-10,173269,336,F,1,0,C,199,ALIMENTOS,DOCE
2019-05-10,173304,439,F,3,0,B,154,HIGIENE,PRESERVATIVO
2019-05-10,173388,889,F,3,4,B,121,ALIMENTOS,UVA
2019-05-10,173462,652,F,4,0,B,130,ALIMENTOS,SALGADINHOS DE MILHO
2019-05-10,173489,801,M,1,4,B,142,BEBIDAS,REFRIGERANTE LARANJA
2019-05-10,173506,495,F,2,3,A,105,LIMPEZA,LUSTRA MOVEIS
2019-05-10,173518,258,F,1,0,B,185,LIMPEZA,INSETICIDA
2019-05-10,173613,977,M,1,0,C,81,HIGIENE,HIDRATANTE
2019-05-10,173666,907,M,3,1,B,78,HIGIENE,FRALDA
2019-05-10,173742,701,M,3,0,B,164,ACESSORIOS,MORDEDOR
2019-05-10,173761,734,F,4,2,B,83,HIGIENE,MODELADOR
2019-05-10,173837,531,F,3,1,B,119,PET,RACAO UMIDA PARA GATOS
2019-05-10,173852,788,F,4,2,B,170,ALIMENTOS,MACARRAO INSTANTANEO
2019-05-10,173900,208,M,3,0,B,74,HIGIENE,ENXAGUANTE BUCAL
2019-05-10,173917,499,M,3,0,B,211,ALIMENTOS,CHA
2019-05-10,173990,9,F,2,0,B,14,ALIMENTOS,BATATA
2019-05-10,173999,924,F,2,2,B,205,ALIMENTOS,COXA E SOBRECOXA DE FRANGO
2019-05-10,174097,130,F,1,0,B,150,ALIMENTOS,QUEIJO DE CABRA
2019-05-10,174105,433,M,3,3,B,88,HIGIENE,REPELENTE
2019-05-10,174120,718,F,3,2,B,181,ALIMENTOS,LATA DE MILHO
2019-05-10,174169,973,F,4,0,B,82,HIGIENE,LENCO UMEDECIDO
2019-05-10,174261,944,F,3,1,B,86,HIGIENE,PRESERVATIVO
2019-05-10,174296,974,M,4,1,B,80,HIGIENE,HASTES FLEXIVEIS
2019-05-10,174310,350,F,5,1,B,29,ALIMENTOS,FEIJAO
2019-05-10,174339,169,F,1,1,B,169,ALIMENTOS,MAMAO
2019-05-10,174348,125,M,3,0,B,6,ALIMENTOS,ALHO
2019-05-10,174367,665,M,1,4,B,192,HIGIENE,FIXADOR
2019-05-10,174396,444,F,2,0,B,22,ALIMENTOS,CHA
2019-05-10,174429,755,M,3,4,B,207,ALIMENTOS,COPA SUINA
2019-05-10,174522,815,F,2,4,B,147,PET,RACAO SECA PARA GATOS
2019-05-10,174532,251,F,2,0,C,214,ALIMENTOS,CEBOLA
2019-05-10,174609,63,F,3,0,B,63,ALIMENTOS,TOMATE
2019-05-10,174641,764,F,3,1,B,19,ALIMENTOS,CAFE
2019-05-10,174677,197,F,2,0,B,105,LIMPEZA,LUSTRA MOVEIS
2019-05-10,174737,398,F,4,1,B,20,ALIMENTOS,CEBOLA
2019-05-10,174745,348,F,3,0,A,229,ALIMENTOS,ALMONDEGA
2019-05-10,174756,31,F,1,0,C,214,ALIMENTOS,CEBOLA
2019-05-10,174808,387,M,2,2,B,157,ALIMENTOS,PAPINHA INFANTIL
2019-05-10,174884,563,M,3,0,B,93,LIMPEZA,AGUA SANITARIA
2019-05-10,174887,213,M,2,4,B,57,ALIMENTOS,REQUEIJAO
2019-05-10,174952,63,F,3,0,B,31,ALIMENTOS,GRANOLA
2019-05-10,175016,248,M,3,0,C,9,ALIMENTOS,ARROZ INTEGRAL
2019-05-10,175091,625,F,4,0,C,179,ALIMENTOS,LEITE CONDENSADO
2019-05-10,175118,778,F,2,2,A,164,ACESSORIOS,MORDEDOR
2019-05-10,175186,161,M,5,2,B,138,HIGIENE,REPELENTE
2019-05-10,175234,818,F,2,0,B,136,ALIMENTOS,RICOTA
2019-05-10,175288,191,M,3,0,B,174,LIMPEZA,LIMPADOR PERFUMADO
2019-05-10,175348,669,F,4,0,B,119,PET,RACAO UMIDA PARA GATOS
2019-05-10,175442,326,F,1,0,B,31,ALIMENTOS,GRANOLA
2019-05-10,175521,287,F,1,0,B,113,LIMPEZA,TIRA MANCHA
2019-05-10,175618,53,M,1,1,B,50,ALIMENTOS,PAO DE FORMA
2019-05-10,175656,52,F,1,0,A,98,LIMPEZA,DESENGORDURANTE
2019-05-10,175695,435,F,2,0,C,3,ALIMENTOS,ABACATE
2019-05-10,175742,79,F,2,0,C,125,HIGIENE,TINTURAS
2019-05-10,175751,531,F,3,1,B,119,PET,RACAO UMIDA PARA GATOS
2019-05-10,175850,694,M,4,0,C,99,LIMPEZA,DESINFETANTE
2019-05-10,175893,275,M,4,0,B,14,ALIMENTOS,BATATA
2019-05-10,175919,983,F,4,0,C,16,ALIMENTOS,BIFE DE COXAO MOLE
2019-05-10,175945,794,M,1,2,B,11,ALIMENTOS,AZEITE
2019-05-10,176036,373,F,4,2,B,214,ALIMENTOS,CEBOLA
2019-05-10,176099,622,F,3,0,B,167,ALIMENTOS,MANGA
2019-05-10,176107,625,F,4,0,C,92,HIGIENE,TINTURAS
2019-05-10,176147,30,M,4,0,B,93,LIMPEZA,AGUA SANITARIA
2019-05-10,176193,68,F,2,1,A,118,PET,RACAO UMIDA PARA CAES
2019-05-10,176226,361,F,1,0,C,162,LIMPEZA,ODORIZADOR
2019-05-10,176268,15,M,2,1,C,156,HIGIENE,PASTA DE DENTE
2019-05-10,176299,36,F,3,0,C,83,HIGIENE,MODELADOR
2019-05-10,176376,229,M,2,2,C,104,LIMPEZA,LIMPADOR PERFUMADO
2019-05-10,176432,649,F,3,0,B,144,BEBIDAS,REFRIGERANTE COLA
2019-05-10,176475,957,M,2,3,B,19,ALIMENTOS,CAFE
2019-05-10,176531,643,F,4,0,C,153,ALIMENTOS,PRESUNTO COZIDO
2019-05-10,176540,29,M,2,0,B,16,ALIMENTOS,BIFE DE COXAO MOLE
2019-05-10,176555,220,M,1,0,B,18,ALIMENTOS,BROCOLIS
2019-05-10,176582,381,F,1,1,B,223,ALIMENTOS,AZEITONA
2019-05-10,176677,596,M,2,0,B,205,ALIMENTOS,COXA E SOBRECOXA DE FRANGO
2019-05-10,176701,445,M,2,0,B,137,ALIMENTOS,REQUEIJAO
2019-05-10,176703,364,F,4,2,C,1,ACESSORIOS,CHUPETA
2019-05-10,176732,2,M,3,0,B,86,HIGIENE,PRESERVATIVO
2019-05-10,176792,766,F,1,0,B,179,ALIMENTOS,LEITE CONDENSADO
2019-05-10,176862,89,F,3,3,C,119,PET,RACAO UMIDA PARA GATOS
2019-05-10,176961,667,F,4,0,C,228,LIMPEZA,AMACIANTE
2019-05-10,177012,215,M,2,4,B,93,LIMPEZA,AGUA SANITARIA
2019-05-10,177032,528,M,2,2,C,87,HIGIENE,PROTETOR SOLAR
2019-05-10,177038,513,F,4,3,B,49,ALIMENTOS,PALMITO
2019-05-10,177054,797,M,2,4,B,184,ALIMENTOS,IOGURTE
2019-05-10,177153,701,M,3,0,B,33,ALIMENTOS,IOGURTE
2019-05-10,177173,223,F,3,0,B,75,HIGIENE,ESCOVA DE DENTE
2019-05-10,177230,856,F,5,1,B,35,ALIMENTOS,LATA DE ERVILHA
2019-05-10,177325,855,M,4,1,C,179,ALIMENTOS,LEITE CONDENSADO
2019-05-10,177347,905,M,1,0,B,52,ALIMENTOS,PATE
2019-05-10,177426,319,M,1,4,B,38,ALIMENTOS,LEITE CONDENSADO
2019-05-10,177508,576,M,3,0,B,156,HIGIENE,PASTA DE DENTE
2019-05-10,177522,707,M,4,0,B,183,ALIMENTOS,KETCHUP
2019-05-10,177612,447,M,2,0,B,12,ALIMENTOS,AZEITONA
2019-05-10,177675,76,M,3,0,A,2,ACESSORIOS,MORDEDOR
2019-05-10,177766,152,F,3,1,C,162,LIMPEZA,ODORIZADOR
2019-10-10,177805,259,M,1,1,B,133,LIMPEZA,SABAO EM PO
2019-10-10,177829,119,F,3,2,B,82,HIGIENE,LENCO UMEDECIDO
2019-10-10,177873,147,M,1,0,A,96,LIMPEZA,BALDE
2019-10-10,177875,629,M,3,0,C,35,ALIMENTOS,LATA DE ERVILHA
2019-10-10,177905,881,F,5,1,C,221,ALIMENTOS,BANANA
2019-10-10,177993,641,F,4,0,C,104,LIMPEZA,LIMPADOR PERFUMADO
2019-10-10,178002,194,F,4,0,B,24,ALIMENTOS,COPA SUINA
2019-10-10,178042,518,F,1,0,B,5,ALIMENTOS,ACHOCOLATADO
2019-10-10,178057,2,M,3,0,B,93,LIMPEZA,AGUA SANITARIA
2019-10-10,178147,23,M,3,0,B,3,ALIMENTOS,ABACATE
2019-10-10,178180,622,F,3,0,B,124,LIMPEZA,TIRA LIMO
2019-10-10,178259,260,F,2,0,C,161,ALIMENTOS,OVOS
2019-10-10,178277,345,F,2,3,B,154,HIGIENE,PRESERVATIVO
2019-10-10,178352,630,M,1,2,C,190,HIGIENE,GEL
2019-10-10,178436,882,F,4,1,B,151,HIGIENE,PROTETOR SOLAR
2019-10-10,178492,398,F,4,1,B,211,ALIMENTOS,CHA
2019-10-10,178505,429,M,4,0,C,61,ALIMENTOS,SARDINHA
2019-10-10,178603,130,F,1,0,B,227,ALIMENTOS,ARROZ
2019-10-10,178648,721,M,3,2,C,57,ALIMENTOS,REQUEIJAO
2019-10-10,178712,55,F,3,0,B,119,PET,RACAO UMIDA PARA GATOS
2019-10-10,178765,527,F,4,1,B,152,ALIMENTOS,PRESUNTO COZIDO
2019-10-10,178850,515,M,4,0,A,6,ALIMENTOS,ALHO
2019-10-10,178917,74,M,3,0,C,26,ALIMENTOS,COXA E SOBRECOXA DE FRANGO
2019-10-10,178995,946,M,3,0,B,143,BEBIDAS,REFRIGERANTE GUARANA
2019-10-10,179065,498,M,3,2,B,60,ALIMENTOS,SALGADINHOS DE MILHO
2019-10-10,179163,245,F,4,3,B,99,LIMPEZA,DESINFETANTE
2019-10-10,179251,915,F,3,0,B,51,ALIMENTOS,PAPINHA INFANTIL
2019-10-10,179324,608,F,3,0,C,196,HIGIENE,ESCOVA DE DENTE
2019-10-10,179348,647,M,1,0,C,86,HIGIENE,PRESERVATIVO
2019-10-10,179428,706,F,2,0,A,80,HIGIENE,HASTES FLEXIVEIS
2019-10-10,179524,871,F,1,3,C,11,ALIMENTOS,AZEITE
2019-10-10,179545,769,F,3,3,C,204,HIGIENE,CREME
2019-10-10,179614,993,M,5,1,B,104,LIMPEZA,LIMPADOR PERFUMADO
2019-10-10,179704,280,M,4,3,B,88,HIGIENE,REPELENTE
2019-10-10,179747,441,M,4,2,B,130,ALIMENTOS,SALGADINHOS DE MILHO
2019-10-10,179802,481,M,3,0,B,186,HIGIENE,HIDRATANTE
2019-10-10,179891,58,M,2,2,B,118,PET,RACAO UMIDA PARA CAES
2019-10-10,179971,500,M,3,2,C,141,BEBIDAS,REFRIGERANTE LIMaO
2019-10-10,180049,518,F,1,0,B,31,ALIMENTOS,GRANOLA
2019-10-10,180109,98,M,1,0,B,55,ALIMENTOS,QUEIJO DE CABRA
2019-10-10,180125,152,F,3,1,C,44,ALIMENTOS,MAMAO
2019-10-10,180208,472,M,2,1,C,150,ALIMENTOS,QUEIJO DE CABRA
2019-10-10,180253,248,M,3,0,C,64,ALIMENTOS,UVA
2019-10-10,180304,579,F,3,0,B,120,LIMPEZA,VASSOURA
2019-10-10,180373,734,F,4,2,B,152,ALIMENTOS,PRESUNTO COZIDO
2019-10-10,180432,108,M,1,0,B,147,PET,RACAO SECA PARA GATOS
2019-10-10,180440,459,F,3,2,B,38,ALIMENTOS,LEITE CONDENSADO
2019-10-10,180499,376,F,3,0,B,82,HIGIENE,LENCO UMEDECIDO
2019-12-10,180562,846,F,4,3,C,21,ALIMENTOS,CENOURA
2019-12-10,180625,610,M,2,0,B,134,LIMPEZA,SABAO
2019-12-10,180634,220,M,1,0,B,129,ALIMENTOS,SARDINHA
2019-12-10,180717,964,M,2,0,B,97,LIMPEZA,CERA
2019-12-10,180740,968,F,1,0,B,214,ALIMENTOS,CEBOLA
2019-12-10,180823,584,M,3,0,B,60,ALIMENTOS,SALGADINHOS DE MILHO
2019-12-10,180851,493,M,2,4,B,189,ALIMENTOS,GRANOLA
2019-12-10,180943,475,F,4,3,B,126,HIGIENE,TALCO
2019-12-10,181003,331,F,4,0,B,23,ALIMENTOS,COGUMELOS
2019-12-10,181040,553,F,4,0,B,114,LIMPEZA,VASSOURA
2019-12-10,181102,726,M,2,0,B,104,LIMPEZA,LIMPADOR PERFUMADO
2019-12-10,181170,865,F,1,0,B,109,LIMPEZA,RODO
2019-12-10,181202,494,F,5,1,C,60,ALIMENTOS,SALGADINHOS DE MILHO
2019-12-10,181256,427,M,3,0,B,31,ALIMENTOS,GRANOLA
2019-12-10,181353,157,M,1,1,C,9,ALIMENTOS,ARROZ INTEGRAL
2019-12-10,181412,358,F,3,0,C,219,ALIMENTOS,BATATA DOCE
2019-12-10,181451,863,F,1,4,B,46,ALIMENTOS,MOLHO BARBECUE
2019-12-10,181547,358,F,3,0,C,42,ALIMENTOS,MACARRAO INSTANTANEO
2019-12-10,181629,324,F,3,3,B,134,LIMPEZA,SABAO
2019-12-10,181648,23,M,3,0,B,139,LIMPEZA,REMOVEDOR
2019-12-10,181665,952,F,3,4,C,116,PET,RACAO SECA PARA CAES
2019-12-10,181692,408,F,4,0,B,89,HIGIENE,SABONETE
2019-12-10,181726,185,F,3,0,C,56,ALIMENTOS,QUEIJO MUSSARELA
2019-12-10,181745,597,M,3,0,C,121,ALIMENTOS,UVA
2019-12-10,181829,220,M,1,0,B,136,ALIMENTOS,RICOTA
2019-12-10,181925,205,M,2,4,B,19,ALIMENTOS,CAFE
2019-12-10,182024,333,F,2,0,C,92,HIGIENE,TINTURAS
2019-12-10,182095,626,M,3,1,C,82,HIGIENE,LENCO UMEDECIDO
2019-12-10,182125,432,F,1,0,C,18,ALIMENTOS,BROCOLIS
2019-12-10,182217,68,F,2,1,A,63,ALIMENTOS,TOMATE
2019-12-10,182239,468,M,3,1,C,68,BEBIDAS,REFRIGERANTE LARANJA
2019-12-10,182277,447,M,2,0,B,129,ALIMENTOS,SARDINHA
2019-12-10,182327,287,F,1,0,B,138,HIGIENE,REPELENTE
2019-12-10,182366,412,M,2,0,B,136,ALIMENTOS,RICOTA
2019-12-10,182458,658,F,1,1,B,96,LIMPEZA,BALDE
2019-12-10,182547,532,F,2,3,B,139,LIMPEZA,REMOVEDOR
2019-12-10,182605,563,M,3,0,B,72,HIGIENE,CONDICIONADOR
2019-12-10,182624,681,M,1,0,C,129,ALIMENTOS,SARDINHA
2019-12-10,182702,779,M,3,4,A,183,ALIMENTOS,KETCHUP
2019-12-10,182728,525,M,1,4,B,198,BEBIDAS,ENERGETICO
2019-12-10,182756,313,M,3,0,B,211,ALIMENTOS,CHA
2019-12-10,182812,59,M,2,0,A,130,ALIMENTOS,SALGADINHOS DE MILHO
2019-12-10,182890,978,F,3,0,C,201,LIMPEZA,DESINFETANTE
2019-12-10,182983,946,M,3,0,B,90,HIGIENE,SHAMPOO
2019-10-15,183004,16,M,1,4,C,43,ALIMENTOS,MAMAO PAPAYA
2019-10-15,183085,739,F,2,3,B,92,HIGIENE,TINTURAS
2019-10-15,183151,960,F,4,2,B,88,HIGIENE,REPELENTE
2019-10-15,183218,336,F,1,0,C,30,ALIMENTOS,FILE DE PEIXE
2019-10-15,183232,641,F,4,0,C,182,ALIMENTOS,LATA DE ERVILHA
2019-10-15,183235,323,M,1,3,B,173,ALIMENTOS,LINGUICA
2019-10-15,183243,247,M,1,0,B,185,LIMPEZA,INSETICIDA
2019-10-15,183247,166,F,1,0,B,90,HIGIENE,SHAMPOO
2019-10-15,183305,76,M,3,0,A,64,ALIMENTOS,UVA
2019-10-15,183316,823,M,5,3,B,149,ALIMENTOS,QUEIJO MUSSARELA
2019-10-15,183336,732,F,3,4,B,160,ALIMENTOS,PALMITO
2019-10-15,183376,799,M,4,3,C,179,ALIMENTOS,LEITE CONDENSADO
2019-10-15,183399,110,M,3,0,C,122,ALIMENTOS,TOMATE
2019-10-15,183440,384,F,3,2,C,64,ALIMENTOS,UVA
2019-10-15,183526,992,F,2,0,B,62,ALIMENTOS,SNACKS
2019-10-15,183573,258,F,1,0,B,69,BEBIDAS,REFRIGERANTE LIMaO
2019-10-15,183614,110,M,3,0,C,42,ALIMENTOS,MACARRAO INSTANTANEO
2019-10-15,183658,870,F,1,0,B,181,ALIMENTOS,LATA DE MILHO
2019-10-15,183691,294,F,4,0,C,193,HIGIENE,FIO DENTAL
2019-10-15,183724,993,M,5,1,B,152,ALIMENTOS,PRESUNTO COZIDO
2019-10-15,183725,278,F,3,2,C,224,ALIMENTOS,AZEITE
2019-10-15,183763,459,F,3,2,B,82,HIGIENE,LENCO UMEDECIDO
2019-10-15,183789,645,F,4,0,B,36,ALIMENTOS,LATA DE MILHO
2019-10-15,183818,797,M,2,4,B,68,BEBIDAS,REFRIGERANTE LARANJA
2019-10-15,183841,87,M,3,2,A,171,ALIMENTOS,MACARRAO
2019-10-15,183896,554,F,3,0,A,225,ALIMENTOS,ATUM
2019-10-15,183953,71,F,3,1,B,206,ALIMENTOS,CORACAO DE FRANGO
2019-10-15,184034,770,M,2,3,B,116,PET,RACAO SECA PARA CAES
2019-10-15,184080,399,F,4,1,C,211,ALIMENTOS,CHA
2019-10-15,184087,545,M,2,2,B,90,HIGIENE,SHAMPOO
2019-10-15,184088,755,M,3,4,B,105,LIMPEZA,LUSTRA MOVEIS
2019-10-15,184136,842,M,5,2,B,125,HIGIENE,TINTURAS
2019-10-15,184139,91,M,3,0,B,99,LIMPEZA,DESINFETANTE
2019-10-15,184189,675,M,4,0,B,96,LIMPEZA,BALDE
2019-10-15,184212,621,F,4,0,B,183,ALIMENTOS,KETCHUP
2019-10-15,184295,208,M,3,0,B,7,ALIMENTOS,ALMONDEGA
2019-10-15,184356,235,F,4,0,B,196,HIGIENE,ESCOVA DE DENTE
2019-10-15,184409,415,F,3,0,B,169,ALIMENTOS,MAMAO
2019-10-15,184419,247,M,1,0,B,170,ALIMENTOS,MACARRAO INSTANTANEO
2019-10-15,184446,423,F,5,2,A,216,ALIMENTOS,BROCOLIS
2019-10-15,184541,453,F,1,0,B,75,HIGIENE,ESCOVA DE DENTE
2019-10-15,184629,987,F,1,0,B,108,LIMPEZA,REMOVEDOR
2019-10-15,184699,738,M,1,0,C,3,ALIMENTOS,ABACATE
2019-10-15,184735,786,F,1,4,C,174,LIMPEZA,LIMPADOR PERFUMADO
2019-10-15,184798,437,F,2,1,C,129,ALIMENTOS,SARDINHA
2019-10-15,184845,844,F,5,1,A,168,ALIMENTOS,MAMAO PAPAYA
2019-10-15,184855,457,M,3,0,C,18,ALIMENTOS,BROCOLIS
2019-10-15,184886,436,M,2,4,B,136,ALIMENTOS,RICOTA
2019-10-15,184926,549,M,2,3,C,30,ALIMENTOS,FILE DE PEIXE
2019-10-15,185023,237,F,4,3,C,42,ALIMENTOS,MACARRAO INSTANTANEO
2019-10-15,185099,101,F,1,0,C,76,HIGIENE,FIO DENTAL
2019-10-15,185179,307,M,1,0,B,118,PET,RACAO UMIDA PARA CAES
2019-10-15,185240,767,F,1,0,B,106,LIMPEZA,ODORIZADOR
2019-10-15,185287,877,M,2,0,C,76,HIGIENE,FIO DENTAL
2019-10-15,185292,712,F,2,3,B,159,ALIMENTOS,PAO DE FORMA
2019-10-15,185348,539,M,2,0,C,17,ALIMENTOS,BISCOITO
2019-10-15,185372,793,M,1,3,B,221,ALIMENTOS,BANANA
2019-10-15,185465,14,M,1,3,B,69,BEBIDAS,REFRIGERANTE LIMaO
2019-10-15,185486,197,F,2,0,B,149,ALIMENTOS,QUEIJO MUSSARELA
2019-10-15,185569,507,F,3,2,B,42,ALIMENTOS,MACARRAO INSTANTANEO
2019-10-15,185604,275,M,4,0,B,129,ALIMENTOS,SARDINHA
2019-10-15,185638,806,F,2,3,B,223,ALIMENTOS,AZEITONA
2019-10-15,185695,663,F,4,0,B,155,ALIMENTOS,PATE
2019-10-15,185720,257,M,1,4,C,81,HIGIENE,HIDRATANTE
2019-10-15,185741,768,F,4,0,B,4,ALIMENTOS,ABACAXI
2019-10-15,185777,219,M,2,0,B,77,HIGIENE,FIXADOR
2019-10-15,185865,796,M,2,3,B,95,LIMPEZA,AMACIANTE
2019-10-15,185906,313,M,3,0,B,81,HIGIENE,HIDRATANTE
2019-10-15,185941,224,M,4,0,B,6,ALIMENTOS,ALHO
2019-10-15,186018,927,M,1,1,C,138,HIGIENE,REPELENTE
2019-10-15,186024,15,M,2,1,C,215,ALIMENTOS,CAFE
2019-10-15,186111,828,F,2,4,B,16,ALIMENTOS,BIFE DE COXAO MOLE
2019-10-15,186207,54,M,1,0,A,206,ALIMENTOS,CORACAO DE FRANGO
2019-10-20,186290,666,F,2,2,B,106,LIMPEZA,ODORIZADOR
2019-10-20,186298,838,F,1,0,C,18,ALIMENTOS,BROCOLIS
2019-10-20,186327,559,F,3,1,A,180,ALIMENTOS,LEITE
2019-10-20,186342,459,F,3,2,B,74,HIGIENE,ENXAGUANTE BUCAL
2019-10-20,186424,681,M,1,0,C,133,LIMPEZA,SABAO EM PO
2019-10-20,186518,291,F,3,0,C,173,ALIMENTOS,LINGUICA
2019-10-20,186595,631,M,1,4,C,184,ALIMENTOS,IOGURTE
2019-10-20,186614,387,M,2,2,B,161,ALIMENTOS,OVOS
2019-10-20,186713,925,M,2,0,C,196,HIGIENE,ESCOVA DE DENTE
2019-10-20,186750,932,M,4,1,B,83,HIGIENE,MODELADOR
2019-10-20,186813,397,F,1,0,B,54,ALIMENTOS,PRESUNTO COZIDO
2019-10-20,186890,822,M,2,3,B,190,HIGIENE,GEL
2019-10-20,186903,314,F,1,1,A,217,ALIMENTOS,BISCOITO
2019-10-20,186975,419,F,2,1,B,191,HIGIENE,FRALDA
2019-10-20,187061,682,F,2,2,B,87,HIGIENE,PROTETOR SOLAR
2019-10-20,187078,413,M,3,2,B,82,HIGIENE,LENCO UMEDECIDO
2019-10-20,187122,93,F,2,0,C,91,HIGIENE,TALCO
2019-10-20,187186,758,F,3,0,B,32,ALIMENTOS,HAMBUGUER
2019-10-20,187217,917,M,1,0,A,211,ALIMENTOS,CHA
2019-10-20,187297,914,M,2,4,B,213,ALIMENTOS,CENOURA
2019-10-20,187388,803,F,2,0,A,13,ALIMENTOS,BANANA
2019-10-20,187416,27,F,1,0,B,56,ALIMENTOS,QUEIJO MUSSARELA
2019-10-20,187475,604,M,4,0,B,52,ALIMENTOS,PATE
2019-10-20,187487,430,F,4,1,B,38,ALIMENTOS,LEITE CONDENSADO
2019-10-20,187546,716,F,4,0,C,26,ALIMENTOS,COXA E SOBRECOXA DE FRANGO
2019-10-20,187591,39,M,2,0,C,121,ALIMENTOS,UVA
2019-10-20,187621,567,F,1,0,C,30,ALIMENTOS,FILE DE PEIXE
2019-10-20,187692,822,M,2,3,B,40,ALIMENTOS,LINGUICA
2019-10-20,187742,68,F,2,1,A,69,BEBIDAS,REFRIGERANTE LIMaO
2019-10-20,187747,613,F,3,0,B,74,HIGIENE,ENXAGUANTE BUCAL
2019-10-20,187841,285,M,3,0,B,119,PET,RACAO UMIDA PARA GATOS
2019-10-20,187885,47,F,4,0,B,103,LIMPEZA,LIMPADOR MULTIUSO
2019-10-20,187974,968,F,1,0,B,130,ALIMENTOS,SALGADINHOS DE MILHO
2019-10-20,188028,586,F,4,2,B,212,LIMPEZA,CERA
2019-10-20,188114,334,M,3,0,C,26,ALIMENTOS,COXA E SOBRECOXA DE FRANGO
2019-10-20,188200,108,M,1,0,B,65,BEBIDAS,ENERGETICO
2019-10-20,188233,914,M,2,4,B,209,ALIMENTOS,COGUMELOS
2019-10-20,188271,177,F,3,2,C,91,HIGIENE,TALCO
2019-10-20,188299,645,F,4,0,B,221,ALIMENTOS,BANANA
2019-10-20,188362,956,M,5,1,C,74,HIGIENE,ENXAGUANTE BUCAL
2019-10-20,188452,751,F,2,0,B,26,ALIMENTOS,COXA E SOBRECOXA DE FRANGO
2019-10-20,188483,75,M,1,0,B,99,LIMPEZA,DESINFETANTE
2019-10-20,188515,349,M,3,0,B,44,ALIMENTOS,MAMAO
2019-10-20,188564,587,M,1,0,B,62,ALIMENTOS,SNACKS
2019-10-20,188619,305,F,4,0,B,160,ALIMENTOS,PALMITO
2019-10-20,188633,599,F,1,4,C,42,ALIMENTOS,MACARRAO INSTANTANEO
2019-10-20,188685,710,F,3,1,C,153,ALIMENTOS,PRESUNTO COZIDO
2019-10-20,188763,360,M,4,0,B,23,ALIMENTOS,COGUMELOS
2019-10-20,188773,499,M,3,0,B,51,ALIMENTOS,PAPINHA INFANTIL
2019-10-20,188820,144,M,1,0,B,175,LIMPEZA,LIMPADOR MULTIUSO
2019-10-20,188842,934,F,2,2,B,204,HIGIENE,CREME
2019-10-20,188888,414,F,1,0,B,2,ACESSORIOS,MORDEDOR
2019-10-20,188934,791,F,1,0,B,90,HIGIENE,SHAMPOO
2019-10-20,189018,212,F,2,1,B,191,HIGIENE,FRALDA
2019-10-20,189054,536,M,4,0,B,159,ALIMENTOS,PAO DE FORMA
2019-10-20,189147,561,M,2,0,B,205,ALIMENTOS,COXA E SOBRECOXA DE FRANGO
2019-10-25,189216,475,F,4,3,B,218,ALIMENTOS,BIFE DE COXAO MOLE
2019-10-25,189309,316,F,3,2,B,38,ALIMENTOS,LEITE CONDENSADO
2019-10-25,189374,995,M,3,1,B,125,HIGIENE,TINTURAS
2019-10-25,189384,37,M,3,0,B,173,ALIMENTOS,LINGUICA
2019-10-25,189457,143,F,1,4,B,194,ALIMENTOS,FILE DE PEIXE
2019-10-25,189488,949,M,1,0,B,32,ALIMENTOS,HAMBUGUER
2019-10-25,189494,387,M,2,2,B,32,ALIMENTOS,HAMBUGUER
2019-10-25,189511,949,M,1,0,B,142,BEBIDAS,REFRIGERANTE LARANJA
2019-10-25,189553,358,F,3,0,C,53,ALIMENTOS,PRESUNTO COZIDO
2019-10-25,189586,317,M,3,0,B,39,ALIMENTOS,LIMAO
2019-10-25,189621,555,M,4,3,A,134,LIMPEZA,SABAO
2019-10-31,189692,11,F,4,0,A,158,HIGIENE,PAPEL HIGIENICO
2019-10-31,189713,251,F,2,0,C,32,ALIMENTOS,HAMBUGUER
2019-10-31,189808,737,F,2,1,C,3,ALIMENTOS,ABACATE
2019-10-31,189815,857,F,2,2,B,153,ALIMENTOS,PRESUNTO COZIDO
2019-10-31,189840,240,M,4,0,B,75,HIGIENE,ESCOVA DE DENTE
2019-10-31,189859,535,M,4,0,A,158,HIGIENE,PAPEL HIGIENICO
2019-10-31,189889,765,F,5,1,B,12,ALIMENTOS,AZEITONA
2019-10-31,189923,892,F,4,2,B,35,ALIMENTOS,LATA DE ERVILHA
2019-10-31,189947,546,F,4,0,B,128,HIGIENE,SHAMPOO
2019-10-31,189962,149,M,1,3,A,209,ALIMENTOS,COGUMELOS
2019-10-31,189999,789,F,5,1,B,168,ALIMENTOS,MAMAO PAPAYA
2019-10-31,190020,884,F,3,2,C,197,HIGIENE,ENXAGUANTE BUCAL
2019-10-31,190094,879,M,2,2,C,166,HIGIENE,MODELADOR
2019-10-31,190172,651,F,2,0,B,226,ALIMENTOS,ARROZ INTEGRAL
2019-10-31,190256,74,M,3,0,C,120,LIMPEZA,VASSOURA
2019-05-11,190296,812,F,2,0,A,32,ALIMENTOS,HAMBUGUER
2019-05-11,190330,700,F,4,2,C,60,ALIMENTOS,SALGADINHOS DE MILHO
2019-05-11,190375,451,M,3,0,C,106,LIMPEZA,ODORIZADOR
2019-05-11,190418,378,F,2,0,C,63,ALIMENTOS,TOMATE
2019-05-11,190507,895,M,3,0,B,35,ALIMENTOS,LATA DE ERVILHA
2019-05-11,190535,820,M,1,4,B,123,LIMPEZA,TIRA MANCHA
2019-05-11,190617,125,M,3,0,B,84,HIGIENE,PAPEL HIGIENICO
2019-05-11,190622,570,F,4,1,C,57,ALIMENTOS,REQUEIJAO
2019-05-11,190650,496,F,2,0,B,43,ALIMENTOS,MAMAO PAPAYA
2019-05-11,190745,728,M,2,0,A,201,LIMPEZA,DESINFETANTE
2019-05-11,190750,38,M,3,0,B,98,LIMPEZA,DESENGORDURANTE
2019-05-11,190756,237,F,4,3,C,157,ALIMENTOS,PAPINHA INFANTIL
2019-05-11,190844,703,M,1,3,B,139,LIMPEZA,REMOVEDOR
2019-05-11,190883,569,M,1,1,A,227,ALIMENTOS,ARROZ
2019-05-11,190918,693,F,4,0,B,82,HIGIENE,LENCO UMEDECIDO
2019-05-11,190963,308,M,4,0,B,124,LIMPEZA,TIRA LIMO
2019-05-11,191061,260,F,2,0,C,145,PET,RACAO UMIDA PARA GATOS
2019-05-11,191145,41,M,3,0,C,80,HIGIENE,HASTES FLEXIVEIS
2019-05-11,191165,444,F,2,0,B,81,HIGIENE,HIDRATANTE
2019-05-11,191170,936,F,3,2,B,216,ALIMENTOS,BROCOLIS
2019-05-11,191254,539,M,2,0,C,226,ALIMENTOS,ARROZ INTEGRAL
2019-05-11,191333,267,F,4,2,B,56,ALIMENTOS,QUEIJO MUSSARELA
2019-05-11,191388,127,F,4,2,C,181,ALIMENTOS,LATA DE MILHO
2019-05-11,191436,488,M,3,2,B,94,LIMPEZA,ALCOOL
2019-05-11,191497,365,M,4,0,A,69,BEBIDAS,REFRIGERANTE LIMaO
2019-05-11,191551,224,M,4,0,B,137,ALIMENTOS,REQUEIJAO
2019-05-11,191614,66,M,3,3,B,117,PET,RACAO SECA PARA GATOS
2019-05-11,191655,664,M,3,1,B,80,HIGIENE,HASTES FLEXIVEIS
2019-05-11,191708,431,F,4,3,B,163,ALIMENTOS,MORTADELA
2019-05-11,191747,523,M,3,0,B,49,ALIMENTOS,PALMITO
2019-05-11,191790,155,F,2,0,B,80,HIGIENE,HASTES FLEXIVEIS
2019-05-11,191848,268,M,4,0,B,216,ALIMENTOS,BROCOLIS
2019-05-11,191918,876,F,2,3,B,108,LIMPEZA,REMOVEDOR
2019-05-11,192017,129,M,2,0,A,144,BEBIDAS,REFRIGERANTE COLA
2019-05-11,192106,42,M,2,2,B,126,HIGIENE,TALCO
2019-05-11,192155,909,M,3,0,B,23,ALIMENTOS,COGUMELOS
2019-05-11,192185,9,F,2,0,B,76,HIGIENE,FIO DENTAL
2019-05-11,192229,722,F,4,0,B,64,ALIMENTOS,UVA
2019-05-11,192301,459,F,3,2,B,185,LIMPEZA,INSETICIDA
2019-05-11,192386,539,M,2,0,C,65,BEBIDAS,ENERGETICO
2019-05-11,192437,759,F,3,0,B,86,HIGIENE,PRESERVATIVO
2019-05-11,192524,234,M,3,4,B,13,ALIMENTOS,BANANA
2019-05-11,192582,385,F,2,0,B,193,HIGIENE,FIO DENTAL
2019-05-11,192610,430,F,4,1,B,186,HIGIENE,HIDRATANTE
2019-05-11,192678,130,F,1,0,B,70,BEBIDAS,REFRIGERANTE OUTROS
2019-05-11,192777,757,F,4,3,C,90,HIGIENE,SHAMPOO
2019-05-11,192781,129,M,2,0,A,217,ALIMENTOS,BISCOITO
2019-05-11,192799,422,F,2,4,C,115,PET,ALIMENTO PARA PASSARO
2019-05-11,192873,53,M,1,1,B,121,ALIMENTOS,UVA
2019-05-11,192918,381,F,1,1,B,179,ALIMENTOS,LEITE CONDENSADO
2019-05-11,192954,506,F,4,3,B,24,ALIMENTOS,COPA SUINA
2019-05-11,193051,580,M,3,0,B,57,ALIMENTOS,REQUEIJAO
2019-05-11,193067,670,M,4,0,C,182,ALIMENTOS,LATA DE ERVILHA
2019-05-11,193130,441,M,4,2,B,78,HIGIENE,FRALDA
2019-05-11,193172,712,F,2,3,B,99,LIMPEZA,DESINFETANTE
2019-05-11,193226,783,F,1,0,B,3,ALIMENTOS,ABACATE
2019-05-11,193290,231,F,4,2,B,29,ALIMENTOS,FEIJAO
2019-05-11,193325,786,F,1,4,C,114,LIMPEZA,VASSOURA
2019-05-11,193423,289,F,3,4,C,22,ALIMENTOS,CHA
2019-05-11,193521,980,F,1,0,B,125,HIGIENE,TINTURAS
2019-05-11,193617,951,M,2,0,B,124,LIMPEZA,TIRA LIMO
2019-05-11,193652,867,M,2,3,B,148,PET,RACAO SECA PARA CAES
2019-05-11,193680,922,M,1,0,B,137,ALIMENTOS,REQUEIJAO
2019-05-11,193705,746,M,3,0,C,152,ALIMENTOS,PRESUNTO COZIDO
2019-05-11,193801,653,M,2,0,C,130,ALIMENTOS,SALGADINHOS DE MILHO
2019-05-11,193823,569,M,1,1,A,51,ALIMENTOS,PAPINHA INFANTIL
2019-05-11,193914,591,M,4,1,B,162,LIMPEZA,ODORIZADOR
2019-05-11,193993,208,M,3,0,B,53,ALIMENTOS,PRESUNTO COZIDO
2019-05-11,194066,225,M,4,0,C,213,ALIMENTOS,CENOURA
2019-05-11,194134,414,F,1,0,B,3,ALIMENTOS,ABACATE
2019-05-11,194161,159,M,1,0,C,108,LIMPEZA,REMOVEDOR
2019-05-11,194201,169,F,1,1,B,144,BEBIDAS,REFRIGERANTE COLA
2019-05-11,194225,75,M,1,0,B,194,ALIMENTOS,FILE DE PEIXE
2019-05-11,194255,980,F,1,0,B,68,BEBIDAS,REFRIGERANTE LARANJA
2019-05-11,194262,35,M,3,0,B,103,LIMPEZA,LIMPADOR MULTIUSO
2019-05-11,194346,122,M,3,3,B,34,ALIMENTOS,KETCHUP
2019-05-11,194350,190,M,1,4,B,147,PET,RACAO SECA PARA GATOS
2019-08-11,194390,492,F,2,1,C,224,ALIMENTOS,AZEITE
2019-08-11,194462,140,F,1,0,C,164,ACESSORIOS,MORDEDOR
2019-08-11,194477,193,F,4,0,B,30,ALIMENTOS,FILE DE PEIXE
2019-08-11,194504,410,F,3,3,B,181,ALIMENTOS,LATA DE MILHO
2019-08-11,194548,919,F,2,0,C,18,ALIMENTOS,BROCOLIS
2019-08-11,194609,780,M,3,2,B,135,LIMPEZA,RODO
2019-08-11,194691,262,M,1,2,B,191,HIGIENE,FRALDA
2019-08-11,194698,138,F,3,2,B,53,ALIMENTOS,PRESUNTO COZIDO
2019-08-11,194772,527,F,4,1,B,61,ALIMENTOS,SARDINHA
2019-08-11,194837,481,M,3,0,B,21,ALIMENTOS,CENOURA
2019-08-11,194918,31,F,1,0,C,202,LIMPEZA,DESENGORDURANTE
2019-08-11,194986,376,F,3,0,B,181,ALIMENTOS,LATA DE MILHO
2019-08-11,195070,113,F,3,0,B,59,ALIMENTOS,SALGADINHO
2019-08-11,195169,791,F,1,0,B,119,PET,RACAO UMIDA PARA GATOS
2019-08-11,195210,250,F,4,1,B,75,HIGIENE,ESCOVA DE DENTE
2019-08-11,195272,552,M,4,0,B,94,LIMPEZA,ALCOOL
2019-08-11,195362,176,F,2,0,B,196,HIGIENE,ESCOVA DE DENTE
2019-08-11,195408,194,F,4,0,B,36,ALIMENTOS,LATA DE MILHO
2019-08-11,195409,954,F,4,2,B,173,ALIMENTOS,LINGUICA
2019-08-11,195501,31,F,1,0,C,60,ALIMENTOS,SALGADINHOS DE MILHO
2019-08-11,195536,345,F,2,3,B,174,LIMPEZA,LIMPADOR PERFUMADO
2019-08-11,195548,155,F,2,0,B,23,ALIMENTOS,COGUMELOS
2019-08-11,195616,764,F,3,1,B,153,ALIMENTOS,PRESUNTO COZIDO
2019-11-15,195676,88,F,1,0,B,94,LIMPEZA,ALCOOL
2019-11-15,195688,464,M,2,2,B,105,LIMPEZA,LUSTRA MOVEIS
2019-11-15,195724,195,M,4,0,B,148,PET,RACAO SECA PARA CAES
2019-11-15,195750,380,M,3,4,B,23,ALIMENTOS,COGUMELOS
2019-11-15,195794,83,M,1,4,B,87,HIGIENE,PROTETOR SOLAR
2019-11-15,195883,207,F,3,0,B,91,HIGIENE,TALCO
2019-11-15,195958,686,F,3,2,A,106,LIMPEZA,ODORIZADOR
2019-11-15,196008,850,M,1,0,C,45,ALIMENTOS,MANGA
2019-11-15,196091,51,F,3,0,B,34,ALIMENTOS,KETCHUP
2019-11-15,196162,471,F,4,0,A,202,LIMPEZA,DESENGORDURANTE
2019-11-15,196184,833,F,1,4,B,217,ALIMENTOS,BISCOITO
2019-11-15,196247,413,M,3,2,B,43,ALIMENTOS,MAMAO PAPAYA
2019-11-15,196273,116,M,4,0,B,79,HIGIENE,GEL
2019-11-15,196293,454,F,1,0,B,182,ALIMENTOS,LATA DE ERVILHA
2019-11-15,196389,293,M,4,0,B,68,BEBIDAS,REFRIGERANTE LARANJA
2019-11-15,196443,398,F,4,1,B,130,ALIMENTOS,SALGADINHOS DE MILHO
2019-11-15,196536,890,M,3,0,C,59,ALIMENTOS,SALGADINHO
2019-11-15,196577,373,F,4,2,B,69,BEBIDAS,REFRIGERANTE LIMaO
2019-11-15,196612,665,M,1,4,B,39,ALIMENTOS,LIMAO
2019-11-15,196699,513,F,4,3,B,16,ALIMENTOS,BIFE DE COXAO MOLE
2019-11-15,196709,94,M,1,2,C,187,HIGIENE,HASTES FLEXIVEIS
2019-11-20,196755,569,M,1,1,A,113,LIMPEZA,TIRA MANCHA
2019-11-20,196850,888,F,4,2,B,154,HIGIENE,PRESERVATIVO
2019-11-20,196859,614,F,4,1,B,142,BEBIDAS,REFRIGERANTE LARANJA
2019-11-20,196874,831,F,4,2,B,190,HIGIENE,GEL
2019-11-20,196900,956,M,5,1,C,98,LIMPEZA,DESENGORDURANTE
2019-11-20,196993,730,F,2,0,B,32,ALIMENTOS,HAMBUGUER
2019-11-20,197049,747,M,1,0,B,179,ALIMENTOS,LEITE CONDENSADO
2019-11-20,197099,2,M,3,0,B,107,#N/D,#N/D
2019-11-20,197151,263,M,3,0,B,12,ALIMENTOS,AZEITONA
2019-11-20,197160,492,F,2,1,C,190,HIGIENE,GEL
2019-11-20,197170,882,F,4,1,B,181,ALIMENTOS,LATA DE MILHO
2019-11-20,197268,190,M,1,4,B,16,ALIMENTOS,BIFE DE COXAO MOLE
2019-11-20,197316,145,M,3,0,B,165,ALIMENTOS,MOLHO BARBECUE
2019-11-20,197349,218,M,4,0,B,187,HIGIENE,HASTES FLEXIVEIS
2019-11-20,197398,473,F,4,3,B,31,ALIMENTOS,GRANOLA
2019-11-20,197402,106,M,1,0,B,66,BEBIDAS,REFRIGERANTE COLA
2019-11-20,197428,651,F,2,0,B,73,HIGIENE,CREME
2019-11-20,197506,863,F,1,4,B,43,ALIMENTOS,MAMAO PAPAYA
2019-11-20,197583,524,F,4,3,C,173,ALIMENTOS,LINGUICA
2019-11-20,197667,800,M,1,0,C,204,HIGIENE,CREME
2019-11-20,197709,340,M,3,4,B,1,ACESSORIOS,CHUPETA
2019-11-20,197795,24,F,4,0,C,144,BEBIDAS,REFRIGERANTE COLA
2019-11-20,197834,149,M,1,3,A,94,LIMPEZA,ALCOOL
2019-11-20,197908,279,M,1,2,B,15,ALIMENTOS,BATATA DOCE
2019-11-20,197936,857,F,2,2,B,170,ALIMENTOS,MACARRAO INSTANTANEO
2019-11-20,198024,706,F,2,0,A,181,ALIMENTOS,LATA DE MILHO
2019-11-20,198101,133,F,2,0,B,107,#N/D,#N/D
2019-11-20,198180,429,M,4,0,C,164,ACESSORIOS,MORDEDOR
2019-11-20,198260,547,F,3,4,C,112,LIMPEZA,TIRA LIMO
2019-11-20,198325,790,F,3,0,B,100,LIMPEZA,DETERGENTE
2019-11-20,198404,168,F,4,3,B,200,LIMPEZA,DETERGENTE
2019-11-20,198407,38,M,3,0,B,186,HIGIENE,HIDRATANTE
2019-11-20,198457,555,M,4,3,A,150,ALIMENTOS,QUEIJO DE CABRA
2019-11-20,198554,989,M,2,0,B,23,ALIMENTOS,COGUMELOS
2019-11-20,198615,537,F,1,4,B,203,ALIMENTOS,DANETTE
2019-11-20,198646,188,M,2,2,B,65,BEBIDAS,ENERGETICO
2019-11-20,198724,919,F,2,0,C,199,ALIMENTOS,DOCE
2019-11-20,198732,536,M,4,0,B,120,LIMPEZA,VASSOURA
2019-11-20,198822,999,M,2,2,C,214,ALIMENTOS,CEBOLA
2019-11-20,198863,112,M,4,0,B,215,ALIMENTOS,CAFE
2019-11-20,198954,108,M,1,0,B,83,HIGIENE,MODELADOR
2019-11-20,199020,864,F,1,3,B,162,LIMPEZA,ODORIZADOR
2019-11-20,199107,310,M,4,3,C,65,BEBIDAS,ENERGETICO
2019-11-20,199129,481,M,3,0,B,194,ALIMENTOS,FILE DE PEIXE
2019-11-20,199227,526,M,2,2,B,36,ALIMENTOS,LATA DE MILHO
2019-11-20,199286,730,F,2,0,B,40,ALIMENTOS,LINGUICA
2019-11-20,199321,222,F,4,0,B,105,LIMPEZA,LUSTRA MOVEIS
2019-11-20,199376,11,F,4,0,A,182,ALIMENTOS,LATA DE ERVILHA
2019-11-20,199464,466,F,1,0,C,159,ALIMENTOS,PAO DE FORMA
2019-11-20,199508,850,M,1,0,C,196,HIGIENE,ESCOVA DE DENTE
2019-11-27,199551,932,M,4,1,B,201,LIMPEZA,DESINFETANTE
2019-11-27,199572,148,M,3,4,A,189,ALIMENTOS,GRANOLA
2019-11-27,199652,526,M,2,2,B,105,LIMPEZA,LUSTRA MOVEIS
2019-11-27,199717,438,F,1,0,B,75,HIGIENE,ESCOVA DE DENTE
2019-11-27,199811,921,M,2,3,B,26,ALIMENTOS,COXA E SOBRECOXA DE FRANGO
2019-11-27,199827,704,F,2,0,C,107,#N/D,#N/D
2019-11-27,199883,481,M,3,0,B,195,ALIMENTOS,FEIJAO
2019-11-27,199969,3,F,4,0,B,130,ALIMENTOS,SALGADINHOS DE MILHO
2019-11-27,200040,562,F,3,0,B,170,ALIMENTOS,MACARRAO INSTANTANEO
2019-11-27,200093,949,M,1,0,B,214,ALIMENTOS,CEBOLA
2019-11-27,200173,826,F,2,0,C,128,HIGIENE,SHAMPOO
2019-11-27,200185,860,M,1,0,B,168,ALIMENTOS,MAMAO PAPAYA
2019-11-27,200203,741,M,3,0,B,108,LIMPEZA,REMOVEDOR
2019-11-27,200233,998,F,2,0,C,153,ALIMENTOS,PRESUNTO COZIDO
2019-11-27,200320,467,F,2,2,B,37,ALIMENTOS,LEITE
2019-11-27,200345,829,F,3,4,B,164,ACESSORIOS,MORDEDOR
2019-11-27,200386,940,F,1,3,B,161,ALIMENTOS,OVOS
2019-03-12,200485,765,F,5,1,B,213,ALIMENTOS,CENOURA
2019-03-12,200544,952,F,3,4,C,34,ALIMENTOS,KETCHUP
2019-03-12,200619,55,F,3,0,B,29,ALIMENTOS,FEIJAO
2019-03-12,200666,338,M,2,0,B,16,ALIMENTOS,BIFE DE COXAO MOLE
2019-03-12,200697,876,F,2,3,B,22,ALIMENTOS,CHA
2019-03-12,200730,187,M,2,1,B,52,ALIMENTOS,PATE
2019-03-12,200819,882,F,4,1,B,112,LIMPEZA,TIRA LIMO
2019-03-12,200891,362,F,3,0,B,89,HIGIENE,SABONETE
2019-03-12,200939,326,F,1,0,B,182,ALIMENTOS,LATA DE ERVILHA
2019-03-12,201028,250,F,4,1,B,186,HIGIENE,HIDRATANTE
2019-03-12,201063,311,F,4,0,C,104,LIMPEZA,LIMPADOR PERFUMADO
2019-03-12,201084,536,M,4,0,B,111,LIMPEZA,SABAO EM PO
2019-03-12,201123,485,M,3,3,B,134,LIMPEZA,SABAO
2019-03-12,201189,259,M,1,1,B,88,HIGIENE,REPELENTE
2019-03-12,201267,513,F,4,3,B,170,ALIMENTOS,MACARRAO INSTANTANEO
2019-03-12,201296,911,F,2,0,B,118,PET,RACAO UMIDA PARA CAES
2019-03-12,201350,1000,F,4,1,B,99,LIMPEZA,DESINFETANTE
2019-03-12,201411,440,F,4,0,C,131,ALIMENTOS,SALGADINHO
2019-03-12,201503,553,F,4,0,B,200,LIMPEZA,DETERGENTE
2019-03-12,201577,488,M,3,2,B,124,LIMPEZA,TIRA LIMO
2019-03-12,201663,525,M,1,4,B,80,HIGIENE,HASTES FLEXIVEIS
2019-03-12,201737,226,F,4,0,B,222,LIMPEZA,BALDE
2019-03-12,201775,125,M,3,0,B,56,ALIMENTOS,QUEIJO MUSSARELA
2019-03-12,201832,542,M,3,1,B,218,ALIMENTOS,BIFE DE COXAO MOLE
2019-03-12,201926,235,F,4,0,B,213,ALIMENTOS,CENOURA
2019-03-12,202005,304,F,2,3,B,11,ALIMENTOS,AZEITE
2019-03-12,202032,498,M,3,2,B,82,HIGIENE,LENCO UMEDECIDO
2019-03-12,202058,381,F,1,1,B,126,HIGIENE,TALCO
2019-03-12,202097,995,M,3,1,B,1,ACESSORIOS,CHUPETA
2019-03-12,202098,552,M,4,0,B,124,LIMPEZA,TIRA LIMO
2019-03-12,202156,979,F,3,0,A,121,ALIMENTOS,UVA
2019-03-12,202249,997,M,5,2,C,208,HIGIENE,CONDICIONADOR
2019-03-12,202268,598,F,4,0,B,187,HIGIENE,HASTES FLEXIVEIS
2019-03-12,202317,523,M,3,0,B,55,ALIMENTOS,QUEIJO DE CABRA
2019-03-12,202349,993,M,5,1,B,208,HIGIENE,CONDICIONADOR
2019-03-12,202350,283,M,4,1,B,53,ALIMENTOS,PRESUNTO COZIDO
2019-03-12,202422,391,F,2,0,A,121,ALIMENTOS,UVA
2019-03-12,202483,649,F,3,0,B,26,ALIMENTOS,COXA E SOBRECOXA DE FRANGO
2019-03-12,202536,512,M,4,0,B,150,ALIMENTOS,QUEIJO DE CABRA
2019-03-12,202561,500,M,3,2,C,66,BEBIDAS,REFRIGERANTE COLA
2019-03-12,202605,712,F,2,3,B,19,ALIMENTOS,CAFE
2019-03-12,202609,795,F,4,2,B,128,HIGIENE,SHAMPOO
2019-03-12,202686,675,M,4,0,B,59,ALIMENTOS,SALGADINHO
2019-03-12,202703,219,M,2,0,B,218,ALIMENTOS,BIFE DE COXAO MOLE
2019-03-12,202789,388,F,4,3,B,202,LIMPEZA,DESENGORDURANTE
2019-03-12,202878,856,F,5,1,B,138,HIGIENE,REPELENTE
2019-03-12,202911,880,M,3,2,B,171,ALIMENTOS,MACARRAO
2019-03-12,203006,101,F,1,0,C,166,HIGIENE,MODELADOR
2019-03-12,203099,202,M,1,0,B,145,PET,RACAO UMIDA PARA GATOS
2019-03-12,203144,588,F,1,4,C,172,LIMPEZA,LUSTRA MOVEIS
2019-03-12,203149,724,M,1,0,B,71,HIGIENE,ABSORVENTE
2019-03-12,203216,57,M,2,0,B,23,ALIMENTOS,COGUMELOS
2019-03-12,203285,413,M,3,2,B,1,ACESSORIOS,CHUPETA
2019-03-12,203338,22,M,1,0,B,188,ALIMENTOS,HAMBUGUER
2019-03-12,203398,897,M,2,1,C,165,ALIMENTOS,MOLHO BARBECUE
2019-03-12,203426,831,F,4,2,B,201,LIMPEZA,DESINFETANTE
2019-03-12,203472,978,F,3,0,C,172,LIMPEZA,LUSTRA MOVEIS
2019-03-12,203518,279,M,1,2,B,31,ALIMENTOS,GRANOLA
2019-03-12,203526,537,F,1,4,B,75,HIGIENE,ESCOVA DE DENTE
2019-03-12,203538,413,M,3,2,B,129,ALIMENTOS,SARDINHA
2019-03-12,203618,80,F,2,1,C,91,HIGIENE,TALCO
2019-05-12,203665,138,F,3,2,B,159,ALIMENTOS,PAO DE FORMA
2019-05-12,203714,61,M,1,2,B,56,ALIMENTOS,QUEIJO MUSSARELA
2019-05-12,203781,768,F,4,0,B,96,LIMPEZA,BALDE
2019-05-12,203801,472,M,2,1,C,95,LIMPEZA,AMACIANTE
2019-05-12,203803,337,M,3,0,B,12,ALIMENTOS,AZEITONA
2019-05-12,203839,769,F,3,3,C,187,HIGIENE,HASTES FLEXIVEIS
2019-05-12,203862,140,F,1,0,C,109,LIMPEZA,RODO
2019-05-12,203872,15,M,2,1,C,15,ALIMENTOS,BATATA DOCE
2019-05-12,203951,14,M,1,3,B,82,HIGIENE,LENCO UMEDECIDO
2019-05-12,204017,201,M,3,0,B,28,ALIMENTOS,DOCE
2019-05-12,204106,770,M,2,3,B,183,ALIMENTOS,KETCHUP
2019-05-12,204159,4,M,4,0,B,225,ALIMENTOS,ATUM
2019-05-12,204174,209,F,4,0,B,137,ALIMENTOS,REQUEIJAO
2019-05-12,204197,644,M,1,0,C,142,BEBIDAS,REFRIGERANTE LARANJA
2019-05-12,204229,620,M,2,0,B,171,ALIMENTOS,MACARRAO
2019-05-12,204238,468,M,3,1,C,124,LIMPEZA,TIRA LIMO
2019-05-12,204276,160,F,3,4,B,165,ALIMENTOS,MOLHO BARBECUE
2019-05-12,204283,589,F,3,2,C,61,ALIMENTOS,SARDINHA
2019-05-12,204348,342,M,3,0,B,155,ALIMENTOS,PATE
2019-05-12,204411,701,M,3,0,B,58,ALIMENTOS,RICOTA
2019-05-12,204445,842,M,5,2,B,113,LIMPEZA,TIRA MANCHA
2019-05-12,204543,711,M,4,2,B,91,HIGIENE,TALCO
2019-05-12,204615,43,M,2,0,B,92,HIGIENE,TINTURAS
2019-05-12,204713,425,F,3,0,B,37,ALIMENTOS,LEITE
2019-05-12,204777,571,F,2,0,B,173,ALIMENTOS,LINGUICA
2019-05-12,204810,946,M,3,0,B,142,BEBIDAS,REFRIGERANTE LARANJA
2019-05-12,204826,451,M,3,0,C,10,ALIMENTOS,ATUM
2019-05-12,204884,76,M,3,0,A,24,ALIMENTOS,COPA SUINA
2019-05-12,204921,89,F,3,3,C,102,LIMPEZA,LIMPA VIDROS
2019-05-12,204961,425,F,3,0,B,91,HIGIENE,TALCO
2019-05-12,204969,794,M,1,2,B,204,HIGIENE,CREME
2019-05-12,204985,188,M,2,2,B,16,ALIMENTOS,BIFE DE COXAO MOLE
2019-05-12,205030,749,F,4,1,B,156,HIGIENE,PASTA DE DENTE
2019-05-12,205112,695,M,2,0,A,114,LIMPEZA,VASSOURA
2019-05-12,205117,762,F,2,0,B,213,ALIMENTOS,CENOURA
2019-05-12,205189,580,M,3,0,B,35,ALIMENTOS,LATA DE ERVILHA
2019-05-12,205197,470,M,3,1,B,91,HIGIENE,TALCO
2019-05-12,205291,345,F,2,3,B,172,LIMPEZA,LUSTRA MOVEIS
2019-05-12,205318,43,M,2,0,B,85,HIGIENE,PASTA DE DENTE
2019-05-12,205348,703,M,1,3,B,66,BEBIDAS,REFRIGERANTE COLA
2019-05-12,205440,484,M,3,2,C,195,ALIMENTOS,FEIJAO
2019-05-12,205481,406,M,2,4,C,3,ALIMENTOS,ABACATE
2019-05-12,205524,359,F,1,0,B,88,HIGIENE,REPELENTE
2019-05-12,205573,635,F,4,0,B,73,HIGIENE,CREME
2019-05-12,205648,262,M,1,2,B,39,ALIMENTOS,LIMAO
2019-05-12,205652,174,M,4,3,C,101,LIMPEZA,INSETICIDA
2019-05-12,205694,234,M,3,4,B,41,ALIMENTOS,MACARRAO
2019-05-12,205729,39,M,2,0,C,14,ALIMENTOS,BATATA
2019-05-12,205828,246,M,2,2,B,189,ALIMENTOS,GRANOLA
2019-05-12,205885,28,F,1,2,B,206,ALIMENTOS,CORACAO DE FRANGO
2019-05-12,205965,105,F,4,0,C,214,ALIMENTOS,CEBOLA
2019-05-12,206042,458,F,3,4,C,221,ALIMENTOS,BANANA
2019-05-12,206056,651,F,2,0,B,126,HIGIENE,TALCO
2019-06-12,206109,151,F,1,0,B,144,BEBIDAS,REFRIGERANTE COLA
2019-06-12,206191,94,M,1,2,C,145,PET,RACAO UMIDA PARA GATOS
2019-06-12,206236,181,F,2,2,B,150,ALIMENTOS,QUEIJO DE CABRA
2019-06-12,206270,407,F,3,3,A,74,HIGIENE,ENXAGUANTE BUCAL
2019-06-12,206360,922,M,1,0,B,119,PET,RACAO UMIDA PARA GATOS
2019-06-12,206454,645,F,4,0,B,201,LIMPEZA,DESINFETANTE
2019-06-12,206494,619,M,4,1,B,15,ALIMENTOS,BATATA DOCE
2019-06-12,206568,876,F,2,3,B,214,ALIMENTOS,CEBOLA
2019-06-12,206657,70,F,4,0,B,67,BEBIDAS,REFRIGERANTE GUARANA
2019-06-12,206692,313,M,3,0,B,112,LIMPEZA,TIRA LIMO
2019-06-12,206700,438,F,1,0,B,215,ALIMENTOS,CAFE
2019-06-12,206707,57,M,2,0,B,102,LIMPEZA,LIMPA VIDROS
2019-06-12,206786,735,F,4,0,B,215,ALIMENTOS,CAFE
2019-06-12,206796,42,M,2,2,B,83,HIGIENE,MODELADOR
2019-06-12,206836,717,F,3,0,B,89,HIGIENE,SABONETE
2019-06-12,206865,371,F,4,0,B,167,ALIMENTOS,MANGA
2019-06-12,206910,153,M,4,1,B,92,HIGIENE,TINTURAS
2019-06-12,206927,96,F,1,1,C,77,HIGIENE,FIXADOR
2019-06-12,206967,435,F,2,0,C,128,HIGIENE,SHAMPOO
2019-06-12,206989,151,F,1,0,B,134,LIMPEZA,SABAO
2019-06-12,207013,547,F,3,4,C,3,ALIMENTOS,ABACATE
2019-06-12,207080,276,F,3,0,B,31,ALIMENTOS,GRANOLA
2019-06-12,207154,239,M,4,2,C,24,ALIMENTOS,COPA SUINA
2019-06-12,207200,519,M,2,4,B,183,ALIMENTOS,KETCHUP
2019-06-12,207222,32,F,1,0,B,77,HIGIENE,FIXADOR
2019-06-12,207304,922,M,1,0,B,173,ALIMENTOS,LINGUICA
2019-06-12,207314,903,M,1,0,B,108,LIMPEZA,REMOVEDOR
2019-06-12,207334,274,M,1,1,B,92,HIGIENE,TINTURAS
2019-06-12,207347,276,F,3,0,B,118,PET,RACAO UMIDA PARA CAES
2019-06-12,207376,15,M,2,1,C,184,ALIMENTOS,IOGURTE
2019-06-12,207418,619,M,4,1,B,208,HIGIENE,CONDICIONADOR
2019-06-12,207465,669,F,4,0,B,19,ALIMENTOS,CAFE
2019-06-12,207509,129,M,2,0,A,218,ALIMENTOS,BIFE DE COXAO MOLE
2019-06-12,207559,967,F,1,0,B,62,ALIMENTOS,SNACKS
2019-06-12,207655,293,M,4,0,B,217,ALIMENTOS,BISCOITO
2019-06-12,207748,64,F,4,0,B,16,ALIMENTOS,BIFE DE COXAO MOLE
2019-06-12,207793,70,F,4,0,B,157,ALIMENTOS,PAPINHA INFANTIL
2019-06-12,207840,247,M,1,0,B,6,ALIMENTOS,ALHO
2019-06-12,207923,821,F,2,3,B,169,ALIMENTOS,MAMAO
2019-06-12,207926,897,M,2,1,C,163,ALIMENTOS,MORTADELA
2019-06-12,208021,8,F,3,0,B,46,ALIMENTOS,MOLHO BARBECUE
2019-06-12,208045,25,M,4,1,C,23,ALIMENTOS,COGUMELOS
2019-06-12,208049,863,F,1,4,B,176,LIMPEZA,LIMPA VIDROS
2019-06-12,208123,130,F,1,0,B,187,HIGIENE,HASTES FLEXIVEIS
2019-06-12,208188,616,F,1,2,C,198,BEBIDAS,ENERGETICO
2019-06-12,208279,755,M,3,4,B,72,HIGIENE,CONDICIONADOR
2019-06-12,208303,63,F,3,0,B,21,ALIMENTOS,CENOURA
2019-06-12,208373,798,M,5,2,B,190,HIGIENE,GEL
2019-06-12,208404,790,F,3,0,B,108,LIMPEZA,REMOVEDOR
2019-06-12,208456,350,F,5,1,B,131,ALIMENTOS,SALGADINHO
2019-06-12,208498,8,F,3,0,B,52,ALIMENTOS,PATE
2019-12-12,208543,833,F,1,4,B,115,PET,ALIMENTO PARA PASSARO
2019-12-12,208544,992,F,2,0,B,78,HIGIENE,FRALDA
2019-12-12,208582,322,M,2,0,B,87,HIGIENE,PROTETOR SOLAR
2019-12-12,208666,438,F,1,0,B,173,ALIMENTOS,LINGUICA
2019-12-12,208740,191,M,3,0,B,173,ALIMENTOS,LINGUICA
2019-12-12,208742,36,F,3,0,C,73,HIGIENE,CREME
2019-12-12,208760,766,F,1,0,B,28,ALIMENTOS,DOCE
2019-12-12,208822,153,M,4,1,B,216,ALIMENTOS,BROCOLIS
2019-12-12,208898,987,F,1,0,B,210,ACESSORIOS,CHUPETA
2019-12-12,208901,956,M,5,1,C,73,HIGIENE,CREME
2019-12-12,208950,351,F,2,2,B,64,ALIMENTOS,UVA
2019-12-12,208975,293,M,4,0,B,12,ALIMENTOS,AZEITONA
2019-12-12,208996,193,F,4,0,B,222,LIMPEZA,BALDE
2019-12-12,209002,933,M,2,2,B,141,BEBIDAS,REFRIGERANTE LIMaO
2019-12-12,209043,536,M,4,0,B,100,LIMPEZA,DETERGENTE
2019-12-12,209082,449,F,2,3,B,4,ALIMENTOS,ABACAXI
2019-12-12,209088,630,M,1,2,C,113,LIMPEZA,TIRA MANCHA
2019-12-12,209149,496,F,2,0,B,172,LIMPEZA,LUSTRA MOVEIS
2019-12-12,209224,508,F,3,0,B,203,ALIMENTOS,DANETTE
2019-12-12,209263,162,F,1,1,B,218,ALIMENTOS,BIFE DE COXAO MOLE
2019-12-12,209330,552,M,4,0,B,195,ALIMENTOS,FEIJAO
2019-12-12,209383,837,F,2,0,C,31,ALIMENTOS,GRANOLA
2019-12-12,209388,885,F,3,1,A,5,ALIMENTOS,ACHOCOLATADO
2019-12-12,209414,640,M,4,0,C,114,LIMPEZA,VASSOURA
2019-12-12,209434,958,M,2,3,B,35,ALIMENTOS,LATA DE ERVILHA
2019-12-12,209498,257,M,1,4,C,215,ALIMENTOS,CAFE
2019-12-12,209539,345,F,2,3,B,139,LIMPEZA,REMOVEDOR
2019-12-12,209580,421,M,3,3,C,225,ALIMENTOS,ATUM
2019-12-12,209666,693,F,4,0,B,115,PET,ALIMENTO PARA PASSARO
2019-12-12,209760,282,M,2,0,B,113,LIMPEZA,TIRA MANCHA
2019-12-12,209786,676,M,2,3,B,122,ALIMENTOS,TOMATE
2019-12-12,209836,326,F,1,0,B,82,HIGIENE,LENCO UMEDECIDO
2019-12-12,209899,254,F,5,2,B,44,ALIMENTOS,MAMAO
2019-12-12,209928,735,F,4,0,B,102,LIMPEZA,LIMPA VIDROS
2019-12-12,209946,345,F,2,3,B,190,HIGIENE,GEL
2019-12-12,209990,634,F,2,0,C,132,HIGIENE,SABONETE
2019-12-12,210057,791,F,1,0,B,103,LIMPEZA,LIMPADOR MULTIUSO
2019-12-12,210083,757,F,4,3,C,93,LIMPEZA,AGUA SANITARIA
2019-12-12,210174,63,F,3,0,B,27,ALIMENTOS,DANETTE
2019-12-12,210195,285,M,3,0,B,2,ACESSORIOS,MORDEDOR
2019-12-12,210215,51,F,3,0,B,92,HIGIENE,TINTURAS
2019-12-12,210267,250,F,4,1,B,33,ALIMENTOS,IOGURTE
2019-12-12,210326,222,F,4,0,B,214,ALIMENTOS,CEBOLA
2019-12-12,210401,460,F,1,3,B,39,ALIMENTOS,LIMAO
2019-12-16,210463,594,F,3,1,C,57,ALIMENTOS,REQUEIJAO
2019-12-16,210510,57,M,2,0,B,23,ALIMENTOS,COGUMELOS
2019-12-16,210552,454,F,1,0,B,58,ALIMENTOS,RICOTA
2019-12-16,210640,79,F,2,0,C,107,#N/D,#N/D
2019-12-16,210651,735,F,4,0,B,114,LIMPEZA,VASSOURA
2019-12-16,210667,55,F,3,0,B,27,ALIMENTOS,DANETTE
2019-12-16,210759,931,M,2,0,A,62,ALIMENTOS,SNACKS
2019-12-16,210782,501,M,1,0,B,203,ALIMENTOS,DANETTE
2019-12-16,210789,132,M,2,0,A,55,ALIMENTOS,QUEIJO DE CABRA
2019-12-16,210863,954,F,4,2,B,29,ALIMENTOS,FEIJAO
2019-12-16,210930,900,F,3,0,B,156,HIGIENE,PASTA DE DENTE
2019-12-16,210965,218,M,4,0,B,75,HIGIENE,ESCOVA DE DENTE
2019-12-16,210989,156,F,2,0,B,82,HIGIENE,LENCO UMEDECIDO
2019-12-16,211055,673,F,5,1,B,71,HIGIENE,ABSORVENTE
2019-12-16,211126,532,F,2,3,B,96,LIMPEZA,BALDE
2019-12-16,211168,56,F,2,3,B,47,ALIMENTOS,MORTADELA
2019-12-16,211177,639,M,2,0,C,75,HIGIENE,ESCOVA DE DENTE
2019-12-16,211273,142,F,1,0,B,174,LIMPEZA,LIMPADOR PERFUMADO
2019-12-16,211318,523,M,3,0,B,167,ALIMENTOS,MANGA
2019-12-16,211368,928,F,5,1,B,70,BEBIDAS,REFRIGERANTE OUTROS
2019-12-16,211450,867,M,2,3,B,160,ALIMENTOS,PALMITO
2019-12-16,211478,752,M,3,0,C,186,HIGIENE,HIDRATANTE
2019-12-16,211542,916,F,3,4,C,186,HIGIENE,HIDRATANTE
2019-12-16,211591,637,F,1,0,B,202,LIMPEZA,DESENGORDURANTE
2019-12-16,211596,915,F,3,0,B,88,HIGIENE,REPELENTE
2019-12-16,211612,929,M,4,0,B,223,ALIMENTOS,AZEITONA
2019-12-16,211708,444,F,2,0,B,80,HIGIENE,HASTES FLEXIVEIS
2019-12-16,211787,985,M,1,0,B,110,LIMPEZA,SABAO
2019-12-16,211860,995,M,3,1,B,205,ALIMENTOS,COXA E SOBRECOXA DE FRANGO
2019-12-16,211866,410,F,3,3,B,52,ALIMENTOS,PATE
2019-12-16,211926,127,F,4,2,C,34,ALIMENTOS,KETCHUP
2019-12-16,211965,166,F,1,0,B,121,ALIMENTOS,UVA
2019-12-16,211978,985,M,1,0,B,122,ALIMENTOS,TOMATE
2019-12-16,211986,893,F,1,0,B,55,ALIMENTOS,QUEIJO DE CABRA
2019-12-16,212043,112,M,4,0,B,95,LIMPEZA,AMACIANTE
2019-12-16,212069,125,M,3,0,B,102,LIMPEZA,LIMPA VIDROS
2019-12-16,212146,33,F,2,0,B,61,ALIMENTOS,SARDINHA
2019-12-16,212178,792,F,2,0,B,117,PET,RACAO SECA PARA GATOS
2019-12-16,212181,814,M,4,0,B,213,ALIMENTOS,CENOURA
2019-12-16,212197,706,F,2,0,A,229,ALIMENTOS,ALMONDEGA
2019-12-16,212228,114,F,3,3,B,41,ALIMENTOS,MACARRAO
2019-12-16,212265,514,M,4,0,C,218,ALIMENTOS,BIFE DE COXAO MOLE
2019-12-16,212299,439,F,3,0,B,163,ALIMENTOS,MORTADELA
2019-12-16,212340,342,M,3,0,B,76,HIGIENE,FIO DENTAL
2019-12-16,212371,829,F,3,4,B,18,ALIMENTOS,BROCOLIS
2019-12-16,212412,418,M,2,2,A,22,ALIMENTOS,CHA
2019-12-16,212459,932,M,4,1,B,46,ALIMENTOS,MOLHO BARBECUE
2019-12-16,212526,997,M,5,2,C,108,LIMPEZA,REMOVEDOR
2019-12-16,212606,38,M,3,0,B,189,ALIMENTOS,GRANOLA
2019-12-16,212678,809,F,3,3,B,79,HIGIENE,GEL
2019-12-16,212692,705,M,1,0,B,86,HIGIENE,PRESERVATIVO
2019-12-16,212759,816,M,4,0,C,27,ALIMENTOS,DANETTE
2019-12-16,212765,712,F,2,3,B,33,ALIMENTOS,IOGURTE
2019-12-16,212793,517,F,3,1,B,85,HIGIENE,PASTA DE DENTE
2019-12-16,212845,345,F,2,3,B,142,BEBIDAS,REFRIGERANTE LARANJA
2019-12-16,212939,958,M,2,3,B,130,ALIMENTOS,SALGADINHOS DE MILHO
2019-12-16,213006,869,F,3,0,B,193,HIGIENE,FIO DENTAL
2019-12-16,213064,4,M,4,0,B,200,LIMPEZA,DETERGENTE
2019-12-16,213066,68,F,2,1,A,123,LIMPEZA,TIRA MANCHA
2019-12-16,213132,485,M,3,3,B,32,ALIMENTOS,HAMBUGUER
2019-12-16,213165,957,M,2,3,B,18,ALIMENTOS,BROCOLIS
2019-12-16,213184,444,F,2,0,B,138,HIGIENE,REPELENTE
2019-12-16,213231,333,F,2,0,C,32,ALIMENTOS,HAMBUGUER
2019-12-16,213311,666,F,2,2,B,173,ALIMENTOS,LINGUICA
2019-12-16,213331,398,F,4,1,B,99,LIMPEZA,DESINFETANTE
2019-12-16,213424,32,F,1,0,B,10,ALIMENTOS,ATUM
2019-12-16,213451,587,M,1,0,B,73,HIGIENE,CREME
2019-12-16,213497,437,F,2,1,C,218,ALIMENTOS,BIFE DE COXAO MOLE
2019-12-16,213563,467,F,2,2,B,36,ALIMENTOS,LATA DE MILHO
2019-12-16,213632,301,F,3,0,C,39,ALIMENTOS,LIMAO
2019-12-16,213690,54,M,1,0,A,132,HIGIENE,SABONETE
2019-12-16,213734,390,F,2,0,B,64,ALIMENTOS,UVA
2019-12-16,213736,318,M,1,2,B,25,ALIMENTOS,CORACAO DE FRANGO
2019-12-16,213815,721,M,3,2,C,130,ALIMENTOS,SALGADINHOS DE MILHO
2019-12-16,213839,153,M,4,1,B,195,ALIMENTOS,FEIJAO
2019-12-16,213879,495,F,2,3,A,207,ALIMENTOS,COPA SUINA
2019-12-16,213952,236,M,2,2,C,33,ALIMENTOS,IOGURTE
2019-12-16,214013,961,F,1,0,C,92,HIGIENE,TINTURAS
2019-12-16,214081,860,M,1,0,B,94,LIMPEZA,ALCOOL
2019-12-16,214170,14,M,1,3,B,36,ALIMENTOS,LATA DE MILHO
2019-12-16,214217,601,M,4,0,A,71,HIGIENE,ABSORVENTE
2019-12-16,214240,322,M,2,0,B,59,ALIMENTOS,SALGADINHO
2019-12-18,214328,726,M,2,0,B,40,ALIMENTOS,LINGUICA
2019-12-18,214331,928,F,5,1,B,91,HIGIENE,TALCO
2019-12-18,214379,213,M,2,4,B,72,HIGIENE,CONDICIONADOR
2019-12-18,214457,281,F,2,0,B,189,ALIMENTOS,GRANOLA
2019-12-18,214550,863,F,1,4,B,219,ALIMENTOS,BATATA DOCE
2019-12-18,214613,45,M,2,0,A,109,LIMPEZA,RODO
2019-12-18,214621,883,M,1,0,B,215,ALIMENTOS,CAFE
2019-12-18,214637,805,F,3,0,C,19,ALIMENTOS,CAFE
2019-12-18,214657,390,F,2,0,B,191,HIGIENE,FRALDA
2019-12-18,214705,679,F,3,3,B,81,HIGIENE,HIDRATANTE
2019-12-18,214748,802,M,1,1,B,210,ACESSORIOS,CHUPETA
2019-12-18,214797,118,M,2,4,A,109,LIMPEZA,RODO
2019-12-18,214861,1,M,1,0,C,152,ALIMENTOS,PRESUNTO COZIDO
2019-12-18,214864,660,F,3,0,C,155,ALIMENTOS,PATE
2019-12-18,214914,111,M,2,4,C,199,ALIMENTOS,DOCE
2019-12-18,214943,538,M,3,0,B,86,HIGIENE,PRESERVATIVO
2019-12-18,215010,680,F,3,0,C,175,LIMPEZA,LIMPADOR MULTIUSO
2019-12-18,215083,934,F,2,2,B,68,BEBIDAS,REFRIGERANTE LARANJA
2019-12-18,215133,872,M,3,4,A,7,ALIMENTOS,ALMONDEGA
2019-12-18,215170,348,F,3,0,A,101,LIMPEZA,INSETICIDA
2019-12-18,215196,877,M,2,0,C,220,ALIMENTOS,BATATA
2019-12-18,215288,203,F,3,0,A,11,ALIMENTOS,AZEITE
2019-12-18,215321,579,F,3,0,B,10,ALIMENTOS,ATUM
2019-12-18,215369,118,M,2,4,A,5,ALIMENTOS,ACHOCOLATADO
2019-12-18,215459,934,F,2,2,B,105,LIMPEZA,LUSTRA MOVEIS
2019-12-18,215538,768,F,4,0,B,147,PET,RACAO SECA PARA GATOS
2019-12-18,215612,889,F,3,4,B,55,ALIMENTOS,QUEIJO DE CABRA
2019-12-18,215694,302,F,4,3,C,176,LIMPEZA,LIMPA VIDROS
2019-12-18,215742,741,M,3,0,B,141,BEBIDAS,REFRIGERANTE LIMaO
2019-12-18,215829,126,M,1,0,C,135,LIMPEZA,RODO
2019-12-18,215830,41,M,3,0,C,30,ALIMENTOS,FILE DE PEIXE
2019-12-18,215890,254,F,5,2,B,23,ALIMENTOS,COGUMELOS
2019-12-18,215936,337,M,3,0,B,155,ALIMENTOS,PATE
2019-12-18,215982,67,M,1,0,B,200,LIMPEZA,DETERGENTE
2019-12-18,216045,359,F,1,0,B,174,LIMPEZA,LIMPADOR PERFUMADO
2019-12-18,216099,894,F,4,3,C,45,ALIMENTOS,MANGA
2019-12-18,216145,675,M,4,0,B,133,LIMPEZA,SABAO EM PO
2019-12-18,216203,7,M,1,3,B,66,BEBIDAS,REFRIGERANTE COLA
2019-12-18,216270,150,M,1,4,B,152,ALIMENTOS,PRESUNTO COZIDO
2019-12-18,216348,687,M,2,3,C,128,HIGIENE,SHAMPOO
2019-12-18,216385,937,M,3,4,C,161,ALIMENTOS,OVOS
2019-12-18,216474,717,F,3,0,B,64,ALIMENTOS,UVA
2019-12-18,216489,636,M,2,2,B,144,BEBIDAS,REFRIGERANTE COLA
2019-12-18,216512,15,M,2,1,C,191,HIGIENE,FRALDA
2019-12-18,216566,464,M,2,2,B,140,BEBIDAS,REFRIGERANTE OUTROS
2019-12-18,216603,649,F,3,0,B,167,ALIMENTOS,MANGA
2019-12-18,216667,947,F,3,1,B,65,BEBIDAS,ENERGETICO
2019-12-18,216759,41,M,3,0,C,149,ALIMENTOS,QUEIJO MUSSARELA
2019-12-18,216831,513,F,4,3,B,52,ALIMENTOS,PATE
2019-12-18,216888,73,M,1,0,A,31,ALIMENTOS,GRANOLA
2019-12-18,216951,3,F,4,0,B,192,HIGIENE,FIXADOR
2019-12-18,216957,351,F,2,2,B,62,ALIMENTOS,SNACKS
2019-12-18,217042,310,M,4,3,C,142,BEBIDAS,REFRIGERANTE LARANJA
2019-12-18,217117,31,F,1,0,C,63,ALIMENTOS,TOMATE
2019-12-18,217152,82,F,1,1,C,95,LIMPEZA,AMACIANTE
2019-12-18,217235,229,M,2,2,C,178,HIGIENE,LENCO UMEDECIDO
2019-12-18,217311,728,M,2,0,A,224,ALIMENTOS,AZEITE
2019-12-18,217390,390,F,2,0,B,72,HIGIENE,CONDICIONADOR
2019-12-18,217435,880,M,3,2,B,94,LIMPEZA,ALCOOL
2019-12-18,217460,400,F,4,1,C,205,ALIMENTOS,COXA E SOBRECOXA DE FRANGO
2019-12-18,217501,769,F,3,3,C,12,ALIMENTOS,AZEITONA
2019-12-18,217521,860,M,1,0,B,95,LIMPEZA,AMACIANTE
2019-12-18,217554,638,M,3,1,B,149,ALIMENTOS,QUEIJO MUSSARELA
2019-12-18,217650,83,M,1,4,B,75,HIGIENE,ESCOVA DE DENTE
2019-12-18,217736,547,F,3,4,C,4,ALIMENTOS,ABACAXI
2019-12-18,217810,987,F,1,0,B,178,HIGIENE,LENCO UMEDECIDO
2019-12-18,217886,1,M,1,0,C,74,HIGIENE,ENXAGUANTE BUCAL
2019-12-18,217984,590,M,4,3,B,120,LIMPEZA,VASSOURA
2019-12-18,218076,123,F,3,2,B,227,ALIMENTOS,ARROZ
2019-12-18,218083,953,M,1,1,B,107,#N/D,#N/D
2019-12-18,218085,776,F,2,0,B,133,LIMPEZA,SABAO EM PO
2019-12-18,218097,918,F,2,4,C,177,ALIMENTOS,LIMAO
2019-12-18,218127,249,F,4,0,B,83,HIGIENE,MODELADOR
2019-12-18,218184,358,F,3,0,C,22,ALIMENTOS,CHA
2019-12-18,218216,66,M,3,3,B,170,ALIMENTOS,MACARRAO INSTANTANEO
2019-12-18,218246,439,F,3,0,B,173,ALIMENTOS,LINGUICA
2019-12-18,218330,1000,F,4,1,B,71,HIGIENE,ABSORVENTE
2019-12-24,218352,444,F,2,0,B,65,BEBIDAS,ENERGETICO
2019-12-24,218404,618,M,4,3,B,24,ALIMENTOS,COPA SUINA
2019-12-24,218432,39,M,2,0,C,106,LIMPEZA,ODORIZADOR
2019-12-24,218461,183,M,4,1,B,90,HIGIENE,SHAMPOO
2019-12-24,218551,247,M,1,0,B,40,ALIMENTOS,LINGUICA
2019-12-24,218614,15,M,2,1,C,156,HIGIENE,PASTA DE DENTE
2019-12-24,218666,170,F,4,2,B,153,ALIMENTOS,PRESUNTO COZIDO
2019-12-24,218674,336,F,1,0,C,181,ALIMENTOS,LATA DE MILHO
2019-12-24,218767,447,M,2,0,B,97,LIMPEZA,CERA
2019-12-24,218829,29,M,2,0,B,133,LIMPEZA,SABAO EM PO
2019-12-24,218903,963,M,3,0,B,11,ALIMENTOS,AZEITE
2019-12-24,218918,753,F,1,3,C,194,ALIMENTOS,FILE DE PEIXE
2019-12-24,219005,876,F,2,3,B,169,ALIMENTOS,MAMAO
2019-12-24,219011,670,M,4,0,C,40,ALIMENTOS,LINGUICA
2019-12-24,219031,849,F,5,1,B,124,LIMPEZA,TIRA LIMO
2019-12-24,219043,309,M,1,0,B,37,ALIMENTOS,LEITE
2019-12-24,219132,901,F,4,1,B,63,ALIMENTOS,TOMATE
2019-12-24,219178,104,F,3,2,B,155,ALIMENTOS,PATE
2019-12-24,219202,697,M,3,0,C,224,ALIMENTOS,AZEITE
2019-12-24,219264,111,M,2,4,C,201,LIMPEZA,DESINFETANTE
2019-12-24,219352,822,M,2,3,B,117,PET,RACAO SECA PARA GATOS
2019-12-24,219426,191,M,3,0,B,129,ALIMENTOS,SARDINHA
2019-12-24,219438,56,F,2,3,B,21,ALIMENTOS,CENOURA
2019-12-24,219455,115,M,4,0,B,152,ALIMENTOS,PRESUNTO COZIDO
2019-12-24,219525,309,M,1,0,B,220,ALIMENTOS,BATATA
2019-12-24,219619,507,F,3,2,B,21,ALIMENTOS,CENOURA
2019-12-24,219714,154,M,2,3,B,37,ALIMENTOS,LEITE
2019-12-24,219750,909,M,3,0,B,87,HIGIENE,PROTETOR SOLAR
2019-12-24,219812,418,M,2,2,A,159,ALIMENTOS,PAO DE FORMA
2019-12-24,219842,37,M,3,0,B,22,ALIMENTOS,CHA
2019-12-24,219852,540,F,2,0,C,44,ALIMENTOS,MAMAO
2019-12-24,219907,499,M,3,0,B,220,ALIMENTOS,BATATA
2019-12-24,220003,614,F,4,1,B,30,ALIMENTOS,FILE DE PEIXE
2019-12-24,220083,335,F,3,0,C,123,LIMPEZA,TIRA MANCHA
2019-12-24,220122,517,F,3,1,B,116,PET,RACAO SECA PARA CAES
2019-12-24,220206,893,F,1,0,B,157,ALIMENTOS,PAPINHA INFANTIL
2019-12-24,220209,8,F,3,0,B,111,LIMPEZA,SABAO EM PO
2019-12-24,220284,858,F,4,2,C,208,HIGIENE,CONDICIONADOR
2019-12-24,220305,715,F,3,4,B,43,ALIMENTOS,MAMAO PAPAYA
2019-12-24,220375,295,F,1,3,B,10,ALIMENTOS,ATUM
2019-12-24,220438,631,M,1,4,C,214,ALIMENTOS,CEBOLA
2019-12-30,220513,627,M,3,1,B,164,ACESSORIOS,MORDEDOR
2019-12-30,220576,599,F,1,4,C,172,LIMPEZA,LUSTRA MOVEIS
2019-12-30,220620,288,M,2,0,B,82,HIGIENE,LENCO UMEDECIDO
2019-12-30,220688,110,M,3,0,C,217,ALIMENTOS,BISCOITO
2019-12-30,220742,87,M,3,2,A,158,HIGIENE,PAPEL HIGIENICO
2019-12-30,220752,894,F,4,3,C,206,ALIMENTOS,CORACAO DE FRANGO
2019-12-30,220808,280,M,4,3,B,164,ACESSORIOS,MORDEDOR
2019-12-30,220875,110,M,3,0,C,161,ALIMENTOS,OVOS
2019-12-30,220931,914,M,2,4,B,138,HIGIENE,REPELENTE
2019-12-30,220941,49,M,2,0,C,126,HIGIENE,TALCO
2019-12-30,220977,437,F,2,1,C,3,ALIMENTOS,ABACATE
2019-12-30,221057,51,F,3,0,B,18,ALIMENTOS,BROCOLIS
2019-12-30,221143,580,M,3,0,B,114,LIMPEZA,VASSOURA
2019-12-30,221242,280,M,4,3,B,34,ALIMENTOS,KETCHUP
2019-12-30,221292,378,F,2,0,C,145,PET,RACAO UMIDA PARA GATOS
2019-12-30,221384,44,F,4,0,C,164,ACESSORIOS,MORDEDOR
2019-12-30,221456,226,F,4,0,B,33,ALIMENTOS,IOGURTE
2019-12-30,221513,935,F,2,0,B,17,ALIMENTOS,BISCOITO
2019-12-30,221603,68,F,2,1,A,56,ALIMENTOS,QUEIJO MUSSARELA
2019-12-30,221653,57,M,2,0,B,100,LIMPEZA,DETERGENTE
2019-12-30,221725,650,F,2,0,C,148,PET,RACAO SECA PARA CAES
2019-12-30,221794,702,M,1,0,B,170,ALIMENTOS,MACARRAO INSTANTANEO
2019-12-30,221885,691,M,4,0,B,167,ALIMENTOS,MANGA
2019-12-30,221949,271,F,4,0,B,79,HIGIENE,GEL
2019-12-30,222018,337,M,3,0,B,165,ALIMENTOS,MOLHO BARBECUE
2019-12-30,222064,584,M,3,0,B,89,HIGIENE,SABONETE
2019-12-30,222089,647,M,1,0,C,98,LIMPEZA,DESENGORDURANTE
2019-12-30,222099,79,F,2,0,C,123,LIMPEZA,TIRA MANCHA
2019-12-30,222128,761,F,1,4,B,70,BEBIDAS,REFRIGERANTE OUTROS
2019-12-30,222197,500,M,3,2,C,117,PET,RACAO SECA PARA GATOS
2019-12-30,222286,444,F,2,0,B,163,ALIMENTOS,MORTADELA
2019-12-30,222379,279,M,1,2,B,192,HIGIENE,FIXADOR
2019-12-30,222399,977,M,1,0,C,175,LIMPEZA,LIMPADOR MULTIUSO
2019-12-30,222410,236,M,2,2,C,170,ALIMENTOS,MACARRAO INSTANTANEO
2019-12-30,222463,164,M,2,3,A,118,PET,RACAO UMIDA PARA CAES
2019-12-30,222524,949,M,1,0,B,19,ALIMENTOS,CAFE
2019-12-30,222546,432,F,1,0,C,68,BEBIDAS,REFRIGERANTE LARANJA
2019-12-30,222596,703,M,1,3,B,186,HIGIENE,HIDRATANTE
2019-12-30,222616,647,M,1,0,C,148,PET,RACAO SECA PARA CAES
2019-12-30,222684,924,F,2,2,B,102,LIMPEZA,LIMPA VIDROS
2019-12-30,222689,615,M,1,4,C,141,BEBIDAS,REFRIGERANTE LIMaO
2019-12-30,222777,365,M,4,0,A,79,HIGIENE,GEL
2019-12-30,222866,934,F,2,2,B,16,ALIMENTOS,BIFE DE COXAO MOLE
2019-12-30,222896,41,M,3,0,C,89,HIGIENE,SABONETE
2019-12-30,222966,383,M,1,3,C,59,ALIMENTOS,SALGADINHO
2019-12-30,222986,76,M,3,0,A,40,ALIMENTOS,LINGUICA
2019-12-30,223006,28,F,1,2,B,154,HIGIENE,PRESERVATIVO
2019-12-30,223098,750,M,2,2,C,4,ALIMENTOS,ABACAXI
2019-12-30,223110,199,M,3,3,B,139,LIMPEZA,REMOVEDOR
2019-12-30,223196,686,F,3,2,A,167,ALIMENTOS,MANGA
2019-12-30,223257,309,M,1,0,B,129,ALIMENTOS,SARDINHA
2019-12-30,223328,213,M,2,4,B,79,HIGIENE,GEL
2019-12-30,223378,700,F,4,2,C,67,BEBIDAS,REFRIGERANTE GUARANA
2019-12-30,223383,465,F,3,0,B,33,ALIMENTOS,IOGURTE
2019-12-30,223430,550,M,4,0,B,26,ALIMENTOS,COXA E SOBRECOXA DE FRANGO
2019-12-30,223493,259,M,1,1,B,22,ALIMENTOS,CHA
2019-12-30,223588,204,F,3,3,B,21,ALIMENTOS,CENOURA
2019-12-30,223685,670,M,4,0,C,73,HIGIENE,CREME
2019-12-30,223703,271,F,4,0,B,8,ALIMENTOS,ARROZ
2019-12-30,223749,630,M,1,2,C,20,ALIMENTOS,CEBOLA
2019-12-30,223841,703,M,1,3,B,29,ALIMENTOS,FEIJAO
2019-12-30,223939,493,M,2,4,B,105,LIMPEZA,LUSTRA MOVEIS
2019-12-30,224016,847,M,4,2,A,157,ALIMENTOS,PAPINHA INFANTIL
2020-01-01,224041,268,M,4,0,B,46,ALIMENTOS,MOLHO BARBECUE
2020-01-01,224066,97,F,4,1,B,187,HIGIENE,HASTES FLEXIVEIS
2020-01-01,224076,4,M,4,0,B,169,ALIMENTOS,MAMAO
2020-01-01,224133,942,M,1,0,B,178,HIGIENE,LENCO UMEDECIDO
2020-01-01,224157,139,F,3,3,B,179,ALIMENTOS,LEITE CONDENSADO
2020-01-01,224227,428,F,2,0,A,165,ALIMENTOS,MOLHO BARBECUE
2020-01-01,224283,620,M,2,0,B,56,ALIMENTOS,QUEIJO MUSSARELA
2020-01-01,224321,149,M,1,3,A,223,ALIMENTOS,AZEITONA
2020-01-01,224391,228,F,4,0,C,52,ALIMENTOS,PATE
2020-01-01,224414,81,F,2,0,B,38,ALIMENTOS,LEITE CONDENSADO
2020-01-01,224480,4,M,4,0,B,195,ALIMENTOS,FEIJAO
2020-01-01,224565,375,M,4,0,B,14,ALIMENTOS,BATATA
2020-01-01,224605,510,F,4,0,B,162,LIMPEZA,ODORIZADOR
2020-01-01,224674,483,M,1,0,C,37,ALIMENTOS,LEITE
2020-01-01,224719,746,M,3,0,C,21,ALIMENTOS,CENOURA
2020-01-01,224749,704,F,2,0,C,180,ALIMENTOS,LEITE
2020-01-01,224810,974,M,4,1,B,221,ALIMENTOS,BANANA
2020-01-01,224897,408,F,4,0,B,8,ALIMENTOS,ARROZ
2020-01-01,224909,938,M,1,4,B,170,ALIMENTOS,MACARRAO INSTANTANEO
2020-01-01,224968,763,F,4,0,B,164,ACESSORIOS,MORDEDOR
2020-01-01,225021,521,F,1,0,A,112,LIMPEZA,TIRA LIMO
2020-01-01,225078,584,M,3,0,B,219,ALIMENTOS,BATATA DOCE
2020-01-01,225142,243,F,1,4,C,163,ALIMENTOS,MORTADELA
2020-01-01,225163,502,M,4,0,C,186,HIGIENE,HIDRATANTE
2020-01-01,225182,464,M,2,2,B,119,PET,RACAO UMIDA PARA GATOS
2020-01-01,225225,232,M,3,1,B,191,HIGIENE,FRALDA
2020-01-01,225282,109,M,2,1,B,124,LIMPEZA,TIRA LIMO
2020-01-01,225364,448,F,2,0,A,31,ALIMENTOS,GRANOLA
2020-01-01,225452,45,M,2,0,A,72,HIGIENE,CONDICIONADOR
2020-01-01,225502,565,F,1,2,B,89,HIGIENE,SABONETE
2020-01-01,225558,968,F,1,0,B,106,LIMPEZA,ODORIZADOR
2020-01-01,225649,651,F,2,0,B,157,ALIMENTOS,PAPINHA INFANTIL
2020-01-01,225652,684,F,3,0,C,172,LIMPEZA,LUSTRA MOVEIS
2020-01-01,225741,758,F,3,0,B,165,ALIMENTOS,MOLHO BARBECUE
2020-01-01,225810,336,F,1,0,C,135,LIMPEZA,RODO
2020-01-01,225875,146,F,2,0,B,207,ALIMENTOS,COPA SUINA
2020-01-01,225952,545,M,2,2,B,115,PET,ALIMENTO PARA PASSARO
2020-01-01,225980,935,F,2,0,B,159,ALIMENTOS,PAO DE FORMA
2020-01-01,226018,469,M,4,2,C,158,HIGIENE,PAPEL HIGIENICO
2020-01-01,226082,355,M,3,4,B,169,ALIMENTOS,MAMAO
2020-01-01,226160,419,F,2,1,B,172,LIMPEZA,LUSTRA MOVEIS
2020-01-01,226201,168,F,4,3,B,167,ALIMENTOS,MANGA
2020-01-01,226286,316,F,3,2,B,146,PET,RACAO UMIDA PARA CAES
2020-01-01,226334,258,F,1,0,B,134,LIMPEZA,SABAO
2020-01-01,226422,851,F,2,0,B,206,ALIMENTOS,CORACAO DE FRANGO
2020-01-01,226498,278,F,3,2,C,4,ALIMENTOS,ABACAXI
2020-01-01,226541,456,M,1,4,B,10,ALIMENTOS,ATUM
2020-01-01,226617,962,M,3,4,B,97,LIMPEZA,CERA
2020-01-01,226680,890,M,3,0,C,95,LIMPEZA,AMACIANTE
2020-01-01,226713,835,F,1,0,A,29,ALIMENTOS,FEIJAO
2020-01-01,226745,756,F,1,4,B,182,ALIMENTOS,LATA DE ERVILHA
2020-01-01,226831,298,F,4,0,C,121,ALIMENTOS,UVA
2020-02-01,226910,625,F,4,0,C,129,ALIMENTOS,SARDINHA
2020-02-01,226986,583,F,2,0,B,163,ALIMENTOS,MORTADELA
2020-02-01,227055,791,F,1,0,B,160,ALIMENTOS,PALMITO
2020-02-01,227078,720,M,2,3,B,195,ALIMENTOS,FEIJAO
2020-02-01,227148,849,F,5,1,B,156,HIGIENE,PASTA DE DENTE
2020-02-01,227151,786,F,1,4,C,2,ACESSORIOS,MORDEDOR
2020-02-01,227197,476,M,3,0,C,158,HIGIENE,PAPEL HIGIENICO
2020-02-01,227252,944,F,3,1,B,229,ALIMENTOS,ALMONDEGA
2020-02-01,227301,699,F,1,0,C,210,ACESSORIOS,CHUPETA
2020-02-01,227320,551,M,1,0,C,214,ALIMENTOS,CEBOLA
2020-02-01,227351,562,F,3,0,B,140,BEBIDAS,REFRIGERANTE OUTROS
2020-02-01,227431,318,M,1,2,B,204,HIGIENE,CREME
2020-02-01,227440,782,M,3,3,B,192,HIGIENE,FIXADOR
2020-02-01,227488,139,F,3,3,B,225,ALIMENTOS,ATUM
2020-02-01,227567,200,F,3,0,B,64,ALIMENTOS,UVA
2020-02-01,227652,496,F,2,0,B,7,ALIMENTOS,ALMONDEGA
2020-02-01,227655,231,F,4,2,B,135,LIMPEZA,RODO
2020-02-01,227702,432,F,1,0,C,217,ALIMENTOS,BISCOITO
2020-02-01,227730,928,F,5,1,B,121,ALIMENTOS,UVA
2020-02-01,227798,54,M,1,0,A,66,BEBIDAS,REFRIGERANTE COLA
2020-02-01,227825,726,M,2,0,B,149,ALIMENTOS,QUEIJO MUSSARELA
2020-02-01,227891,805,F,3,0,C,44,ALIMENTOS,MAMAO
2020-02-01,227961,68,F,2,1,A,36,ALIMENTOS,LATA DE MILHO
2020-02-01,227972,134,F,3,0,B,149,ALIMENTOS,QUEIJO MUSSARELA
2020-09-01,228013,655,M,2,0,B,54,ALIMENTOS,PRESUNTO COZIDO
2020-09-01,228062,355,M,3,4,B,65,BEBIDAS,ENERGETICO
2020-09-01,228098,821,F,2,3,B,115,PET,ALIMENTO PARA PASSARO
2020-09-01,228192,244,M,4,0,B,188,ALIMENTOS,HAMBUGUER
2020-09-01,228196,551,M,1,0,C,13,ALIMENTOS,BANANA
2020-09-01,228229,197,F,2,0,B,71,HIGIENE,ABSORVENTE
2020-09-01,228234,587,M,1,0,B,81,HIGIENE,HIDRATANTE
2020-09-01,228327,353,M,1,2,B,72,HIGIENE,CONDICIONADOR
2020-09-01,228411,136,F,2,1,B,159,ALIMENTOS,PAO DE FORMA
2020-09-01,228443,10,M,1,0,B,168,ALIMENTOS,MAMAO PAPAYA
2020-09-01,228475,932,M,4,1,B,138,HIGIENE,REPELENTE
2020-09-01,228538,330,F,1,0,B,24,ALIMENTOS,COPA SUINA
2020-09-01,228560,191,M,3,0,B,36,ALIMENTOS,LATA DE MILHO
2020-09-01,228642,477,F,4,0,B,36,ALIMENTOS,LATA DE MILHO
2020-09-01,228688,334,M,3,0,C,32,ALIMENTOS,HAMBUGUER
2020-09-01,228744,309,M,1,0,B,139,LIMPEZA,REMOVEDOR
2020-09-01,228805,992,F,2,0,B,200,LIMPEZA,DETERGENTE
2020-09-01,228903,390,F,2,0,B,89,HIGIENE,SABONETE
2020-09-01,228987,79,F,2,0,C,225,ALIMENTOS,ATUM
2020-09-01,229075,401,M,1,4,C,53,ALIMENTOS,PRESUNTO COZIDO
2020-09-01,229161,400,F,4,1,C,179,ALIMENTOS,LEITE CONDENSADO
2020-12-01,229193,217,F,3,0,B,198,BEBIDAS,ENERGETICO
2020-12-01,229198,406,M,2,4,C,228,LIMPEZA,AMACIANTE
2020-12-01,229253,728,M,2,0,A,60,ALIMENTOS,SALGADINHOS DE MILHO
2020-12-01,229345,118,M,2,4,A,87,HIGIENE,PROTETOR SOLAR
2020-12-01,229419,701,M,3,0,B,11,ALIMENTOS,AZEITE
2020-12-01,229430,587,M,1,0,B,149,ALIMENTOS,QUEIJO MUSSARELA
2020-12-01,229445,351,F,2,2,B,120,LIMPEZA,VASSOURA
2020-12-01,229464,506,F,4,3,B,190,HIGIENE,GEL
2020-12-01,229510,833,F,1,4,B,50,ALIMENTOS,PAO DE FORMA
2020-12-01,229531,327,M,4,2,A,134,LIMPEZA,SABAO
2020-12-01,229591,960,F,4,2,B,202,LIMPEZA,DESENGORDURANTE
2020-12-01,229674,739,F,2,3,B,161,ALIMENTOS,OVOS
2020-12-01,229713,890,M,3,0,C,178,HIGIENE,LENCO UMEDECIDO
2020-01-15,229735,875,F,1,0,B,188,ALIMENTOS,HAMBUGUER
2020-01-15,229807,746,M,3,0,C,157,ALIMENTOS,PAPINHA INFANTIL
2020-01-15,229848,418,M,2,2,A,20,ALIMENTOS,CEBOLA
2020-01-15,229921,822,M,2,3,B,29,ALIMENTOS,FEIJAO
2020-01-15,230004,384,F,3,2,C,177,ALIMENTOS,LIMAO
2020-01-15,230014,917,M,1,0,A,89,HIGIENE,SABONETE
2020-01-15,230093,968,F,1,0,B,160,ALIMENTOS,PALMITO
2020-01-15,230110,655,M,2,0,B,129,ALIMENTOS,SARDINHA
2020-01-15,230150,801,M,1,4,B,210,ACESSORIOS,CHUPETA
2020-01-15,230216,508,F,3,0,B,49,ALIMENTOS,PALMITO
2020-01-15,230238,913,M,3,4,C,4,ALIMENTOS,ABACAXI
2020-01-15,230293,291,F,3,0,C,220,ALIMENTOS,BATATA
2020-01-15,230326,471,F,4,0,A,84,HIGIENE,PAPEL HIGIENICO
2020-01-15,230397,735,F,4,0,B,133,LIMPEZA,SABAO EM PO
2020-01-15,230421,352,M,4,2,B,41,ALIMENTOS,MACARRAO
2020-01-15,230440,940,F,1,3,B,43,ALIMENTOS,MAMAO PAPAYA
2020-01-15,230495,43,M,2,0,B,8,ALIMENTOS,ARROZ
2020-01-15,230517,162,F,1,1,B,60,ALIMENTOS,SALGADINHOS DE MILHO
2020-01-15,230607,691,M,4,0,B,156,HIGIENE,PASTA DE DENTE
2020-01-15,230700,67,M,1,0,B,214,ALIMENTOS,CEBOLA
2020-01-15,230769,419,F,2,1,B,165,ALIMENTOS,MOLHO BARBECUE
2020-01-15,230800,569,M,1,1,A,146,PET,RACAO UMIDA PARA CAES
2020-01-15,230808,847,M,4,2,A,197,HIGIENE,ENXAGUANTE BUCAL
2020-01-15,230832,151,F,1,0,B,67,BEBIDAS,REFRIGERANTE GUARANA
2020-01-15,230873,114,F,3,3,B,180,ALIMENTOS,LEITE
2020-01-15,230941,279,M,1,2,B,101,LIMPEZA,INSETICIDA
2020-01-15,230996,33,F,2,0,B,228,LIMPEZA,AMACIANTE
2020-01-15,231025,339,F,4,0,C,191,HIGIENE,FRALDA
2020-01-15,231067,431,F,4,3,B,68,BEBIDAS,REFRIGERANTE LARANJA
2020-01-15,231117,428,F,2,0,A,117,PET,RACAO SECA PARA GATOS
2020-01-15,231211,971,F,1,2,A,225,ALIMENTOS,ATUM
2020-01-15,231250,378,F,2,0,C,29,ALIMENTOS,FEIJAO
2020-01-15,231332,112,M,4,0,B,29,ALIMENTOS,FEIJAO
2020-01-15,231396,888,F,4,2,B,22,ALIMENTOS,CHA
2020-01-15,231425,9,F,2,0,B,205,ALIMENTOS,COXA E SOBRECOXA DE FRANGO
2020-01-15,231496,446,M,1,4,B,228,LIMPEZA,AMACIANTE
2020-01-15,231516,468,M,3,1,C,187,HIGIENE,HASTES FLEXIVEIS
2020-01-15,231574,1000,F,4,1,B,204,HIGIENE,CREME
2020-01-15,231584,170,F,4,2,B,127,ALIMENTOS,SNACKS
2020-01-15,231624,796,M,2,3,B,223,ALIMENTOS,AZEITONA
2020-01-15,231697,526,M,2,2,B,15,ALIMENTOS,BATATA DOCE
2020-01-15,231790,867,M,2,3,B,58,ALIMENTOS,RICOTA
2020-01-15,231827,4,M,4,0,B,183,ALIMENTOS,KETCHUP
2020-01-15,231912,484,M,3,2,C,139,LIMPEZA,REMOVEDOR
2020-01-15,231984,576,M,3,0,B,202,LIMPEZA,DESENGORDURANTE
2020-01-15,232024,967,F,1,0,B,157,ALIMENTOS,PAPINHA INFANTIL
2020-01-15,232092,87,M,3,2,A,177,ALIMENTOS,LIMAO
2020-01-15,232124,174,M,4,3,C,124,LIMPEZA,TIRA LIMO
2020-01-15,232209,570,F,4,1,C,201,LIMPEZA,DESINFETANTE
2020-01-15,232218,696,M,2,0,B,195,ALIMENTOS,FEIJAO
2020-01-15,232239,389,F,3,0,C,109,LIMPEZA,RODO
2020-01-15,232316,356,M,2,4,A,18,ALIMENTOS,BROCOLIS
2020-01-15,232366,705,M,1,0,B,203,ALIMENTOS,DANETTE
2020-01-15,232377,283,M,4,1,B,52,ALIMENTOS,PATE
2020-01-15,232396,669,F,4,0,B,180,ALIMENTOS,LEITE
2020-01-15,232425,372,M,1,4,B,160,ALIMENTOS,PALMITO
2020-01-15,232457,549,M,2,3,C,28,ALIMENTOS,DOCE
2020-01-15,232503,648,M,1,0,B,177,ALIMENTOS,LIMAO
2020-01-15,232571,725,M,4,0,C,184,ALIMENTOS,IOGURTE
2020-01-15,232639,881,F,5,1,C,162,LIMPEZA,ODORIZADOR
2020-01-15,232647,829,F,3,4,B,193,HIGIENE,FIO DENTAL
2020-01-18,232740,374,F,3,0,B,213,ALIMENTOS,CENOURA
2020-01-18,232798,552,M,4,0,B,189,ALIMENTOS,GRANOLA
2020-01-18,232803,856,F,5,1,B,118,PET,RACAO UMIDA PARA CAES
2020-01-18,232880,667,F,4,0,C,224,ALIMENTOS,AZEITE
2020-01-18,232895,635,F,4,0,B,36,ALIMENTOS,LATA DE MILHO
2020-01-18,232948,249,F,4,0,B,53,ALIMENTOS,PRESUNTO COZIDO
2020-01-18,233032,575,M,1,4,B,123,LIMPEZA,TIRA MANCHA
2020-01-18,233079,141,M,3,4,B,20,ALIMENTOS,CEBOLA
2020-01-18,233097,175,M,1,0,B,111,LIMPEZA,SABAO EM PO
2020-01-18,233117,597,M,3,0,C,109,LIMPEZA,RODO
2020-01-18,233197,413,M,3,2,B,3,ALIMENTOS,ABACATE
2020-01-18,233284,381,F,1,1,B,137,ALIMENTOS,REQUEIJAO
2020-01-18,233362,815,F,2,4,B,12,ALIMENTOS,AZEITONA
2020-01-18,233433,453,F,1,0,B,157,ALIMENTOS,PAPINHA INFANTIL
2020-01-18,233518,98,M,1,0,B,5,ALIMENTOS,ACHOCOLATADO
2020-01-18,233566,986,M,4,0,B,84,HIGIENE,PAPEL HIGIENICO
2020-01-18,233665,368,M,4,0,C,32,ALIMENTOS,HAMBUGUER
2020-01-18,233741,520,M,1,0,B,131,ALIMENTOS,SALGADINHO
2020-01-18,233828,496,F,2,0,B,56,ALIMENTOS,QUEIJO MUSSARELA
2020-01-18,233897,821,F,2,3,B,10,ALIMENTOS,ATUM
2020-01-18,233962,217,F,3,0,B,181,ALIMENTOS,LATA DE MILHO
2020-01-18,234051,79,F,2,0,C,127,ALIMENTOS,SNACKS
2020-01-18,234142,688,M,1,1,A,46,ALIMENTOS,MOLHO BARBECUE
2020-01-18,234185,183,M,4,1,B,17,ALIMENTOS,BISCOITO
2020-01-18,234266,690,F,1,3,B,60,ALIMENTOS,SALGADINHOS DE MILHO
2020-01-18,234359,532,F,2,3,B,129,ALIMENTOS,SARDINHA
2020-01-18,234403,759,F,3,0,B,108,LIMPEZA,REMOVEDOR
2020-01-18,234454,698,F,2,0,B,185,LIMPEZA,INSETICIDA
2020-01-18,234457,185,F,3,0,C,152,ALIMENTOS,PRESUNTO COZIDO
2020-01-18,234542,945,F,2,3,B,97,LIMPEZA,CERA
2020-01-18,234579,735,F,4,0,B,185,LIMPEZA,INSETICIDA
2020-01-18,234581,658,F,1,1,B,202,LIMPEZA,DESENGORDURANTE
2020-01-18,234628,982,M,4,3,B,226,ALIMENTOS,ARROZ INTEGRAL
2020-01-18,234700,943,F,1,0,C,223,ALIMENTOS,AZEITONA
2020-01-18,234791,569,M,1,1,A,144,BEBIDAS,REFRIGERANTE COLA
2020-01-18,234814,493,M,2,4,B,50,ALIMENTOS,PAO DE FORMA
2020-01-18,234820,50,M,4,0,B,115,PET,ALIMENTO PARA PASSARO
2020-01-18,234825,351,F,2,2,B,216,ALIMENTOS,BROCOLIS
2020-01-18,234878,155,F,2,0,B,78,HIGIENE,FRALDA
2020-01-18,234966,724,M,1,0,B,199,ALIMENTOS,DOCE
2020-01-18,234969,827,M,4,0,B,10,ALIMENTOS,ATUM
2020-01-18,235022,290,F,1,0,B,176,LIMPEZA,LIMPA VIDROS
2020-01-18,235051,930,F,4,1,B,33,ALIMENTOS,IOGURTE
2020-01-18,235076,148,M,3,4,A,178,HIGIENE,LENCO UMEDECIDO
2020-01-18,235168,237,F,4,3,C,36,ALIMENTOS,LATA DE MILHO
2020-01-18,235198,340,M,3,4,B,53,ALIMENTOS,PRESUNTO COZIDO
2020-01-18,235235,5,F,4,3,C,21,ALIMENTOS,CENOURA
2020-01-18,235303,548,F,4,0,C,34,ALIMENTOS,KETCHUP
2020-01-18,235332,43,M,2,0,B,162,LIMPEZA,ODORIZADOR
2020-01-18,235428,40,M,2,1,B,7,ALIMENTOS,ALMONDEGA
2020-01-18,235514,549,M,2,3,C,211,ALIMENTOS,CHA
2020-01-18,235590,594,F,3,1,C,152,ALIMENTOS,PRESUNTO COZIDO
2020-01-18,235666,988,F,2,0,C,64,ALIMENTOS,UVA
2020-01-18,235681,967,F,1,0,B,121,ALIMENTOS,UVA
2020-01-18,235741,905,M,1,0,B,198,BEBIDAS,ENERGETICO
2020-01-18,235755,316,F,3,2,B,141,BEBIDAS,REFRIGERANTE LIMaO
2020-01-18,235757,450,M,1,0,B,185,LIMPEZA,INSETICIDA
2020-01-18,235827,9,F,2,0,B,109,LIMPEZA,RODO
2020-01-18,235867,667,F,4,0,C,58,ALIMENTOS,RICOTA
2020-01-18,235888,180,M,3,4,B,93,LIMPEZA,AGUA SANITARIA
2020-01-18,235919,706,F,2,0,A,28,ALIMENTOS,DOCE
2020-01-18,236011,537,F,1,4,B,107,#N/D,#N/D
2020-01-18,236091,6,F,2,0,B,175,LIMPEZA,LIMPADOR MULTIUSO
2020-01-18,236115,987,F,1,0,B,102,LIMPEZA,LIMPA VIDROS
2020-01-18,236162,386,M,4,2,A,45,ALIMENTOS,MANGA
2020-01-18,236255,895,M,3,0,B,192,HIGIENE,FIXADOR
2020-01-18,236315,556,F,4,0,B,217,ALIMENTOS,BISCOITO
2020-01-18,236362,500,M,3,2,C,120,LIMPEZA,VASSOURA
2020-01-18,236409,205,M,2,4,B,51,ALIMENTOS,PAPINHA INFANTIL
2020-01-18,236500,921,M,2,3,B,106,LIMPEZA,ODORIZADOR
2020-01-18,236501,521,F,1,0,A,79,HIGIENE,GEL
2020-01-18,236585,884,F,3,2,C,27,ALIMENTOS,DANETTE
2020-01-18,236607,801,M,1,4,B,165,ALIMENTOS,MOLHO BARBECUE
2020-01-18,236648,368,M,4,0,C,198,BEBIDAS,ENERGETICO
2020-01-18,236689,248,M,3,0,C,139,LIMPEZA,REMOVEDOR
2020-01-18,236696,878,F,4,3,C,165,ALIMENTOS,MOLHO BARBECUE
2020-01-18,236716,406,M,2,4,C,177,ALIMENTOS,LIMAO
2020-01-18,236797,772,F,2,0,B,55,ALIMENTOS,QUEIJO DE CABRA
2020-01-18,236876,891,F,3,2,B,208,HIGIENE,CONDICIONADOR
2020-01-18,236935,657,M,2,3,B,33,ALIMENTOS,IOGURTE
2020-01-18,236972,917,M,1,0,A,56,ALIMENTOS,QUEIJO MUSSARELA
2020-01-18,236983,957,M,2,3,B,189,ALIMENTOS,GRANOLA
2020-01-18,237063,218,M,4,0,B,82,HIGIENE,LENCO UMEDECIDO
2020-01-18,237142,406,M,2,4,C,25,ALIMENTOS,CORACAO DE FRANGO
2020-01-18,237201,300,F,1,3,C,163,ALIMENTOS,MORTADELA
2020-01-18,237207,368,M,4,0,C,161,ALIMENTOS,OVOS
2020-01-18,237272,638,M,3,1,B,73,HIGIENE,CREME
2020-01-24,237334,390,F,2,0,B,199,ALIMENTOS,DOCE
2020-01-24,237397,615,M,1,4,C,127,ALIMENTOS,SNACKS
2020-01-24,237450,725,M,4,0,C,121,ALIMENTOS,UVA
2020-01-24,237532,349,M,3,0,B,217,ALIMENTOS,BISCOITO
2020-01-24,237549,245,F,4,3,B,223,ALIMENTOS,AZEITONA
2020-01-24,237645,200,F,3,0,B,125,HIGIENE,TINTURAS
2020-01-24,237720,122,M,3,3,B,100,LIMPEZA,DETERGENTE
2020-01-24,237774,344,M,3,0,B,15,ALIMENTOS,BATATA DOCE
2020-01-24,237829,605,M,4,2,B,146,PET,RACAO UMIDA PARA CAES
2020-01-24,237907,996,F,1,4,B,16,ALIMENTOS,BIFE DE COXAO MOLE
2020-01-24,237983,190,M,1,4,B,188,ALIMENTOS,HAMBUGUER
2020-01-24,238015,18,M,4,0,C,58,ALIMENTOS,RICOTA
2020-01-24,238071,415,F,3,0,B,226,ALIMENTOS,ARROZ INTEGRAL
2020-01-24,238111,662,F,1,1,B,104,LIMPEZA,LIMPADOR PERFUMADO
2020-01-24,238206,83,M,1,4,B,116,PET,RACAO SECA PARA CAES
2020-01-24,238227,947,F,3,1,B,133,LIMPEZA,SABAO EM PO
2020-01-24,238290,835,F,1,0,A,130,ALIMENTOS,SALGADINHOS DE MILHO
2020-01-24,238341,556,F,4,0,B,80,HIGIENE,HASTES FLEXIVEIS
2020-01-24,238346,412,M,2,0,B,216,ALIMENTOS,BROCOLIS
2020-01-24,238386,518,F,1,0,B,199,ALIMENTOS,DOCE
2020-01-24,238389,682,F,2,2,B,127,ALIMENTOS,SNACKS
2020-01-24,238456,956,M,5,1,C,176,LIMPEZA,LIMPA VIDROS
2020-01-24,238493,737,F,2,1,C,146,PET,RACAO UMIDA PARA CAES
2020-01-24,238578,519,M,2,4,B,120,LIMPEZA,VASSOURA
2020-01-24,238601,162,F,1,1,B,38,ALIMENTOS,LEITE CONDENSADO
2020-01-24,238632,282,M,2,0,B,94,LIMPEZA,ALCOOL
2020-01-24,238679,450,M,1,0,B,160,ALIMENTOS,PALMITO
2020-01-24,238716,948,M,4,0,C,40,ALIMENTOS,LINGUICA
2020-01-24,238724,223,F,3,0,B,91,HIGIENE,TALCO
2020-01-24,238803,880,M,3,2,B,151,HIGIENE,PROTETOR SOLAR
2020-01-24,238873,683,F,3,0,B,197,HIGIENE,ENXAGUANTE BUCAL
2020-01-24,238930,995,M,3,1,B,201,LIMPEZA,DESINFETANTE
2020-01-24,239021,985,M,1,0,B,109,LIMPEZA,RODO
2020-01-24,239054,884,F,3,2,C,167,ALIMENTOS,MANGA
2020-01-24,239083,772,F,2,0,B,144,BEBIDAS,REFRIGERANTE COLA
2020-01-24,239103,118,M,2,4,A,167,ALIMENTOS,MANGA
2020-01-24,239180,493,M,2,4,B,201,LIMPEZA,DESINFETANTE
2020-01-24,239214,340,M,3,4,B,155,ALIMENTOS,PATE
2020-01-24,239240,237,F,4,3,C,12,ALIMENTOS,AZEITONA
2020-01-24,239267,320,M,3,4,B,205,ALIMENTOS,COXA E SOBRECOXA DE FRANGO
2020-01-24,239319,486,M,4,0,B,143,BEBIDAS,REFRIGERANTE GUARANA
2020-01-24,239357,258,F,1,0,B,176,LIMPEZA,LIMPA VIDROS
2020-01-24,239435,293,M,4,0,B,226,ALIMENTOS,ARROZ INTEGRAL
2020-01-24,239518,794,M,1,2,B,94,LIMPEZA,ALCOOL
2020-01-24,239537,706,F,2,0,A,210,ACESSORIOS,CHUPETA
2020-01-24,239615,228,F,4,0,C,98,LIMPEZA,DESENGORDURANTE
2020-01-24,239668,667,F,4,0,C,197,HIGIENE,ENXAGUANTE BUCAL
2020-01-24,239696,409,F,3,4,B,95,LIMPEZA,AMACIANTE
2020-01-24,239731,304,F,2,3,B,221,ALIMENTOS,BANANA
2020-01-24,239732,433,M,3,3,B,142,BEBIDAS,REFRIGERANTE LARANJA
2020-01-24,239756,220,M,1,0,B,149,ALIMENTOS,QUEIJO MUSSARELA
2020-01-24,239781,319,M,1,4,B,166,HIGIENE,MODELADOR
2020-01-24,239821,931,M,2,0,A,121,ALIMENTOS,UVA
2020-01-24,239904,359,F,1,0,B,122,ALIMENTOS,TOMATE
2020-01-31,239956,448,F,2,0,A,137,ALIMENTOS,REQUEIJAO
2020-01-31,240055,283,M,4,1,B,36,ALIMENTOS,LATA DE MILHO
2020-01-31,240102,425,F,3,0,B,222,LIMPEZA,BALDE
2020-01-31,240104,832,F,1,0,B,165,ALIMENTOS,MOLHO BARBECUE
2020-01-31,240176,960,F,4,2,B,122,ALIMENTOS,TOMATE
2020-01-31,240227,177,F,3,2,C,83,HIGIENE,MODELADOR
2020-01-31,240305,879,M,2,2,C,224,ALIMENTOS,AZEITE
2020-01-31,240366,25,M,4,1,C,204,HIGIENE,CREME
2020-01-31,240384,569,M,1,1,A,207,ALIMENTOS,COPA SUINA
2020-01-31,240447,512,M,4,0,B,80,HIGIENE,HASTES FLEXIVEIS
2020-01-31,240490,510,F,4,0,B,179,ALIMENTOS,LEITE CONDENSADO
2020-01-31,240588,187,M,2,1,B,200,LIMPEZA,DETERGENTE
2020-01-31,240589,707,M,4,0,B,164,ACESSORIOS,MORDEDOR
2020-01-31,240683,221,F,1,0,B,135,LIMPEZA,RODO
2020-01-31,240700,113,F,3,0,B,215,ALIMENTOS,CAFE
2020-01-31,240775,743,M,1,3,C,211,ALIMENTOS,CHA
2020-01-31,240792,189,F,3,4,C,132,HIGIENE,SABONETE
2020-01-31,240813,66,M,3,3,B,4,ALIMENTOS,ABACAXI
2020-01-31,240834,910,M,2,2,B,165,ALIMENTOS,MOLHO BARBECUE
2020-01-31,240914,996,F,1,4,B,90,HIGIENE,SHAMPOO
2020-01-31,240941,798,M,5,2,B,28,ALIMENTOS,DOCE
2020-01-31,241034,659,F,2,2,B,194,ALIMENTOS,FILE DE PEIXE
2020-01-31,241082,89,F,3,3,C,4,ALIMENTOS,ABACAXI
2020-02-02,241135,982,M,4,3,B,24,ALIMENTOS,COPA SUINA
2020-02-02,241145,37,M,3,0,B,17,ALIMENTOS,BISCOITO
2020-02-02,241232,523,M,3,0,B,196,HIGIENE,ESCOVA DE DENTE
2020-02-02,241275,365,M,4,0,A,197,HIGIENE,ENXAGUANTE BUCAL
2020-02-02,241337,813,F,4,0,C,188,ALIMENTOS,HAMBUGUER
2020-02-02,241432,183,M,4,1,B,1,ACESSORIOS,CHUPETA
2020-02-02,241440,187,M,2,1,B,121,ALIMENTOS,UVA
2020-02-02,241461,314,F,1,1,A,34,ALIMENTOS,KETCHUP
2020-02-02,241521,778,F,2,2,A,207,ALIMENTOS,COPA SUINA
2020-02-02,241615,254,F,5,2,B,85,HIGIENE,PASTA DE DENTE
2020-02-02,241639,802,M,1,1,B,201,LIMPEZA,DESINFETANTE
2020-02-02,241709,259,M,1,1,B,193,HIGIENE,FIO DENTAL
2020-02-02,241754,232,M,3,1,B,160,ALIMENTOS,PALMITO
2020-02-02,241796,701,M,3,0,B,96,LIMPEZA,BALDE
2020-02-02,241812,525,M,1,4,B,46,ALIMENTOS,MOLHO BARBECUE
2020-02-02,241826,199,M,3,3,B,175,LIMPEZA,LIMPADOR MULTIUSO
2020-02-02,241828,485,M,3,3,B,9,ALIMENTOS,ARROZ INTEGRAL
2020-02-02,241834,473,F,4,3,B,199,ALIMENTOS,DOCE
2020-02-02,241930,909,M,3,0,B,178,HIGIENE,LENCO UMEDECIDO
2020-02-02,241980,297,M,4,0,B,27,ALIMENTOS,DANETTE
2020-02-02,242042,374,F,3,0,B,50,ALIMENTOS,PAO DE FORMA
2020-02-02,242105,433,M,3,3,B,170,ALIMENTOS,MACARRAO INSTANTANEO
2020-02-02,242129,865,F,1,0,B,2,ACESSORIOS,MORDEDOR
2020-02-02,242205,598,F,4,0,B,124,LIMPEZA,TIRA LIMO
2020-02-02,242293,364,F,4,2,C,166,HIGIENE,MODELADOR
2020-02-02,242315,363,F,1,0,B,192,HIGIENE,FIXADOR
2020-02-02,242317,680,F,3,0,C,207,ALIMENTOS,COPA SUINA
2020-02-02,242341,777,F,1,0,B,32,ALIMENTOS,HAMBUGUER
2020-02-02,242421,323,M,1,3,B,154,HIGIENE,PRESERVATIVO
2020-02-02,242471,793,M,1,3,B,127,ALIMENTOS,SNACKS
2020-02-02,242549,485,M,3,3,B,148,PET,RACAO SECA PARA CAES
2020-02-02,242606,963,M,3,0,B,213,ALIMENTOS,CENOURA
2020-02-02,242614,161,M,5,2,B,79,HIGIENE,GEL
2020-02-02,242617,580,M,3,0,B,146,PET,RACAO UMIDA PARA CAES
2020-02-02,242657,418,M,2,2,A,153,ALIMENTOS,PRESUNTO COZIDO
2020-02-02,242722,901,F,4,1,B,103,LIMPEZA,LIMPADOR MULTIUSO
2020-02-02,242734,200,F,3,0,B,177,ALIMENTOS,LIMAO
2020-02-02,242832,72,F,2,0,A,67,BEBIDAS,REFRIGERANTE GUARANA
2020-02-02,242870,104,F,3,2,B,89,HIGIENE,SABONETE
2020-02-02,242944,487,F,3,0,C,135,LIMPEZA,RODO
2020-02-02,243041,180,M,3,4,B,185,LIMPEZA,INSETICIDA
2020-02-02,243123,359,F,1,0,B,223,ALIMENTOS,AZEITONA
2020-02-02,243164,881,F,5,1,C,123,LIMPEZA,TIRA MANCHA
2020-02-02,243262,168,F,4,3,B,175,LIMPEZA,LIMPADOR MULTIUSO
2020-02-02,243306,131,F,2,0,C,143,BEBIDAS,REFRIGERANTE GUARANA
2020-02-02,243336,596,M,2,0,B,44,ALIMENTOS,MAMAO
2020-02-02,243352,420,M,3,0,B,35,ALIMENTOS,LATA DE ERVILHA
2020-02-02,243362,354,F,2,0,B,174,LIMPEZA,LIMPADOR PERFUMADO
2020-02-02,243417,729,M,3,0,B,202,LIMPEZA,DESENGORDURANTE
2020-02-02,243436,299,F,3,1,C,63,ALIMENTOS,TOMATE
2020-02-02,243440,933,M,2,2,B,192,HIGIENE,FIXADOR
2020-02-02,243513,537,F,1,4,B,194,ALIMENTOS,FILE DE PEIXE
2020-02-02,243545,364,F,4,2,C,151,HIGIENE,PROTETOR SOLAR
2020-02-02,243620,326,F,1,0,B,95,LIMPEZA,AMACIANTE
2020-02-02,243718,868,M,4,0,B,113,LIMPEZA,TIRA MANCHA
2020-02-02,243786,213,M,2,4,B,21,ALIMENTOS,CENOURA
2020-02-02,243808,779,M,3,4,A,121,ALIMENTOS,UVA
2020-02-02,243868,287,F,1,0,B,172,LIMPEZA,LUSTRA MOVEIS
2020-02-02,243905,380,M,3,4,B,113,LIMPEZA,TIRA MANCHA
2020-02-02,243963,444,F,2,0,B,75,HIGIENE,ESCOVA DE DENTE
2020-02-02,243969,672,F,4,0,B,31,ALIMENTOS,GRANOLA
2020-02-02,244066,546,F,4,0,B,182,ALIMENTOS,LATA DE ERVILHA
2020-02-02,244109,464,M,2,2,B,77,HIGIENE,FIXADOR
2020-02-02,244155,527,F,4,1,B,74,HIGIENE,ENXAGUANTE BUCAL
2020-02-02,244159,206,F,3,1,C,27,ALIMENTOS,DANETTE
2020-02-02,244180,119,F,3,2,B,185,LIMPEZA,INSETICIDA
2020-02-02,244183,905,M,1,0,B,187,HIGIENE,HASTES FLEXIVEIS
2020-02-02,244185,55,F,3,0,B,216,ALIMENTOS,BROCOLIS
2020-05-02,244230,338,M,2,0,B,165,ALIMENTOS,MOLHO BARBECUE
2020-05-02,244317,771,F,4,0,B,143,BEBIDAS,REFRIGERANTE GUARANA
2020-05-02,244329,455,F,2,0,C,5,ALIMENTOS,ACHOCOLATADO
2020-05-02,244399,374,F,3,0,B,221,ALIMENTOS,BANANA
2020-05-02,244498,636,M,2,2,B,49,ALIMENTOS,PALMITO
2020-05-02,244580,174,M,4,3,C,186,HIGIENE,HIDRATANTE
2020-05-02,244603,185,F,3,0,C,4,ALIMENTOS,ABACAXI
2020-05-02,244621,854,F,5,1,C,74,HIGIENE,ENXAGUANTE BUCAL
2020-05-02,244670,626,M,3,1,C,59,ALIMENTOS,SALGADINHO
2020-05-02,244681,41,M,3,0,C,189,ALIMENTOS,GRANOLA
2020-05-02,244729,528,M,2,2,C,209,ALIMENTOS,COGUMELOS
2020-05-02,244817,269,F,3,3,B,49,ALIMENTOS,PALMITO
2020-05-02,244827,281,F,2,0,B,173,ALIMENTOS,LINGUICA
2020-05-02,244865,918,F,2,4,C,107,#N/D,#N/D
2020-05-02,244896,323,M,1,3,B,171,ALIMENTOS,MACARRAO
2020-05-02,244960,800,M,1,0,C,206,ALIMENTOS,CORACAO DE FRANGO
2020-05-02,244992,569,M,1,1,A,78,HIGIENE,FRALDA
2020-05-02,245078,343,F,1,0,B,194,ALIMENTOS,FILE DE PEIXE
2020-05-02,245146,272,M,4,3,C,216,ALIMENTOS,BROCOLIS
2020-05-02,245190,829,F,3,4,B,116,PET,RACAO SECA PARA CAES
2020-05-02,245274,969,M,1,3,B,103,LIMPEZA,LIMPADOR MULTIUSO
2020-05-02,245320,608,F,3,0,C,218,ALIMENTOS,BIFE DE COXAO MOLE
2020-05-02,245338,581,F,4,2,C,6,ALIMENTOS,ALHO
2020-05-02,245429,33,F,2,0,B,104,LIMPEZA,LIMPADOR PERFUMADO
2020-05-02,245474,355,M,3,4,B,64,ALIMENTOS,UVA
2020-05-02,245491,385,F,2,0,B,191,HIGIENE,FRALDA
2020-05-02,245509,565,F,1,2,B,87,HIGIENE,PROTETOR SOLAR
2020-05-02,245570,56,F,2,3,B,168,ALIMENTOS,MAMAO PAPAYA
2020-05-02,245628,713,F,1,3,C,118,PET,RACAO UMIDA PARA CAES
2020-05-02,245644,281,F,2,0,B,48,ALIMENTOS,OVOS
2020-05-02,245685,562,F,3,0,B,54,ALIMENTOS,PRESUNTO COZIDO
2020-05-02,245716,176,F,2,0,B,80,HIGIENE,HASTES FLEXIVEIS
2020-05-02,245743,875,F,1,0,B,30,ALIMENTOS,FILE DE PEIXE
2020-10-02,245751,239,M,4,2,C,174,LIMPEZA,LIMPADOR PERFUMADO
2020-10-02,245812,512,M,4,0,B,116,PET,RACAO SECA PARA CAES
2020-10-02,245857,679,F,3,3,B,144,BEBIDAS,REFRIGERANTE COLA
2020-10-02,245869,908,M,3,2,C,26,ALIMENTOS,COXA E SOBRECOXA DE FRANGO
2020-10-02,245871,300,F,1,3,C,20,ALIMENTOS,CEBOLA
2020-10-02,245928,288,M,2,0,B,73,HIGIENE,CREME
2020-10-02,245961,566,F,4,0,B,212,LIMPEZA,CERA
2020-10-02,246004,40,M,2,1,B,84,HIGIENE,PAPEL HIGIENICO
2020-10-02,246037,996,F,1,4,B,10,ALIMENTOS,ATUM
2020-10-02,246105,389,F,3,0,C,152,ALIMENTOS,PRESUNTO COZIDO
2020-10-02,246161,294,F,4,0,C,137,ALIMENTOS,REQUEIJAO
2020-10-02,246181,179,F,2,0,B,160,ALIMENTOS,PALMITO
2020-10-02,246248,763,F,4,0,B,82,HIGIENE,LENCO UMEDECIDO
2020-10-02,246289,335,F,3,0,C,151,HIGIENE,PROTETOR SOLAR
2020-10-02,246326,339,F,4,0,C,41,ALIMENTOS,MACARRAO
2020-10-02,246356,843,F,5,1,C,66,BEBIDAS,REFRIGERANTE COLA
2020-10-02,246421,526,M,2,2,B,45,ALIMENTOS,MANGA
2020-10-02,246463,561,M,2,0,B,16,ALIMENTOS,BIFE DE COXAO MOLE
2020-10-02,246532,932,M,4,1,B,166,HIGIENE,MODELADOR
2020-10-02,246550,428,F,2,0,A,209,ALIMENTOS,COGUMELOS
2020-10-02,246567,636,M,2,2,B,67,BEBIDAS,REFRIGERANTE GUARANA
2020-10-02,246607,285,M,3,0,B,18,ALIMENTOS,BROCOLIS
2020-10-02,246613,677,M,4,0,B,125,HIGIENE,TINTURAS
2020-10-02,246669,919,F,2,0,C,197,HIGIENE,ENXAGUANTE BUCAL
2020-10-02,246740,581,F,4,2,C,160,ALIMENTOS,PALMITO
2020-10-02,246800,387,M,2,2,B,61,ALIMENTOS,SARDINHA
2020-10-02,246860,240,M,4,0,B,164,ACESSORIOS,MORDEDOR
2020-10-02,246952,147,M,1,0,A,99,LIMPEZA,DESINFETANTE
2020-10-02,246989,688,M,1,1,A,55,ALIMENTOS,QUEIJO DE CABRA
2020-10-02,246993,694,M,4,0,C,92,HIGIENE,TINTURAS
2020-10-02,247077,651,F,2,0,B,3,ALIMENTOS,ABACATE
2020-10-02,247109,984,F,4,3,B,213,ALIMENTOS,CENOURA
2020-10-02,247176,398,F,4,1,B,155,ALIMENTOS,PATE
2020-10-02,247241,341,M,2,0,C,85,HIGIENE,PASTA DE DENTE
2020-10-02,247266,300,F,1,3,C,65,BEBIDAS,ENERGETICO
2020-10-02,247312,579,F,3,0,B,21,ALIMENTOS,CENOURA
2020-10-02,247391,833,F,1,4,B,197,HIGIENE,ENXAGUANTE BUCAL
2020-10-02,247415,375,M,4,0,B,76,HIGIENE,FIO DENTAL
2020-10-02,247435,514,M,4,0,C,151,HIGIENE,PROTETOR SOLAR
2020-10-02,247442,169,F,1,1,B,123,LIMPEZA,TIRA MANCHA
2020-10-02,247531,427,M,3,0,B,221,ALIMENTOS,BANANA
2020-10-02,247546,991,F,2,2,C,172,LIMPEZA,LUSTRA MOVEIS
2020-10-02,247616,618,M,4,3,B,217,ALIMENTOS,BISCOITO
2020-10-02,247686,999,M,2,2,C,100,LIMPEZA,DETERGENTE
2020-10-02,247704,829,F,3,4,B,77,HIGIENE,FIXADOR
2020-10-02,247770,244,M,4,0,B,125,HIGIENE,TINTURAS
2020-10-02,247806,697,M,3,0,C,135,LIMPEZA,RODO
2020-10-02,247821,604,M,4,0,B,45,ALIMENTOS,MANGA
2020-10-02,247838,365,M,4,0,A,114,LIMPEZA,VASSOURA
2020-10-02,247880,804,F,4,3,B,180,ALIMENTOS,LEITE
2020-10-02,247886,643,F,4,0,C,128,HIGIENE,SHAMPOO
2020-10-02,247893,999,M,2,2,C,53,ALIMENTOS,PRESUNTO COZIDO
2020-10-02,247907,280,M,4,3,B,98,LIMPEZA,DESENGORDURANTE
2020-10-02,247920,517,F,3,1,B,70,BEBIDAS,REFRIGERANTE OUTROS
2020-10-02,247992,844,F,5,1,A,29,ALIMENTOS,FEIJAO
2020-10-02,248009,423,F,5,2,A,141,BEBIDAS,REFRIGERANTE LIMaO
2020-10-02,248083,753,F,1,3,C,163,ALIMENTOS,MORTADELA
2020-10-02,248127,909,M,3,0,B,193,HIGIENE,FIO DENTAL
2020-10-02,248222,339,F,4,0,C,104,LIMPEZA,LIMPADOR PERFUMADO
2020-10-02,248239,3,F,4,0,B,55,ALIMENTOS,QUEIJO DE CABRA
2020-10-02,248288,203,F,3,0,A,181,ALIMENTOS,LATA DE MILHO
2020-10-02,248304,876,F,2,3,B,111,LIMPEZA,SABAO EM PO
2020-10-02,248349,852,M,2,3,B,75,HIGIENE,ESCOVA DE DENTE
2020-10-02,248357,162,F,1,1,B,173,ALIMENTOS,LINGUICA
2020-10-02,248424,447,M,2,0,B,110,LIMPEZA,SABAO
2020-10-02,248444,326,F,1,0,B,82,HIGIENE,LENCO UMEDECIDO
2020-10-02,248471,961,F,1,0,C,165,ALIMENTOS,MOLHO BARBECUE
2020-02-16,248518,823,M,5,3,B,5,ALIMENTOS,ACHOCOLATADO
2020-02-16,248552,949,M,1,0,B,2,ACESSORIOS,MORDEDOR
2020-02-16,248628,635,F,4,0,B,41,ALIMENTOS,MACARRAO
2020-02-16,248700,195,M,4,0,B,169,ALIMENTOS,MAMAO
2020-02-16,248758,380,M,3,4,B,15,ALIMENTOS,BATATA DOCE
2020-02-16,248816,930,F,4,1,B,196,HIGIENE,ESCOVA DE DENTE
2020-02-16,248895,640,M,4,0,C,99,LIMPEZA,DESINFETANTE
2020-02-16,248923,645,F,4,0,B,109,LIMPEZA,RODO
2020-02-16,248969,763,F,4,0,B,138,HIGIENE,REPELENTE
2020-02-16,248997,634,F,2,0,C,142,BEBIDAS,REFRIGERANTE LARANJA
2020-02-16,249051,849,F,5,1,B,43,ALIMENTOS,MAMAO PAPAYA
2020-02-16,249082,114,F,3,3,B,12,ALIMENTOS,AZEITONA
2020-02-16,249136,546,F,4,0,B,89,HIGIENE,SABONETE
2020-02-16,249158,97,F,4,1,B,208,HIGIENE,CONDICIONADOR
2020-02-16,249208,119,F,3,2,B,78,HIGIENE,FRALDA
2020-02-16,249213,644,M,1,0,C,30,ALIMENTOS,FILE DE PEIXE
2020-02-16,249304,38,M,3,0,B,58,ALIMENTOS,RICOTA
2020-02-16,249309,613,F,3,0,B,226,ALIMENTOS,ARROZ INTEGRAL
2020-02-16,249331,88,F,1,0,B,212,LIMPEZA,CERA
2020-02-16,249428,259,M,1,1,B,203,ALIMENTOS,DANETTE
2020-02-16,249513,813,F,4,0,C,13,ALIMENTOS,BANANA
2020-02-16,249549,987,F,1,0,B,40,ALIMENTOS,LINGUICA
2020-02-16,249566,680,F,3,0,C,220,ALIMENTOS,BATATA
2020-02-20,249593,612,F,3,4,B,59,ALIMENTOS,SALGADINHO
2020-02-20,249596,222,F,4,0,B,123,LIMPEZA,TIRA MANCHA
2020-02-20,249601,533,F,4,0,A,26,ALIMENTOS,COXA E SOBRECOXA DE FRANGO
2020-02-20,249640,977,M,1,0,C,160,ALIMENTOS,PALMITO
2020-02-20,249684,263,M,3,0,B,7,ALIMENTOS,ALMONDEGA
2020-02-20,249775,911,F,2,0,B,36,ALIMENTOS,LATA DE MILHO
2020-02-20,249872,891,F,3,2,B,114,LIMPEZA,VASSOURA
2020-02-20,249884,566,F,4,0,B,91,HIGIENE,TALCO
2020-02-20,249980,507,F,3,2,B,61,ALIMENTOS,SARDINHA
2020-02-20,250044,767,F,1,0,B,210,ACESSORIOS,CHUPETA
2020-02-20,250067,113,F,3,0,B,168,ALIMENTOS,MAMAO PAPAYA
2020-02-20,250082,858,F,4,2,C,181,ALIMENTOS,LATA DE MILHO
2020-02-20,250155,745,F,1,2,B,34,ALIMENTOS,KETCHUP
2020-02-20,250214,755,M,3,4,B,48,ALIMENTOS,OVOS
2020-02-20,250292,920,F,5,3,B,140,BEBIDAS,REFRIGERANTE OUTROS
2020-02-20,250374,9,F,2,0,B,137,ALIMENTOS,REQUEIJAO
2020-02-20,250411,332,F,3,4,C,196,HIGIENE,ESCOVA DE DENTE
2020-02-20,250418,106,M,1,0,B,79,HIGIENE,GEL
2020-02-20,250490,210,M,2,2,C,47,ALIMENTOS,MORTADELA
2020-02-20,250565,584,M,3,0,B,168,ALIMENTOS,MAMAO PAPAYA
2020-02-20,250567,734,F,4,2,B,131,ALIMENTOS,SALGADINHO
2020-02-20,250606,920,F,5,3,B,55,ALIMENTOS,QUEIJO DE CABRA
2020-02-20,250620,110,M,3,0,C,56,ALIMENTOS,QUEIJO MUSSARELA
2020-02-20,250701,514,M,4,0,C,52,ALIMENTOS,PATE
2020-02-20,250772,507,F,3,2,B,47,ALIMENTOS,MORTADELA
2020-02-20,250808,493,M,2,4,B,107,#N/D,#N/D
2020-02-20,250828,800,M,1,0,C,175,LIMPEZA,LIMPADOR MULTIUSO
2020-02-20,250848,290,F,1,0,B,68,BEBIDAS,REFRIGERANTE LARANJA
2020-02-20,250886,918,F,2,4,C,61,ALIMENTOS,SARDINHA
2020-02-25,250910,573,F,1,0,C,52,ALIMENTOS,PATE
2020-02-25,251003,419,F,2,1,B,160,ALIMENTOS,PALMITO
2020-02-25,251048,874,F,3,3,B,41,ALIMENTOS,MACARRAO
2020-02-25,251114,389,F,3,0,C,64,ALIMENTOS,UVA
2020-02-25,251144,123,F,3,2,B,71,HIGIENE,ABSORVENTE
2020-02-25,251163,118,M,2,4,A,195,ALIMENTOS,FEIJAO
2020-02-25,251257,228,F,4,0,C,166,HIGIENE,MODELADOR
2020-02-25,251314,636,M,2,2,B,139,LIMPEZA,REMOVEDOR
2020-02-25,251342,470,M,3,1,B,193,HIGIENE,FIO DENTAL
2020-02-25,251390,527,F,4,1,B,128,HIGIENE,SHAMPOO
2020-02-25,251470,952,F,3,4,C,134,LIMPEZA,SABAO
2020-02-25,251537,672,F,4,0,B,134,LIMPEZA,SABAO
2020-02-25,251553,666,F,2,2,B,195,ALIMENTOS,FEIJAO
2020-02-25,251577,215,M,2,4,B,200,LIMPEZA,DETERGENTE
2020-02-25,251634,84,F,3,0,C,78,HIGIENE,FRALDA
2020-02-25,251676,739,F,2,3,B,194,ALIMENTOS,FILE DE PEIXE
2020-02-25,251719,928,F,5,1,B,87,HIGIENE,PROTETOR SOLAR
2020-02-25,251727,322,M,2,0,B,88,HIGIENE,REPELENTE
2020-02-25,251813,837,F,2,0,C,196,HIGIENE,ESCOVA DE DENTE
2020-02-25,251833,72,F,2,0,A,27,ALIMENTOS,DANETTE
2020-02-25,251922,95,M,1,0,B,228,LIMPEZA,AMACIANTE
2020-02-25,251935,870,F,1,0,B,82,HIGIENE,LENCO UMEDECIDO
2020-02-25,252014,514,M,4,0,C,17,ALIMENTOS,BISCOITO
2020-02-25,252049,41,M,3,0,C,195,ALIMENTOS,FEIJAO
2020-02-25,252120,992,F,2,0,B,27,ALIMENTOS,DANETTE
2020-02-25,252132,860,M,1,0,B,217,ALIMENTOS,BISCOITO
2020-02-25,252174,916,F,3,4,C,228,LIMPEZA,AMACIANTE
2020-02-25,252198,84,F,3,0,C,60,ALIMENTOS,SALGADINHOS DE MILHO
2020-02-25,252202,65,M,4,0,B,193,HIGIENE,FIO DENTAL
2020-02-25,252244,360,M,4,0,B,226,ALIMENTOS,ARROZ INTEGRAL
2020-02-25,252283,688,M,1,1,A,213,ALIMENTOS,CENOURA
2020-02-25,252367,719,M,1,0,B,159,ALIMENTOS,PAO DE FORMA
2020-02-25,252457,143,F,1,4,B,178,HIGIENE,LENCO UMEDECIDO
2020-02-25,252479,331,F,4,0,B,177,ALIMENTOS,LIMAO
2020-02-25,252490,67,M,1,0,B,34,ALIMENTOS,KETCHUP
2020-02-25,252582,49,M,2,0,C,40,ALIMENTOS,LINGUICA
2020-02-25,252642,762,F,2,0,B,147,PET,RACAO SECA PARA GATOS
2020-02-25,252651,380,M,3,4,B,6,ALIMENTOS,ALHO
2020-02-25,252702,468,M,3,1,C,34,ALIMENTOS,KETCHUP
2020-02-25,252742,919,F,2,0,C,24,ALIMENTOS,COPA SUINA
2020-02-25,252782,553,F,4,0,B,187,HIGIENE,HASTES FLEXIVEIS
2020-02-25,252839,93,F,2,0,C,64,ALIMENTOS,UVA
2020-02-25,252845,840,F,3,3,C,107,#N/D,#N/D
2020-02-25,252893,288,M,2,0,B,200,LIMPEZA,DETERGENTE
2020-02-25,252988,506,F,4,3,B,64,ALIMENTOS,UVA
2020-02-25,252993,723,M,4,0,B,124,LIMPEZA,TIRA LIMO
2020-02-25,253030,466,F,1,0,C,164,ACESSORIOS,MORDEDOR
2020-02-25,253111,119,F,3,2,B,208,HIGIENE,CONDICIONADOR
2020-02-25,253161,245,F,4,3,B,192,HIGIENE,FIXADOR
2020-02-25,253170,139,F,3,3,B,10,ALIMENTOS,ATUM
2020-02-25,253209,345,F,2,3,B,178,HIGIENE,LENCO UMEDECIDO
2020-02-25,253236,269,F,3,3,B,118,PET,RACAO UMIDA PARA CAES
2020-02-25,253289,491,M,2,1,A,37,ALIMENTOS,LEITE
2020-02-25,253319,145,M,3,0,B,153,ALIMENTOS,PRESUNTO COZIDO
2020-02-25,253401,305,F,4,0,B,29,ALIMENTOS,FEIJAO
2020-02-25,253454,357,M,2,2,C,147,PET,RACAO SECA PARA GATOS
2020-02-25,253489,411,F,2,0,B,22,ALIMENTOS,CHA
2020-02-25,253545,623,F,3,0,C,50,ALIMENTOS,PAO DE FORMA
2020-02-25,253570,929,M,4,0,B,127,ALIMENTOS,SNACKS
2020-02-25,253667,128,F,2,0,B,226,ALIMENTOS,ARROZ INTEGRAL
2020-02-25,253759,419,F,2,1,B,88,HIGIENE,REPELENTE
2020-02-25,253799,116,M,4,0,B,186,HIGIENE,HIDRATANTE
2020-02-25,253831,655,M,2,0,B,119,PET,RACAO UMIDA PARA GATOS
2020-02-25,253912,440,F,4,0,C,168,ALIMENTOS,MAMAO PAPAYA
2020-02-25,253999,333,F,2,0,C,45,ALIMENTOS,MANGA
2020-02-25,254051,737,F,2,1,C,148,PET,RACAO SECA PARA CAES
2020-02-25,254099,517,F,3,1,B,200,LIMPEZA,DETERGENTE
2020-02-25,254188,498,M,3,2,B,28,ALIMENTOS,DOCE
2020-02-25,254218,280,M,4,3,B,33,ALIMENTOS,IOGURTE
2020-02-25,254257,55,F,3,0,B,74,HIGIENE,ENXAGUANTE BUCAL
2020-02-25,254327,425,F,3,0,B,123,LIMPEZA,TIRA MANCHA
2020-02-25,254417,876,F,2,3,B,141,BEBIDAS,REFRIGERANTE LIMaO
2020-02-25,254488,732,F,3,4,B,11,ALIMENTOS,AZEITE
2020-02-25,254548,799,M,4,3,C,95,LIMPEZA,AMACIANTE
2020-02-25,254637,182,F,1,4,B,156,HIGIENE,PASTA DE DENTE
2020-02-25,254685,560,M,2,0,B,114,LIMPEZA,VASSOURA
2020-02-25,254745,230,M,1,4,A,118,PET,RACAO UMIDA PARA CAES
2020-02-25,254833,886,F,5,1,B,197,HIGIENE,ENXAGUANTE BUCAL
2020-02-25,254917,534,M,4,1,C,55,ALIMENTOS,QUEIJO DE CABRA
2020-02-25,254925,192,F,4,0,B,183,ALIMENTOS,KETCHUP
2020-02-25,254943,191,M,3,0,B,24,ALIMENTOS,COPA SUINA
2020-02-25,254985,390,F,2,0,B,111,LIMPEZA,SABAO EM PO
2020-02-25,255045,54,M,1,0,A,35,ALIMENTOS,LATA DE ERVILHA
2020-02-25,255079,306,F,3,0,B,214,ALIMENTOS,CEBOLA
2020-02-25,255123,90,F,2,2,B,159,ALIMENTOS,PAO DE FORMA
2020-02-25,255143,693,F,4,0,B,35,ALIMENTOS,LATA DE ERVILHA
2020-02-25,255173,341,M,2,0,C,35,ALIMENTOS,LATA DE ERVILHA
2020-02-25,255192,203,F,3,0,A,118,PET,RACAO UMIDA PARA CAES
2020-02-28,255271,646,F,1,0,B,37,ALIMENTOS,LEITE
2020-02-28,255277,946,M,3,0,B,161,ALIMENTOS,OVOS
2020-02-28,255328,486,M,4,0,B,153,ALIMENTOS,PRESUNTO COZIDO
2020-02-28,255341,957,M,2,3,B,60,ALIMENTOS,SALGADINHOS DE MILHO
2020-02-28,255357,361,F,1,0,C,145,PET,RACAO UMIDA PARA GATOS
2020-02-28,255406,214,F,4,0,B,119,PET,RACAO UMIDA PARA GATOS
2020-02-28,255451,294,F,4,0,C,90,HIGIENE,SHAMPOO
2020-02-28,255550,128,F,2,0,B,26,ALIMENTOS,COXA E SOBRECOXA DE FRANGO
2020-02-28,255590,151,F,1,0,B,170,ALIMENTOS,MACARRAO INSTANTANEO
2020-02-28,255682,99,F,1,4,C,212,LIMPEZA,CERA
2020-02-28,255690,957,M,2,3,B,135,LIMPEZA,RODO
2020-02-28,255719,894,F,4,3,C,227,ALIMENTOS,ARROZ
2020-02-28,255794,910,M,2,2,B,224,ALIMENTOS,AZEITE
2020-02-28,255830,750,M,2,2,C,200,LIMPEZA,DETERGENTE
2020-02-28,255892,25,M,4,1,C,53,ALIMENTOS,PRESUNTO COZIDO
2020-02-28,255984,122,M,3,3,B,43,ALIMENTOS,MAMAO PAPAYA
2020-02-28,256024,955,F,3,2,C,140,BEBIDAS,REFRIGERANTE OUTROS
2020-02-28,256096,169,F,1,1,B,97,LIMPEZA,CERA
2020-02-28,256155,419,F,2,1,B,156,HIGIENE,PASTA DE DENTE
2020-02-28,256183,836,F,2,0,B,2,ACESSORIOS,MORDEDOR
2020-02-28,256243,670,M,4,0,C,101,LIMPEZA,INSETICIDA
2020-02-28,256330,406,M,2,4,C,67,BEBIDAS,REFRIGERANTE GUARANA
2020-02-28,256376,813,F,4,0,C,43,ALIMENTOS,MAMAO PAPAYA
2020-02-28,256440,587,M,1,0,B,6,ALIMENTOS,ALHO
2020-02-28,256525,472,M,2,1,C,27,ALIMENTOS,DANETTE
2020-02-28,256618,177,F,3,2,C,100,LIMPEZA,DETERGENTE
2020-02-28,256702,200,F,3,0,B,154,HIGIENE,PRESERVATIVO
2020-02-28,256713,863,F,1,4,B,2,ACESSORIOS,MORDEDOR
2020-02-28,256727,140,F,1,0,C,170,ALIMENTOS,MACARRAO INSTANTANEO
2020-02-28,256761,46,F,4,1,B,72,HIGIENE,CONDICIONADOR
2020-02-28,256787,53,M,1,1,B,13,ALIMENTOS,BANANA
2020-02-28,256873,219,M,2,0,B,154,HIGIENE,PRESERVATIVO
2020-02-28,256899,744,M,4,0,A,114,LIMPEZA,VASSOURA
2020-02-28,256966,211,M,2,1,B,97,LIMPEZA,CERA
2020-02-28,257027,625,F,4,0,C,96,LIMPEZA,BALDE
2020-02-28,257101,831,F,4,2,B,7,ALIMENTOS,ALMONDEGA
2020-02-28,257111,656,M,2,0,C,192,HIGIENE,FIXADOR
2020-02-28,257181,987,F,1,0,B,68,BEBIDAS,REFRIGERANTE LARANJA
2020-02-28,257188,570,F,4,1,C,215,ALIMENTOS,CAFE
2020-02-28,257225,877,M,2,0,C,85,HIGIENE,PASTA DE DENTE
2020-02-28,257233,461,M,3,4,C,90,HIGIENE,SHAMPOO
2020-02-28,257299,167,M,1,1,A,6,ALIMENTOS,ALHO
2020-02-28,257356,520,M,1,0,B,150,ALIMENTOS,QUEIJO DE CABRA
2020-02-28,257373,287,F,1,0,B,53,ALIMENTOS,PRESUNTO COZIDO
2020-02-28,257420,973,F,4,0,B,83,HIGIENE,MODELADOR
2020-02-28,257458,450,M,1,0,B,17,ALIMENTOS,BISCOITO
2020-02-28,257533,665,M,1,4,B,178,HIGIENE,LENCO UMEDECIDO
2020-02-28,257573,65,M,4,0,B,190,HIGIENE,GEL
2020-02-28,257625,447,M,2,0,B,92,HIGIENE,TINTURAS
2020-02-28,257689,476,M,3,0,C,86,HIGIENE,PRESERVATIVO
2020-02-28,257694,918,F,2,4,C,131,ALIMENTOS,SALGADINHO
2020-02-28,257707,308,M,4,0,B,64,ALIMENTOS,UVA
2020-02-28,257726,459,F,3,2,B,169,ALIMENTOS,MAMAO
2020-02-28,257737,182,F,1,4,B,175,LIMPEZA,LIMPADOR MULTIUSO
2020-02-28,257791,692,F,4,0,B,188,ALIMENTOS,HAMBUGUER
2020-02-28,257884,724,M,1,0,B,212,LIMPEZA,CERA
2020-02-28,257887,193,F,4,0,B,189,ALIMENTOS,GRANOLA
2020-02-28,257888,944,F,3,1,B,14,ALIMENTOS,BATATA
2020-02-28,257934,804,F,4,3,B,93,LIMPEZA,AGUA SANITARIA
2020-02-28,257993,384,F,3,2,C,2,ACESSORIOS,MORDEDOR
2020-02-28,258059,970,M,2,4,B,53,ALIMENTOS,PRESUNTO COZIDO
2020-02-28,258090,311,F,4,0,C,174,LIMPEZA,LIMPADOR PERFUMADO
2020-02-28,258105,357,M,2,2,C,20,ALIMENTOS,CEBOLA
2020-02-28,258203,139,F,3,3,B,208,HIGIENE,CONDICIONADOR
2020-02-28,258277,722,F,4,0,B,48,ALIMENTOS,OVOS
2020-02-28,258316,129,M,2,0,A,9,ALIMENTOS,ARROZ INTEGRAL
2020-02-28,258373,441,M,4,2,B,84,HIGIENE,PAPEL HIGIENICO
2020-02-28,258421,822,M,2,3,B,94,LIMPEZA,ALCOOL
2020-02-28,258484,486,M,4,0,B,118,PET,RACAO UMIDA PARA CAES
2020-02-28,258518,320,M,3,4,B,58,ALIMENTOS,RICOTA
2020-02-28,258532,868,M,4,0,B,49,ALIMENTOS,PALMITO
2020-02-28,258592,584,M,3,0,B,51,ALIMENTOS,PAPINHA INFANTIL
2020-02-28,258624,445,M,2,0,B,74,HIGIENE,ENXAGUANTE BUCAL
2020-02-28,258648,485,M,3,3,B,127,ALIMENTOS,SNACKS
2020-02-28,258663,940,F,1,3,B,118,PET,RACAO UMIDA PARA CAES
2020-02-28,258666,802,M,1,1,B,140,BEBIDAS,REFRIGERANTE OUTROS
2020-02-28,258685,446,M,1,4,B,49,ALIMENTOS,PALMITO
2020-02-28,258739,738,M,1,0,C,43,ALIMENTOS,MAMAO PAPAYA
2020-02-28,258764,166,F,1,0,B,78,HIGIENE,FRALDA
2020-02-28,258786,843,F,5,1,C,32,ALIMENTOS,HAMBUGUER
2020-02-28,258826,154,M,2,3,B,25,ALIMENTOS,CORACAO DE FRANGO
2020-02-28,258885,277,F,1,3,B,66,BEBIDAS,REFRIGERANTE COLA
2020-02-28,258915,579,F,3,0,B,57,ALIMENTOS,REQUEIJAO
2020-02-28,258952,512,M,4,0,B,78,HIGIENE,FRALDA
2020-02-28,259040,831,F,4,2,B,68,BEBIDAS,REFRIGERANTE LARANJA
2020-02-03,259064,362,F,3,0,B,32,ALIMENTOS,HAMBUGUER
2020-02-03,259128,780,M,3,2,B,32,ALIMENTOS,HAMBUGUER
2020-02-03,259169,710,F,3,1,C,207,ALIMENTOS,COPA SUINA
2020-02-03,259170,841,M,1,0,B,43,ALIMENTOS,MAMAO PAPAYA
2020-02-03,259197,670,M,4,0,C,90,HIGIENE,SHAMPOO
2020-02-03,259212,386,M,4,2,A,60,ALIMENTOS,SALGADINHOS DE MILHO
2020-02-03,259256,936,F,3,2,B,112,LIMPEZA,TIRA LIMO
2020-02-03,259313,911,F,2,0,B,75,HIGIENE,ESCOVA DE DENTE
2020-02-03,259341,283,M,4,1,B,225,ALIMENTOS,ATUM
2020-02-03,259355,543,M,2,2,B,19,ALIMENTOS,CAFE
2020-02-03,259388,735,F,4,0,B,21,ALIMENTOS,CENOURA
2020-02-03,259417,732,F,3,4,B,105,LIMPEZA,LUSTRA MOVEIS
2020-02-03,259474,819,M,4,0,B,228,LIMPEZA,AMACIANTE
2020-04-03,259569,473,F,4,3,B,213,ALIMENTOS,CENOURA
2020-04-03,259650,537,F,1,4,B,45,ALIMENTOS,MANGA
2020-04-03,259716,488,M,3,2,B,228,LIMPEZA,AMACIANTE
2020-04-03,259786,829,F,3,4,B,171,ALIMENTOS,MACARRAO
2020-04-03,259885,378,F,2,0,C,201,LIMPEZA,DESINFETANTE
2020-04-03,259923,380,M,3,4,B,98,LIMPEZA,DESENGORDURANTE
2020-04-03,259929,770,M,2,3,B,149,ALIMENTOS,QUEIJO MUSSARELA
2020-04-03,259932,854,F,5,1,C,178,HIGIENE,LENCO UMEDECIDO
2020-04-03,259993,230,M,1,4,A,51,ALIMENTOS,PAPINHA INFANTIL
2020-04-03,260056,138,F,3,2,B,177,ALIMENTOS,LIMAO
2020-04-03,260084,898,F,4,0,C,119,PET,RACAO UMIDA PARA GATOS
2020-04-03,260090,685,F,4,0,B,30,ALIMENTOS,FILE DE PEIXE
2020-04-03,260133,625,F,4,0,C,96,LIMPEZA,BALDE
2020-04-03,260219,497,M,3,0,B,127,ALIMENTOS,SNACKS
2020-04-03,260302,889,F,3,4,B,189,ALIMENTOS,GRANOLA
2020-04-03,260330,133,F,2,0,B,130,ALIMENTOS,SALGADINHOS DE MILHO
2020-04-03,260365,428,F,2,0,A,229,ALIMENTOS,ALMONDEGA
2020-04-03,260417,796,M,2,3,B,107,#N/D,#N/D
2020-04-03,260471,676,M,2,3,B,200,LIMPEZA,DETERGENTE
2020-04-03,260491,710,F,3,1,C,45,ALIMENTOS,MANGA
2020-04-03,260555,856,F,5,1,B,90,HIGIENE,SHAMPOO
2020-04-03,260573,712,F,2,3,B,165,ALIMENTOS,MOLHO BARBECUE
2020-04-03,260621,365,M,4,0,A,14,ALIMENTOS,BATATA
2020-04-03,260668,266,F,3,3,B,37,ALIMENTOS,LEITE
2020-04-03,260745,477,F,4,0,B,164,ACESSORIOS,MORDEDOR
2020-04-03,260757,911,F,2,0,B,173,ALIMENTOS,LINGUICA
2020-04-03,260800,606,M,1,0,B,104,LIMPEZA,LIMPADOR PERFUMADO
2020-04-03,260843,760,F,2,0,A,110,LIMPEZA,SABAO
2020-04-03,260894,308,M,4,0,B,64,ALIMENTOS,UVA
2020-04-03,260965,154,M,2,3,B,153,ALIMENTOS,PRESUNTO COZIDO
2020-04-03,260999,635,F,4,0,B,119,PET,RACAO UMIDA PARA GATOS
2020-04-03,261024,268,M,4,0,B,204,HIGIENE,CREME
2020-04-03,261066,219,M,2,0,B,75,HIGIENE,ESCOVA DE DENTE
2020-04-03,261080,360,M,4,0,B,220,ALIMENTOS,BATATA
2020-04-03,261171,666,F,2,2,B,84,HIGIENE,PAPEL HIGIENICO
2020-04-03,261185,131,F,2,0,C,184,ALIMENTOS,IOGURTE
2020-04-03,261219,610,M,2,0,B,2,ACESSORIOS,MORDEDOR
2020-04-03,261245,556,F,4,0,B,187,HIGIENE,HASTES FLEXIVEIS
2020-04-03,261279,641,F,4,0,C,38,ALIMENTOS,LEITE CONDENSADO
2020-04-03,261283,826,F,2,0,C,93,LIMPEZA,AGUA SANITARIA
2020-04-03,261299,481,M,3,0,B,85,HIGIENE,PASTA DE DENTE
2020-04-03,261365,574,F,2,2,B,116,PET,RACAO SECA PARA CAES
2020-04-03,261457,571,F,2,0,B,8,ALIMENTOS,ARROZ
2020-04-03,261544,611,M,4,0,B,10,ALIMENTOS,ATUM
2020-04-03,261546,918,F,2,4,C,138,HIGIENE,REPELENTE
2020-04-03,261548,247,M,1,0,B,23,ALIMENTOS,COGUMELOS
2020-04-03,261554,358,F,3,0,C,133,LIMPEZA,SABAO EM PO
2020-04-03,261593,281,F,2,0,B,67,BEBIDAS,REFRIGERANTE GUARANA
2020-04-03,261596,268,M,4,0,B,54,ALIMENTOS,PRESUNTO COZIDO
2020-04-03,261636,557,F,2,0,A,176,LIMPEZA,LIMPA VIDROS
2020-04-03,261659,732,F,3,4,B,176,LIMPEZA,LIMPA VIDROS
2020-04-03,261728,936,F,3,2,B,159,ALIMENTOS,PAO DE FORMA
2020-04-03,261783,344,M,3,0,B,177,ALIMENTOS,LIMAO
2020-04-03,261858,411,F,2,0,B,159,ALIMENTOS,PAO DE FORMA
2020-04-03,261891,135,M,3,0,B,20,ALIMENTOS,CEBOLA
2020-04-03,261931,65,M,4,0,B,135,LIMPEZA,RODO
2020-04-03,261979,167,M,1,1,A,90,HIGIENE,SHAMPOO
2020-04-03,262071,495,F,2,3,A,117,PET,RACAO SECA PARA GATOS
2020-04-03,262116,538,M,3,0,B,158,HIGIENE,PAPEL HIGIENICO
2020-04-03,262159,303,M,3,4,B,72,HIGIENE,CONDICIONADOR
2020-04-03,262221,638,M,3,1,B,124,LIMPEZA,TIRA LIMO
2020-04-03,262292,278,F,3,2,C,11,ALIMENTOS,AZEITE
2020-04-03,262334,930,F,4,1,B,180,ALIMENTOS,LEITE
2020-04-03,262342,234,M,3,4,B,194,ALIMENTOS,FILE DE PEIXE
2020-04-03,262418,605,M,4,2,B,120,LIMPEZA,VASSOURA
2020-04-03,262430,799,M,4,3,C,122,ALIMENTOS,TOMATE
2020-04-03,262483,445,M,2,0,B,204,HIGIENE,CREME
2020-04-03,262492,751,F,2,0,B,60,ALIMENTOS,SALGADINHOS DE MILHO
2020-04-03,262515,92,M,4,1,B,2,ACESSORIOS,MORDEDOR
2020-04-03,262565,371,F,4,0,B,34,ALIMENTOS,KETCHUP
2020-04-03,262657,955,F,3,2,C,135,LIMPEZA,RODO
2020-04-03,262743,783,F,1,0,B,72,HIGIENE,CONDICIONADOR
2020-07-03,262787,505,F,1,0,C,90,HIGIENE,SHAMPOO
2020-07-03,262883,954,F,4,2,B,186,HIGIENE,HIDRATANTE
2020-07-03,262959,145,M,3,0,B,224,ALIMENTOS,AZEITE
2020-07-03,262995,21,M,3,0,B,219,ALIMENTOS,BATATA DOCE
2020-07-03,263008,280,M,4,3,B,163,ALIMENTOS,MORTADELA
2020-07-03,263070,140,F,1,0,C,206,ALIMENTOS,CORACAO DE FRANGO
2020-07-03,263163,950,M,3,0,C,74,HIGIENE,ENXAGUANTE BUCAL
2020-07-03,263194,228,F,4,0,C,112,LIMPEZA,TIRA LIMO
2020-07-03,263241,409,F,3,4,B,123,LIMPEZA,TIRA MANCHA
2020-07-03,263308,961,F,1,0,C,171,ALIMENTOS,MACARRAO
2020-07-03,263374,905,M,1,0,B,50,ALIMENTOS,PAO DE FORMA
2020-07-03,263427,155,F,2,0,B,66,BEBIDAS,REFRIGERANTE COLA
2020-07-03,263459,775,F,2,3,B,10,ALIMENTOS,ATUM
2020-07-03,263478,133,F,2,0,B,40,ALIMENTOS,LINGUICA
2020-07-03,263545,471,F,4,0,A,205,ALIMENTOS,COXA E SOBRECOXA DE FRANGO
2020-07-03,263643,538,M,3,0,B,5,ALIMENTOS,ACHOCOLATADO
2020-07-03,263689,252,M,2,2,B,194,ALIMENTOS,FILE DE PEIXE
2020-07-03,263736,924,F,2,2,B,93,LIMPEZA,AGUA SANITARIA
2020-07-03,263759,449,F,2,3,B,168,ALIMENTOS,MAMAO PAPAYA
2020-07-03,263760,245,F,4,3,B,70,BEBIDAS,REFRIGERANTE OUTROS
2020-07-03,263841,197,F,2,0,B,84,HIGIENE,PAPEL HIGIENICO
2020-07-03,263929,387,M,2,2,B,209,ALIMENTOS,COGUMELOS
2020-07-03,263962,567,F,1,0,C,191,HIGIENE,FRALDA
2020-07-03,264043,790,F,3,0,B,225,ALIMENTOS,ATUM
2020-07-03,264141,518,F,1,0,B,109,LIMPEZA,RODO
2020-07-03,264180,730,F,2,0,B,78,HIGIENE,FRALDA
2020-07-03,264218,767,F,1,0,B,124,LIMPEZA,TIRA LIMO
2020-07-03,264310,210,M,2,2,C,196,HIGIENE,ESCOVA DE DENTE
2020-07-03,264329,393,F,4,0,B,206,ALIMENTOS,CORACAO DE FRANGO
2020-07-03,264403,172,M,2,0,B,21,ALIMENTOS,CENOURA
2020-07-03,264469,223,F,3,0,B,110,LIMPEZA,SABAO
2020-07-03,264481,230,M,1,4,A,13,ALIMENTOS,BANANA
2020-07-03,264504,502,M,4,0,C,9,ALIMENTOS,ARROZ INTEGRAL
2020-07-03,264600,345,F,2,3,B,176,LIMPEZA,LIMPA VIDROS
2020-07-03,264681,599,F,1,4,C,55,ALIMENTOS,QUEIJO DE CABRA
2020-07-03,264739,834,M,3,3,B,134,LIMPEZA,SABAO
2020-07-03,264802,119,F,3,2,B,170,ALIMENTOS,MACARRAO INSTANTANEO
2020-07-03,264870,495,F,2,3,A,154,HIGIENE,PRESERVATIVO
2020-07-03,264894,642,M,2,3,B,13,ALIMENTOS,BANANA
2020-07-03,264939,228,F,4,0,C,199,ALIMENTOS,DOCE
2020-07-03,265034,138,F,3,2,B,2,ACESSORIOS,MORDEDOR
2020-07-03,265113,508,F,3,0,B,200,LIMPEZA,DETERGENTE
2020-07-03,265128,380,M,3,4,B,153,ALIMENTOS,PRESUNTO COZIDO
2020-07-03,265202,413,M,3,2,B,202,LIMPEZA,DESENGORDURANTE
2020-07-03,265230,743,M,1,3,C,3,ALIMENTOS,ABACATE
2020-07-03,265260,633,F,3,0,C,121,ALIMENTOS,UVA
2020-07-03,265288,785,M,1,4,C,135,LIMPEZA,RODO
2020-07-03,265350,234,M,3,4,B,72,HIGIENE,CONDICIONADOR
2020-07-03,265417,938,M,1,4,B,55,ALIMENTOS,QUEIJO DE CABRA
2020-07-03,265502,698,F,2,0,B,201,LIMPEZA,DESINFETANTE
2020-07-03,265569,340,M,3,4,B,107,#N/D,#N/D
2020-07-03,265608,641,F,4,0,C,16,ALIMENTOS,BIFE DE COXAO MOLE
2020-07-03,265671,659,F,2,2,B,156,HIGIENE,PASTA DE DENTE
2020-07-03,265739,108,M,1,0,B,37,ALIMENTOS,LEITE
2020-07-03,265814,92,M,4,1,B,219,ALIMENTOS,BATATA DOCE
2020-07-03,265891,155,F,2,0,B,35,ALIMENTOS,LATA DE ERVILHA
2020-07-03,265937,936,F,3,2,B,25,ALIMENTOS,CORACAO DE FRANGO
2020-07-03,265999,527,F,4,1,B,183,ALIMENTOS,KETCHUP
2020-07-03,266061,390,F,2,0,B,133,LIMPEZA,SABAO EM PO
2020-07-03,266089,247,M,1,0,B,61,ALIMENTOS,SARDINHA
2020-07-03,266154,369,F,3,4,C,117,PET,RACAO SECA PARA GATOS
2020-07-03,266159,196,M,2,0,B,83,HIGIENE,MODELADOR
2020-07-03,266212,192,F,4,0,B,106,LIMPEZA,ODORIZADOR
2020-07-03,266238,62,F,2,0,B,176,LIMPEZA,LIMPA VIDROS
2020-07-03,266244,260,F,2,0,C,11,ALIMENTOS,AZEITE
2020-07-03,266302,629,M,3,0,C,7,ALIMENTOS,ALMONDEGA
2020-07-03,266352,795,F,4,2,B,189,ALIMENTOS,GRANOLA
2020-07-03,266368,614,F,4,1,B,6,ALIMENTOS,ALHO
2020-07-03,266425,343,F,1,0,B,155,ALIMENTOS,PATE
2020-07-03,266436,136,F,2,1,B,40,ALIMENTOS,LINGUICA
2020-07-03,266456,709,F,3,0,B,15,ALIMENTOS,BATATA DOCE
2020-07-03,266500,517,F,3,1,B,126,HIGIENE,TALCO
2020-07-03,266543,999,M,2,2,C,14,ALIMENTOS,BATATA
2020-07-03,266559,225,M,4,0,C,62,ALIMENTOS,SNACKS
2020-07-03,266637,413,M,3,2,B,43,ALIMENTOS,MAMAO PAPAYA
2020-07-03,266716,29,M,2,0,B,144,BEBIDAS,REFRIGERANTE COLA
2020-07-03,266763,570,F,4,1,C,19,ALIMENTOS,CAFE
2020-07-03,266815,203,F,3,0,A,12,ALIMENTOS,AZEITONA
2020-07-03,266876,802,M,1,1,B,28,ALIMENTOS,DOCE
2020-07-03,266931,779,M,3,4,A,115,PET,ALIMENTO PARA PASSARO
2020-11-03,266959,640,M,4,0,C,103,LIMPEZA,LIMPADOR MULTIUSO
2020-11-03,266985,897,M,2,1,C,124,LIMPEZA,TIRA LIMO
2020-11-03,267035,351,F,2,2,B,205,ALIMENTOS,COXA E SOBRECOXA DE FRANGO
2020-11-03,267108,879,M,2,2,C,136,ALIMENTOS,RICOTA
2020-11-03,267177,516,M,1,0,C,175,LIMPEZA,LIMPADOR MULTIUSO
2020-11-03,267224,651,F,2,0,B,202,LIMPEZA,DESENGORDURANTE
2020-11-03,267257,19,F,2,2,C,225,ALIMENTOS,ATUM
2020-11-03,267326,885,F,3,1,A,111,LIMPEZA,SABAO EM PO
2020-11-03,267339,726,M,2,0,B,49,ALIMENTOS,PALMITO
2020-11-03,267419,272,M,4,3,C,215,ALIMENTOS,CAFE
2020-11-03,267496,440,F,4,0,C,215,ALIMENTOS,CAFE
2020-11-03,267570,389,F,3,0,C,68,BEBIDAS,REFRIGERANTE LARANJA
2020-11-03,267590,636,M,2,2,B,33,ALIMENTOS,IOGURTE
2020-11-03,267647,367,F,1,0,A,132,HIGIENE,SABONETE
2020-11-03,267655,646,F,1,0,B,23,ALIMENTOS,COGUMELOS
2020-11-03,267657,457,M,3,0,C,216,ALIMENTOS,BROCOLIS
2020-11-03,267725,732,F,3,4,B,30,ALIMENTOS,FILE DE PEIXE
2020-11-03,267813,893,F,1,0,B,154,HIGIENE,PRESERVATIVO
2020-11-03,267869,98,M,1,0,B,57,ALIMENTOS,REQUEIJAO
2020-11-03,267945,404,M,4,0,B,28,ALIMENTOS,DOCE
2020-11-03,268000,576,M,3,0,B,134,LIMPEZA,SABAO
2020-11-03,268092,655,M,2,0,B,174,LIMPEZA,LIMPADOR PERFUMADO
2020-11-03,268151,970,M,2,4,B,66,BEBIDAS,REFRIGERANTE COLA
2020-11-03,268161,569,M,1,1,A,92,HIGIENE,TINTURAS
2020-11-03,268191,665,M,1,4,B,50,ALIMENTOS,PAO DE FORMA
2020-11-03,268285,154,M,2,3,B,134,LIMPEZA,SABAO
2020-11-03,268336,510,F,4,0,B,62,ALIMENTOS,SNACKS
2020-11-03,268392,453,F,1,0,B,72,HIGIENE,CONDICIONADOR
2020-11-03,268444,510,F,4,0,B,197,HIGIENE,ENXAGUANTE BUCAL
2020-11-03,268501,288,M,2,0,B,58,ALIMENTOS,RICOTA
2020-11-03,268559,770,M,2,3,B,91,HIGIENE,TALCO
2020-11-03,268589,833,F,1,4,B,94,LIMPEZA,ALCOOL
2020-11-03,268668,498,M,3,2,B,27,ALIMENTOS,DANETTE
2020-11-03,268705,450,M,1,0,B,45,ALIMENTOS,MANGA
2020-11-03,268746,874,F,3,3,B,80,HIGIENE,HASTES FLEXIVEIS
2020-11-03,268788,164,M,2,3,A,103,LIMPEZA,LIMPADOR MULTIUSO
2020-11-03,268795,190,M,1,4,B,143,BEBIDAS,REFRIGERANTE GUARANA
2020-11-03,268843,10,M,1,0,B,77,HIGIENE,FIXADOR
2020-11-03,268922,45,M,2,0,A,94,LIMPEZA,ALCOOL
2020-11-03,269003,36,F,3,0,C,36,ALIMENTOS,LATA DE MILHO
2020-11-03,269095,754,F,3,4,B,181,ALIMENTOS,LATA DE MILHO
2020-11-03,269141,281,F,2,0,B,48,ALIMENTOS,OVOS
2020-11-03,269215,373,F,4,2,B,128,HIGIENE,SHAMPOO
2020-11-03,269314,322,M,2,0,B,206,ALIMENTOS,CORACAO DE FRANGO
2020-11-03,269387,605,M,4,2,B,105,LIMPEZA,LUSTRA MOVEIS
2020-11-03,269477,189,F,3,4,C,201,LIMPEZA,DESINFETANTE
2020-11-03,269511,711,M,4,2,B,108,LIMPEZA,REMOVEDOR
2020-11-03,269599,683,F,3,0,B,67,BEBIDAS,REFRIGERANTE GUARANA
2020-11-03,269622,745,F,1,2,B,42,ALIMENTOS,MACARRAO INSTANTANEO
2020-11-03,269665,837,F,2,0,C,8,ALIMENTOS,ARROZ
2020-11-03,269712,308,M,4,0,B,161,ALIMENTOS,OVOS
2020-11-03,269718,530,F,1,0,A,116,PET,RACAO SECA PARA CAES
2020-11-03,269814,266,F,3,3,B,201,LIMPEZA,DESINFETANTE
2020-11-03,269900,130,F,1,0,B,79,HIGIENE,GEL
2020-11-03,269984,546,F,4,0,B,131,ALIMENTOS,SALGADINHO
2020-11-03,270067,254,F,5,2,B,191,HIGIENE,FRALDA
2020-11-03,270153,31,F,1,0,C,138,HIGIENE,REPELENTE
2020-11-03,270232,308,M,4,0,B,189,ALIMENTOS,GRANOLA
2020-11-03,270294,36,F,3,0,C,147,PET,RACAO SECA PARA GATOS
2020-11-03,270383,850,M,1,0,C,192,HIGIENE,FIXADOR
2020-11-03,270396,355,M,3,4,B,65,BEBIDAS,ENERGETICO
2020-11-03,270486,573,F,1,0,C,185,LIMPEZA,INSETICIDA
2020-11-03,270582,919,F,2,0,C,206,ALIMENTOS,CORACAO DE FRANGO
2020-11-03,270648,983,F,4,0,C,143,BEBIDAS,REFRIGERANTE GUARANA
2020-11-03,270745,562,F,3,0,B,92,HIGIENE,TINTURAS
2020-11-03,270836,387,M,2,2,B,102,LIMPEZA,LIMPA VIDROS
2020-11-03,270929,298,F,4,0,C,106,LIMPEZA,ODORIZADOR
2020-11-03,270941,736,M,1,0,C,34,ALIMENTOS,KETCHUP
2020-11-03,271001,936,F,3,2,B,141,BEBIDAS,REFRIGERANTE LIMaO
2020-11-03,271074,204,F,3,3,B,55,ALIMENTOS,QUEIJO DE CABRA
2020-11-03,271107,733,M,4,0,B,204,HIGIENE,CREME
2020-11-03,271160,506,F,4,3,B,186,HIGIENE,HIDRATANTE
2020-11-03,271242,268,M,4,0,B,179,ALIMENTOS,LEITE CONDENSADO
2020-11-03,271261,175,M,1,0,B,140,BEBIDAS,REFRIGERANTE OUTROS
2020-11-03,271316,572,M,1,0,C,5,ALIMENTOS,ACHOCOLATADO
2020-11-03,271367,772,F,2,0,B,72,HIGIENE,CONDICIONADOR
2020-11-03,271463,869,F,3,0,B,67,BEBIDAS,REFRIGERANTE GUARANA
2020-11-03,271539,542,M,3,1,B,137,ALIMENTOS,REQUEIJAO
2020-11-03,271604,31,F,1,0,C,129,ALIMENTOS,SARDINHA
2020-11-03,271612,25,M,4,1,C,148,PET,RACAO SECA PARA CAES
2020-11-03,271661,446,M,1,4,B,12,ALIMENTOS,AZEITONA
2020-11-03,271726,134,F,3,0,B,181,ALIMENTOS,LATA DE MILHO
2020-11-03,271744,448,F,2,0,A,153,ALIMENTOS,PRESUNTO COZIDO
2020-11-03,271813,949,M,1,0,B,222,LIMPEZA,BALDE
2020-11-03,271911,847,M,4,2,A,136,ALIMENTOS,RICOTA
2020-11-03,271931,737,F,2,1,C,186,HIGIENE,HIDRATANTE
2020-11-03,272011,889,F,3,4,B,52,ALIMENTOS,PATE
2020-11-03,272025,773,M,4,0,B,129,ALIMENTOS,SARDINHA
2020-11-03,272048,29,M,2,0,B,40,ALIMENTOS,LINGUICA
2020-11-03,272103,501,M,1,0,B,43,ALIMENTOS,MAMAO PAPAYA
2020-11-03,272117,51,F,3,0,B,18,ALIMENTOS,BROCOLIS
2020-03-18,272144,990,F,1,4,B,50,ALIMENTOS,PAO DE FORMA
2020-03-18,272179,607,F,2,0,B,100,LIMPEZA,DETERGENTE
2020-03-18,272230,858,F,4,2,C,50,ALIMENTOS,PAO DE FORMA
2020-03-18,272305,391,F,2,0,A,218,ALIMENTOS,BIFE DE COXAO MOLE
2020-03-18,272309,263,M,3,0,B,160,ALIMENTOS,PALMITO
2020-03-18,272389,892,F,4,2,B,215,ALIMENTOS,CAFE
2020-03-18,272400,32,F,1,0,B,126,HIGIENE,TALCO
2020-03-18,272442,28,F,1,2,B,182,ALIMENTOS,LATA DE ERVILHA
2020-03-18,272450,687,M,2,3,C,18,ALIMENTOS,BROCOLIS
2020-03-18,272524,85,M,1,0,B,83,HIGIENE,MODELADOR
2020-03-18,272613,339,F,4,0,C,29,ALIMENTOS,FEIJAO
2020-03-18,272633,784,F,1,3,B,154,HIGIENE,PRESERVATIVO
2020-03-18,272637,28,F,1,2,B,29,ALIMENTOS,FEIJAO
2020-03-18,272709,867,M,2,3,B,122,ALIMENTOS,TOMATE
2020-03-18,272724,73,M,1,0,A,13,ALIMENTOS,BANANA
2020-03-18,272752,507,F,3,2,B,126,HIGIENE,TALCO
2020-03-18,272764,57,M,2,0,B,198,BEBIDAS,ENERGETICO
2020-03-18,272792,873,F,3,0,B,80,HIGIENE,HASTES FLEXIVEIS
2020-03-18,272828,501,M,1,0,B,27,ALIMENTOS,DANETTE
2020-03-18,272873,981,F,4,1,C,41,ALIMENTOS,MACARRAO
2020-03-18,272884,588,F,1,4,C,136,ALIMENTOS,RICOTA
2020-03-18,272939,463,M,3,3,B,5,ALIMENTOS,ACHOCOLATADO
2020-03-18,273024,969,M,1,3,B,47,ALIMENTOS,MORTADELA
2020-03-18,273093,363,F,1,0,B,102,LIMPEZA,LIMPA VIDROS
2020-03-18,273117,857,F,2,2,B,121,ALIMENTOS,UVA
2020-03-18,273153,924,F,2,2,B,151,HIGIENE,PROTETOR SOLAR
2020-03-18,273187,970,M,2,4,B,100,LIMPEZA,DETERGENTE
2020-03-18,273212,446,M,1,4,B,191,HIGIENE,FRALDA
2020-03-18,273302,485,M,3,3,B,26,ALIMENTOS,COXA E SOBRECOXA DE FRANGO
2020-03-18,273305,831,F,4,2,B,151,HIGIENE,PROTETOR SOLAR
2020-03-18,273358,956,M,5,1,C,224,ALIMENTOS,AZEITE
2020-03-18,273431,436,M,2,4,B,218,ALIMENTOS,BIFE DE COXAO MOLE
2020-03-18,273476,716,F,4,0,C,156,HIGIENE,PASTA DE DENTE
2020-03-18,273479,899,F,4,0,C,215,ALIMENTOS,CAFE
2020-03-18,273496,213,M,2,4,B,169,ALIMENTOS,MAMAO
2020-03-18,273557,612,F,3,4,B,189,ALIMENTOS,GRANOLA
2020-03-18,273620,88,F,1,0,B,191,HIGIENE,FRALDA
2020-03-18,273652,748,M,4,0,B,183,ALIMENTOS,KETCHUP
2020-03-18,273703,404,M,4,0,B,95,LIMPEZA,AMACIANTE
2020-03-18,273751,63,F,3,0,B,83,HIGIENE,MODELADOR
2020-03-18,273800,319,M,1,4,B,204,HIGIENE,CREME
2020-03-18,273835,48,M,4,1,B,190,HIGIENE,GEL
2020-03-18,273893,403,M,3,2,B,1,ACESSORIOS,CHUPETA
2020-03-18,273951,289,F,3,4,C,196,HIGIENE,ESCOVA DE DENTE
2020-03-18,274047,255,M,4,0,B,118,PET,RACAO UMIDA PARA CAES
2020-03-18,274116,526,M,2,2,B,75,HIGIENE,ESCOVA DE DENTE
2020-03-18,274149,245,F,4,3,B,87,HIGIENE,PROTETOR SOLAR
2020-03-18,274176,320,M,3,4,B,18,ALIMENTOS,BROCOLIS
2020-03-18,274197,518,F,1,0,B,21,ALIMENTOS,CENOURA
2020-03-18,274229,71,F,3,1,B,157,ALIMENTOS,PAPINHA INFANTIL
2020-03-18,274307,915,F,3,0,B,13,ALIMENTOS,BANANA
2020-03-18,274380,734,F,4,2,B,112,LIMPEZA,TIRA LIMO
2020-03-18,274445,502,M,4,0,C,152,ALIMENTOS,PRESUNTO COZIDO
2020-03-18,274518,768,F,4,0,B,94,LIMPEZA,ALCOOL
2020-03-18,274540,534,M,4,1,C,96,LIMPEZA,BALDE
2020-03-18,274629,203,F,3,0,A,69,BEBIDAS,REFRIGERANTE LIMaO
2020-03-18,274654,359,F,1,0,B,172,LIMPEZA,LUSTRA MOVEIS
2020-03-18,274727,975,F,3,0,B,168,ALIMENTOS,MAMAO PAPAYA
2020-03-18,274765,173,F,1,0,B,99,LIMPEZA,DESINFETANTE
2020-03-18,274860,380,M,3,4,B,101,LIMPEZA,INSETICIDA
2020-03-18,274879,826,F,2,0,C,123,LIMPEZA,TIRA MANCHA
2020-03-18,274919,361,F,1,0,C,183,ALIMENTOS,KETCHUP
2020-03-18,275016,354,F,2,0,B,102,LIMPEZA,LIMPA VIDROS
2020-03-18,275113,339,F,4,0,C,108,LIMPEZA,REMOVEDOR
2020-03-18,275117,732,F,3,4,B,163,ALIMENTOS,MORTADELA
2020-03-18,275172,797,M,2,4,B,61,ALIMENTOS,SARDINHA
2020-03-18,275179,123,F,3,2,B,65,BEBIDAS,ENERGETICO
2020-03-18,275203,308,M,4,0,B,82,HIGIENE,LENCO UMEDECIDO
2020-03-18,275288,858,F,4,2,C,227,ALIMENTOS,ARROZ
2020-03-18,275347,154,M,2,3,B,85,HIGIENE,PASTA DE DENTE
2020-03-18,275446,620,M,2,0,B,141,BEBIDAS,REFRIGERANTE LIMaO
2020-03-18,275462,472,M,2,1,C,34,ALIMENTOS,KETCHUP
2020-03-18,275553,730,F,2,0,B,116,PET,RACAO SECA PARA CAES
2020-03-18,275565,151,F,1,0,B,181,ALIMENTOS,LATA DE MILHO
2020-03-18,275658,441,M,4,2,B,160,ALIMENTOS,PALMITO
2020-03-23,275708,466,F,1,0,C,6,ALIMENTOS,ALHO
2020-03-23,275802,599,F,1,4,C,115,PET,ALIMENTO PARA PASSARO
2020-03-23,275833,105,F,4,0,C,26,ALIMENTOS,COXA E SOBRECOXA DE FRANGO
2020-03-23,275910,114,F,3,3,B,119,PET,RACAO UMIDA PARA GATOS
2020-03-23,275954,243,F,1,4,C,53,ALIMENTOS,PRESUNTO COZIDO
2020-03-23,275961,599,F,1,4,C,32,ALIMENTOS,HAMBUGUER
2020-03-23,276005,983,F,4,0,C,222,LIMPEZA,BALDE
2020-03-23,276090,311,F,4,0,C,130,ALIMENTOS,SALGADINHOS DE MILHO
2020-03-23,276105,633,F,3,0,C,171,ALIMENTOS,MACARRAO
2020-03-23,276152,472,M,2,1,C,42,ALIMENTOS,MACARRAO INSTANTANEO
2020-03-23,276236,77,F,4,1,B,122,ALIMENTOS,TOMATE
2020-03-23,276264,366,M,3,4,B,6,ALIMENTOS,ALHO
2020-03-23,276357,198,M,4,0,B,36,ALIMENTOS,LATA DE MILHO
2020-03-23,276417,992,F,2,0,B,164,ACESSORIOS,MORDEDOR
2020-03-23,276499,593,M,4,1,B,97,LIMPEZA,CERA
2020-03-23,276582,588,F,1,4,C,170,ALIMENTOS,MACARRAO INSTANTANEO
2020-03-23,276664,264,F,4,1,B,179,ALIMENTOS,LEITE CONDENSADO
2020-03-23,276675,826,F,2,0,C,6,ALIMENTOS,ALHO
2020-03-23,276765,166,F,1,0,B,158,HIGIENE,PAPEL HIGIENICO
2020-03-23,276766,78,M,1,0,B,227,ALIMENTOS,ARROZ
2020-03-23,276778,538,M,3,0,B,190,HIGIENE,GEL
2020-03-23,276800,128,F,2,0,B,23,ALIMENTOS,COGUMELOS
2020-03-23,276814,253,F,4,1,B,148,PET,RACAO SECA PARA CAES
2020-03-23,276848,841,M,1,0,B,180,ALIMENTOS,LEITE
2020-03-23,276925,804,F,4,3,B,146,PET,RACAO UMIDA PARA CAES
2020-03-23,276972,142,F,1,0,B,177,ALIMENTOS,LIMAO
2020-03-23,276981,288,M,2,0,B,33,ALIMENTOS,IOGURTE
2020-03-23,277028,157,M,1,1,C,136,ALIMENTOS,RICOTA
2020-03-23,277069,656,M,2,0,C,94,LIMPEZA,ALCOOL
2020-03-23,277129,339,F,4,0,C,19,ALIMENTOS,CAFE
2020-03-23,277135,850,M,1,0,C,206,ALIMENTOS,CORACAO DE FRANGO
2020-03-23,277174,365,M,4,0,A,71,HIGIENE,ABSORVENTE
2020-03-23,277243,990,F,1,4,B,138,HIGIENE,REPELENTE
2020-03-23,277289,36,F,3,0,C,23,ALIMENTOS,COGUMELOS
2020-03-23,277305,502,M,4,0,C,15,ALIMENTOS,BATATA DOCE
2020-03-23,277386,496,F,2,0,B,18,ALIMENTOS,BROCOLIS
2020-03-23,277445,381,F,1,1,B,25,ALIMENTOS,CORACAO DE FRANGO
2020-03-23,277456,915,F,3,0,B,113,LIMPEZA,TIRA MANCHA
2020-03-23,277509,964,M,2,0,B,210,ACESSORIOS,CHUPETA
2020-03-23,277550,405,F,4,0,B,1,ACESSORIOS,CHUPETA
2020-03-23,277647,669,F,4,0,B,176,LIMPEZA,LIMPA VIDROS
2020-03-23,277690,683,F,3,0,B,107,#N/D,#N/D
2020-03-23,277708,305,F,4,0,B,3,ALIMENTOS,ABACATE
2020-03-23,277801,474,M,2,0,B,201,LIMPEZA,DESINFETANTE
2020-03-23,277806,688,M,1,1,A,63,ALIMENTOS,TOMATE
2020-03-23,277844,74,M,3,0,C,193,HIGIENE,FIO DENTAL
2020-03-23,277935,859,M,1,0,B,197,HIGIENE,ENXAGUANTE BUCAL
2020-03-23,278002,869,F,3,0,B,124,LIMPEZA,TIRA LIMO
2020-03-23,278071,875,F,1,0,B,174,LIMPEZA,LIMPADOR PERFUMADO
2020-03-23,278146,328,M,2,0,B,68,BEBIDAS,REFRIGERANTE LARANJA
2020-03-23,278195,842,M,5,2,B,173,ALIMENTOS,LINGUICA
2020-03-23,278247,378,F,2,0,C,187,HIGIENE,HASTES FLEXIVEIS
2020-03-23,278323,712,F,2,3,B,208,HIGIENE,CONDICIONADOR
2020-03-23,278355,750,M,2,2,C,82,HIGIENE,LENCO UMEDECIDO
2020-03-23,278435,810,M,1,0,B,98,LIMPEZA,DESENGORDURANTE
2020-03-23,278484,847,M,4,2,A,83,HIGIENE,MODELADOR
2020-03-23,278536,952,F,3,4,C,125,HIGIENE,TINTURAS
2020-03-23,278622,793,M,1,3,B,44,ALIMENTOS,MAMAO
2020-03-23,278647,12,M,1,1,A,213,ALIMENTOS,CENOURA
2020-03-23,278692,479,F,1,0,B,204,HIGIENE,CREME
2020-03-23,278700,203,F,3,0,A,55,ALIMENTOS,QUEIJO DE CABRA
2020-03-23,278790,574,F,2,2,B,182,ALIMENTOS,LATA DE ERVILHA
2020-03-23,278870,343,F,1,0,B,132,HIGIENE,SABONETE
2020-03-23,278926,981,F,4,1,C,16,ALIMENTOS,BIFE DE COXAO MOLE
2020-03-23,278989,249,F,4,0,B,47,ALIMENTOS,MORTADELA
2020-03-23,279044,430,F,4,1,B,8,ALIMENTOS,ARROZ
2020-03-23,279062,868,M,4,0,B,163,ALIMENTOS,MORTADELA
2020-03-23,279116,911,F,2,0,B,136,ALIMENTOS,RICOTA
2020-03-23,279201,957,M,2,3,B,87,HIGIENE,PROTETOR SOLAR
2020-03-23,279220,246,M,2,2,B,130,ALIMENTOS,SALGADINHOS DE MILHO
2020-03-23,279246,566,F,4,0,B,67,BEBIDAS,REFRIGERANTE GUARANA
2020-03-23,279248,175,M,1,0,B,87,HIGIENE,PROTETOR SOLAR
2020-03-23,279286,588,F,1,4,C,75,HIGIENE,ESCOVA DE DENTE
2020-03-23,279301,422,F,2,4,C,63,ALIMENTOS,TOMATE
2020-03-23,279355,415,F,3,0,B,183,ALIMENTOS,KETCHUP
2020-03-23,279375,506,F,4,3,B,129,ALIMENTOS,SARDINHA
2020-03-23,279409,483,M,1,0,C,207,ALIMENTOS,COPA SUINA
2020-03-23,279412,58,M,2,2,B,98,LIMPEZA,DESENGORDURANTE
2020-03-23,279447,571,F,2,0,B,192,HIGIENE,FIXADOR
2020-03-23,279504,649,F,3,0,B,117,PET,RACAO SECA PARA GATOS
2020-03-23,279597,288,M,2,0,B,94,LIMPEZA,ALCOOL
2020-03-23,279648,111,M,2,4,C,215,ALIMENTOS,CAFE
2020-03-23,279689,750,M,2,2,C,96,LIMPEZA,BALDE
2020-03-23,279765,132,M,2,0,A,15,ALIMENTOS,BATATA DOCE
2020-03-23,279797,12,M,1,1,A,123,LIMPEZA,TIRA MANCHA
2020-03-23,279836,987,F,1,0,B,201,LIMPEZA,DESINFETANTE
2020-03-30,279916,726,M,2,0,B,174,LIMPEZA,LIMPADOR PERFUMADO
2020-03-30,279960,570,F,4,1,C,70,BEBIDAS,REFRIGERANTE OUTROS
2020-03-30,279997,479,F,1,0,B,197,HIGIENE,ENXAGUANTE BUCAL
2020-03-30,280078,554,F,3,0,A,34,ALIMENTOS,KETCHUP
2020-03-30,280127,153,M,4,1,B,166,HIGIENE,MODELADOR
2020-03-30,280220,236,M,2,2,C,22,ALIMENTOS,CHA
2020-03-30,280235,489,F,4,3,B,13,ALIMENTOS,BANANA
2020-03-30,280317,432,F,1,0,C,79,HIGIENE,GEL
2020-03-30,280322,815,F,2,4,B,13,ALIMENTOS,BANANA
2020-03-30,280379,240,M,4,0,B,74,HIGIENE,ENXAGUANTE BUCAL
2020-03-30,280414,208,M,3,0,B,171,ALIMENTOS,MACARRAO
2020-03-30,280455,486,M,4,0,B,80,HIGIENE,HASTES FLEXIVEIS
2020-03-30,280476,997,M,5,2,C,174,LIMPEZA,LIMPADOR PERFUMADO
2020-03-30,280485,857,F,2,2,B,22,ALIMENTOS,CHA
2020-03-30,280533,821,F,2,3,B,194,ALIMENTOS,FILE DE PEIXE
2020-03-30,280623,80,F,2,1,C,121,ALIMENTOS,UVA
2020-03-30,280645,602,M,3,0,B,124,LIMPEZA,TIRA LIMO
2020-03-30,280705,264,F,4,1,B,220,ALIMENTOS,BATATA
2020-03-30,280766,592,F,2,0,C,55,ALIMENTOS,QUEIJO DE CABRA
2020-03-30,280864,637,F,1,0,B,163,ALIMENTOS,MORTADELA
2020-03-30,280922,151,F,1,0,B,46,ALIMENTOS,MOLHO BARBECUE
2020-03-30,280957,623,F,3,0,C,53,ALIMENTOS,PRESUNTO COZIDO
2020-03-30,281026,364,F,4,2,C,205,ALIMENTOS,COXA E SOBRECOXA DE FRANGO
2020-03-30,281033,881,F,5,1,C,6,ALIMENTOS,ALHO
2020-03-30,281092,533,F,4,0,A,192,HIGIENE,FIXADOR
2020-03-30,281149,87,M,3,2,A,192,HIGIENE,FIXADOR
2020-03-30,281220,281,F,2,0,B,183,ALIMENTOS,KETCHUP
2020-03-30,281248,243,F,1,4,C,149,ALIMENTOS,QUEIJO MUSSARELA
2020-03-30,281281,690,F,1,3,B,104,LIMPEZA,LIMPADOR PERFUMADO
2020-03-30,281319,865,F,1,0,B,201,LIMPEZA,DESINFETANTE
2020-03-30,281401,30,M,4,0,B,75,HIGIENE,ESCOVA DE DENTE
2020-03-30,281500,316,F,3,2,B,72,HIGIENE,CONDICIONADOR
2020-03-30,281587,774,F,2,0,B,73,HIGIENE,CREME
2020-03-30,281666,153,M,4,1,B,19,ALIMENTOS,CAFE
2020-03-30,281683,504,M,3,0,B,11,ALIMENTOS,AZEITE
2020-03-30,281748,708,F,2,2,B,44,ALIMENTOS,MAMAO
2020-03-30,281777,30,M,4,0,B,187,HIGIENE,HASTES FLEXIVEIS
2020-03-30,281820,680,F,3,0,C,106,LIMPEZA,ODORIZADOR
2020-03-30,281848,655,M,2,0,B,3,ALIMENTOS,ABACATE
2020-03-30,281858,788,F,4,2,B,164,ACESSORIOS,MORDEDOR
2020-03-30,281864,769,F,3,3,C,44,ALIMENTOS,MAMAO
2020-03-30,281909,633,F,3,0,C,96,LIMPEZA,BALDE
2020-03-30,282000,847,M,4,2,A,118,PET,RACAO UMIDA PARA CAES
2020-03-30,282036,256,F,4,0,B,13,ALIMENTOS,BANANA
2020-03-30,282116,183,M,4,1,B,26,ALIMENTOS,COXA E SOBRECOXA DE FRANGO
2020-03-30,282132,358,F,3,0,C,201,LIMPEZA,DESINFETANTE
2020-03-30,282171,308,M,4,0,B,139,LIMPEZA,REMOVEDOR
2020-03-30,282243,1000,F,4,1,B,167,ALIMENTOS,MANGA
2020-03-30,282280,453,F,1,0,B,12,ALIMENTOS,AZEITONA
2020-03-30,282299,801,M,1,4,B,182,ALIMENTOS,LATA DE ERVILHA
2020-03-30,282346,218,M,4,0,B,71,HIGIENE,ABSORVENTE
2020-03-30,282439,2,M,3,0,B,154,HIGIENE,PRESERVATIVO
2020-03-30,282483,178,M,3,0,A,2,ACESSORIOS,MORDEDOR
2020-03-30,282519,851,F,2,0,B,68,BEBIDAS,REFRIGERANTE LARANJA
2020-03-30,282573,159,M,1,0,C,126,HIGIENE,TALCO
2020-03-30,282591,771,F,4,0,B,92,HIGIENE,TINTURAS
2020-03-30,282607,925,M,2,0,C,111,LIMPEZA,SABAO EM PO
2020-03-30,282644,235,F,4,0,B,171,ALIMENTOS,MACARRAO
2020-03-30,282698,188,M,2,2,B,7,ALIMENTOS,ALMONDEGA
2020-03-30,282726,620,M,2,0,B,57,ALIMENTOS,REQUEIJAO
2020-03-30,282758,751,F,2,0,B,185,LIMPEZA,INSETICIDA
2020-03-30,282829,749,F,4,1,B,150,ALIMENTOS,QUEIJO DE CABRA
2020-03-30,282910,317,M,3,0,B,75,HIGIENE,ESCOVA DE DENTE
2020-03-30,282953,183,M,4,1,B,16,ALIMENTOS,BIFE DE COXAO MOLE
2020-03-30,282993,964,M,2,0,B,54,ALIMENTOS,PRESUNTO COZIDO
2020-03-30,283070,673,F,5,1,B,119,PET,RACAO UMIDA PARA GATOS
2020-03-30,283111,6,F,2,0,B,197,HIGIENE,ENXAGUANTE BUCAL
2020-01-04,283191,262,M,1,2,B,94,LIMPEZA,ALCOOL
2020-01-04,283205,128,F,2,0,B,74,HIGIENE,ENXAGUANTE BUCAL
2020-01-04,283285,282,M,2,0,B,138,HIGIENE,REPELENTE
2020-01-04,283312,601,M,4,0,A,38,ALIMENTOS,LEITE CONDENSADO
2020-01-04,283349,393,F,4,0,B,137,ALIMENTOS,REQUEIJAO
2020-01-04,283447,648,M,1,0,B,132,HIGIENE,SABONETE
2020-01-04,283513,906,M,2,0,A,72,HIGIENE,CONDICIONADOR
2020-01-04,283567,351,F,2,2,B,202,LIMPEZA,DESENGORDURANTE
2020-01-04,283575,151,F,1,0,B,100,LIMPEZA,DETERGENTE
2020-01-04,283631,392,M,2,2,C,160,ALIMENTOS,PALMITO
2020-01-04,283720,73,M,1,0,A,78,HIGIENE,FRALDA
2020-01-04,283743,554,F,3,0,A,36,ALIMENTOS,LATA DE MILHO
2020-01-04,283774,663,F,4,0,B,208,HIGIENE,CONDICIONADOR
2020-01-04,283852,601,M,4,0,A,59,ALIMENTOS,SALGADINHO
2020-01-04,283906,812,F,2,0,A,171,ALIMENTOS,MACARRAO
2020-01-04,283984,917,M,1,0,A,98,LIMPEZA,DESENGORDURANTE
2020-01-04,284042,376,F,3,0,B,84,HIGIENE,PAPEL HIGIENICO
2020-01-04,284136,499,M,3,0,B,36,ALIMENTOS,LATA DE MILHO
2020-01-04,284182,806,F,2,3,B,1,ACESSORIOS,CHUPETA
2020-01-04,284187,301,F,3,0,C,204,HIGIENE,CREME
2020-01-04,284225,972,M,4,0,C,12,ALIMENTOS,AZEITONA
2020-01-04,284308,599,F,1,4,C,125,HIGIENE,TINTURAS
2020-01-04,284369,877,M,2,0,C,155,ALIMENTOS,PATE
2020-01-04,284425,433,M,3,3,B,4,ALIMENTOS,ABACAXI
2020-01-04,284507,915,F,3,0,B,15,ALIMENTOS,BATATA DOCE
2020-01-04,284579,553,F,4,0,B,51,ALIMENTOS,PAPINHA INFANTIL
2020-01-04,284666,612,F,3,4,B,141,BEBIDAS,REFRIGERANTE LIMaO
2020-01-04,284705,523,M,3,0,B,45,ALIMENTOS,MANGA
2020-01-04,284782,264,F,4,1,B,125,HIGIENE,TINTURAS
2020-01-04,284872,229,M,2,2,C,159,ALIMENTOS,PAO DE FORMA
2020-01-04,284953,108,M,1,0,B,161,ALIMENTOS,OVOS
2020-01-04,285051,558,F,5,2,C,156,HIGIENE,PASTA DE DENTE
2020-01-04,285096,440,F,4,0,C,179,ALIMENTOS,LEITE CONDENSADO
2020-01-04,285129,913,M,3,4,C,55,ALIMENTOS,QUEIJO DE CABRA
2020-01-04,285138,498,M,3,2,B,6,ALIMENTOS,ALHO
2020-01-04,285231,306,F,3,0,B,104,LIMPEZA,LIMPADOR PERFUMADO
2020-01-04,285307,755,M,3,4,B,48,ALIMENTOS,OVOS
2020-01-04,285332,656,M,2,0,C,55,ALIMENTOS,QUEIJO DE CABRA
2020-01-04,285347,193,F,4,0,B,223,ALIMENTOS,AZEITONA
2020-01-04,285437,738,M,1,0,C,43,ALIMENTOS,MAMAO PAPAYA
2020-01-04,285510,8,F,3,0,B,23,ALIMENTOS,COGUMELOS
2020-01-04,285557,221,F,1,0,B,109,LIMPEZA,RODO
2020-01-04,285639,35,M,3,0,B,177,ALIMENTOS,LIMAO
2020-01-04,285659,573,F,1,0,C,4,ALIMENTOS,ABACAXI
2020-01-04,285742,978,F,3,0,C,185,LIMPEZA,INSETICIDA
2020-01-04,285754,399,F,4,1,C,207,ALIMENTOS,COPA SUINA
2020-01-04,285782,31,F,1,0,C,109,LIMPEZA,RODO
2020-01-04,285818,982,M,4,3,B,195,ALIMENTOS,FEIJAO
2020-01-04,285887,51,F,3,0,B,120,LIMPEZA,VASSOURA
2020-01-04,285889,856,F,5,1,B,105,LIMPEZA,LUSTRA MOVEIS
2020-01-04,285976,338,M,2,0,B,123,LIMPEZA,TIRA MANCHA
2020-01-04,286008,178,M,3,0,A,169,ALIMENTOS,MAMAO
2020-01-04,286106,773,M,4,0,B,135,LIMPEZA,RODO
2020-01-04,286192,903,M,1,0,B,54,ALIMENTOS,PRESUNTO COZIDO
2020-01-04,286290,125,M,3,0,B,152,ALIMENTOS,PRESUNTO COZIDO
2020-01-04,286308,514,M,4,0,C,97,LIMPEZA,CERA
2020-01-04,286397,774,F,2,0,B,117,PET,RACAO SECA PARA GATOS
2020-01-04,286400,463,M,3,3,B,180,ALIMENTOS,LEITE
2020-01-04,286495,324,F,3,3,B,61,ALIMENTOS,SARDINHA
2020-01-04,286510,201,M,3,0,B,220,ALIMENTOS,BATATA
2020-01-04,286522,930,F,4,1,B,181,ALIMENTOS,LATA DE MILHO
2020-01-04,286558,759,F,3,0,B,73,HIGIENE,CREME
2020-01-04,286577,924,F,2,2,B,58,ALIMENTOS,RICOTA
2020-01-04,286642,649,F,3,0,B,143,BEBIDAS,REFRIGERANTE GUARANA
2020-01-04,286646,437,F,2,1,C,167,ALIMENTOS,MANGA
2020-01-04,286696,584,M,3,0,B,190,HIGIENE,GEL
2020-01-04,286708,782,M,3,3,B,31,ALIMENTOS,GRANOLA
2020-01-04,286766,761,F,1,4,B,123,LIMPEZA,TIRA MANCHA
2020-01-04,286793,822,M,2,3,B,5,ALIMENTOS,ACHOCOLATADO
2020-03-04,286872,504,M,3,0,B,131,ALIMENTOS,SALGADINHO
2020-03-04,286895,555,M,4,3,A,174,LIMPEZA,LIMPADOR PERFUMADO
2020-03-04,286923,389,F,3,0,C,146,PET,RACAO UMIDA PARA CAES
2020-03-04,287016,196,M,2,0,B,68,BEBIDAS,REFRIGERANTE LARANJA
2020-03-04,287035,953,M,1,1,B,69,BEBIDAS,REFRIGERANTE LIMaO
2020-03-04,287049,948,M,4,0,C,220,ALIMENTOS,BATATA
2020-03-04,287116,551,M,1,0,C,133,LIMPEZA,SABAO EM PO
2020-03-04,287204,624,M,4,0,B,198,BEBIDAS,ENERGETICO
2020-03-04,287260,349,M,3,0,B,224,ALIMENTOS,AZEITE
2020-03-04,287261,873,F,3,0,B,129,ALIMENTOS,SARDINHA
2020-03-04,287306,214,F,4,0,B,106,LIMPEZA,ODORIZADOR
2020-03-04,287396,996,F,1,4,B,205,ALIMENTOS,COXA E SOBRECOXA DE FRANGO
2020-03-04,287467,310,M,4,3,C,103,LIMPEZA,LIMPADOR MULTIUSO
2020-03-04,287539,341,M,2,0,C,109,LIMPEZA,RODO
2020-03-04,287559,678,F,3,0,C,217,ALIMENTOS,BISCOITO
2020-03-04,287587,81,F,2,0,B,179,ALIMENTOS,LEITE CONDENSADO
2020-03-04,287594,706,F,2,0,A,223,ALIMENTOS,AZEITONA
2020-03-04,287606,871,F,1,3,C,171,ALIMENTOS,MACARRAO
2020-03-04,287625,574,F,2,2,B,130,ALIMENTOS,SALGADINHOS DE MILHO
2020-03-04,287710,559,F,3,1,A,43,ALIMENTOS,MAMAO PAPAYA
2020-03-04,287781,709,F,3,0,B,93,LIMPEZA,AGUA SANITARIA
2020-03-04,287790,686,F,3,2,A,205,ALIMENTOS,COXA E SOBRECOXA DE FRANGO
2020-03-04,287883,300,F,1,3,C,7,ALIMENTOS,ALMONDEGA
2020-03-04,287912,78,M,1,0,B,113,LIMPEZA,TIRA MANCHA
2020-03-04,287925,846,F,4,3,C,112,LIMPEZA,TIRA LIMO
2020-03-04,287981,353,M,1,2,B,138,HIGIENE,REPELENTE
2020-03-04,287989,610,M,2,0,B,197,HIGIENE,ENXAGUANTE BUCAL
2020-03-04,287992,289,F,3,4,C,107,#N/D,#N/D
2020-03-04,287993,952,F,3,4,C,119,PET,RACAO UMIDA PARA GATOS
2020-03-04,288003,274,M,1,1,B,9,ALIMENTOS,ARROZ INTEGRAL
2020-03-04,288010,7,M,1,3,B,2,ACESSORIOS,MORDEDOR
2020-03-04,288016,162,F,1,1,B,182,ALIMENTOS,LATA DE ERVILHA
2020-03-04,288024,130,F,1,0,B,47,ALIMENTOS,MORTADELA
2020-03-04,288050,454,F,1,0,B,164,ACESSORIOS,MORDEDOR
2020-03-04,288059,558,F,5,2,C,141,BEBIDAS,REFRIGERANTE LIMaO
2020-03-04,288106,122,M,3,3,B,226,ALIMENTOS,ARROZ INTEGRAL
2020-03-04,288186,608,F,3,0,C,46,ALIMENTOS,MOLHO BARBECUE
2020-03-04,288187,32,F,1,0,B,165,ALIMENTOS,MOLHO BARBECUE
2020-03-04,288198,289,F,3,4,C,180,ALIMENTOS,LEITE
2020-03-04,288247,709,F,3,0,B,62,ALIMENTOS,SNACKS
2020-03-04,288304,427,M,3,0,B,15,ALIMENTOS,BATATA DOCE
2020-03-04,288390,488,M,3,2,B,65,BEBIDAS,ENERGETICO
2020-03-04,288489,299,F,3,1,C,57,ALIMENTOS,REQUEIJAO
2020-03-04,288549,247,M,1,0,B,17,ALIMENTOS,BISCOITO
2020-03-04,288584,259,M,1,1,B,17,ALIMENTOS,BISCOITO
2020-03-04,288655,11,F,4,0,A,223,ALIMENTOS,AZEITONA
2020-03-04,288728,606,M,1,0,B,217,ALIMENTOS,BISCOITO
2020-03-04,288759,75,M,1,0,B,107,#N/D,#N/D
2020-03-04,288800,208,M,3,0,B,101,LIMPEZA,INSETICIDA
2020-03-04,288830,715,F,3,4,B,102,LIMPEZA,LIMPA VIDROS
2020-03-04,288855,156,F,2,0,B,61,ALIMENTOS,SARDINHA
2020-03-04,288911,94,M,1,2,C,102,LIMPEZA,LIMPA VIDROS
2020-03-04,288919,37,M,3,0,B,208,HIGIENE,CONDICIONADOR
2020-03-04,288962,509,F,2,3,C,41,ALIMENTOS,MACARRAO
2020-03-04,289039,1,M,1,0,C,43,ALIMENTOS,MAMAO PAPAYA
2020-03-04,289132,356,M,2,4,A,93,LIMPEZA,AGUA SANITARIA
2020-03-04,289195,604,M,4,0,B,198,BEBIDAS,ENERGETICO
2020-03-04,289250,265,M,2,3,B,117,PET,RACAO SECA PARA GATOS
2020-03-04,289318,995,M,3,1,B,228,LIMPEZA,AMACIANTE
2020-03-04,289378,338,M,2,0,B,61,ALIMENTOS,SARDINHA
2020-03-04,289419,736,M,1,0,C,97,LIMPEZA,CERA
2020-03-04,289448,201,M,3,0,B,168,ALIMENTOS,MAMAO PAPAYA
2020-03-04,289494,328,M,2,0,B,130,ALIMENTOS,SALGADINHOS DE MILHO
2020-03-04,289516,276,F,3,0,B,139,LIMPEZA,REMOVEDOR
2020-03-04,289608,268,M,4,0,B,132,HIGIENE,SABONETE
2020-03-04,289705,340,M,3,4,B,58,ALIMENTOS,RICOTA
2020-03-04,289758,91,M,3,0,B,9,ALIMENTOS,ARROZ INTEGRAL
2020-03-04,289814,579,F,3,0,B,96,LIMPEZA,BALDE
2020-03-04,289831,292,F,2,0,C,151,HIGIENE,PROTETOR SOLAR
2020-03-04,289844,44,F,4,0,C,112,LIMPEZA,TIRA LIMO
2020-03-04,289855,388,F,4,3,B,141,BEBIDAS,REFRIGERANTE LIMaO
2020-03-04,289861,557,F,2,0,A,94,LIMPEZA,ALCOOL
2020-03-04,289890,398,F,4,1,B,198,BEBIDAS,ENERGETICO
2020-03-04,289923,879,M,2,2,C,156,HIGIENE,PASTA DE DENTE
2020-03-04,289997,190,M,1,4,B,108,LIMPEZA,REMOVEDOR
2020-03-04,290085,403,M,3,2,B,41,ALIMENTOS,MACARRAO
2020-03-04,290182,339,F,4,0,C,64,ALIMENTOS,UVA
2020-03-04,290214,153,M,4,1,B,181,ALIMENTOS,LATA DE MILHO
2020-03-04,290219,225,M,4,0,C,203,ALIMENTOS,DANETTE
2020-03-04,290298,792,F,2,0,B,186,HIGIENE,HIDRATANTE
2020-03-04,290388,748,M,4,0,B,97,LIMPEZA,CERA
2020-03-04,290406,197,F,2,0,B,45,ALIMENTOS,MANGA
2020-03-04,290452,486,M,4,0,B,218,ALIMENTOS,BIFE DE COXAO MOLE
2020-03-04,290493,482,M,4,2,B,53,ALIMENTOS,PRESUNTO COZIDO
2020-03-04,290586,2,M,3,0,B,4,ALIMENTOS,ABACAXI
2020-03-04,290589,568,F,4,1,A,194,ALIMENTOS,FILE DE PEIXE
2020-03-04,290686,46,F,4,1,B,193,HIGIENE,FIO DENTAL
2020-03-04,290691,780,M,3,2,B,29,ALIMENTOS,FEIJAO
2020-03-04,290765,455,F,2,0,C,2,ACESSORIOS,MORDEDOR
2020-03-04,290831,376,F,3,0,B,93,LIMPEZA,AGUA SANITARIA
2020-03-04,290832,882,F,4,1,B,80,HIGIENE,HASTES FLEXIVEIS
2020-03-04,290915,628,M,3,0,B,129,ALIMENTOS,SARDINHA
2020-03-04,290967,40,M,2,1,B,24,ALIMENTOS,COPA SUINA
2020-03-04,290995,283,M,4,1,B,220,ALIMENTOS,BATATA
2020-03-04,291060,283,M,4,1,B,5,ALIMENTOS,ACHOCOLATADO
2020-03-04,291148,132,M,2,0,A,52,ALIMENTOS,PATE
2020-08-04,291198,427,M,3,0,B,136,ALIMENTOS,RICOTA
2020-08-04,291202,382,F,3,0,C,202,LIMPEZA,DESENGORDURANTE
2020-08-04,291284,46,F,4,1,B,229,ALIMENTOS,ALMONDEGA
2020-08-04,291383,115,M,4,0,B,58,ALIMENTOS,RICOTA
2020-08-04,291389,369,F,3,4,C,100,LIMPEZA,DETERGENTE
2020-08-04,291435,816,M,4,0,C,131,ALIMENTOS,SALGADINHO
2020-08-04,291461,953,M,1,1,B,124,LIMPEZA,TIRA LIMO
2020-08-04,291548,803,F,2,0,A,189,ALIMENTOS,GRANOLA
2020-08-04,291604,411,F,2,0,B,81,HIGIENE,HIDRATANTE
2020-08-04,291630,876,F,2,3,B,202,LIMPEZA,DESENGORDURANTE
2020-08-04,291646,141,M,3,4,B,120,LIMPEZA,VASSOURA
2020-08-04,291737,484,M,3,2,C,92,HIGIENE,TINTURAS
2020-08-04,291763,777,F,1,0,B,197,HIGIENE,ENXAGUANTE BUCAL
2020-08-04,291852,522,M,1,2,A,94,LIMPEZA,ALCOOL
2020-08-04,291941,987,F,1,0,B,48,ALIMENTOS,OVOS
2020-08-04,291974,952,F,3,4,C,229,ALIMENTOS,ALMONDEGA
2020-08-04,292060,333,F,2,0,C,121,ALIMENTOS,UVA
2020-08-04,292088,483,M,1,0,C,64,ALIMENTOS,UVA
2020-09-04,292163,978,F,3,0,C,94,LIMPEZA,ALCOOL
2020-09-04,292169,683,F,3,0,B,127,ALIMENTOS,SNACKS
2020-09-04,292253,560,M,2,0,B,216,ALIMENTOS,BROCOLIS
2020-09-04,292280,587,M,1,0,B,139,LIMPEZA,REMOVEDOR
2020-09-04,292365,591,M,4,1,B,96,LIMPEZA,BALDE
2020-09-04,292460,793,M,1,3,B,71,HIGIENE,ABSORVENTE
2020-09-04,292514,209,F,4,0,B,98,LIMPEZA,DESENGORDURANTE
2020-09-04,292527,103,M,3,4,B,114,LIMPEZA,VASSOURA
2020-09-04,292564,242,F,4,0,B,206,ALIMENTOS,CORACAO DE FRANGO
2020-09-04,292613,126,M,1,0,C,58,ALIMENTOS,RICOTA
2020-09-04,292622,981,F,4,1,C,128,HIGIENE,SHAMPOO
2020-09-04,292718,829,F,3,4,B,61,ALIMENTOS,SARDINHA
2020-09-04,292754,443,F,4,0,C,211,ALIMENTOS,CHA
2020-09-04,292795,896,M,3,0,B,121,ALIMENTOS,UVA
2020-09-04,292823,779,M,3,4,A,207,ALIMENTOS,COPA SUINA
2020-09-04,292827,864,F,1,3,B,43,ALIMENTOS,MAMAO PAPAYA
2020-09-04,292829,166,F,1,0,B,23,ALIMENTOS,COGUMELOS
2020-09-04,292885,431,F,4,3,B,104,LIMPEZA,LIMPADOR PERFUMADO
2020-09-04,292946,988,F,2,0,C,120,LIMPEZA,VASSOURA
2020-09-04,293013,548,F,4,0,C,19,ALIMENTOS,CAFE
2020-09-04,293094,625,F,4,0,C,158,HIGIENE,PAPEL HIGIENICO
2020-09-04,293123,83,M,1,4,B,164,ACESSORIOS,MORDEDOR
2020-09-04,293136,909,M,3,0,B,58,ALIMENTOS,RICOTA
2020-09-04,293220,624,M,4,0,B,197,HIGIENE,ENXAGUANTE BUCAL
2020-09-04,293275,525,M,1,4,B,61,ALIMENTOS,SARDINHA
2020-09-04,293361,699,F,1,0,C,62,ALIMENTOS,SNACKS
2020-09-04,293383,351,F,2,2,B,166,HIGIENE,MODELADOR
2020-09-04,293454,475,F,4,3,B,26,ALIMENTOS,COXA E SOBRECOXA DE FRANGO
2020-09-04,293510,148,M,3,4,A,125,HIGIENE,TINTURAS
2020-09-04,293573,337,M,3,0,B,165,ALIMENTOS,MOLHO BARBECUE
2020-09-04,293584,931,M,2,0,A,110,LIMPEZA,SABAO
2020-09-04,293682,595,M,1,0,B,223,ALIMENTOS,AZEITONA
2020-09-04,293704,715,F,3,4,B,185,LIMPEZA,INSETICIDA
2020-09-04,293714,454,F,1,0,B,141,BEBIDAS,REFRIGERANTE LIMaO
2020-09-04,293785,828,F,2,4,B,205,ALIMENTOS,COXA E SOBRECOXA DE FRANGO
2020-09-04,293882,193,F,4,0,B,167,ALIMENTOS,MANGA
2020-09-04,293893,407,F,3,3,A,224,ALIMENTOS,AZEITE
2020-09-04,293944,41,M,3,0,C,66,BEBIDAS,REFRIGERANTE COLA
2020-09-04,294039,171,F,3,1,B,17,ALIMENTOS,BISCOITO
2020-09-04,294085,30,M,4,0,B,7,ALIMENTOS,ALMONDEGA
2020-09-04,294154,678,F,3,0,C,35,ALIMENTOS,LATA DE ERVILHA
2020-09-04,294248,71,F,3,1,B,34,ALIMENTOS,KETCHUP
2020-09-04,294267,187,M,2,1,B,204,HIGIENE,CREME
2020-09-04,294327,26,F,4,1,A,14,ALIMENTOS,BATATA
2020-09-04,294337,170,F,4,2,B,163,ALIMENTOS,MORTADELA
2020-09-04,294391,333,F,2,0,C,37,ALIMENTOS,LEITE
2020-09-04,294471,165,F,4,0,C,137,ALIMENTOS,REQUEIJAO
2020-09-04,294492,52,F,1,0,A,75,HIGIENE,ESCOVA DE DENTE
2020-09-04,294555,749,F,4,1,B,213,ALIMENTOS,CENOURA
2020-09-04,294653,386,M,4,2,A,101,LIMPEZA,INSETICIDA
2020-09-04,294690,975,F,3,0,B,35,ALIMENTOS,LATA DE ERVILHA
2020-09-04,294736,4,M,4,0,B,190,HIGIENE,GEL
2020-09-04,294829,517,F,3,1,B,221,ALIMENTOS,BANANA
2020-09-04,294887,382,F,3,0,C,114,LIMPEZA,VASSOURA
2020-09-04,294899,821,F,2,3,B,157,ALIMENTOS,PAPINHA INFANTIL
2020-09-04,294922,874,F,3,3,B,72,HIGIENE,CONDICIONADOR
2020-09-04,294970,143,F,1,4,B,212,LIMPEZA,CERA
2020-09-04,295040,476,M,3,0,C,83,HIGIENE,MODELADOR
2020-09-04,295125,57,M,2,0,B,8,ALIMENTOS,ARROZ
2020-09-04,295161,215,M,2,4,B,158,HIGIENE,PAPEL HIGIENICO
2020-04-14,295172,894,F,4,3,C,30,ALIMENTOS,FILE DE PEIXE
2020-04-14,295256,815,F,2,4,B,58,ALIMENTOS,RICOTA
2020-04-14,295271,105,F,4,0,C,207,ALIMENTOS,COPA SUINA
2020-04-14,295343,597,M,3,0,C,12,ALIMENTOS,AZEITONA
2020-04-14,295415,217,F,3,0,B,203,ALIMENTOS,DANETTE
2020-04-14,295461,326,F,1,0,B,229,ALIMENTOS,ALMONDEGA
2020-04-14,295508,524,F,4,3,C,121,ALIMENTOS,UVA
2020-04-14,295570,566,F,4,0,B,34,ALIMENTOS,KETCHUP
2020-04-14,295619,624,M,4,0,B,23,ALIMENTOS,COGUMELOS
2020-04-14,295704,888,F,4,2,B,164,ACESSORIOS,MORDEDOR
2020-04-14,295803,207,F,3,0,B,181,ALIMENTOS,LATA DE MILHO
2020-04-14,295820,232,M,3,1,B,81,HIGIENE,HIDRATANTE
2020-04-14,295887,511,F,1,0,B,7,ALIMENTOS,ALMONDEGA
2020-04-14,295928,695,M,2,0,A,201,LIMPEZA,DESINFETANTE
2020-04-14,296007,383,M,1,3,C,191,HIGIENE,FRALDA
2020-04-14,296088,417,M,4,1,B,68,BEBIDAS,REFRIGERANTE LARANJA
2020-04-14,296174,569,M,1,1,A,140,BEBIDAS,REFRIGERANTE OUTROS
2020-04-14,296245,194,F,4,0,B,199,ALIMENTOS,DOCE
2020-04-14,296330,25,M,4,1,C,195,ALIMENTOS,FEIJAO
2020-04-14,296391,564,M,3,2,B,227,ALIMENTOS,ARROZ
2020-04-14,296419,929,M,4,0,B,150,ALIMENTOS,QUEIJO DE CABRA
2020-04-14,296467,658,F,1,1,B,82,HIGIENE,LENCO UMEDECIDO
2020-04-14,296546,457,M,3,0,C,75,HIGIENE,ESCOVA DE DENTE
2020-04-14,296572,973,F,4,0,B,73,HIGIENE,CREME
2020-04-14,296645,188,M,2,2,B,26,ALIMENTOS,COXA E SOBRECOXA DE FRANGO
2020-04-14,296738,393,F,4,0,B,41,ALIMENTOS,MACARRAO
2020-04-14,296803,796,M,2,3,B,118,PET,RACAO UMIDA PARA CAES
2020-04-14,296864,707,M,4,0,B,158,HIGIENE,PAPEL HIGIENICO
2020-04-14,296905,634,F,2,0,C,199,ALIMENTOS,DOCE
2020-04-14,296960,321,M,2,0,B,44,ALIMENTOS,MAMAO
2020-04-14,297021,793,M,1,3,B,146,PET,RACAO UMIDA PARA CAES
2020-04-14,297116,936,F,3,2,B,78,HIGIENE,FRALDA
2020-04-14,297133,867,M,2,3,B,188,ALIMENTOS,HAMBUGUER
2020-04-14,297204,326,F,1,0,B,19,ALIMENTOS,CAFE
2020-04-14,297300,516,M,1,0,C,96,LIMPEZA,BALDE
2020-04-14,297305,880,M,3,2,B,27,ALIMENTOS,DANETTE
2020-04-14,297367,951,M,2,0,B,169,ALIMENTOS,MAMAO
2020-04-14,297466,446,M,1,4,B,229,ALIMENTOS,ALMONDEGA
2020-04-14,297562,573,F,1,0,C,102,LIMPEZA,LIMPA VIDROS
2020-04-14,297585,537,F,1,4,B,14,ALIMENTOS,BATATA
2020-04-14,297640,466,F,1,0,C,204,HIGIENE,CREME
2020-04-14,297736,80,F,2,1,C,59,ALIMENTOS,SALGADINHO
2020-04-14,297808,788,F,4,2,B,142,BEBIDAS,REFRIGERANTE LARANJA
2020-04-14,297822,140,F,1,0,C,109,LIMPEZA,RODO
2020-04-14,297860,836,F,2,0,B,8,ALIMENTOS,ARROZ
2020-04-14,297915,924,F,2,2,B,66,BEBIDAS,REFRIGERANTE COLA
2020-04-14,297986,74,M,3,0,C,143,BEBIDAS,REFRIGERANTE GUARANA
2020-04-14,298033,615,M,1,4,C,92,HIGIENE,TINTURAS
2020-04-14,298047,617,F,4,3,C,60,ALIMENTOS,SALGADINHOS DE MILHO
2020-04-14,298052,107,F,2,0,C,91,HIGIENE,TALCO
2020-04-14,298064,628,M,3,0,B,11,ALIMENTOS,AZEITE
2020-04-14,298101,847,M,4,2,A,59,ALIMENTOS,SALGADINHO
2020-04-14,298149,242,F,4,0,B,96,LIMPEZA,BALDE
2020-04-14,298162,528,M,2,2,C,138,HIGIENE,REPELENTE
2020-04-14,298195,778,F,2,2,A,165,ALIMENTOS,MOLHO BARBECUE
2020-04-14,298278,489,F,4,3,B,42,ALIMENTOS,MACARRAO INSTANTANEO
2020-04-14,298368,681,M,1,0,C,27,ALIMENTOS,DANETTE
2020-04-14,298384,603,M,3,0,B,85,HIGIENE,PASTA DE DENTE
2020-04-14,298457,778,F,2,2,A,67,BEBIDAS,REFRIGERANTE GUARANA
2020-04-14,298493,524,F,4,3,C,10,ALIMENTOS,ATUM
2020-04-14,298538,676,M,2,3,B,215,ALIMENTOS,CAFE
2020-04-14,298636,13,M,2,1,B,133,LIMPEZA,SABAO EM PO
2020-04-14,298715,877,M,2,0,C,152,ALIMENTOS,PRESUNTO COZIDO
2020-04-14,298770,152,F,3,1,C,129,ALIMENTOS,SARDINHA
2020-04-14,298856,580,M,3,0,B,45,ALIMENTOS,MANGA
2020-04-14,298915,238,M,2,1,B,7,ALIMENTOS,ALMONDEGA
2020-04-14,298963,355,M,3,4,B,121,ALIMENTOS,UVA
2020-04-14,299062,470,M,3,1,B,13,ALIMENTOS,BANANA
2020-04-14,299117,718,F,3,2,B,11,ALIMENTOS,AZEITE
2020-04-14,299198,562,F,3,0,B,207,ALIMENTOS,COPA SUINA
2020-04-14,299264,957,M,2,3,B,226,ALIMENTOS,ARROZ INTEGRAL
2020-04-14,299284,913,M,3,4,C,115,PET,ALIMENTO PARA PASSARO
2020-04-14,299304,613,F,3,0,B,17,ALIMENTOS,BISCOITO
2020-04-14,299361,696,M,2,0,B,86,HIGIENE,PRESERVATIVO
2020-04-14,299376,304,F,2,3,B,224,ALIMENTOS,AZEITE
2020-04-14,299393,978,F,3,0,C,41,ALIMENTOS,MACARRAO
2020-04-19,299457,217,F,3,0,B,108,LIMPEZA,REMOVEDOR
2020-04-19,299554,644,M,1,0,C,45,ALIMENTOS,MANGA
2020-04-19,299613,749,F,4,1,B,151,HIGIENE,PROTETOR SOLAR
2020-04-19,299667,439,F,3,0,B,196,HIGIENE,ESCOVA DE DENTE
2020-04-19,299743,115,M,4,0,B,45,ALIMENTOS,MANGA
2020-04-19,299788,997,M,5,2,C,18,ALIMENTOS,BROCOLIS
2020-04-19,299833,352,M,4,2,B,98,LIMPEZA,DESENGORDURANTE
2020-04-19,299842,739,F,2,3,B,147,PET,RACAO SECA PARA GATOS
2020-04-19,299859,207,F,3,0,B,112,LIMPEZA,TIRA LIMO
2020-04-19,299902,373,F,4,2,B,109,LIMPEZA,RODO
2020-04-19,299915,761,F,1,4,B,113,LIMPEZA,TIRA MANCHA
2020-04-19,300007,879,M,2,2,C,140,BEBIDAS,REFRIGERANTE OUTROS
2020-04-19,300010,234,M,3,4,B,21,ALIMENTOS,CENOURA
2020-04-19,300094,964,M,2,0,B,180,ALIMENTOS,LEITE
2020-04-19,300182,662,F,1,1,B,182,ALIMENTOS,LATA DE ERVILHA
2020-04-19,300278,1,M,1,0,C,225,ALIMENTOS,ATUM
2020-04-19,300279,229,M,2,2,C,194,ALIMENTOS,FILE DE PEIXE
2020-04-19,300374,745,F,1,2,B,64,ALIMENTOS,UVA
2020-04-19,300425,614,F,4,1,B,147,PET,RACAO SECA PARA GATOS
2020-04-19,300462,329,F,3,0,B,73,HIGIENE,CREME
2020-04-19,300491,138,F,3,2,B,178,HIGIENE,LENCO UMEDECIDO
2020-04-19,300569,316,F,3,2,B,133,LIMPEZA,SABAO EM PO
2020-04-19,300643,676,M,2,3,B,4,ALIMENTOS,ABACAXI
2020-04-19,300685,228,F,4,0,C,17,ALIMENTOS,BISCOITO
2020-04-19,300705,759,F,3,0,B,218,ALIMENTOS,BIFE DE COXAO MOLE
2020-04-19,300789,809,F,3,3,B,42,ALIMENTOS,MACARRAO INSTANTANEO
2020-04-19,300849,302,F,4,3,C,172,LIMPEZA,LUSTRA MOVEIS
2020-04-19,300928,544,F,2,0,B,130,ALIMENTOS,SALGADINHOS DE MILHO
2020-04-19,300950,165,F,4,0,C,67,BEBIDAS,REFRIGERANTE GUARANA
2020-04-19,301030,316,F,3,2,B,64,ALIMENTOS,UVA
2020-04-19,301094,610,M,2,0,B,38,ALIMENTOS,LEITE CONDENSADO
2020-04-19,301167,192,F,4,0,B,180,ALIMENTOS,LEITE
2020-04-19,301231,915,F,3,0,B,164,ACESSORIOS,MORDEDOR
2020-04-19,301290,690,F,1,3,B,26,ALIMENTOS,COXA E SOBRECOXA DE FRANGO
2020-04-19,301325,358,F,3,0,C,144,BEBIDAS,REFRIGERANTE COLA
2020-04-19,301387,425,F,3,0,B,12,ALIMENTOS,AZEITONA
2020-04-19,301419,67,M,1,0,B,7,ALIMENTOS,ALMONDEGA
2020-04-19,301504,575,M,1,4,B,67,BEBIDAS,REFRIGERANTE GUARANA
2020-04-19,301550,432,F,1,0,C,62,ALIMENTOS,SNACKS
2020-04-19,301580,465,F,3,0,B,94,LIMPEZA,ALCOOL
2020-04-19,301608,787,F,3,0,A,167,ALIMENTOS,MANGA
2020-04-19,301636,531,F,3,1,B,172,LIMPEZA,LUSTRA MOVEIS
2020-04-19,301680,326,F,1,0,B,113,LIMPEZA,TIRA MANCHA
2020-04-19,301713,346,F,2,4,C,130,ALIMENTOS,SALGADINHOS DE MILHO
2020-04-19,301790,196,M,2,0,B,169,ALIMENTOS,MAMAO
2020-04-19,301824,592,F,2,0,C,193,HIGIENE,FIO DENTAL
2020-04-19,301891,197,F,2,0,B,51,ALIMENTOS,PAPINHA INFANTIL
2020-04-19,301971,489,F,4,3,B,33,ALIMENTOS,IOGURTE
2020-04-19,302029,491,M,2,1,A,56,ALIMENTOS,QUEIJO MUSSARELA
2020-04-19,302086,190,M,1,4,B,128,HIGIENE,SHAMPOO
2020-04-19,302146,473,F,4,3,B,47,ALIMENTOS,MORTADELA
2020-04-19,302187,500,M,3,2,C,10,ALIMENTOS,ATUM
2020-04-19,302277,165,F,4,0,C,143,BEBIDAS,REFRIGERANTE GUARANA
2020-04-19,302350,812,F,2,0,A,140,BEBIDAS,REFRIGERANTE OUTROS
2020-04-19,302420,805,F,3,0,C,186,HIGIENE,HIDRATANTE
2020-04-19,302472,842,M,5,2,B,202,LIMPEZA,DESENGORDURANTE
2020-04-19,302515,420,M,3,0,B,73,HIGIENE,CREME
2020-04-19,302535,214,F,4,0,B,31,ALIMENTOS,GRANOLA
2020-04-19,302608,347,F,4,0,B,138,HIGIENE,REPELENTE
2020-04-19,302695,176,F,2,0,B,222,LIMPEZA,BALDE
2020-04-19,302758,79,F,2,0,C,160,ALIMENTOS,PALMITO
2020-04-19,302785,824,F,1,0,B,95,LIMPEZA,AMACIANTE
2020-04-19,302791,729,M,3,0,B,149,ALIMENTOS,QUEIJO MUSSARELA
2020-04-19,302848,3,F,4,0,B,33,ALIMENTOS,IOGURTE
2020-04-19,302930,540,F,2,0,C,223,ALIMENTOS,AZEITONA
2020-04-19,303025,7,M,1,3,B,24,ALIMENTOS,COPA SUINA
2020-04-19,303058,832,F,1,0,B,92,HIGIENE,TINTURAS
2020-04-19,303074,258,F,1,0,B,141,BEBIDAS,REFRIGERANTE LIMaO
2020-04-19,303171,40,M,2,1,B,116,PET,RACAO SECA PARA CAES
2020-04-19,303265,581,F,4,2,C,69,BEBIDAS,REFRIGERANTE LIMaO
2020-04-19,303295,903,M,1,0,B,33,ALIMENTOS,IOGURTE
2020-04-19,303307,209,F,4,0,B,35,ALIMENTOS,LATA DE ERVILHA
2020-04-19,303373,777,F,1,0,B,74,HIGIENE,ENXAGUANTE BUCAL
2020-04-19,303457,733,M,4,0,B,217,ALIMENTOS,BISCOITO
2020-04-19,303502,893,F,1,0,B,181,ALIMENTOS,LATA DE MILHO
2020-04-24,303601,549,M,2,3,C,215,ALIMENTOS,CAFE
2020-04-24,303699,503,F,2,1,B,193,HIGIENE,FIO DENTAL
2020-04-24,303745,204,F,3,3,B,49,ALIMENTOS,PALMITO
2020-04-24,303783,455,F,2,0,C,200,LIMPEZA,DETERGENTE
2020-04-24,303835,617,F,4,3,C,37,ALIMENTOS,LEITE
2020-04-24,303894,929,M,4,0,B,158,HIGIENE,PAPEL HIGIENICO
2020-04-24,303923,567,F,1,0,C,133,LIMPEZA,SABAO EM PO
2020-04-24,303945,730,F,2,0,B,26,ALIMENTOS,COXA E SOBRECOXA DE FRANGO
2020-04-24,304012,380,M,3,4,B,105,LIMPEZA,LUSTRA MOVEIS
2020-04-24,304095,902,F,2,1,B,124,LIMPEZA,TIRA LIMO
2020-04-24,304140,921,M,2,3,B,206,ALIMENTOS,CORACAO DE FRANGO
2020-04-24,304206,427,M,3,0,B,185,LIMPEZA,INSETICIDA
2020-04-24,304225,941,M,2,3,B,122,ALIMENTOS,TOMATE
2020-04-24,304239,397,F,1,0,B,224,ALIMENTOS,AZEITE
2020-04-24,304272,255,M,4,0,B,217,ALIMENTOS,BISCOITO
2020-04-24,304303,687,M,2,3,C,65,BEBIDAS,ENERGETICO
2020-04-24,304399,693,F,4,0,B,46,ALIMENTOS,MOLHO BARBECUE
2020-04-24,304478,480,F,2,0,C,58,ALIMENTOS,RICOTA
2020-04-24,304541,287,F,1,0,B,157,ALIMENTOS,PAPINHA INFANTIL
2020-04-24,304603,70,F,4,0,B,21,ALIMENTOS,CENOURA
2020-04-24,304615,235,F,4,0,B,185,LIMPEZA,INSETICIDA
2020-04-24,304623,167,M,1,1,A,207,ALIMENTOS,COPA SUINA
2020-04-24,304707,959,M,5,1,B,199,ALIMENTOS,DOCE
2020-04-24,304713,524,F,4,3,C,147,PET,RACAO SECA PARA GATOS
2020-04-24,304756,869,F,3,0,B,138,HIGIENE,REPELENTE
2020-04-24,304852,516,M,1,0,C,81,HIGIENE,HIDRATANTE
2020-04-24,304892,19,F,2,2,C,207,ALIMENTOS,COPA SUINA
2020-04-24,304941,699,F,1,0,C,166,HIGIENE,MODELADOR
2020-04-24,305011,108,M,1,0,B,84,HIGIENE,PAPEL HIGIENICO
2020-04-24,305046,786,F,1,4,C,70,BEBIDAS,REFRIGERANTE OUTROS
2020-04-24,305105,327,M,4,2,A,77,HIGIENE,FIXADOR
2020-04-24,305142,147,M,1,0,A,74,HIGIENE,ENXAGUANTE BUCAL
2020-04-24,305206,974,M,4,1,B,157,ALIMENTOS,PAPINHA INFANTIL
2020-04-24,305258,76,M,3,0,A,208,HIGIENE,CONDICIONADOR
2020-04-24,305349,809,F,3,3,B,138,HIGIENE,REPELENTE
2020-04-24,305381,713,F,1,3,C,51,ALIMENTOS,PAPINHA INFANTIL
2020-04-24,305417,767,F,1,0,B,95,LIMPEZA,AMACIANTE
2020-04-24,305497,348,F,3,0,A,118,PET,RACAO UMIDA PARA CAES
2020-04-24,305564,878,F,4,3,C,71,HIGIENE,ABSORVENTE
2020-04-24,305595,341,M,2,0,C,131,ALIMENTOS,SALGADINHO
2020-04-24,305597,646,F,1,0,B,92,HIGIENE,TINTURAS
2020-04-24,305605,639,M,2,0,C,125,HIGIENE,TINTURAS
2020-04-24,305694,749,F,4,1,B,107,#N/D,#N/D
2020-04-24,305766,304,F,2,3,B,9,ALIMENTOS,ARROZ INTEGRAL
2020-04-28,305795,153,M,4,1,B,71,HIGIENE,ABSORVENTE
2020-04-28,305874,869,F,3,0,B,11,ALIMENTOS,AZEITE
2020-04-28,305937,114,F,3,3,B,73,HIGIENE,CREME
2020-04-28,305953,611,M,4,0,B,41,ALIMENTOS,MACARRAO
2020-04-28,306039,798,M,5,2,B,154,HIGIENE,PRESERVATIVO
2020-04-28,306128,824,F,1,0,B,141,BEBIDAS,REFRIGERANTE LIMaO
2020-04-28,306131,846,F,4,3,C,186,HIGIENE,HIDRATANTE
2020-04-28,306193,245,F,4,3,B,37,ALIMENTOS,LEITE
2020-04-28,306229,415,F,3,0,B,190,HIGIENE,GEL
2020-04-28,306262,422,F,2,4,C,104,LIMPEZA,LIMPADOR PERFUMADO
2020-04-28,306289,458,F,3,4,C,181,ALIMENTOS,LATA DE MILHO
2020-04-28,306373,408,F,4,0,B,64,ALIMENTOS,UVA
2020-04-28,306389,386,M,4,2,A,81,HIGIENE,HIDRATANTE
2020-04-28,306391,552,M,4,0,B,196,HIGIENE,ESCOVA DE DENTE
2020-04-28,306406,139,F,3,3,B,103,LIMPEZA,LIMPADOR MULTIUSO
2020-04-28,306458,933,M,2,2,B,208,HIGIENE,CONDICIONADOR
2020-04-28,306526,642,M,2,3,B,154,HIGIENE,PRESERVATIVO
2020-04-28,306541,130,F,1,0,B,175,LIMPEZA,LIMPADOR MULTIUSO
2020-04-28,306601,993,M,5,1,B,13,ALIMENTOS,BANANA
2020-04-28,306651,195,M,4,0,B,107,#N/D,#N/D
2020-04-28,306707,798,M,5,2,B,155,ALIMENTOS,PATE
2020-04-28,306772,307,M,1,0,B,222,LIMPEZA,BALDE
2020-04-28,306804,81,F,2,0,B,204,HIGIENE,CREME
2020-04-28,306855,469,M,4,2,C,116,PET,RACAO SECA PARA CAES
2020-04-28,306905,304,F,2,3,B,146,PET,RACAO UMIDA PARA CAES
2020-04-28,306971,474,M,2,0,B,102,LIMPEZA,LIMPA VIDROS
2020-04-28,307044,638,M,3,1,B,215,ALIMENTOS,CAFE
2020-04-28,307081,779,M,3,4,A,60,ALIMENTOS,SALGADINHOS DE MILHO
2020-04-28,307096,155,F,2,0,B,76,HIGIENE,FIO DENTAL
2020-04-28,307124,299,F,3,1,C,94,LIMPEZA,ALCOOL
2020-04-28,307223,723,M,4,0,B,135,LIMPEZA,RODO
2020-04-28,307280,13,M,2,1,B,22,ALIMENTOS,CHA
2020-04-28,307351,239,M,4,2,C,72,HIGIENE,CONDICIONADOR
2020-04-28,307403,355,M,3,4,B,89,HIGIENE,SABONETE
2020-04-28,307417,90,F,2,2,B,160,ALIMENTOS,PALMITO
2020-04-28,307487,53,M,1,1,B,228,LIMPEZA,AMACIANTE
2020-04-28,307532,371,F,4,0,B,134,LIMPEZA,SABAO
2020-04-28,307628,868,M,4,0,B,84,HIGIENE,PAPEL HIGIENICO
2020-04-28,307667,231,F,4,2,B,87,HIGIENE,PROTETOR SOLAR
2020-04-28,307703,23,M,3,0,B,46,ALIMENTOS,MOLHO BARBECUE
2020-04-28,307750,203,F,3,0,A,199,ALIMENTOS,DOCE
2020-04-28,307840,962,M,3,4,B,166,HIGIENE,MODELADOR
2020-04-28,307923,845,F,3,3,C,23,ALIMENTOS,COGUMELOS
2020-04-28,307929,278,F,3,2,C,92,HIGIENE,TINTURAS
2020-04-28,307963,367,F,1,0,A,77,HIGIENE,FIXADOR
2020-04-28,307971,16,M,1,4,C,85,HIGIENE,PASTA DE DENTE
2020-04-28,307993,555,M,4,3,A,79,HIGIENE,GEL
2020-04-28,308060,629,M,3,0,C,90,HIGIENE,SHAMPOO
2020-04-28,308150,174,M,4,3,C,147,PET,RACAO SECA PARA GATOS
2020-04-28,308175,984,F,4,3,B,95,LIMPEZA,AMACIANTE
2020-04-28,308245,486,M,4,0,B,28,ALIMENTOS,DOCE
2020-04-28,308270,609,F,4,0,C,71,HIGIENE,ABSORVENTE
2020-04-28,308284,805,F,3,0,C,121,ALIMENTOS,UVA
2020-04-28,308357,302,F,4,3,C,78,HIGIENE,FRALDA
2020-04-28,308449,43,M,2,0,B,133,LIMPEZA,SABAO EM PO
2020-04-28,308492,826,F,2,0,C,110,LIMPEZA,SABAO
2020-04-28,308506,924,F,2,2,B,12,ALIMENTOS,AZEITONA
2020-04-28,308543,775,F,2,3,B,145,PET,RACAO UMIDA PARA GATOS
2020-04-28,308619,84,F,3,0,C,198,BEBIDAS,ENERGETICO
2020-04-28,308641,627,M,3,1,B,27,ALIMENTOS,DANETTE
2020-04-28,308695,796,M,2,3,B,175,LIMPEZA,LIMPADOR MULTIUSO
2020-04-28,308780,584,M,3,0,B,54,ALIMENTOS,PRESUNTO COZIDO
2020-04-28,308817,222,F,4,0,B,100,LIMPEZA,DETERGENTE
2020-04-28,308890,151,F,1,0,B,218,ALIMENTOS,BIFE DE COXAO MOLE
2020-04-28,308936,783,F,1,0,B,38,ALIMENTOS,LEITE CONDENSADO
2020-04-28,308955,237,F,4,3,C,184,ALIMENTOS,IOGURTE
2020-04-28,308964,754,F,3,4,B,77,HIGIENE,FIXADOR
2020-04-28,309006,236,M,2,2,C,51,ALIMENTOS,PAPINHA INFANTIL
2020-04-28,309036,540,F,2,0,C,1,ACESSORIOS,CHUPETA
2020-04-28,309075,853,M,5,2,A,113,LIMPEZA,TIRA MANCHA
2020-04-28,309117,369,F,3,4,C,208,HIGIENE,CONDICIONADOR
2020-04-28,309202,99,F,1,4,C,82,HIGIENE,LENCO UMEDECIDO
2020-04-28,309260,570,F,4,1,C,71,HIGIENE,ABSORVENTE
2020-04-28,309350,614,F,4,1,B,68,BEBIDAS,REFRIGERANTE LARANJA
2020-04-28,309440,248,M,3,0,C,63,ALIMENTOS,TOMATE
2020-04-28,309453,952,F,3,4,C,70,BEBIDAS,REFRIGERANTE OUTROS
2020-04-28,309498,857,F,2,2,B,211,ALIMENTOS,CHA
2020-04-28,309506,329,F,3,0,B,169,ALIMENTOS,MAMAO
2020-04-28,309587,433,M,3,3,B,210,ACESSORIOS,CHUPETA
2020-04-28,309652,149,M,1,3,A,9,ALIMENTOS,ARROZ INTEGRAL
2020-04-28,309683,911,F,2,0,B,70,BEBIDAS,REFRIGERANTE OUTROS
2020-04-28,309782,774,F,2,0,B,141,BEBIDAS,REFRIGERANTE LIMaO
2020-04-28,309784,149,M,1,3,A,199,ALIMENTOS,DOCE
2020-04-28,309818,161,M,5,2,B,109,LIMPEZA,RODO
2020-04-28,309860,975,F,3,0,B,4,ALIMENTOS,ABACAXI
2020-04-28,309885,46,F,4,1,B,183,ALIMENTOS,KETCHUP
2020-04-28,309887,958,M,2,3,B,228,LIMPEZA,AMACIANTE
2020-04-28,309914,899,F,4,0,C,205,ALIMENTOS,COXA E SOBRECOXA DE FRANGO
2020-04-28,309995,421,M,3,3,C,173,ALIMENTOS,LINGUICA
2020-04-28,310047,218,M,4,0,B,189,ALIMENTOS,GRANOLA
2020-04-28,310094,102,F,1,2,C,8,ALIMENTOS,ARROZ
2020-04-28,310098,300,F,1,3,C,125,HIGIENE,TINTURAS
2020-04-28,310106,916,F,3,4,C,6,ALIMENTOS,ALHO
2020-04-29,310144,199,M,3,3,B,194,ALIMENTOS,FILE DE PEIXE
2020-04-29,310169,763,F,4,0,B,3,ALIMENTOS,ABACATE
2020-04-29,310229,825,M,1,2,C,188,ALIMENTOS,HAMBUGUER
2020-04-29,310297,207,F,3,0,B,125,HIGIENE,TINTURAS
2020-04-29,310298,851,F,2,0,B,124,LIMPEZA,TIRA LIMO
2020-04-29,310351,585,F,2,4,B,48,ALIMENTOS,OVOS
2020-04-29,310368,638,M,3,1,B,160,ALIMENTOS,PALMITO
2020-04-29,310422,789,F,5,1,B,217,ALIMENTOS,BISCOITO
2020-04-29,310490,358,F,3,0,C,59,ALIMENTOS,SALGADINHO
2020-04-29,310546,367,F,1,0,A,152,ALIMENTOS,PRESUNTO COZIDO
2020-04-29,310594,555,M,4,3,A,194,ALIMENTOS,FILE DE PEIXE
2020-04-29,310620,5,F,4,3,C,228,LIMPEZA,AMACIANTE
2020-04-29,310627,620,M,2,0,B,4,ALIMENTOS,ABACAXI
2020-04-29,310681,59,M,2,0,A,28,ALIMENTOS,DOCE
2020-04-29,310769,617,F,4,3,C,3,ALIMENTOS,ABACATE
2020-02-05,310814,372,M,1,4,B,221,ALIMENTOS,BANANA
2020-02-05,310864,836,F,2,0,B,180,ALIMENTOS,LEITE
2020-02-05,310935,877,M,2,0,C,226,ALIMENTOS,ARROZ INTEGRAL
2020-02-05,310984,413,M,3,2,B,61,ALIMENTOS,SARDINHA
2020-02-05,311078,563,M,3,0,B,206,ALIMENTOS,CORACAO DE FRANGO
2020-02-05,311123,17,M,4,0,B,43,ALIMENTOS,MAMAO PAPAYA
2020-02-05,311153,801,M,1,4,B,16,ALIMENTOS,BIFE DE COXAO MOLE
2020-02-05,311235,900,F,3,0,B,193,HIGIENE,FIO DENTAL
2020-02-05,311241,787,F,3,0,A,160,ALIMENTOS,PALMITO
2020-02-05,311339,134,F,3,0,B,178,HIGIENE,LENCO UMEDECIDO
2020-02-05,311353,267,F,4,2,B,75,HIGIENE,ESCOVA DE DENTE
2020-02-05,311383,572,M,1,0,C,209,ALIMENTOS,COGUMELOS
2020-02-05,311442,180,M,3,4,B,183,ALIMENTOS,KETCHUP
2020-02-05,311468,563,M,3,0,B,149,ALIMENTOS,QUEIJO MUSSARELA
2020-02-05,311469,100,F,2,3,C,75,HIGIENE,ESCOVA DE DENTE
2020-02-05,311512,120,F,4,3,A,139,LIMPEZA,REMOVEDOR
2020-02-05,311520,194,F,4,0,B,197,HIGIENE,ENXAGUANTE BUCAL
2020-02-05,311545,642,M,2,3,B,107,#N/D,#N/D
2020-02-05,311594,846,F,4,3,C,218,ALIMENTOS,BIFE DE COXAO MOLE
2020-02-05,311598,972,M,4,0,C,187,HIGIENE,HASTES FLEXIVEIS
2020-02-05,311650,318,M,1,2,B,206,ALIMENTOS,CORACAO DE FRANGO
2020-02-05,311684,944,F,3,1,B,128,HIGIENE,SHAMPOO
2020-02-05,311702,612,F,3,4,B,175,LIMPEZA,LIMPADOR MULTIUSO
2020-02-05,311770,319,M,1,4,B,60,ALIMENTOS,SALGADINHOS DE MILHO
2020-02-05,311814,876,F,2,3,B,218,ALIMENTOS,BIFE DE COXAO MOLE
2020-02-05,311873,248,M,3,0,C,209,ALIMENTOS,COGUMELOS
2020-02-05,311910,315,F,3,0,B,209,ALIMENTOS,COGUMELOS
2020-02-05,311923,192,F,4,0,B,189,ALIMENTOS,GRANOLA
2020-02-05,311945,858,F,4,2,C,107,#N/D,#N/D
2020-02-05,311964,354,F,2,0,B,40,ALIMENTOS,LINGUICA
2020-02-05,312026,433,M,3,3,B,178,HIGIENE,LENCO UMEDECIDO
2020-02-05,312050,717,F,3,0,B,45,ALIMENTOS,MANGA
2020-02-05,312083,651,F,2,0,B,215,ALIMENTOS,CAFE
2020-02-05,312150,1000,F,4,1,B,95,LIMPEZA,AMACIANTE
2020-02-05,312166,98,M,1,0,B,155,ALIMENTOS,PATE
2020-02-05,312183,42,M,2,2,B,216,ALIMENTOS,BROCOLIS
2020-02-05,312237,426,F,3,0,C,185,LIMPEZA,INSETICIDA
2020-02-05,312276,976,M,4,2,B,145,PET,RACAO UMIDA PARA GATOS
2020-02-05,312368,409,F,3,4,B,208,HIGIENE,CONDICIONADOR
2020-02-05,312466,89,F,3,3,C,153,ALIMENTOS,PRESUNTO COZIDO
2020-04-05,312502,813,F,4,0,C,222,LIMPEZA,BALDE
2020-04-05,312563,469,M,4,2,C,146,PET,RACAO UMIDA PARA CAES
2020-04-05,312660,295,F,1,3,B,173,ALIMENTOS,LINGUICA
2020-04-05,312665,991,F,2,2,C,138,HIGIENE,REPELENTE
2020-04-05,312699,367,F,1,0,A,35,ALIMENTOS,LATA DE ERVILHA
2020-04-05,312701,756,F,1,4,B,187,HIGIENE,HASTES FLEXIVEIS
2020-04-05,312775,614,F,4,1,B,33,ALIMENTOS,IOGURTE
2020-04-05,312799,658,F,1,1,B,6,ALIMENTOS,ALHO
2020-04-05,312832,272,M,4,3,C,57,ALIMENTOS,REQUEIJAO
2020-04-05,312842,465,F,3,0,B,67,BEBIDAS,REFRIGERANTE GUARANA
2020-04-05,312883,527,F,4,1,B,10,ALIMENTOS,ATUM
2020-04-05,312967,723,M,4,0,B,132,HIGIENE,SABONETE
2020-08-05,313058,754,F,3,4,B,159,ALIMENTOS,PAO DE FORMA
2020-08-05,313104,108,M,1,0,B,203,ALIMENTOS,DANETTE
2020-08-05,313201,695,M,2,0,A,17,ALIMENTOS,BISCOITO
2020-08-05,313300,856,F,5,1,B,72,HIGIENE,CONDICIONADOR
2020-08-05,313350,932,M,4,1,B,142,BEBIDAS,REFRIGERANTE LARANJA
2020-08-05,313413,73,M,1,0,A,40,ALIMENTOS,LINGUICA
2020-08-05,313466,7,M,1,3,B,110,LIMPEZA,SABAO
2020-08-05,313536,761,F,1,4,B,82,HIGIENE,LENCO UMEDECIDO
2020-08-05,313572,159,M,1,0,C,175,LIMPEZA,LIMPADOR MULTIUSO
2020-08-05,313662,648,M,1,0,B,183,ALIMENTOS,KETCHUP
2020-08-05,313760,919,F,2,0,C,152,ALIMENTOS,PRESUNTO COZIDO
2020-08-05,313851,597,M,3,0,C,38,ALIMENTOS,LEITE CONDENSADO
2020-08-05,313888,730,F,2,0,B,198,BEBIDAS,ENERGETICO
2020-08-05,313954,793,M,1,3,B,179,ALIMENTOS,LEITE CONDENSADO
2020-08-05,314035,497,M,3,0,B,2,ACESSORIOS,MORDEDOR
2020-08-05,314103,315,F,3,0,B,3,ALIMENTOS,ABACATE
2020-08-05,314157,556,F,4,0,B,21,ALIMENTOS,CENOURA
2020-08-05,314224,476,M,3,0,C,103,LIMPEZA,LIMPADOR MULTIUSO
2020-08-05,314299,562,F,3,0,B,170,ALIMENTOS,MACARRAO INSTANTANEO
2020-08-05,314386,853,M,5,2,A,148,PET,RACAO SECA PARA CAES
2020-08-05,314417,509,F,2,3,C,143,BEBIDAS,REFRIGERANTE GUARANA
2020-08-05,314436,761,F,1,4,B,223,ALIMENTOS,AZEITONA
2020-08-05,314476,431,F,4,3,B,104,LIMPEZA,LIMPADOR PERFUMADO
2020-08-05,314478,658,F,1,1,B,94,LIMPEZA,ALCOOL
2020-08-05,314481,629,M,3,0,C,180,ALIMENTOS,LEITE
2020-08-05,314502,527,F,4,1,B,190,HIGIENE,GEL
2020-08-05,314581,300,F,1,3,C,10,ALIMENTOS,ATUM
2020-08-05,314583,299,F,3,1,C,23,ALIMENTOS,COGUMELOS
2020-08-05,314657,404,M,4,0,B,140,BEBIDAS,REFRIGERANTE OUTROS
2020-08-05,314755,359,F,1,0,B,145,PET,RACAO UMIDA PARA GATOS
2020-08-05,314772,696,M,2,0,B,213,ALIMENTOS,CENOURA
2020-08-05,314773,926,M,1,0,B,34,ALIMENTOS,KETCHUP
2020-08-05,314866,509,F,2,3,C,214,ALIMENTOS,CEBOLA
2020-08-05,314945,804,F,4,3,B,149,ALIMENTOS,QUEIJO MUSSARELA
2020-08-05,314981,436,M,2,4,B,49,ALIMENTOS,PALMITO
2020-08-05,315060,625,F,4,0,C,41,ALIMENTOS,MACARRAO
2020-08-05,315144,940,F,1,3,B,59,ALIMENTOS,SALGADINHO
2020-08-05,315173,687,M,2,3,C,116,PET,RACAO SECA PARA CAES
2020-08-05,315256,776,F,2,0,B,168,ALIMENTOS,MAMAO PAPAYA
2020-08-05,315350,210,M,2,2,C,12,ALIMENTOS,AZEITONA
2020-08-05,315395,386,M,4,2,A,229,ALIMENTOS,ALMONDEGA
2020-08-05,315470,176,F,2,0,B,115,PET,ALIMENTO PARA PASSARO
2020-08-05,315509,947,F,3,1,B,170,ALIMENTOS,MACARRAO INSTANTANEO
2020-08-05,315552,233,M,3,0,B,97,LIMPEZA,CERA
2020-08-05,315629,36,F,3,0,C,6,ALIMENTOS,ALHO
2020-08-05,315662,439,F,3,0,B,220,ALIMENTOS,BATATA
2020-08-05,315686,651,F,2,0,B,37,ALIMENTOS,LEITE
2020-08-05,315777,951,M,2,0,B,43,ALIMENTOS,MAMAO PAPAYA
2020-08-05,315804,60,F,2,3,B,137,ALIMENTOS,REQUEIJAO
2020-10-05,315808,836,F,2,0,B,140,BEBIDAS,REFRIGERANTE OUTROS
2020-10-05,315862,571,F,2,0,B,139,LIMPEZA,REMOVEDOR
2020-10-05,315921,80,F,2,1,C,110,LIMPEZA,SABAO
2020-10-05,315970,418,M,2,2,A,134,LIMPEZA,SABAO
2020-10-05,316013,838,F,1,0,C,79,HIGIENE,GEL
2020-10-05,316100,797,M,2,4,B,222,LIMPEZA,BALDE
2020-10-05,316170,537,F,1,4,B,185,LIMPEZA,INSETICIDA
2020-10-05,316255,847,M,4,2,A,115,PET,ALIMENTO PARA PASSARO
2020-10-05,316270,422,F,2,4,C,191,HIGIENE,FRALDA
2020-10-05,316272,652,F,4,0,B,154,HIGIENE,PRESERVATIVO
2020-10-05,316274,596,M,2,0,B,38,ALIMENTOS,LEITE CONDENSADO
2020-10-05,316343,540,F,2,0,C,176,LIMPEZA,LIMPA VIDROS
2020-10-05,316441,299,F,3,1,C,73,HIGIENE,CREME
2020-10-05,316529,73,M,1,0,A,46,ALIMENTOS,MOLHO BARBECUE
2020-10-05,316566,459,F,3,2,B,201,LIMPEZA,DESINFETANTE
2020-10-05,316629,921,M,2,3,B,55,ALIMENTOS,QUEIJO DE CABRA
2020-10-05,316707,312,M,1,0,A,31,ALIMENTOS,GRANOLA
2020-10-05,316765,395,F,4,1,B,42,ALIMENTOS,MACARRAO INSTANTANEO
2020-10-05,316780,606,M,1,0,B,102,LIMPEZA,LIMPA VIDROS
2020-10-05,316844,720,M,2,3,B,40,ALIMENTOS,LINGUICA
2020-10-05,316879,731,M,3,4,B,149,ALIMENTOS,QUEIJO MUSSARELA
2020-10-05,316888,932,M,4,1,B,27,ALIMENTOS,DANETTE
2020-10-05,316962,396,F,1,0,B,192,HIGIENE,FIXADOR
2020-10-05,316976,407,F,3,3,A,159,ALIMENTOS,PAO DE FORMA
2020-10-05,317014,793,M,1,3,B,168,ALIMENTOS,MAMAO PAPAYA
2020-10-05,317083,201,M,3,0,B,56,ALIMENTOS,QUEIJO MUSSARELA
2020-10-05,317150,550,M,4,0,B,188,ALIMENTOS,HAMBUGUER
2020-10-05,317197,448,F,2,0,A,27,ALIMENTOS,DANETTE
2020-10-05,317198,70,F,4,0,B,203,ALIMENTOS,DANETTE
2020-10-05,317227,301,F,3,0,C,205,ALIMENTOS,COXA E SOBRECOXA DE FRANGO
2020-10-05,317284,372,M,1,4,B,227,ALIMENTOS,ARROZ
2020-10-05,317292,289,F,3,4,C,160,ALIMENTOS,PALMITO
2020-10-05,317325,418,M,2,2,A,111,LIMPEZA,SABAO EM PO
2020-10-05,317352,166,F,1,0,B,77,HIGIENE,FIXADOR
2020-10-05,317395,198,M,4,0,B,95,LIMPEZA,AMACIANTE
2020-10-05,317464,11,F,4,0,A,222,LIMPEZA,BALDE
2020-10-05,317541,696,M,2,0,B,94,LIMPEZA,ALCOOL
2020-10-05,317603,888,F,4,2,B,94,LIMPEZA,ALCOOL
2020-10-05,317653,521,F,1,0,A,55,ALIMENTOS,QUEIJO DE CABRA
2020-10-05,317752,538,M,3,0,B,178,HIGIENE,LENCO UMEDECIDO
2020-10-05,317778,755,M,3,4,B,72,HIGIENE,CONDICIONADOR
2020-10-05,317820,734,F,4,2,B,125,HIGIENE,TINTURAS
2020-10-05,317827,276,F,3,0,B,52,ALIMENTOS,PATE
2020-10-05,317885,521,F,1,0,A,77,HIGIENE,FIXADOR
2020-10-05,317978,22,M,1,0,B,135,LIMPEZA,RODO
2020-10-05,318050,985,M,1,0,B,52,ALIMENTOS,PATE
2020-10-05,318141,955,F,3,2,C,179,ALIMENTOS,LEITE CONDENSADO
2020-10-05,318176,300,F,1,3,C,221,ALIMENTOS,BANANA
2020-10-05,318247,411,F,2,0,B,21,ALIMENTOS,CENOURA
2020-10-05,318263,591,M,4,1,B,52,ALIMENTOS,PATE
2020-10-05,318359,962,M,3,4,B,102,LIMPEZA,LIMPA VIDROS
2020-10-05,318424,29,M,2,0,B,77,HIGIENE,FIXADOR
2020-10-05,318508,564,M,3,2,B,96,LIMPEZA,BALDE
2020-10-05,318548,736,M,1,0,C,67,BEBIDAS,REFRIGERANTE GUARANA
2020-10-05,318632,144,M,1,0,B,188,ALIMENTOS,HAMBUGUER
2020-10-05,318681,937,M,3,4,C,4,ALIMENTOS,ABACAXI
2020-10-05,318719,299,F,3,1,C,126,HIGIENE,TALCO
2020-10-05,318759,775,F,2,3,B,157,ALIMENTOS,PAPINHA INFANTIL
2020-10-05,318846,701,M,3,0,B,191,HIGIENE,FRALDA
2020-10-05,318860,320,M,3,4,B,137,ALIMENTOS,REQUEIJAO
2020-10-05,318921,880,M,3,2,B,138,HIGIENE,REPELENTE
2020-10-05,319000,676,M,2,3,B,163,ALIMENTOS,MORTADELA
2020-10-05,319079,799,M,4,3,C,108,LIMPEZA,REMOVEDOR
2020-10-05,319099,159,M,1,0,C,15,ALIMENTOS,BATATA DOCE
2020-10-05,319100,163,F,3,0,A,122,ALIMENTOS,TOMATE
2020-10-05,319176,784,F,1,3,B,216,ALIMENTOS,BROCOLIS
2020-10-05,319207,200,F,3,0,B,33,ALIMENTOS,IOGURTE
2020-10-05,319260,562,F,3,0,B,98,LIMPEZA,DESENGORDURANTE
2020-10-05,319305,48,M,4,1,B,152,ALIMENTOS,PRESUNTO COZIDO
2020-10-05,319336,823,M,5,3,B,113,LIMPEZA,TIRA MANCHA
2020-10-05,319430,215,M,2,4,B,28,ALIMENTOS,DOCE
2020-10-05,319503,326,F,1,0,B,203,ALIMENTOS,DANETTE
2020-10-05,319561,673,F,5,1,B,111,LIMPEZA,SABAO EM PO
2020-10-05,319632,757,F,4,3,C,207,ALIMENTOS,COPA SUINA
2020-10-05,319674,647,M,1,0,C,110,LIMPEZA,SABAO
2020-10-05,319710,434,M,1,4,B,37,ALIMENTOS,LEITE
2020-10-05,319745,131,F,2,0,C,21,ALIMENTOS,CENOURA
2020-10-05,319831,861,M,3,0,B,69,BEBIDAS,REFRIGERANTE LIMaO
2020-10-05,319877,622,F,3,0,B,188,ALIMENTOS,HAMBUGUER
2020-10-05,319913,360,M,4,0,B,69,BEBIDAS,REFRIGERANTE LIMaO
2020-10-05,319994,717,F,3,0,B,95,LIMPEZA,AMACIANTE
2020-10-05,320024,251,F,2,0,C,163,ALIMENTOS,MORTADELA
2020-10-05,320057,399,F,4,1,C,31,ALIMENTOS,GRANOLA
2020-10-05,320115,785,M,1,4,C,32,ALIMENTOS,HAMBUGUER
2020-05-13,320187,422,F,2,4,C,34,ALIMENTOS,KETCHUP
2020-05-13,320208,727,M,4,2,C,149,ALIMENTOS,QUEIJO MUSSARELA
2020-05-13,320268,957,M,2,3,B,160,ALIMENTOS,PALMITO
2020-05-13,320290,431,F,4,3,B,31,ALIMENTOS,GRANOLA
2020-05-13,320305,295,F,1,3,B,33,ALIMENTOS,IOGURTE
2020-05-13,320319,137,F,4,1,B,216,ALIMENTOS,BROCOLIS
2020-05-13,320346,178,M,3,0,A,173,ALIMENTOS,LINGUICA
2020-05-13,320365,72,F,2,0,A,51,ALIMENTOS,PAPINHA INFANTIL
2020-05-13,320404,487,F,3,0,C,228,LIMPEZA,AMACIANTE
2020-05-13,320405,382,F,3,0,C,69,BEBIDAS,REFRIGERANTE LIMaO
2020-05-13,320485,189,F,3,4,C,220,ALIMENTOS,BATATA
2020-05-13,320514,187,M,2,1,B,199,ALIMENTOS,DOCE
2020-05-13,320612,141,M,3,4,B,221,ALIMENTOS,BANANA
2020-05-13,320633,646,F,1,0,B,5,ALIMENTOS,ACHOCOLATADO
2020-05-13,320678,910,M,2,2,B,99,LIMPEZA,DESINFETANTE
2020-05-13,320708,970,M,2,4,B,31,ALIMENTOS,GRANOLA
2020-05-13,320714,510,F,4,0,B,163,ALIMENTOS,MORTADELA
2020-05-13,320805,121,F,1,2,B,34,ALIMENTOS,KETCHUP
2020-05-13,320885,449,F,2,3,B,170,ALIMENTOS,MACARRAO INSTANTANEO
2020-05-13,320983,515,M,4,0,A,135,LIMPEZA,RODO
2020-05-13,321028,315,F,3,0,B,178,HIGIENE,LENCO UMEDECIDO
2020-05-13,321099,544,F,2,0,B,8,ALIMENTOS,ARROZ
2020-05-13,321117,656,M,2,0,C,177,ALIMENTOS,LIMAO
2020-05-13,321141,838,F,1,0,C,93,LIMPEZA,AGUA SANITARIA
2020-05-13,321231,563,M,3,0,B,179,ALIMENTOS,LEITE CONDENSADO
2020-05-13,321288,561,M,2,0,B,195,ALIMENTOS,FEIJAO
2020-05-13,321314,368,M,4,0,C,223,ALIMENTOS,AZEITONA
2020-05-13,321407,572,M,1,0,C,31,ALIMENTOS,GRANOLA
2020-05-13,321480,498,M,3,2,B,34,ALIMENTOS,KETCHUP
2020-05-13,321501,796,M,2,3,B,195,ALIMENTOS,FEIJAO
2020-05-13,321553,361,F,1,0,C,95,LIMPEZA,AMACIANTE
2020-05-13,321620,19,F,2,2,C,17,ALIMENTOS,BISCOITO
2020-05-13,321655,949,M,1,0,B,32,ALIMENTOS,HAMBUGUER
2020-05-13,321754,201,M,3,0,B,225,ALIMENTOS,ATUM
2020-05-13,321786,681,M,1,0,C,1,ACESSORIOS,CHUPETA
2020-05-13,321807,813,F,4,0,C,98,LIMPEZA,DESENGORDURANTE
2020-05-13,321881,172,M,2,0,B,178,HIGIENE,LENCO UMEDECIDO
2020-05-13,321978,376,F,3,0,B,32,ALIMENTOS,HAMBUGUER
2020-05-13,322049,375,M,4,0,B,152,ALIMENTOS,PRESUNTO COZIDO
2020-05-13,322140,762,F,2,0,B,83,HIGIENE,MODELADOR
2020-05-13,322236,424,M,1,4,B,200,LIMPEZA,DETERGENTE
2020-05-13,322266,592,F,2,0,C,197,HIGIENE,ENXAGUANTE BUCAL
2020-05-13,322296,76,M,3,0,A,218,ALIMENTOS,BIFE DE COXAO MOLE
2020-05-13,322387,604,M,4,0,B,7,ALIMENTOS,ALMONDEGA
2020-05-13,322403,323,M,1,3,B,228,LIMPEZA,AMACIANTE
2020-05-13,322476,430,F,4,1,B,78,HIGIENE,FRALDA
2020-05-13,322504,714,M,1,0,B,155,ALIMENTOS,PATE
2020-05-13,322505,37,M,3,0,B,191,HIGIENE,FRALDA
2020-05-13,322539,278,F,3,2,C,94,LIMPEZA,ALCOOL
2020-05-13,322610,11,F,4,0,A,223,ALIMENTOS,AZEITONA
2020-05-13,322672,297,M,4,0,B,193,HIGIENE,FIO DENTAL
2020-05-13,322728,413,M,3,2,B,98,LIMPEZA,DESENGORDURANTE
2020-05-20,322745,773,M,4,0,B,188,ALIMENTOS,HAMBUGUER
2020-05-20,322793,966,F,4,2,B,55,ALIMENTOS,QUEIJO DE CABRA
2020-05-20,322796,441,M,4,2,B,216,ALIMENTOS,BROCOLIS
2020-05-20,322894,209,F,4,0,B,20,ALIMENTOS,CEBOLA
2020-05-20,322940,44,F,4,0,C,12,ALIMENTOS,AZEITONA
2020-05-20,322968,324,F,3,3,B,217,ALIMENTOS,BISCOITO
2020-05-20,323002,63,F,3,0,B,15,ALIMENTOS,BATATA DOCE
2020-05-20,323076,955,F,3,2,C,160,ALIMENTOS,PALMITO
2020-05-20,323116,60,F,2,3,B,6,ALIMENTOS,ALHO
2020-05-20,323207,702,M,1,0,B,26,ALIMENTOS,COXA E SOBRECOXA DE FRANGO
2020-05-20,323256,291,F,3,0,C,74,HIGIENE,ENXAGUANTE BUCAL
2020-05-20,323322,670,M,4,0,C,107,#N/D,#N/D
2020-05-20,323355,329,F,3,0,B,143,BEBIDAS,REFRIGERANTE GUARANA
2020-05-20,323437,186,M,2,4,C,141,BEBIDAS,REFRIGERANTE LIMaO
2020-05-20,323442,975,F,3,0,B,108,LIMPEZA,REMOVEDOR
2020-05-20,323465,469,M,4,2,C,37,ALIMENTOS,LEITE
2020-05-20,323543,270,F,3,1,B,45,ALIMENTOS,MANGA
2020-05-20,323548,837,F,2,0,C,87,HIGIENE,PROTETOR SOLAR
2020-05-20,323624,652,F,4,0,B,180,ALIMENTOS,LEITE
2020-05-20,323672,212,F,2,1,B,46,ALIMENTOS,MOLHO BARBECUE
2020-05-20,323715,889,F,3,4,B,189,ALIMENTOS,GRANOLA
2020-05-20,323719,777,F,1,0,B,120,LIMPEZA,VASSOURA
2020-05-20,323813,443,F,4,0,C,117,PET,RACAO SECA PARA GATOS
2020-05-20,323826,840,F,3,3,C,19,ALIMENTOS,CAFE
2020-05-20,323837,345,F,2,3,B,140,BEBIDAS,REFRIGERANTE OUTROS
2020-05-20,323933,583,F,2,0,B,6,ALIMENTOS,ALHO
2020-05-20,324015,210,M,2,2,C,159,ALIMENTOS,PAO DE FORMA
2020-05-20,324070,149,M,1,3,A,26,ALIMENTOS,COXA E SOBRECOXA DE FRANGO
2020-05-20,324076,976,M,4,2,B,114,LIMPEZA,VASSOURA
2020-05-20,324110,270,F,3,1,B,6,ALIMENTOS,ALHO
2020-05-20,324142,466,F,1,0,C,14,ALIMENTOS,BATATA
2020-05-20,324231,311,F,4,0,C,164,ACESSORIOS,MORDEDOR
2020-05-20,324283,78,M,1,0,B,123,LIMPEZA,TIRA MANCHA
2020-05-20,324291,142,F,1,0,B,201,LIMPEZA,DESINFETANTE
2020-05-20,324367,793,M,1,3,B,195,ALIMENTOS,FEIJAO
2020-05-20,324417,118,M,2,4,A,126,HIGIENE,TALCO
2020-05-20,324445,425,F,3,0,B,196,HIGIENE,ESCOVA DE DENTE
2020-05-20,324541,515,M,4,0,A,219,ALIMENTOS,BATATA DOCE
2020-05-20,324571,32,F,1,0,B,6,ALIMENTOS,ALHO
2020-05-20,324598,812,F,2,0,A,186,HIGIENE,HIDRATANTE
2020-05-20,324687,403,M,3,2,B,69,BEBIDAS,REFRIGERANTE LIMaO
2020-05-20,324709,840,F,3,3,C,26,ALIMENTOS,COXA E SOBRECOXA DE FRANGO
2020-05-20,324802,686,F,3,2,A,110,LIMPEZA,SABAO
2020-05-20,324844,452,M,1,3,B,79,HIGIENE,GEL
2020-05-20,324885,440,F,4,0,C,142,BEBIDAS,REFRIGERANTE LARANJA
2020-05-20,324891,983,F,4,0,C,81,HIGIENE,HIDRATANTE
2020-05-20,324959,102,F,1,2,C,31,ALIMENTOS,GRANOLA
2020-05-20,325016,251,F,2,0,C,214,ALIMENTOS,CEBOLA
2020-05-20,325101,186,M,2,4,C,167,ALIMENTOS,MANGA
2020-05-20,325130,199,M,3,3,B,6,ALIMENTOS,ALHO
2020-05-20,325218,996,F,1,4,B,46,ALIMENTOS,MOLHO BARBECUE
2020-05-20,325279,798,M,5,2,B,176,LIMPEZA,LIMPA VIDROS
2020-05-20,325283,543,M,2,2,B,98,LIMPEZA,DESENGORDURANTE
2020-05-20,325305,320,M,3,4,B,70,BEBIDAS,REFRIGERANTE OUTROS
2020-05-20,325309,618,M,4,3,B,165,ALIMENTOS,MOLHO BARBECUE
2020-05-20,325318,918,F,2,4,C,16,ALIMENTOS,BIFE DE COXAO MOLE
2020-05-20,325373,53,M,1,1,B,49,ALIMENTOS,PALMITO
2020-05-20,325401,950,M,3,0,C,187,HIGIENE,HASTES FLEXIVEIS
2020-05-20,325462,388,F,4,3,B,165,ALIMENTOS,MOLHO BARBECUE
2020-05-20,325487,531,F,3,1,B,118,PET,RACAO UMIDA PARA CAES
2020-05-20,325509,313,M,3,0,B,56,ALIMENTOS,QUEIJO MUSSARELA
2020-05-20,325603,727,M,4,2,C,194,ALIMENTOS,FILE DE PEIXE
2020-05-20,325642,388,F,4,3,B,108,LIMPEZA,REMOVEDOR
2020-05-20,325689,964,M,2,0,B,175,LIMPEZA,LIMPADOR MULTIUSO
2020-05-20,325783,264,F,4,1,B,217,ALIMENTOS,BISCOITO
2020-05-20,325882,160,F,3,4,B,47,ALIMENTOS,MORTADELA
2020-05-20,325928,185,F,3,0,C,122,ALIMENTOS,TOMATE
2020-05-20,325970,954,F,4,2,B,105,LIMPEZA,LUSTRA MOVEIS
2020-05-20,325979,181,F,2,2,B,76,HIGIENE,FIO DENTAL
2020-05-20,325985,113,F,3,0,B,185,LIMPEZA,INSETICIDA
2020-05-20,326025,609,F,4,0,C,53,ALIMENTOS,PRESUNTO COZIDO
2020-05-20,326119,128,F,2,0,B,45,ALIMENTOS,MANGA
2020-05-20,326207,804,F,4,3,B,43,ALIMENTOS,MAMAO PAPAYA
2020-05-20,326256,473,F,4,3,B,107,#N/D,#N/D
2020-05-20,326337,553,F,4,0,B,193,HIGIENE,FIO DENTAL
2020-05-20,326408,728,M,2,0,A,167,ALIMENTOS,MANGA
2020-05-20,326463,959,M,5,1,B,152,ALIMENTOS,PRESUNTO COZIDO
2020-05-20,326472,16,M,1,4,C,25,ALIMENTOS,CORACAO DE FRANGO
2020-05-20,326560,160,F,3,4,B,174,LIMPEZA,LIMPADOR PERFUMADO
2020-05-20,326566,213,M,2,4,B,139,LIMPEZA,REMOVEDOR
2020-05-20,326574,378,F,2,0,C,14,ALIMENTOS,BATATA
2020-05-20,326613,133,F,2,0,B,114,LIMPEZA,VASSOURA
2020-05-20,326623,247,M,1,0,B,105,LIMPEZA,LUSTRA MOVEIS
2020-05-20,326710,973,F,4,0,B,188,ALIMENTOS,HAMBUGUER
2020-05-20,326771,893,F,1,0,B,4,ALIMENTOS,ABACAXI
2020-05-20,326865,241,M,4,1,B,77,HIGIENE,FIXADOR
2020-05-27,326874,237,F,4,3,C,211,ALIMENTOS,CHA
2020-05-27,326964,209,F,4,0,B,135,LIMPEZA,RODO
2020-05-27,326985,849,F,5,1,B,113,LIMPEZA,TIRA MANCHA
2020-05-27,327043,502,M,4,0,C,9,ALIMENTOS,ARROZ INTEGRAL
2020-05-27,327115,217,F,3,0,B,22,ALIMENTOS,CHA
2020-05-27,327134,104,F,3,2,B,138,HIGIENE,REPELENTE
2020-05-27,327172,117,M,2,3,B,145,PET,RACAO UMIDA PARA GATOS
2020-05-27,327196,396,F,1,0,B,91,HIGIENE,TALCO
2020-05-27,327235,741,M,3,0,B,85,HIGIENE,PASTA DE DENTE
2020-05-27,327325,122,M,3,3,B,50,ALIMENTOS,PAO DE FORMA
2020-05-27,327379,517,F,3,1,B,55,ALIMENTOS,QUEIJO DE CABRA
2020-05-27,327423,114,F,3,3,B,180,ALIMENTOS,LEITE
2020-05-27,327425,390,F,2,0,B,70,BEBIDAS,REFRIGERANTE OUTROS
2020-05-27,327459,584,M,3,0,B,169,ALIMENTOS,MAMAO
2020-05-27,327470,606,M,1,0,B,156,HIGIENE,PASTA DE DENTE
2020-05-27,327548,265,M,2,3,B,106,LIMPEZA,ODORIZADOR
2020-05-27,327623,525,M,1,4,B,214,ALIMENTOS,CEBOLA
2020-05-27,327672,942,M,1,0,B,51,ALIMENTOS,PAPINHA INFANTIL
2020-05-27,327707,356,M,2,4,A,89,HIGIENE,SABONETE
2020-05-27,327749,490,F,2,4,C,29,ALIMENTOS,FEIJAO
2020-05-27,327826,443,F,4,0,C,57,ALIMENTOS,REQUEIJAO
2020-05-27,327910,762,F,2,0,B,177,ALIMENTOS,LIMAO
2020-05-27,327983,752,M,3,0,C,154,HIGIENE,PRESERVATIVO
2020-05-27,328054,517,F,3,1,B,13,ALIMENTOS,BANANA
2020-05-27,328099,483,M,1,0,C,31,ALIMENTOS,GRANOLA
2020-05-27,328129,389,F,3,0,C,2,ACESSORIOS,MORDEDOR
2020-05-27,328144,467,F,2,2,B,63,ALIMENTOS,TOMATE
2020-05-27,328147,170,F,4,2,B,161,ALIMENTOS,OVOS
2020-05-27,328190,737,F,2,1,C,151,HIGIENE,PROTETOR SOLAR
2020-05-27,328288,153,M,4,1,B,173,ALIMENTOS,LINGUICA
2020-05-27,328373,122,M,3,3,B,138,HIGIENE,REPELENTE
2020-05-27,328447,147,M,1,0,A,203,ALIMENTOS,DANETTE
2020-05-27,328494,701,M,3,0,B,146,PET,RACAO UMIDA PARA CAES
2020-05-27,328508,781,M,4,0,B,222,LIMPEZA,BALDE
2020-05-27,328573,548,F,4,0,C,135,LIMPEZA,RODO
2020-05-27,328642,886,F,5,1,B,221,ALIMENTOS,BANANA
2020-05-27,328674,182,F,1,4,B,149,ALIMENTOS,QUEIJO MUSSARELA
2020-05-27,328742,593,M,4,1,B,31,ALIMENTOS,GRANOLA
2020-05-27,328802,398,F,4,1,B,172,LIMPEZA,LUSTRA MOVEIS
2020-05-27,328880,888,F,4,2,B,210,ACESSORIOS,CHUPETA
2020-05-27,328949,181,F,2,2,B,103,LIMPEZA,LIMPADOR MULTIUSO
2020-05-27,328971,120,F,4,3,A,199,ALIMENTOS,DOCE
2020-05-27,328981,427,M,3,0,B,224,ALIMENTOS,AZEITE
2020-05-27,329065,794,M,1,2,B,219,ALIMENTOS,BATATA DOCE
2020-05-27,329161,355,M,3,4,B,29,ALIMENTOS,FEIJAO
2020-05-27,329189,70,F,4,0,B,181,ALIMENTOS,LATA DE MILHO
2020-05-27,329228,307,M,1,0,B,212,LIMPEZA,CERA
2020-05-27,329308,133,F,2,0,B,7,ALIMENTOS,ALMONDEGA
2020-05-27,329359,962,M,3,4,B,228,LIMPEZA,AMACIANTE
2020-05-27,329446,265,M,2,3,B,29,ALIMENTOS,FEIJAO
2020-05-27,329523,526,M,2,2,B,160,ALIMENTOS,PALMITO
2020-05-27,329526,696,M,2,0,B,89,HIGIENE,SABONETE
2020-05-27,329594,708,F,2,2,B,82,HIGIENE,LENCO UMEDECIDO
2020-05-27,329683,697,M,3,0,C,184,ALIMENTOS,IOGURTE
2020-05-27,329710,389,F,3,0,C,214,ALIMENTOS,CEBOLA
2020-05-27,329747,671,M,2,0,C,129,ALIMENTOS,SARDINHA
2020-05-27,329806,680,F,3,0,C,56,ALIMENTOS,QUEIJO MUSSARELA
2020-05-27,329844,690,F,1,3,B,21,ALIMENTOS,CENOURA
2020-05-27,329900,868,M,4,0,B,80,HIGIENE,HASTES FLEXIVEIS
2020-05-27,329978,141,M,3,4,B,229,ALIMENTOS,ALMONDEGA
2020-05-27,330040,392,M,2,2,C,196,HIGIENE,ESCOVA DE DENTE
2020-05-27,330069,142,F,1,0,B,203,ALIMENTOS,DANETTE
2020-05-27,330104,18,M,4,0,C,181,ALIMENTOS,LATA DE MILHO
2020-05-27,330129,256,F,4,0,B,52,ALIMENTOS,PATE
2020-05-27,330223,49,M,2,0,C,82,HIGIENE,LENCO UMEDECIDO
2020-05-27,330313,141,M,3,4,B,73,HIGIENE,CREME
2020-05-27,330330,516,M,1,0,C,146,PET,RACAO UMIDA PARA CAES
2020-05-27,330354,260,F,2,0,C,191,HIGIENE,FRALDA
2020-05-27,330383,563,M,3,0,B,52,ALIMENTOS,PATE
2020-05-27,330459,898,F,4,0,C,180,ALIMENTOS,LEITE
2020-05-27,330540,634,F,2,0,C,3,ALIMENTOS,ABACATE
2020-05-27,330591,270,F,3,1,B,34,ALIMENTOS,KETCHUP
2020-05-27,330663,245,F,4,3,B,141,BEBIDAS,REFRIGERANTE LIMaO
2020-05-27,330720,698,F,2,0,B,94,LIMPEZA,ALCOOL
2020-05-27,330761,334,M,3,0,C,63,ALIMENTOS,TOMATE
2020-05-27,330848,481,M,3,0,B,174,LIMPEZA,LIMPADOR PERFUMADO
2020-05-27,330864,484,M,3,2,C,99,LIMPEZA,DESINFETANTE
2020-05-27,330907,103,M,3,4,B,121,ALIMENTOS,UVA
2020-05-27,330999,42,M,2,2,B,143,BEBIDAS,REFRIGERANTE GUARANA
2020-05-27,331082,485,M,3,3,B,166,HIGIENE,MODELADOR
2020-05-27,331166,258,F,1,0,B,81,HIGIENE,HIDRATANTE
2020-05-27,331255,199,M,3,3,B,217,ALIMENTOS,BISCOITO
2020-05-27,331281,127,F,4,2,C,110,LIMPEZA,SABAO
2020-05-27,331377,912,F,4,0,C,217,ALIMENTOS,BISCOITO
2020-05-27,331419,797,M,2,4,B,13,ALIMENTOS,BANANA
2020-05-27,331425,81,F,2,0,B,138,HIGIENE,REPELENTE
2020-05-27,331514,286,M,4,0,B,88,HIGIENE,REPELENTE
2020-05-27,331577,402,M,2,0,C,41,ALIMENTOS,MACARRAO
2020-05-27,331656,199,M,3,3,B,103,LIMPEZA,LIMPADOR MULTIUSO
2020-05-27,331731,231,F,4,2,B,123,LIMPEZA,TIRA MANCHA
2020-05-27,331798,67,M,1,0,B,144,BEBIDAS,REFRIGERANTE COLA
2020-05-27,331836,754,F,3,4,B,105,LIMPEZA,LUSTRA MOVEIS
2020-05-27,331854,475,F,4,3,B,153,ALIMENTOS,PRESUNTO COZIDO
2020-05-27,331879,648,M,1,0,B,15,ALIMENTOS,BATATA DOCE
2020-05-27,331926,753,F,1,3,C,197,HIGIENE,ENXAGUANTE BUCAL
2020-05-27,332012,569,M,1,1,A,107,#N/D,#N/D
2020-05-27,332016,637,F,1,0,B,123,LIMPEZA,TIRA MANCHA
2020-05-27,332027,914,M,2,4,B,209,ALIMENTOS,COGUMELOS
2020-05-27,332073,740,F,1,4,C,26,ALIMENTOS,COXA E SOBRECOXA DE FRANGO
2020-01-06,332140,753,F,1,3,C,208,HIGIENE,CONDICIONADOR
2020-01-06,332164,146,F,2,0,B,153,ALIMENTOS,PRESUNTO COZIDO
2020-01-06,332257,362,F,3,0,B,21,ALIMENTOS,CENOURA
2020-01-06,332322,632,F,4,3,A,14,ALIMENTOS,BATATA
2020-01-06,332420,606,M,1,0,B,118,PET,RACAO UMIDA PARA CAES
2020-01-06,332429,645,F,4,0,B,133,LIMPEZA,SABAO EM PO
2020-01-06,332528,767,F,1,0,B,70,BEBIDAS,REFRIGERANTE OUTROS
2020-01-06,332596,840,F,3,3,C,69,BEBIDAS,REFRIGERANTE LIMaO
2020-01-06,332671,4,M,4,0,B,61,ALIMENTOS,SARDINHA
2020-01-06,332750,889,F,3,4,B,24,ALIMENTOS,COPA SUINA
2020-01-06,332794,807,M,1,3,B,171,ALIMENTOS,MACARRAO
2020-01-06,332819,282,M,2,0,B,58,ALIMENTOS,RICOTA
2020-01-06,332873,781,M,4,0,B,68,BEBIDAS,REFRIGERANTE LARANJA
2020-01-06,332948,622,F,3,0,B,117,PET,RACAO SECA PARA GATOS
2020-01-06,333042,185,F,3,0,C,45,ALIMENTOS,MANGA
2020-01-06,333124,154,M,2,3,B,127,ALIMENTOS,SNACKS
2020-01-06,333146,152,F,3,1,C,11,ALIMENTOS,AZEITE
2020-01-06,333172,684,F,3,0,C,193,HIGIENE,FIO DENTAL
2020-01-06,333255,582,F,2,0,B,160,ALIMENTOS,PALMITO
2020-01-06,333346,775,F,2,3,B,36,ALIMENTOS,LATA DE MILHO
2020-01-06,333425,813,F,4,0,C,99,LIMPEZA,DESINFETANTE
2020-01-06,333516,68,F,2,1,A,127,ALIMENTOS,SNACKS
2020-01-06,333580,480,F,2,0,C,154,HIGIENE,PRESERVATIVO
2020-01-06,333584,271,F,4,0,B,37,ALIMENTOS,LEITE
2020-01-06,333614,118,M,2,4,A,128,HIGIENE,SHAMPOO
2020-01-06,333647,3,F,4,0,B,124,LIMPEZA,TIRA LIMO
2020-01-06,333697,190,M,1,4,B,146,PET,RACAO UMIDA PARA CAES
2020-01-06,333698,284,M,4,1,B,7,ALIMENTOS,ALMONDEGA
2020-01-06,333757,275,M,4,0,B,130,ALIMENTOS,SALGADINHOS DE MILHO
2020-03-06,333841,639,M,2,0,C,49,ALIMENTOS,PALMITO
2020-03-06,333935,404,M,4,0,B,130,ALIMENTOS,SALGADINHOS DE MILHO
2020-03-06,334024,179,F,2,0,B,196,HIGIENE,ESCOVA DE DENTE
2020-03-06,334105,574,F,2,2,B,91,HIGIENE,TALCO
2020-03-06,334137,808,F,3,0,B,98,LIMPEZA,DESENGORDURANTE
2020-03-06,334178,537,F,1,4,B,135,LIMPEZA,RODO
2020-03-06,334226,864,F,1,3,B,198,BEBIDAS,ENERGETICO
2020-03-06,334256,609,F,4,0,C,204,HIGIENE,CREME
2020-03-06,334309,802,M,1,1,B,56,ALIMENTOS,QUEIJO MUSSARELA
2020-03-06,334389,244,M,4,0,B,83,HIGIENE,MODELADOR
2020-03-06,334394,442,F,3,2,B,194,ALIMENTOS,FILE DE PEIXE
2020-03-06,334432,669,F,4,0,B,154,HIGIENE,PRESERVATIVO
2020-03-06,334529,552,M,4,0,B,86,HIGIENE,PRESERVATIVO
2020-03-06,334550,116,M,4,0,B,135,LIMPEZA,RODO
2020-03-06,334575,886,F,5,1,B,26,ALIMENTOS,COXA E SOBRECOXA DE FRANGO
2020-03-06,334585,569,M,1,1,A,129,ALIMENTOS,SARDINHA
2020-03-06,334622,527,F,4,1,B,73,HIGIENE,CREME
2020-03-06,334665,938,M,1,4,B,166,HIGIENE,MODELADOR
2020-03-06,334760,623,F,3,0,C,120,LIMPEZA,VASSOURA
2020-03-06,334854,945,F,2,3,B,115,PET,ALIMENTO PARA PASSARO
2020-03-06,334877,981,F,4,1,C,92,HIGIENE,TINTURAS
2020-03-06,334912,569,M,1,1,A,75,HIGIENE,ESCOVA DE DENTE
2020-03-06,334995,25,M,4,1,C,191,HIGIENE,FRALDA
2020-03-06,335050,41,M,3,0,C,140,BEBIDAS,REFRIGERANTE OUTROS
2020-03-06,335076,331,F,4,0,B,143,BEBIDAS,REFRIGERANTE GUARANA
2020-03-06,335163,44,F,4,0,C,74,HIGIENE,ENXAGUANTE BUCAL
2020-03-06,335173,397,F,1,0,B,46,ALIMENTOS,MOLHO BARBECUE
2020-03-06,335229,955,F,3,2,C,99,LIMPEZA,DESINFETANTE
2020-03-06,335262,563,M,3,0,B,46,ALIMENTOS,MOLHO BARBECUE
2020-03-06,335287,984,F,4,3,B,164,ACESSORIOS,MORDEDOR
2020-03-06,335313,464,M,2,2,B,31,ALIMENTOS,GRANOLA
2020-03-06,335340,397,F,1,0,B,10,ALIMENTOS,ATUM
2020-03-06,335375,241,M,4,1,B,138,HIGIENE,REPELENTE
2020-03-06,335421,705,M,1,0,B,206,ALIMENTOS,CORACAO DE FRANGO
2020-10-06,335461,749,F,4,1,B,137,ALIMENTOS,REQUEIJAO
2020-10-06,335477,733,M,4,0,B,224,ALIMENTOS,AZEITE
2020-10-06,335562,524,F,4,3,C,190,HIGIENE,GEL
2020-10-06,335605,243,F,1,4,C,1,ACESSORIOS,CHUPETA
2020-10-06,335655,448,F,2,0,A,201,LIMPEZA,DESINFETANTE
2020-10-06,335681,749,F,4,1,B,124,LIMPEZA,TIRA LIMO
2020-10-06,335742,533,F,4,0,A,39,ALIMENTOS,LIMAO
2020-10-06,335749,940,F,1,3,B,88,HIGIENE,REPELENTE
2020-10-06,335752,447,M,2,0,B,140,BEBIDAS,REFRIGERANTE OUTROS
2020-10-06,335790,138,F,3,2,B,11,ALIMENTOS,AZEITE
2020-10-06,335802,939,M,2,1,C,108,LIMPEZA,REMOVEDOR
2020-10-06,335844,820,M,1,4,B,20,ALIMENTOS,CEBOLA
2020-10-06,335939,596,M,2,0,B,89,HIGIENE,SABONETE
2020-10-06,336012,505,F,1,0,C,187,HIGIENE,HASTES FLEXIVEIS
2020-10-06,336074,844,F,5,1,A,88,HIGIENE,REPELENTE
2020-10-06,336113,161,M,5,2,B,160,ALIMENTOS,PALMITO
2020-10-06,336142,332,F,3,4,C,85,HIGIENE,PASTA DE DENTE
2020-10-06,336165,169,F,1,1,B,153,ALIMENTOS,PRESUNTO COZIDO
2020-10-06,336189,990,F,1,4,B,120,LIMPEZA,VASSOURA
2020-10-06,336209,565,F,1,2,B,178,HIGIENE,LENCO UMEDECIDO
2020-10-06,336216,341,M,2,0,C,99,LIMPEZA,DESINFETANTE
2020-10-06,336314,614,F,4,1,B,118,PET,RACAO UMIDA PARA CAES
2020-10-06,336360,480,F,2,0,C,50,ALIMENTOS,PAO DE FORMA
2020-10-06,336454,141,M,3,4,B,35,ALIMENTOS,LATA DE ERVILHA
2020-10-06,336483,867,M,2,3,B,76,HIGIENE,FIO DENTAL
2020-10-06,336525,100,F,2,3,C,195,ALIMENTOS,FEIJAO
2020-10-06,336593,529,M,1,2,B,44,ALIMENTOS,MAMAO
2020-10-06,336627,65,M,4,0,B,109,LIMPEZA,RODO
2020-10-06,336663,566,F,4,0,B,146,PET,RACAO UMIDA PARA CAES
2020-10-06,336743,651,F,2,0,B,219,ALIMENTOS,BATATA DOCE
2020-10-06,336777,19,F,2,2,C,85,HIGIENE,PASTA DE DENTE
2020-10-06,336868,97,F,4,1,B,129,ALIMENTOS,SARDINHA
2020-10-06,336909,580,M,3,0,B,176,LIMPEZA,LIMPA VIDROS
2020-10-06,336988,509,F,2,3,C,69,BEBIDAS,REFRIGERANTE LIMaO
2020-10-06,337058,633,F,3,0,C,70,BEBIDAS,REFRIGERANTE OUTROS
2020-06-16,337125,516,M,1,0,C,159,ALIMENTOS,PAO DE FORMA
2020-06-16,337206,100,F,2,3,C,136,ALIMENTOS,RICOTA
2020-06-16,337250,954,F,4,2,B,138,HIGIENE,REPELENTE
2020-06-16,337295,906,M,2,0,A,15,ALIMENTOS,BATATA DOCE
2020-06-16,337323,599,F,1,4,C,155,ALIMENTOS,PATE
2020-06-16,337365,350,F,5,1,B,32,ALIMENTOS,HAMBUGUER
2020-06-16,337394,286,M,4,0,B,215,ALIMENTOS,CAFE
2020-06-16,337467,915,F,3,0,B,149,ALIMENTOS,QUEIJO MUSSARELA
2020-06-16,337509,453,F,1,0,B,134,LIMPEZA,SABAO
2020-06-16,337528,435,F,2,0,C,200,LIMPEZA,DETERGENTE
2020-06-16,337609,409,F,3,4,B,32,ALIMENTOS,HAMBUGUER
2020-06-16,337708,93,F,2,0,C,125,HIGIENE,TINTURAS
2020-06-16,337758,896,M,3,0,B,147,PET,RACAO SECA PARA GATOS
2020-06-16,337815,39,M,2,0,C,16,ALIMENTOS,BIFE DE COXAO MOLE
2020-06-16,337835,264,F,4,1,B,166,HIGIENE,MODELADOR
2020-06-16,337914,583,F,2,0,B,175,LIMPEZA,LIMPADOR MULTIUSO
2020-06-16,337967,519,M,2,4,B,44,ALIMENTOS,MAMAO
2020-06-16,337986,3,F,4,0,B,89,HIGIENE,SABONETE
2020-06-16,338034,130,F,1,0,B,169,ALIMENTOS,MAMAO
2020-06-16,338058,269,F,3,3,B,174,LIMPEZA,LIMPADOR PERFUMADO
2020-06-16,338140,430,F,4,1,B,132,HIGIENE,SABONETE
2020-06-16,338223,823,M,5,3,B,185,LIMPEZA,INSETICIDA
2020-06-16,338226,499,M,3,0,B,148,PET,RACAO SECA PARA CAES
2020-06-16,338323,178,M,3,0,A,140,BEBIDAS,REFRIGERANTE OUTROS
2020-06-16,338393,891,F,3,2,B,219,ALIMENTOS,BATATA DOCE
2020-06-16,338443,931,M,2,0,A,81,HIGIENE,HIDRATANTE
2020-06-16,338495,124,F,4,2,B,178,HIGIENE,LENCO UMEDECIDO
2020-06-16,338524,513,F,4,3,B,37,ALIMENTOS,LEITE
2020-06-16,338530,759,F,3,0,B,151,HIGIENE,PROTETOR SOLAR
2020-06-16,338553,785,M,1,4,C,85,HIGIENE,PASTA DE DENTE
2020-06-16,338632,94,M,1,2,C,160,ALIMENTOS,PALMITO
2020-06-16,338707,294,F,4,0,C,199,ALIMENTOS,DOCE
2020-06-16,338753,259,M,1,1,B,54,ALIMENTOS,PRESUNTO COZIDO
2020-06-16,338821,651,F,2,0,B,212,LIMPEZA,CERA
2020-06-16,338860,639,M,2,0,C,181,ALIMENTOS,LATA DE MILHO
2020-06-16,338953,619,M,4,1,B,108,LIMPEZA,REMOVEDOR
2020-06-16,338991,319,M,1,4,B,73,HIGIENE,CREME
2020-06-16,339062,644,M,1,0,C,162,LIMPEZA,ODORIZADOR
2020-06-16,339109,566,F,4,0,B,99,LIMPEZA,DESINFETANTE
2020-06-16,339128,380,M,3,4,B,193,HIGIENE,FIO DENTAL
2020-06-16,339203,616,F,1,2,C,110,LIMPEZA,SABAO
2020-06-16,339301,606,M,1,0,B,194,ALIMENTOS,FILE DE PEIXE
2020-06-16,339339,1000,F,4,1,B,18,ALIMENTOS,BROCOLIS
2020-06-16,339358,798,M,5,2,B,106,LIMPEZA,ODORIZADOR
2020-06-16,339455,158,M,3,0,B,180,ALIMENTOS,LEITE
2020-06-16,339479,704,F,2,0,C,98,LIMPEZA,DESENGORDURANTE
2020-06-16,339548,798,M,5,2,B,219,ALIMENTOS,BATATA DOCE
2020-06-16,339609,684,F,3,0,C,214,ALIMENTOS,CEBOLA
2020-06-16,339629,365,M,4,0,A,23,ALIMENTOS,COGUMELOS
2020-06-16,339694,83,M,1,4,B,126,HIGIENE,TALCO
2020-06-16,339769,537,F,1,4,B,91,HIGIENE,TALCO
2020-06-16,339802,134,F,3,0,B,22,ALIMENTOS,CHA
2020-06-16,339820,845,F,3,3,C,104,LIMPEZA,LIMPADOR PERFUMADO
2020-06-16,339899,437,F,2,1,C,97,LIMPEZA,CERA
2020-06-16,339921,182,F,1,4,B,75,HIGIENE,ESCOVA DE DENTE
2020-06-16,339980,932,M,4,1,B,56,ALIMENTOS,QUEIJO MUSSARELA
2020-06-16,340012,272,M,4,3,C,34,ALIMENTOS,KETCHUP
2020-06-16,340062,647,M,1,0,C,2,ACESSORIOS,MORDEDOR
2020-06-16,340066,954,F,4,2,B,72,HIGIENE,CONDICIONADOR
2020-06-16,340121,192,F,4,0,B,31,ALIMENTOS,GRANOLA
2020-06-16,340130,906,M,2,0,A,211,ALIMENTOS,CHA
2020-06-16,340138,280,M,4,3,B,68,BEBIDAS,REFRIGERANTE LARANJA
2020-06-16,340179,527,F,4,1,B,42,ALIMENTOS,MACARRAO INSTANTANEO
2020-06-16,340214,598,F,4,0,B,182,ALIMENTOS,LATA DE ERVILHA
2020-06-16,340312,455,F,2,0,C,115,PET,ALIMENTO PARA PASSARO
2020-06-21,340411,927,M,1,1,C,223,ALIMENTOS,AZEITONA
2020-06-21,340506,367,F,1,0,A,193,HIGIENE,FIO DENTAL
2020-06-21,340552,497,M,3,0,B,142,BEBIDAS,REFRIGERANTE LARANJA
2020-06-21,340586,761,F,1,4,B,170,ALIMENTOS,MACARRAO INSTANTANEO
2020-06-21,340669,773,M,4,0,B,3,ALIMENTOS,ABACATE
2020-06-21,340734,296,F,1,3,B,56,ALIMENTOS,QUEIJO MUSSARELA
2020-06-21,340787,219,M,2,0,B,171,ALIMENTOS,MACARRAO
2020-06-21,340854,773,M,4,0,B,170,ALIMENTOS,MACARRAO INSTANTANEO
2020-06-21,340930,164,M,2,3,A,23,ALIMENTOS,COGUMELOS
2020-06-21,341021,524,F,4,3,C,63,ALIMENTOS,TOMATE
2020-06-21,341046,548,F,4,0,C,58,ALIMENTOS,RICOTA
2020-06-21,341063,281,F,2,0,B,28,ALIMENTOS,DOCE
2020-06-21,341065,298,F,4,0,C,4,ALIMENTOS,ABACAXI
2020-06-21,341127,345,F,2,3,B,115,PET,ALIMENTO PARA PASSARO
2020-06-21,341152,266,F,3,3,B,221,ALIMENTOS,BANANA
2020-06-21,341244,156,F,2,0,B,147,PET,RACAO SECA PARA GATOS
2020-06-21,341336,198,M,4,0,B,64,ALIMENTOS,UVA
2020-06-21,341407,233,M,3,0,B,227,ALIMENTOS,ARROZ
2020-06-21,341418,904,M,1,2,B,31,ALIMENTOS,GRANOLA
2020-06-21,341425,213,M,2,4,B,162,LIMPEZA,ODORIZADOR
2020-06-21,341470,831,F,4,2,B,133,LIMPEZA,SABAO EM PO
2020-06-21,341515,822,M,2,3,B,126,HIGIENE,TALCO
2020-06-21,341552,472,M,2,1,C,144,BEBIDAS,REFRIGERANTE COLA
2020-06-21,341614,712,F,2,3,B,100,LIMPEZA,DETERGENTE
2020-06-21,341615,62,F,2,0,B,38,ALIMENTOS,LEITE CONDENSADO
2020-06-21,341659,233,M,3,0,B,121,ALIMENTOS,UVA
2020-06-21,341701,240,M,4,0,B,50,ALIMENTOS,PAO DE FORMA
2020-06-21,341752,527,F,4,1,B,108,LIMPEZA,REMOVEDOR
2020-06-21,341835,313,M,3,0,B,107,#N/D,#N/D
2020-06-21,341896,76,M,3,0,A,227,ALIMENTOS,ARROZ
2020-06-21,341964,979,F,3,0,A,74,HIGIENE,ENXAGUANTE BUCAL
2020-06-21,342055,927,M,1,1,C,129,ALIMENTOS,SARDINHA
2020-06-21,342126,717,F,3,0,B,67,BEBIDAS,REFRIGERANTE GUARANA
2020-06-21,342136,56,F,2,3,B,51,ALIMENTOS,PAPINHA INFANTIL
2020-06-21,342204,348,F,3,0,A,28,ALIMENTOS,DOCE
2020-06-21,342296,565,F,1,2,B,43,ALIMENTOS,MAMAO PAPAYA
2020-06-21,342362,565,F,1,2,B,85,HIGIENE,PASTA DE DENTE
2020-06-21,342403,452,M,1,3,B,131,ALIMENTOS,SALGADINHO
2020-06-21,342459,334,M,3,0,C,159,ALIMENTOS,PAO DE FORMA
2020-06-21,342476,173,F,1,0,B,47,ALIMENTOS,MORTADELA
2020-06-21,342500,267,F,4,2,B,37,ALIMENTOS,LEITE
2020-06-21,342541,305,F,4,0,B,136,ALIMENTOS,RICOTA
2020-06-21,342636,416,M,3,2,C,78,HIGIENE,FRALDA
2020-06-21,342680,741,M,3,0,B,213,ALIMENTOS,CENOURA
2020-06-21,342759,917,M,1,0,A,123,LIMPEZA,TIRA MANCHA
2020-06-21,342829,970,M,2,4,B,126,HIGIENE,TALCO
2020-06-21,342844,158,M,3,0,B,91,HIGIENE,TALCO
2020-06-21,342860,160,F,3,4,B,55,ALIMENTOS,QUEIJO DE CABRA
2020-06-21,342921,570,F,4,1,C,14,ALIMENTOS,BATATA
2020-06-21,343020,821,F,2,3,B,226,ALIMENTOS,ARROZ INTEGRAL
2020-06-21,343115,776,F,2,0,B,47,ALIMENTOS,MORTADELA
2020-06-21,343212,889,F,3,4,B,225,ALIMENTOS,ATUM
2020-06-21,343225,615,M,1,4,C,129,ALIMENTOS,SARDINHA
2020-06-21,343238,26,F,4,1,A,162,LIMPEZA,ODORIZADOR
2020-06-21,343332,698,F,2,0,B,70,BEBIDAS,REFRIGERANTE OUTROS
2020-06-21,343342,843,F,5,1,C,120,LIMPEZA,VASSOURA
2020-06-21,343380,783,F,1,0,B,96,LIMPEZA,BALDE
2020-06-21,343405,135,M,3,0,B,123,LIMPEZA,TIRA MANCHA
2020-06-21,343490,732,F,3,4,B,91,HIGIENE,TALCO
2020-06-21,343507,941,M,2,3,B,8,ALIMENTOS,ARROZ
2020-06-21,343571,18,M,4,0,C,21,ALIMENTOS,CENOURA
2020-06-21,343633,473,F,4,3,B,124,LIMPEZA,TIRA LIMO
2020-06-21,343642,878,F,4,3,C,41,ALIMENTOS,MACARRAO
2020-06-27,343657,370,M,1,4,B,42,ALIMENTOS,MACARRAO INSTANTANEO
2020-06-27,343750,702,M,1,0,B,10,ALIMENTOS,ATUM
2020-06-27,343789,783,F,1,0,B,64,ALIMENTOS,UVA
2020-06-27,343883,168,F,4,3,B,74,HIGIENE,ENXAGUANTE BUCAL
2020-06-27,343963,712,F,2,3,B,225,ALIMENTOS,ATUM
2020-06-27,343972,451,M,3,0,C,182,ALIMENTOS,LATA DE ERVILHA
2020-06-27,344017,355,M,3,4,B,169,ALIMENTOS,MAMAO
2020-06-27,344043,985,M,1,0,B,102,LIMPEZA,LIMPA VIDROS
2020-06-27,344057,151,F,1,0,B,21,ALIMENTOS,CENOURA
2020-06-27,344139,813,F,4,0,C,25,ALIMENTOS,CORACAO DE FRANGO
2020-06-27,344152,814,M,4,0,B,83,HIGIENE,MODELADOR
2020-06-27,344194,720,M,2,3,B,159,ALIMENTOS,PAO DE FORMA
2020-06-27,344272,301,F,3,0,C,73,HIGIENE,CREME
2020-06-27,344292,36,F,3,0,C,40,ALIMENTOS,LINGUICA
2020-06-27,344385,17,M,4,0,B,112,LIMPEZA,TIRA LIMO
2020-06-27,344430,61,M,1,2,B,87,HIGIENE,PROTETOR SOLAR
2020-06-27,344432,858,F,4,2,C,125,HIGIENE,TINTURAS
2020-06-27,344504,739,F,2,3,B,189,ALIMENTOS,GRANOLA
2020-06-27,344561,49,M,2,0,C,141,BEBIDAS,REFRIGERANTE LIMaO
2020-06-27,344627,404,M,4,0,B,82,HIGIENE,LENCO UMEDECIDO
2020-06-27,344662,273,M,4,0,C,185,LIMPEZA,INSETICIDA
2020-06-27,344743,665,M,1,4,B,52,ALIMENTOS,PATE
2020-06-27,344748,347,F,4,0,B,2,ACESSORIOS,MORDEDOR
2020-06-27,344775,313,M,3,0,B,89,HIGIENE,SABONETE
2020-06-27,344819,356,M,2,4,A,219,ALIMENTOS,BATATA DOCE
2020-06-27,344820,500,M,3,2,C,28,ALIMENTOS,DOCE
2020-06-27,344852,548,F,4,0,C,79,HIGIENE,GEL
2020-06-27,344854,41,M,3,0,C,131,ALIMENTOS,SALGADINHO
2020-06-27,344905,727,M,4,2,C,105,LIMPEZA,LUSTRA MOVEIS
2020-06-27,344918,214,F,4,0,B,187,HIGIENE,HASTES FLEXIVEIS
2020-06-27,344974,648,M,1,0,B,29,ALIMENTOS,FEIJAO
2020-06-27,344985,944,F,3,1,B,198,BEBIDAS,ENERGETICO
2020-06-27,345032,251,F,2,0,C,59,ALIMENTOS,SALGADINHO
2020-06-27,345110,192,F,4,0,B,33,ALIMENTOS,IOGURTE
2020-06-27,345148,703,M,1,3,B,108,LIMPEZA,REMOVEDOR
2020-06-27,345229,478,M,1,4,A,86,HIGIENE,PRESERVATIVO
2020-06-27,345272,823,M,5,3,B,224,ALIMENTOS,AZEITE
2020-06-27,345321,610,M,2,0,B,19,ALIMENTOS,CAFE
2020-06-27,345340,736,M,1,0,C,179,ALIMENTOS,LEITE CONDENSADO
2020-06-27,345345,469,M,4,2,C,142,BEBIDAS,REFRIGERANTE LARANJA
2020-06-27,345393,660,F,3,0,C,53,ALIMENTOS,PRESUNTO COZIDO
2020-06-27,345404,177,F,3,2,C,114,LIMPEZA,VASSOURA
2020-06-27,345455,841,M,1,0,B,179,ALIMENTOS,LEITE CONDENSADO
2020-06-27,345523,51,F,3,0,B,140,BEBIDAS,REFRIGERANTE OUTROS
2020-06-27,345617,345,F,2,3,B,63,ALIMENTOS,TOMATE
2020-06-27,345635,200,F,3,0,B,54,ALIMENTOS,PRESUNTO COZIDO
2020-06-27,345692,407,F,3,3,A,103,LIMPEZA,LIMPADOR MULTIUSO
2020-06-27,345725,472,M,2,1,C,150,ALIMENTOS,QUEIJO DE CABRA
2020-06-27,345787,619,M,4,1,B,99,LIMPEZA,DESINFETANTE
2020-06-27,345860,261,F,4,0,B,191,HIGIENE,FRALDA
2020-06-27,345897,25,M,4,1,C,223,ALIMENTOS,AZEITONA
2020-06-27,345943,641,F,4,0,C,177,ALIMENTOS,LIMAO
2020-06-27,345975,73,M,1,0,A,64,ALIMENTOS,UVA
2020-06-27,346003,611,M,4,0,B,112,LIMPEZA,TIRA LIMO
2020-06-27,346022,650,F,2,0,C,189,ALIMENTOS,GRANOLA
2020-06-27,346045,289,F,3,4,C,212,LIMPEZA,CERA
2020-06-27,346048,422,F,2,4,C,140,BEBIDAS,REFRIGERANTE OUTROS
2020-06-27,346142,140,F,1,0,C,46,ALIMENTOS,MOLHO BARBECUE
2020-06-27,346221,420,M,3,0,B,34,ALIMENTOS,KETCHUP
2020-06-27,346284,224,M,4,0,B,114,LIMPEZA,VASSOURA
2020-06-27,346370,10,M,1,0,B,64,ALIMENTOS,UVA
2020-06-27,346417,383,M,1,3,C,202,LIMPEZA,DESENGORDURANTE
2020-06-27,346514,742,M,1,1,C,73,HIGIENE,CREME
2020-06-27,346612,167,M,1,1,A,30,ALIMENTOS,FILE DE PEIXE
2020-06-27,346699,697,M,3,0,C,75,HIGIENE,ESCOVA DE DENTE
2020-02-07,346798,669,F,4,0,B,92,HIGIENE,TINTURAS
2020-02-07,346815,481,M,3,0,B,173,ALIMENTOS,LINGUICA
2020-02-07,346838,420,M,3,0,B,88,HIGIENE,REPELENTE
2020-02-07,346866,541,F,3,0,B,217,ALIMENTOS,BISCOITO
2020-02-07,346940,20,M,4,0,B,61,ALIMENTOS,SARDINHA
2020-02-07,347032,108,M,1,0,B,31,ALIMENTOS,GRANOLA
2020-02-07,347081,336,F,1,0,C,1,ACESSORIOS,CHUPETA
2020-02-07,347106,579,F,3,0,B,197,HIGIENE,ENXAGUANTE BUCAL
2020-02-07,347162,101,F,1,0,C,35,ALIMENTOS,LATA DE ERVILHA
2020-02-07,347231,491,M,2,1,A,111,LIMPEZA,SABAO EM PO
2020-02-07,347262,542,M,3,1,B,219,ALIMENTOS,BATATA DOCE
2020-02-07,347320,700,F,4,2,C,105,LIMPEZA,LUSTRA MOVEIS
2020-02-07,347355,388,F,4,3,B,37,ALIMENTOS,LEITE
2020-02-07,347425,198,M,4,0,B,204,HIGIENE,CREME
2020-02-07,347520,199,M,3,3,B,222,LIMPEZA,BALDE
2020-02-07,347580,858,F,4,2,C,149,ALIMENTOS,QUEIJO MUSSARELA
2020-02-07,347625,760,F,2,0,A,191,HIGIENE,FRALDA
2020-02-07,347694,22,M,1,0,B,113,LIMPEZA,TIRA MANCHA
2020-02-07,347737,224,M,4,0,B,57,ALIMENTOS,REQUEIJAO
2020-02-07,347752,5,F,4,3,C,188,ALIMENTOS,HAMBUGUER
2020-02-07,347754,404,M,4,0,B,42,ALIMENTOS,MACARRAO INSTANTANEO
2020-02-07,347773,691,M,4,0,B,59,ALIMENTOS,SALGADINHO
2020-02-07,347868,510,F,4,0,B,100,LIMPEZA,DETERGENTE
2020-02-07,347875,973,F,4,0,B,128,HIGIENE,SHAMPOO
2020-02-07,347941,856,F,5,1,B,162,LIMPEZA,ODORIZADOR
2020-02-07,348027,324,F,3,3,B,131,ALIMENTOS,SALGADINHO
2020-02-07,348125,40,M,2,1,B,51,ALIMENTOS,PAPINHA INFANTIL
2020-02-07,348181,215,M,2,4,B,160,ALIMENTOS,PALMITO
2020-02-07,348223,337,M,3,0,B,90,HIGIENE,SHAMPOO
2020-02-07,348231,36,F,3,0,C,143,BEBIDAS,REFRIGERANTE GUARANA
2020-02-07,348317,471,F,4,0,A,24,ALIMENTOS,COPA SUINA
2020-02-07,348323,692,F,4,0,B,161,ALIMENTOS,OVOS
2020-02-07,348332,306,F,3,0,B,111,LIMPEZA,SABAO EM PO
2020-02-07,348424,24,F,4,0,C,73,HIGIENE,CREME
2020-02-07,348438,339,F,4,0,C,169,ALIMENTOS,MAMAO
2020-09-07,348457,218,M,4,0,B,181,ALIMENTOS,LATA DE MILHO
2020-09-07,348545,138,F,3,2,B,147,PET,RACAO SECA PARA GATOS
2020-09-07,348564,171,F,3,1,B,139,LIMPEZA,REMOVEDOR
2020-09-07,348603,828,F,2,4,B,20,ALIMENTOS,CEBOLA
2020-09-07,348679,305,F,4,0,B,220,ALIMENTOS,BATATA
2020-09-07,348738,662,F,1,1,B,200,LIMPEZA,DETERGENTE
2020-09-07,348750,849,F,5,1,B,6,ALIMENTOS,ALHO
2020-09-07,348832,772,F,2,0,B,8,ALIMENTOS,ARROZ
2020-09-07,348907,518,F,1,0,B,163,ALIMENTOS,MORTADELA
2020-09-07,348918,454,F,1,0,B,119,PET,RACAO UMIDA PARA GATOS
2020-09-07,348926,75,M,1,0,B,130,ALIMENTOS,SALGADINHOS DE MILHO
2020-09-07,348941,509,F,2,3,C,202,LIMPEZA,DESENGORDURANTE
2020-09-07,348946,276,F,3,0,B,84,HIGIENE,PAPEL HIGIENICO
2020-09-07,348997,218,M,4,0,B,119,PET,RACAO UMIDA PARA GATOS
2020-09-07,349041,658,F,1,1,B,113,LIMPEZA,TIRA MANCHA
2020-09-07,349137,580,M,3,0,B,196,HIGIENE,ESCOVA DE DENTE
2020-09-07,349191,882,F,4,1,B,172,LIMPEZA,LUSTRA MOVEIS
2020-09-07,349227,59,M,2,0,A,64,ALIMENTOS,UVA
2020-09-07,349321,631,M,1,4,C,165,ALIMENTOS,MOLHO BARBECUE
2020-09-07,349332,61,M,1,2,B,135,LIMPEZA,RODO
2020-09-07,349417,511,F,1,0,B,44,ALIMENTOS,MAMAO
2020-09-07,349496,878,F,4,3,C,194,ALIMENTOS,FILE DE PEIXE
2020-09-07,349524,348,F,3,0,A,17,ALIMENTOS,BISCOITO
2020-09-07,349592,833,F,1,4,B,130,ALIMENTOS,SALGADINHOS DE MILHO
2020-09-07,349618,404,M,4,0,B,105,LIMPEZA,LUSTRA MOVEIS
2020-09-07,349654,435,F,2,0,C,11,ALIMENTOS,AZEITE
2020-09-07,349671,499,M,3,0,B,117,PET,RACAO SECA PARA GATOS
2020-09-07,349682,27,F,1,0,B,152,ALIMENTOS,PRESUNTO COZIDO
2020-09-07,349766,11,F,4,0,A,209,ALIMENTOS,COGUMELOS
2020-09-07,349780,241,M,4,1,B,85,HIGIENE,PASTA DE DENTE
2020-09-07,349856,745,F,1,2,B,95,LIMPEZA,AMACIANTE
2020-09-07,349873,876,F,2,3,B,30,ALIMENTOS,FILE DE PEIXE
2020-09-07,349946,453,F,1,0,B,4,ALIMENTOS,ABACAXI
2020-09-07,349994,169,F,1,1,B,66,BEBIDAS,REFRIGERANTE COLA
2020-09-07,350003,554,F,3,0,A,155,ALIMENTOS,PATE
2020-09-07,350100,135,M,3,0,B,184,ALIMENTOS,IOGURTE
2020-09-07,350184,510,F,4,0,B,178,HIGIENE,LENCO UMEDECIDO
2020-09-07,350189,222,F,4,0,B,192,HIGIENE,FIXADOR
2020-09-07,350261,510,F,4,0,B,202,LIMPEZA,DESENGORDURANTE
2020-09-07,350282,707,M,4,0,B,127,ALIMENTOS,SNACKS
2020-09-07,350294,1,M,1,0,C,156,HIGIENE,PASTA DE DENTE
2020-09-07,350365,491,M,2,1,A,31,ALIMENTOS,GRANOLA
2020-09-07,350439,248,M,3,0,C,148,PET,RACAO SECA PARA CAES
2020-09-07,350465,272,M,4,3,C,68,BEBIDAS,REFRIGERANTE LARANJA
2020-09-07,350556,384,F,3,2,C,99,LIMPEZA,DESINFETANTE
2020-09-07,350584,471,F,4,0,A,112,LIMPEZA,TIRA LIMO
2020-09-07,350670,445,M,2,0,B,111,LIMPEZA,SABAO EM PO
2020-09-07,350709,737,F,2,1,C,125,HIGIENE,TINTURAS
2020-09-07,350723,248,M,3,0,C,166,HIGIENE,MODELADOR
2020-09-07,350771,944,F,3,1,B,18,ALIMENTOS,BROCOLIS
2020-09-07,350862,499,M,3,0,B,183,ALIMENTOS,KETCHUP
2020-09-07,350880,966,F,4,2,B,31,ALIMENTOS,GRANOLA
2020-09-07,350886,113,F,3,0,B,8,ALIMENTOS,ARROZ
2020-09-07,350944,127,F,4,2,C,111,LIMPEZA,SABAO EM PO
2020-09-07,351001,485,M,3,3,B,208,HIGIENE,CONDICIONADOR
2020-09-07,351005,719,M,1,0,B,72,HIGIENE,CONDICIONADOR
2020-09-07,351068,89,F,3,3,C,214,ALIMENTOS,CEBOLA
2020-09-07,351150,719,M,1,0,B,192,HIGIENE,FIXADOR
2020-09-07,351222,429,M,4,0,C,2,ACESSORIOS,MORDEDOR
2020-09-07,351281,45,M,2,0,A,222,LIMPEZA,BALDE
2020-09-07,351297,307,M,1,0,B,17,ALIMENTOS,BISCOITO
2020-09-07,351366,748,M,4,0,B,48,ALIMENTOS,OVOS
2020-09-07,351447,736,M,1,0,C,18,ALIMENTOS,BROCOLIS
2020-09-07,351484,944,F,3,1,B,111,LIMPEZA,SABAO EM PO
2020-09-07,351513,483,M,1,0,C,145,PET,RACAO UMIDA PARA GATOS
2020-09-07,351587,791,F,1,0,B,106,LIMPEZA,ODORIZADOR
2020-09-07,351656,87,M,3,2,A,10,ALIMENTOS,ATUM
2020-09-07,351664,304,F,2,3,B,207,ALIMENTOS,COPA SUINA
2020-09-07,351669,695,M,2,0,A,220,ALIMENTOS,BATATA
2020-09-07,351671,385,F,2,0,B,169,ALIMENTOS,MAMAO
2020-09-07,351731,304,F,2,3,B,43,ALIMENTOS,MAMAO PAPAYA
2020-09-07,351746,941,M,2,3,B,184,ALIMENTOS,IOGURTE
2020-09-07,351825,955,F,3,2,C,137,ALIMENTOS,REQUEIJAO
2020-09-07,351894,50,M,4,0,B,213,ALIMENTOS,CENOURA
2020-09-07,351957,264,F,4,1,B,129,ALIMENTOS,SARDINHA
2020-09-07,352048,56,F,2,3,B,51,ALIMENTOS,PAPINHA INFANTIL
2020-09-07,352093,170,F,4,2,B,79,HIGIENE,GEL
2020-09-07,352127,872,M,3,4,A,196,HIGIENE,ESCOVA DE DENTE
2020-09-07,352168,211,M,2,1,B,102,LIMPEZA,LIMPA VIDROS
2020-09-07,352215,891,F,3,2,B,124,LIMPEZA,TIRA LIMO
2020-09-07,352253,326,F,1,0,B,46,ALIMENTOS,MOLHO BARBECUE
2020-09-07,352335,896,M,3,0,B,103,LIMPEZA,LIMPADOR MULTIUSO
2020-09-07,352410,72,F,2,0,A,12,ALIMENTOS,AZEITONA
2020-09-07,352453,684,F,3,0,C,26,ALIMENTOS,COXA E SOBRECOXA DE FRANGO
2020-09-07,352538,155,F,2,0,B,127,ALIMENTOS,SNACKS
2020-09-07,352545,111,M,2,4,C,124,LIMPEZA,TIRA LIMO
2020-09-07,352604,684,F,3,0,C,12,ALIMENTOS,AZEITONA
2020-09-07,352676,447,M,2,0,B,73,HIGIENE,CREME
2020-09-07,352691,207,F,3,0,B,105,LIMPEZA,LUSTRA MOVEIS
2020-09-07,352726,33,F,2,0,B,83,HIGIENE,MODELADOR
2020-09-07,352797,284,M,4,1,B,185,LIMPEZA,INSETICIDA
2020-09-07,352874,649,F,3,0,B,153,ALIMENTOS,PRESUNTO COZIDO
2020-10-07,352932,110,M,3,0,C,112,LIMPEZA,TIRA LIMO
2020-10-07,352961,654,M,1,1,B,221,ALIMENTOS,BANANA
2020-10-07,352973,489,F,4,3,B,185,LIMPEZA,INSETICIDA
2020-10-07,353049,363,F,1,0,B,28,ALIMENTOS,DOCE
2020-10-07,353066,748,M,4,0,B,204,HIGIENE,CREME
2020-10-07,353094,143,F,1,4,B,168,ALIMENTOS,MAMAO PAPAYA
2020-10-07,353177,648,M,1,0,B,190,HIGIENE,GEL
2020-10-07,353242,937,M,3,4,C,229,ALIMENTOS,ALMONDEGA
2020-10-07,353324,832,F,1,0,B,224,ALIMENTOS,AZEITE
2020-10-07,353415,607,F,2,0,B,38,ALIMENTOS,LEITE CONDENSADO
2020-10-07,353426,721,M,3,2,C,177,ALIMENTOS,LIMAO
2020-10-07,353455,789,F,5,1,B,167,ALIMENTOS,MANGA
2020-10-07,353553,157,M,1,1,C,206,ALIMENTOS,CORACAO DE FRANGO
2020-10-07,353583,49,M,2,0,C,91,HIGIENE,TALCO
2020-10-07,353589,326,F,1,0,B,120,LIMPEZA,VASSOURA
2020-10-07,353677,705,M,1,0,B,128,HIGIENE,SHAMPOO
2020-10-07,353711,957,M,2,3,B,158,HIGIENE,PAPEL HIGIENICO
2020-10-07,353787,123,F,3,2,B,151,HIGIENE,PROTETOR SOLAR
2020-10-07,353865,58,M,2,2,B,172,LIMPEZA,LUSTRA MOVEIS
2020-10-07,353879,661,M,3,0,B,200,LIMPEZA,DETERGENTE
2020-10-07,353942,50,M,4,0,B,157,ALIMENTOS,PAPINHA INFANTIL
2020-10-07,353977,164,M,2,3,A,136,ALIMENTOS,RICOTA
2020-10-07,354015,826,F,2,0,C,214,ALIMENTOS,CEBOLA
2020-10-07,354041,940,F,1,3,B,174,LIMPEZA,LIMPADOR PERFUMADO
2020-10-07,354101,702,M,1,0,B,130,ALIMENTOS,SALGADINHOS DE MILHO
2020-10-07,354155,595,M,1,0,B,182,ALIMENTOS,LATA DE ERVILHA
2020-10-07,354198,185,F,3,0,C,145,PET,RACAO UMIDA PARA GATOS
2020-10-07,354239,205,M,2,4,B,199,ALIMENTOS,DOCE
2020-10-07,354252,594,F,3,1,C,157,ALIMENTOS,PAPINHA INFANTIL
2020-10-07,354285,160,F,3,4,B,132,HIGIENE,SABONETE
2020-10-07,354358,943,F,1,0,C,34,ALIMENTOS,KETCHUP
2020-10-07,354454,785,M,1,4,C,211,ALIMENTOS,CHA
2020-10-07,354496,529,M,1,2,B,143,BEBIDAS,REFRIGERANTE GUARANA
2020-10-07,354561,178,M,3,0,A,23,ALIMENTOS,COGUMELOS
2020-10-07,354600,568,F,4,1,A,106,LIMPEZA,ODORIZADOR
2020-10-07,354629,174,M,4,3,C,219,ALIMENTOS,BATATA DOCE
2020-10-07,354644,50,M,4,0,B,214,ALIMENTOS,CEBOLA
2020-10-07,354682,879,M,2,2,C,203,ALIMENTOS,DANETTE
2020-10-07,354704,824,F,1,0,B,226,ALIMENTOS,ARROZ INTEGRAL
2020-10-07,354766,836,F,2,0,B,95,LIMPEZA,AMACIANTE
2020-10-07,354806,601,M,4,0,A,94,LIMPEZA,ALCOOL
2020-10-07,354894,847,M,4,2,A,28,ALIMENTOS,DOCE
2020-10-07,354988,130,F,1,0,B,108,LIMPEZA,REMOVEDOR
2020-10-07,355076,218,M,4,0,B,7,ALIMENTOS,ALMONDEGA
2020-10-07,355152,286,M,4,0,B,109,LIMPEZA,RODO
2020-10-07,355169,582,F,2,0,B,132,HIGIENE,SABONETE
2020-10-07,355239,767,F,1,0,B,200,LIMPEZA,DETERGENTE
2020-10-07,355270,60,F,2,3,B,221,ALIMENTOS,BANANA
2020-07-17,355349,926,M,1,0,B,19,ALIMENTOS,CAFE
2020-07-17,355398,599,F,1,4,C,104,LIMPEZA,LIMPADOR PERFUMADO
2020-07-17,355483,364,F,4,2,C,5,ALIMENTOS,ACHOCOLATADO
2020-07-17,355535,999,M,2,2,C,228,LIMPEZA,AMACIANTE
2020-07-17,355622,31,F,1,0,C,90,HIGIENE,SHAMPOO
2020-07-17,355659,987,F,1,0,B,172,LIMPEZA,LUSTRA MOVEIS
2020-07-17,355730,479,F,1,0,B,70,BEBIDAS,REFRIGERANTE OUTROS
2020-07-17,355814,660,F,3,0,C,125,HIGIENE,TINTURAS
2020-07-17,355828,533,F,4,0,A,120,LIMPEZA,VASSOURA
2020-07-17,355875,663,F,4,0,B,91,HIGIENE,TALCO
2020-07-17,355912,676,M,2,3,B,143,BEBIDAS,REFRIGERANTE GUARANA
2020-07-17,355926,365,M,4,0,A,30,ALIMENTOS,FILE DE PEIXE
2020-07-17,356019,606,M,1,0,B,25,ALIMENTOS,CORACAO DE FRANGO
2020-07-17,356111,485,M,3,3,B,148,PET,RACAO SECA PARA CAES
2020-07-21,356172,422,F,2,4,C,62,ALIMENTOS,SNACKS
2020-07-21,356188,783,F,1,0,B,10,ALIMENTOS,ATUM
2020-07-21,356259,979,F,3,0,A,96,LIMPEZA,BALDE
2020-07-21,356346,436,M,2,4,B,213,ALIMENTOS,CENOURA
2020-07-21,356408,294,F,4,0,C,211,ALIMENTOS,CHA
2020-07-21,356485,224,M,4,0,B,111,LIMPEZA,SABAO EM PO
2020-07-21,356565,52,F,1,0,A,125,HIGIENE,TINTURAS
2020-07-21,356569,54,M,1,0,A,187,HIGIENE,HASTES FLEXIVEIS
2020-07-21,356581,569,M,1,1,A,89,HIGIENE,SABONETE
2020-07-21,356593,278,F,3,2,C,6,ALIMENTOS,ALHO
2020-07-21,356658,276,F,3,0,B,122,ALIMENTOS,TOMATE
2020-07-21,356737,310,M,4,3,C,100,LIMPEZA,DETERGENTE
2020-07-21,356749,34,M,2,0,C,170,ALIMENTOS,MACARRAO INSTANTANEO
2020-07-21,356797,435,F,2,0,C,133,LIMPEZA,SABAO EM PO
2020-07-21,356838,928,F,5,1,B,173,ALIMENTOS,LINGUICA
2020-07-21,356870,475,F,4,3,B,220,ALIMENTOS,BATATA
2020-07-21,356938,416,M,3,2,C,96,LIMPEZA,BALDE
2020-07-21,357013,323,M,1,3,B,166,HIGIENE,MODELADOR
2020-07-21,357046,919,F,2,0,C,36,ALIMENTOS,LATA DE MILHO
2020-07-21,357134,132,M,2,0,A,12,ALIMENTOS,AZEITONA
2020-07-21,357215,348,F,3,0,A,162,LIMPEZA,ODORIZADOR
2020-07-21,357291,573,F,1,0,C,77,HIGIENE,FIXADOR
2020-07-21,357317,839,F,1,3,B,229,ALIMENTOS,ALMONDEGA
2020-07-21,357406,223,F,3,0,B,207,ALIMENTOS,COPA SUINA
2020-07-21,357443,560,M,2,0,B,165,ALIMENTOS,MOLHO BARBECUE
2020-07-21,357451,696,M,2,0,B,142,BEBIDAS,REFRIGERANTE LARANJA
2020-07-21,357502,862,M,4,0,B,126,HIGIENE,TALCO
2020-07-21,357600,875,F,1,0,B,105,LIMPEZA,LUSTRA MOVEIS
2020-07-21,357652,638,M,3,1,B,97,LIMPEZA,CERA
2020-07-21,357664,531,F,3,1,B,180,ALIMENTOS,LEITE
2020-07-21,357698,797,M,2,4,B,128,HIGIENE,SHAMPOO
2020-07-21,357725,259,M,1,1,B,38,ALIMENTOS,LEITE CONDENSADO
2020-07-21,357748,480,F,2,0,C,28,ALIMENTOS,DOCE
2020-07-21,357755,336,F,1,0,C,108,LIMPEZA,REMOVEDOR
2020-07-21,357769,995,M,3,1,B,2,ACESSORIOS,MORDEDOR
2020-07-21,357807,343,F,1,0,B,26,ALIMENTOS,COXA E SOBRECOXA DE FRANGO
2020-07-21,357846,235,F,4,0,B,156,HIGIENE,PASTA DE DENTE
2020-07-21,357848,584,M,3,0,B,6,ALIMENTOS,ALHO
2020-07-21,357854,591,M,4,1,B,177,ALIMENTOS,LIMAO
2020-07-21,357867,192,F,4,0,B,226,ALIMENTOS,ARROZ INTEGRAL
2020-07-21,357870,580,M,3,0,B,70,BEBIDAS,REFRIGERANTE OUTROS
2020-07-21,357877,983,F,4,0,C,32,ALIMENTOS,HAMBUGUER
2020-07-21,357957,759,F,3,0,B,210,ACESSORIOS,CHUPETA
2020-07-21,357961,370,M,1,4,B,121,ALIMENTOS,UVA
2020-07-21,358017,369,F,3,4,C,51,ALIMENTOS,PAPINHA INFANTIL
2020-07-21,358061,318,M,1,2,B,40,ALIMENTOS,LINGUICA
2020-07-21,358094,790,F,3,0,B,146,PET,RACAO UMIDA PARA CAES
2020-07-21,358111,54,M,1,0,A,198,BEBIDAS,ENERGETICO
2020-07-21,358159,807,M,1,3,B,148,PET,RACAO SECA PARA CAES
2020-07-21,358229,523,M,3,0,B,173,ALIMENTOS,LINGUICA
2020-07-21,358322,292,F,2,0,C,163,ALIMENTOS,MORTADELA
2020-07-21,358387,150,M,1,4,B,90,HIGIENE,SHAMPOO
2020-07-21,358459,809,F,3,3,B,195,ALIMENTOS,FEIJAO
2020-07-21,358554,182,F,1,4,B,196,HIGIENE,ESCOVA DE DENTE
2020-07-21,358646,690,F,1,3,B,205,ALIMENTOS,COXA E SOBRECOXA DE FRANGO
2020-07-21,358660,551,M,1,0,C,136,ALIMENTOS,RICOTA
2020-07-21,358745,655,M,2,0,B,85,HIGIENE,PASTA DE DENTE
2020-07-21,358790,777,F,1,0,B,13,ALIMENTOS,BANANA
2020-07-21,358883,97,F,4,1,B,204,HIGIENE,CREME
2020-07-21,358952,575,M,1,4,B,112,LIMPEZA,TIRA LIMO
2020-07-21,358958,447,M,2,0,B,132,HIGIENE,SABONETE
2020-07-26,359004,865,F,1,0,B,180,ALIMENTOS,LEITE
2020-07-26,359049,258,F,1,0,B,229,ALIMENTOS,ALMONDEGA
2020-07-26,359148,34,M,2,0,C,15,ALIMENTOS,BATATA DOCE
2020-07-26,359199,973,F,4,0,B,50,ALIMENTOS,PAO DE FORMA
2020-07-26,359247,459,F,3,2,B,191,HIGIENE,FRALDA
2020-07-26,359308,820,M,1,4,B,25,ALIMENTOS,CORACAO DE FRANGO
2020-07-26,359331,541,F,3,0,B,58,ALIMENTOS,RICOTA
2020-07-26,359377,779,M,3,4,A,134,LIMPEZA,SABAO
2020-07-26,359464,441,M,4,2,B,188,ALIMENTOS,HAMBUGUER
2020-07-26,359474,568,F,4,1,A,55,ALIMENTOS,QUEIJO DE CABRA
2020-07-26,359552,307,M,1,0,B,125,HIGIENE,TINTURAS
2020-07-26,359641,735,F,4,0,B,130,ALIMENTOS,SALGADINHOS DE MILHO
2020-07-26,359663,628,M,3,0,B,166,HIGIENE,MODELADOR
2020-07-26,359680,271,F,4,0,B,95,LIMPEZA,AMACIANTE
2020-07-26,359696,240,M,4,0,B,55,ALIMENTOS,QUEIJO DE CABRA
2020-07-26,359723,364,F,4,2,C,134,LIMPEZA,SABAO
2020-07-26,359759,74,M,3,0,C,84,HIGIENE,PAPEL HIGIENICO
2020-07-26,359811,273,M,4,0,C,96,LIMPEZA,BALDE
2020-07-26,359885,740,F,1,4,C,104,LIMPEZA,LIMPADOR PERFUMADO
2020-07-26,359933,645,F,4,0,B,106,LIMPEZA,ODORIZADOR
2020-07-26,359999,486,M,4,0,B,31,ALIMENTOS,GRANOLA
2020-07-26,360056,25,M,4,1,C,4,ALIMENTOS,ABACAXI
2020-07-26,360057,347,F,4,0,B,118,PET,RACAO UMIDA PARA CAES
2020-07-26,360106,656,M,2,0,C,154,HIGIENE,PRESERVATIVO
2020-07-26,360167,878,F,4,3,C,194,ALIMENTOS,FILE DE PEIXE
2020-07-26,360230,196,M,2,0,B,225,ALIMENTOS,ATUM
2020-07-26,360326,503,F,2,1,B,70,BEBIDAS,REFRIGERANTE OUTROS
2020-07-26,360369,153,M,4,1,B,132,HIGIENE,SABONETE
2020-07-26,360461,856,F,5,1,B,108,LIMPEZA,REMOVEDOR
2020-07-26,360471,994,M,4,0,C,47,ALIMENTOS,MORTADELA
2020-07-26,360543,722,F,4,0,B,204,HIGIENE,CREME
2020-07-26,360547,465,F,3,0,B,89,HIGIENE,SABONETE
2020-07-26,360593,998,F,2,0,C,69,BEBIDAS,REFRIGERANTE LIMaO
2020-07-26,360614,930,F,4,1,B,143,BEBIDAS,REFRIGERANTE GUARANA
2020-07-26,360703,426,F,3,0,C,121,ALIMENTOS,UVA
2020-07-26,360787,387,M,2,2,B,99,LIMPEZA,DESINFETANTE
2020-07-26,360808,499,M,3,0,B,172,LIMPEZA,LUSTRA MOVEIS
2020-07-26,360876,854,F,5,1,C,37,ALIMENTOS,LEITE
2020-01-08,360911,458,F,3,4,C,119,PET,RACAO UMIDA PARA GATOS
2020-01-08,360972,359,F,1,0,B,92,HIGIENE,TINTURAS
2020-01-08,360985,55,F,3,0,B,78,HIGIENE,FRALDA
2020-01-08,361054,914,M,2,4,B,46,ALIMENTOS,MOLHO BARBECUE
2020-01-08,361129,878,F,4,3,C,152,ALIMENTOS,PRESUNTO COZIDO
2020-01-08,361155,678,F,3,0,C,170,ALIMENTOS,MACARRAO INSTANTANEO
2020-01-08,361209,780,M,3,2,B,67,BEBIDAS,REFRIGERANTE GUARANA
2020-01-08,361242,41,M,3,0,C,103,LIMPEZA,LIMPADOR MULTIUSO
2020-01-08,361290,778,F,2,2,A,129,ALIMENTOS,SARDINHA
2020-01-08,361387,450,M,1,0,B,105,LIMPEZA,LUSTRA MOVEIS
2020-01-08,361474,510,F,4,0,B,101,LIMPEZA,INSETICIDA
2020-01-08,361504,828,F,2,4,B,123,LIMPEZA,TIRA MANCHA
2020-01-08,361552,648,M,1,0,B,174,LIMPEZA,LIMPADOR PERFUMADO
2020-01-08,361572,398,F,4,1,B,220,ALIMENTOS,BATATA
2020-01-08,361606,438,F,1,0,B,149,ALIMENTOS,QUEIJO MUSSARELA
2020-01-08,361681,944,F,3,1,B,186,HIGIENE,HIDRATANTE
2020-01-08,361718,410,F,3,3,B,184,ALIMENTOS,IOGURTE
2020-01-08,361747,467,F,2,2,B,18,ALIMENTOS,BROCOLIS
2020-01-08,361832,577,M,4,0,C,84,HIGIENE,PAPEL HIGIENICO
2020-01-08,361838,587,M,1,0,B,100,LIMPEZA,DETERGENTE
2020-01-08,361907,340,M,3,4,B,58,ALIMENTOS,RICOTA
2020-01-08,361967,658,F,1,1,B,36,ALIMENTOS,LATA DE MILHO
2020-01-08,361977,627,M,3,1,B,221,ALIMENTOS,BANANA
2020-01-08,362020,173,F,1,0,B,37,ALIMENTOS,LEITE
2020-01-08,362025,864,F,1,3,B,116,PET,RACAO SECA PARA CAES
2020-01-08,362040,137,F,4,1,B,67,BEBIDAS,REFRIGERANTE GUARANA
2020-01-08,362071,460,F,1,3,B,158,HIGIENE,PAPEL HIGIENICO
2020-08-08,362155,674,M,4,1,B,165,ALIMENTOS,MOLHO BARBECUE
2020-08-08,362181,976,M,4,2,B,115,PET,ALIMENTO PARA PASSARO
2020-08-08,362204,494,F,5,1,C,129,ALIMENTOS,SARDINHA
2020-08-08,362220,890,M,3,0,C,83,HIGIENE,MODELADOR
2020-08-08,362232,966,F,4,2,B,74,HIGIENE,ENXAGUANTE BUCAL
2020-08-08,362233,896,M,3,0,B,19,ALIMENTOS,CAFE
2020-08-08,362277,81,F,2,0,B,88,HIGIENE,REPELENTE
2020-08-08,362349,534,M,4,1,C,164,ACESSORIOS,MORDEDOR
2020-08-08,362352,380,M,3,4,B,205,ALIMENTOS,COXA E SOBRECOXA DE FRANGO
2020-08-08,362357,62,F,2,0,B,122,ALIMENTOS,TOMATE
2020-08-08,362445,610,M,2,0,B,151,HIGIENE,PROTETOR SOLAR
2020-08-08,362486,810,M,1,0,B,61,ALIMENTOS,SARDINHA
2020-08-08,362539,101,F,1,0,C,94,LIMPEZA,ALCOOL
2020-08-08,362627,168,F,4,3,B,221,ALIMENTOS,BANANA
2020-08-08,362638,773,M,4,0,B,66,BEBIDAS,REFRIGERANTE COLA
2020-08-08,362654,806,F,2,3,B,162,LIMPEZA,ODORIZADOR
2020-08-08,362688,813,F,4,0,C,193,HIGIENE,FIO DENTAL
2020-08-08,362781,673,F,5,1,B,8,ALIMENTOS,ARROZ
2020-08-08,362824,743,M,1,3,C,95,LIMPEZA,AMACIANTE
2020-08-08,362853,275,M,4,0,B,128,HIGIENE,SHAMPOO
2020-08-08,362876,352,M,4,2,B,180,ALIMENTOS,LEITE
2020-08-08,362960,350,F,5,1,B,160,ALIMENTOS,PALMITO
2020-08-08,363006,434,M,1,4,B,147,PET,RACAO SECA PARA GATOS
2020-08-08,363008,739,F,2,3,B,136,ALIMENTOS,RICOTA
2020-08-08,363034,773,M,4,0,B,48,ALIMENTOS,OVOS
2020-08-08,363132,157,M,1,1,C,170,ALIMENTOS,MACARRAO INSTANTANEO
2020-08-08,363194,99,F,1,4,C,185,LIMPEZA,INSETICIDA
2020-08-08,363232,642,M,2,3,B,62,ALIMENTOS,SNACKS
2020-08-08,363311,887,F,3,0,B,20,ALIMENTOS,CEBOLA
2020-08-08,363334,600,M,2,4,C,160,ALIMENTOS,PALMITO
2020-08-08,363429,517,F,3,1,B,129,ALIMENTOS,SARDINHA
2020-08-08,363450,597,M,3,0,C,13,ALIMENTOS,BANANA
2020-08-08,363454,434,M,1,4,B,112,LIMPEZA,TIRA LIMO
2020-08-08,363514,399,F,4,1,C,5,ALIMENTOS,ACHOCOLATADO
2020-08-08,363568,488,M,3,2,B,194,ALIMENTOS,FILE DE PEIXE
2020-08-08,363648,622,F,3,0,B,96,LIMPEZA,BALDE
2020-08-08,363743,258,F,1,0,B,140,BEBIDAS,REFRIGERANTE OUTROS
2020-08-08,363803,588,F,1,4,C,112,LIMPEZA,TIRA LIMO
2020-08-08,363823,221,F,1,0,B,23,ALIMENTOS,COGUMELOS
2020-08-08,363879,866,M,2,2,C,136,ALIMENTOS,RICOTA
2020-08-08,363935,471,F,4,0,A,210,ACESSORIOS,CHUPETA
2020-08-08,363978,163,F,3,0,A,108,LIMPEZA,REMOVEDOR
2020-08-08,363979,85,M,1,0,B,120,LIMPEZA,VASSOURA
2020-08-08,364075,61,M,1,2,B,98,LIMPEZA,DESENGORDURANTE
2020-08-08,364116,706,F,2,0,A,99,LIMPEZA,DESINFETANTE
2020-08-08,364133,571,F,2,0,B,15,ALIMENTOS,BATATA DOCE
2020-08-08,364168,874,F,3,3,B,119,PET,RACAO UMIDA PARA GATOS
2020-10-08,364235,185,F,3,0,C,161,ALIMENTOS,OVOS
2020-10-08,364273,574,F,2,2,B,141,BEBIDAS,REFRIGERANTE LIMaO
2020-10-08,364324,387,M,2,2,B,76,HIGIENE,FIO DENTAL
2020-10-08,364396,110,M,3,0,C,159,ALIMENTOS,PAO DE FORMA
2020-10-08,364487,369,F,3,4,C,31,ALIMENTOS,GRANOLA
2020-10-08,364510,224,M,4,0,B,97,LIMPEZA,CERA
2020-10-08,364557,313,M,3,0,B,199,ALIMENTOS,DOCE
2020-10-08,364563,914,M,2,4,B,67,BEBIDAS,REFRIGERANTE GUARANA
2020-10-08,364587,933,M,2,2,B,142,BEBIDAS,REFRIGERANTE LARANJA
2020-10-08,364644,265,M,2,3,B,34,ALIMENTOS,KETCHUP
2020-10-08,364721,980,F,1,0,B,44,ALIMENTOS,MAMAO
2020-10-08,364812,721,M,3,2,C,54,ALIMENTOS,PRESUNTO COZIDO
2020-10-08,364892,344,M,3,0,B,109,LIMPEZA,RODO
2020-10-08,364966,374,F,3,0,B,222,LIMPEZA,BALDE
2020-10-08,364978,409,F,3,4,B,209,ALIMENTOS,COGUMELOS
2020-10-08,365072,723,M,4,0,B,2,ACESSORIOS,MORDEDOR
2020-10-08,365141,299,F,3,1,C,106,LIMPEZA,ODORIZADOR
2020-10-08,365204,530,F,1,0,A,37,ALIMENTOS,LEITE
2020-10-08,365298,645,F,4,0,B,20,ALIMENTOS,CEBOLA
2020-10-08,365332,606,M,1,0,B,194,ALIMENTOS,FILE DE PEIXE
2020-10-08,365397,622,F,3,0,B,196,HIGIENE,ESCOVA DE DENTE
2020-10-08,365484,973,F,4,0,B,151,HIGIENE,PROTETOR SOLAR
2020-10-08,365497,647,M,1,0,C,182,ALIMENTOS,LATA DE ERVILHA
2020-10-08,365545,732,F,3,4,B,182,ALIMENTOS,LATA DE ERVILHA
2020-10-08,365593,956,M,5,1,C,168,ALIMENTOS,MAMAO PAPAYA
2020-10-08,365634,538,M,3,0,B,116,PET,RACAO SECA PARA CAES
2020-10-08,365642,425,F,3,0,B,10,ALIMENTOS,ATUM
2020-10-08,365689,777,F,1,0,B,58,ALIMENTOS,RICOTA
2020-10-08,365745,619,M,4,1,B,70,BEBIDAS,REFRIGERANTE OUTROS
2020-10-08,365761,907,M,3,1,B,38,ALIMENTOS,LEITE CONDENSADO
2020-10-08,365808,432,F,1,0,C,30,ALIMENTOS,FILE DE PEIXE
2020-10-08,365895,982,M,4,3,B,127,ALIMENTOS,SNACKS
2020-10-08,365920,172,M,2,0,B,132,HIGIENE,SABONETE
2020-10-08,366002,894,F,4,3,C,153,ALIMENTOS,PRESUNTO COZIDO
2020-10-08,366046,385,F,2,0,B,81,HIGIENE,HIDRATANTE
2020-10-08,366088,135,M,3,0,B,118,PET,RACAO UMIDA PARA CAES
2020-10-08,366126,295,F,1,3,B,62,ALIMENTOS,SNACKS
2020-10-08,366203,766,F,1,0,B,79,HIGIENE,GEL
2020-10-08,366293,893,F,1,0,B,204,HIGIENE,CREME
2020-10-08,366317,945,F,2,3,B,135,LIMPEZA,RODO
2020-10-08,366344,694,M,4,0,C,218,ALIMENTOS,BIFE DE COXAO MOLE
2020-10-08,366377,140,F,1,0,C,43,ALIMENTOS,MAMAO PAPAYA
2020-10-08,366397,918,F,2,4,C,146,PET,RACAO UMIDA PARA CAES
2020-10-08,366463,993,M,5,1,B,51,ALIMENTOS,PAPINHA INFANTIL
2020-10-08,366488,637,F,1,0,B,9,ALIMENTOS,ARROZ INTEGRAL
2020-10-08,366497,271,F,4,0,B,62,ALIMENTOS,SNACKS
2020-10-08,366563,249,F,4,0,B,35,ALIMENTOS,LATA DE ERVILHA
2020-10-08,366598,304,F,2,3,B,101,LIMPEZA,INSETICIDA
2020-10-08,366647,689,M,2,0,C,121,ALIMENTOS,UVA
2020-10-08,366737,145,M,3,0,B,39,ALIMENTOS,LIMAO
2020-10-08,366820,934,F,2,2,B,175,LIMPEZA,LIMPADOR MULTIUSO
2020-10-08,366890,586,F,4,2,B,131,ALIMENTOS,SALGADINHO
2020-10-08,366891,550,M,4,0,B,46,ALIMENTOS,MOLHO BARBECUE
2020-10-08,366937,319,M,1,4,B,109,LIMPEZA,RODO
2020-10-08,366982,345,F,2,3,B,127,ALIMENTOS,SNACKS
2020-10-08,367017,388,F,4,3,B,26,ALIMENTOS,COXA E SOBRECOXA DE FRANGO
2020-10-08,367105,758,F,3,0,B,70,BEBIDAS,REFRIGERANTE OUTROS
2020-10-08,367142,706,F,2,0,A,130,ALIMENTOS,SALGADINHOS DE MILHO
2020-10-08,367216,807,M,1,3,B,214,ALIMENTOS,CEBOLA
2020-10-08,367259,174,M,4,3,C,78,HIGIENE,FRALDA
2020-10-08,367288,367,F,1,0,A,132,HIGIENE,SABONETE
2020-10-08,367326,700,F,4,2,C,182,ALIMENTOS,LATA DE ERVILHA
2020-10-08,367358,563,M,3,0,B,185,LIMPEZA,INSETICIDA
2020-10-08,367370,827,M,4,0,B,208,HIGIENE,CONDICIONADOR
2020-10-08,367442,724,M,1,0,B,78,HIGIENE,FRALDA
2020-10-08,367478,293,M,4,0,B,163,ALIMENTOS,MORTADELA
2020-10-08,367529,985,M,1,0,B,152,ALIMENTOS,PRESUNTO COZIDO
2020-10-08,367598,507,F,3,2,B,16,ALIMENTOS,BIFE DE COXAO MOLE
2020-10-08,367645,958,M,2,3,B,50,ALIMENTOS,PAO DE FORMA
2020-10-08,367714,643,F,4,0,C,139,LIMPEZA,REMOVEDOR
2020-10-08,367762,470,M,3,1,B,182,ALIMENTOS,LATA DE ERVILHA
2020-10-08,367790,390,F,2,0,B,153,ALIMENTOS,PRESUNTO COZIDO
2020-10-08,367791,742,M,1,1,C,116,PET,RACAO SECA PARA CAES
2020-10-08,367814,437,F,2,1,C,104,LIMPEZA,LIMPADOR PERFUMADO
2020-10-08,367839,353,M,1,2,B,127,ALIMENTOS,SNACKS
2020-08-14,367850,454,F,1,0,B,105,LIMPEZA,LUSTRA MOVEIS
2020-08-14,367910,525,M,1,4,B,158,HIGIENE,PAPEL HIGIENICO
2020-08-14,367997,828,F,2,4,B,202,LIMPEZA,DESENGORDURANTE
2020-08-14,368076,112,M,4,0,B,125,HIGIENE,TINTURAS
2020-08-14,368151,971,F,1,2,A,213,ALIMENTOS,CENOURA
2020-08-14,368181,693,F,4,0,B,93,LIMPEZA,AGUA SANITARIA
2020-08-14,368273,522,M,1,2,A,56,ALIMENTOS,QUEIJO MUSSARELA
2020-08-14,368304,685,F,4,0,B,124,LIMPEZA,TIRA LIMO
2020-08-14,368310,994,M,4,0,C,84,HIGIENE,PAPEL HIGIENICO
2020-08-14,368372,48,M,4,1,B,23,ALIMENTOS,COGUMELOS
2020-08-14,368451,524,F,4,3,C,93,LIMPEZA,AGUA SANITARIA
2020-08-14,368521,758,F,3,0,B,33,ALIMENTOS,IOGURTE
2020-08-14,368562,330,F,1,0,B,164,ACESSORIOS,MORDEDOR
2020-08-14,368570,718,F,3,2,B,228,LIMPEZA,AMACIANTE
2020-08-14,368625,69,M,4,3,A,78,HIGIENE,FRALDA
2020-08-14,368644,679,F,3,3,B,34,ALIMENTOS,KETCHUP
2020-08-14,368663,394,M,1,0,B,134,LIMPEZA,SABAO
2020-08-14,368714,516,M,1,0,C,1,ACESSORIOS,CHUPETA
2020-08-14,368755,656,M,2,0,C,42,ALIMENTOS,MACARRAO INSTANTANEO
2020-08-14,368838,916,F,3,4,C,88,HIGIENE,REPELENTE
2020-08-14,368885,521,F,1,0,A,134,LIMPEZA,SABAO
2020-08-14,368963,592,F,2,0,C,180,ALIMENTOS,LEITE
2020-08-14,369026,813,F,4,0,C,101,LIMPEZA,INSETICIDA
2020-08-14,369113,949,M,1,0,B,131,ALIMENTOS,SALGADINHO
2020-08-14,369134,344,M,3,0,B,141,BEBIDAS,REFRIGERANTE LIMaO
2020-08-14,369159,850,M,1,0,C,104,LIMPEZA,LIMPADOR PERFUMADO
2020-08-14,369180,109,M,2,1,B,209,ALIMENTOS,COGUMELOS
2020-08-14,369223,355,M,3,4,B,60,ALIMENTOS,SALGADINHOS DE MILHO
2020-08-14,369266,402,M,2,0,C,39,ALIMENTOS,LIMAO
2020-08-14,369319,578,M,4,0,B,37,ALIMENTOS,LEITE
2020-08-14,369403,215,M,2,4,B,138,HIGIENE,REPELENTE
2020-08-14,369455,4,M,4,0,B,18,ALIMENTOS,BROCOLIS
2020-08-14,369482,374,F,3,0,B,27,ALIMENTOS,DANETTE
2020-08-14,369513,641,F,4,0,C,97,LIMPEZA,CERA
2020-08-14,369528,839,F,1,3,B,185,LIMPEZA,INSETICIDA
2020-08-14,369586,496,F,2,0,B,109,LIMPEZA,RODO
2020-08-14,369644,832,F,1,0,B,142,BEBIDAS,REFRIGERANTE LARANJA
2020-08-14,369656,762,F,2,0,B,158,HIGIENE,PAPEL HIGIENICO
2020-08-14,369740,135,M,3,0,B,144,BEBIDAS,REFRIGERANTE COLA
2020-08-14,369753,88,F,1,0,B,2,ACESSORIOS,MORDEDOR
2020-08-14,369837,348,F,3,0,A,155,ALIMENTOS,PATE
2020-08-14,369844,46,F,4,1,B,204,HIGIENE,CREME
2020-08-14,369875,684,F,3,0,C,179,ALIMENTOS,LEITE CONDENSADO
2020-08-14,369877,840,F,3,3,C,113,LIMPEZA,TIRA MANCHA
2020-08-14,369894,961,F,1,0,C,186,HIGIENE,HIDRATANTE
2020-08-14,369917,876,F,2,3,B,181,ALIMENTOS,LATA DE MILHO
2020-08-14,369949,70,F,4,0,B,93,LIMPEZA,AGUA SANITARIA
2020-08-14,369993,305,F,4,0,B,64,ALIMENTOS,UVA
2020-08-14,370029,139,F,3,3,B,24,ALIMENTOS,COPA SUINA
2020-08-14,370118,225,M,4,0,C,183,ALIMENTOS,KETCHUP
2020-08-14,370202,880,M,3,2,B,106,LIMPEZA,ODORIZADOR
2020-08-14,370214,270,F,3,1,B,201,LIMPEZA,DESINFETANTE
2020-08-14,370313,732,F,3,4,B,5,ALIMENTOS,ACHOCOLATADO
2020-08-14,370337,18,M,4,0,C,206,ALIMENTOS,CORACAO DE FRANGO
2020-08-14,370422,817,M,3,0,B,203,ALIMENTOS,DANETTE
2020-08-14,370471,898,F,4,0,C,144,BEBIDAS,REFRIGERANTE COLA
2020-08-14,370498,790,F,3,0,B,60,ALIMENTOS,SALGADINHOS DE MILHO
2020-08-14,370532,367,F,1,0,A,33,ALIMENTOS,IOGURTE
2020-08-14,370556,373,F,4,2,B,48,ALIMENTOS,OVOS
2020-08-14,370637,342,M,3,0,B,83,HIGIENE,MODELADOR
2020-08-14,370666,907,M,3,1,B,1,ACESSORIOS,CHUPETA
2020-08-14,370714,99,F,1,4,C,96,LIMPEZA,BALDE
2020-08-14,370761,377,F,1,0,B,21,ALIMENTOS,CENOURA
2020-08-14,370832,586,F,4,2,B,46,ALIMENTOS,MOLHO BARBECUE
2020-08-14,370927,601,M,4,0,A,23,ALIMENTOS,COGUMELOS
2020-08-21,370971,310,M,4,3,C,116,PET,RACAO SECA PARA CAES
2020-08-21,371029,794,M,1,2,B,48,ALIMENTOS,OVOS
2020-08-21,371033,690,F,1,3,B,125,HIGIENE,TINTURAS
2020-08-21,371058,393,F,4,0,B,130,ALIMENTOS,SALGADINHOS DE MILHO
2020-08-21,371132,780,M,3,2,B,74,HIGIENE,ENXAGUANTE BUCAL
2020-08-21,371146,503,F,2,1,B,165,ALIMENTOS,MOLHO BARBECUE
2020-08-21,371148,179,F,2,0,B,144,BEBIDAS,REFRIGERANTE COLA
2020-08-21,371244,468,M,3,1,C,13,ALIMENTOS,BANANA
2020-08-21,371266,433,M,3,3,B,95,LIMPEZA,AMACIANTE
2020-08-21,371332,944,F,3,1,B,212,LIMPEZA,CERA
2020-08-21,371338,605,M,4,2,B,182,ALIMENTOS,LATA DE ERVILHA
2020-08-21,371428,767,F,1,0,B,129,ALIMENTOS,SARDINHA
2020-08-21,371457,611,M,4,0,B,200,LIMPEZA,DETERGENTE
2020-08-21,371536,549,M,2,3,C,141,BEBIDAS,REFRIGERANTE LIMaO
2020-08-21,371582,119,F,3,2,B,154,HIGIENE,PRESERVATIVO
2020-08-21,371590,375,M,4,0,B,153,ALIMENTOS,PRESUNTO COZIDO
2020-08-21,371654,651,F,2,0,B,75,HIGIENE,ESCOVA DE DENTE
2020-08-21,371753,856,F,5,1,B,218,ALIMENTOS,BIFE DE COXAO MOLE
2020-08-21,371783,179,F,2,0,B,162,LIMPEZA,ODORIZADOR
2020-08-21,371804,673,F,5,1,B,22,ALIMENTOS,CHA
2020-08-21,371852,550,M,4,0,B,39,ALIMENTOS,LIMAO
2020-08-21,371949,891,F,3,2,B,154,HIGIENE,PRESERVATIVO
2020-08-21,372000,775,F,2,3,B,227,ALIMENTOS,ARROZ
2020-08-21,372035,117,M,2,3,B,79,HIGIENE,GEL
2020-08-21,372071,369,F,3,4,C,139,LIMPEZA,REMOVEDOR
2020-08-21,372133,215,M,2,4,B,115,PET,ALIMENTO PARA PASSARO
2020-08-21,372199,841,M,1,0,B,58,ALIMENTOS,RICOTA
2020-08-21,372237,591,M,4,1,B,24,ALIMENTOS,COPA SUINA
2020-08-21,372309,53,M,1,1,B,116,PET,RACAO SECA PARA CAES
2020-08-21,372343,318,M,1,2,B,206,ALIMENTOS,CORACAO DE FRANGO
2020-08-21,372410,667,F,4,0,C,164,ACESSORIOS,MORDEDOR
2020-08-21,372440,105,F,4,0,C,45,ALIMENTOS,MANGA
2020-08-21,372497,384,F,3,2,C,100,LIMPEZA,DETERGENTE
2020-08-21,372521,452,M,1,3,B,224,ALIMENTOS,AZEITE
2020-08-21,372535,368,M,4,0,C,75,HIGIENE,ESCOVA DE DENTE
2020-08-21,372590,809,F,3,3,B,183,ALIMENTOS,KETCHUP
2020-08-21,372605,68,F,2,1,A,106,LIMPEZA,ODORIZADOR
2020-08-21,372628,540,F,2,0,C,93,LIMPEZA,AGUA SANITARIA
2020-08-21,372635,222,F,4,0,B,156,HIGIENE,PASTA DE DENTE
2020-08-21,372663,110,M,3,0,C,211,ALIMENTOS,CHA
2020-08-21,372672,608,F,3,0,C,16,ALIMENTOS,BIFE DE COXAO MOLE
2020-08-21,372703,492,F,2,1,C,147,PET,RACAO SECA PARA GATOS
2020-08-21,372788,39,M,2,0,C,112,LIMPEZA,TIRA LIMO
2020-08-21,372802,6,F,2,0,B,154,HIGIENE,PRESERVATIVO
2020-08-21,372857,78,M,1,0,B,216,ALIMENTOS,BROCOLIS
2020-08-21,372862,763,F,4,0,B,152,ALIMENTOS,PRESUNTO COZIDO
2020-08-21,372921,955,F,3,2,C,200,LIMPEZA,DETERGENTE
2020-08-21,372958,556,F,4,0,B,100,LIMPEZA,DETERGENTE
2020-08-21,372983,248,M,3,0,C,62,ALIMENTOS,SNACKS
2020-08-21,373031,905,M,1,0,B,2,ACESSORIOS,MORDEDOR
2020-08-21,373069,417,M,4,1,B,98,LIMPEZA,DESENGORDURANTE
2020-08-21,373108,929,M,4,0,B,125,HIGIENE,TINTURAS
2020-08-21,373141,830,F,5,1,B,11,ALIMENTOS,AZEITE
2020-08-21,373232,245,F,4,3,B,1,ACESSORIOS,CHUPETA
2020-08-21,373314,794,M,1,2,B,119,PET,RACAO UMIDA PARA GATOS
2020-08-21,373316,455,F,2,0,C,172,LIMPEZA,LUSTRA MOVEIS
2020-08-21,373355,634,F,2,0,C,158,HIGIENE,PAPEL HIGIENICO
2020-08-21,373440,665,M,1,4,B,164,ACESSORIOS,MORDEDOR
2020-08-21,373536,632,F,4,3,A,23,ALIMENTOS,COGUMELOS
2020-08-21,373612,814,M,4,0,B,214,ALIMENTOS,CEBOLA
2020-08-21,373646,553,F,4,0,B,218,ALIMENTOS,BIFE DE COXAO MOLE
2020-08-21,373677,455,F,2,0,C,151,HIGIENE,PROTETOR SOLAR
2020-08-21,373696,250,F,4,1,B,16,ALIMENTOS,BIFE DE COXAO MOLE
2020-08-21,373706,205,M,2,4,B,180,ALIMENTOS,LEITE
2020-08-21,373717,680,F,3,0,C,146,PET,RACAO UMIDA PARA CAES
2020-08-21,373798,940,F,1,3,B,42,ALIMENTOS,MACARRAO INSTANTANEO
2020-08-21,373814,339,F,4,0,C,133,LIMPEZA,SABAO EM PO
2020-08-21,373840,523,M,3,0,B,1,ACESSORIOS,CHUPETA
2020-08-21,373875,449,F,2,3,B,189,ALIMENTOS,GRANOLA
2020-08-21,373899,334,M,3,0,C,127,ALIMENTOS,SNACKS
2020-08-21,373990,842,M,5,2,B,176,LIMPEZA,LIMPA VIDROS
2020-08-21,374016,388,F,4,3,B,169,ALIMENTOS,MAMAO
2020-08-21,374094,948,M,4,0,C,134,LIMPEZA,SABAO
2020-08-21,374112,173,F,1,0,B,211,ALIMENTOS,CHA
2020-08-21,374121,188,M,2,2,B,47,ALIMENTOS,MORTADELA
2020-08-21,374130,252,M,2,2,B,115,PET,ALIMENTO PARA PASSARO
2020-08-21,374197,779,M,3,4,A,34,ALIMENTOS,KETCHUP
2020-08-21,374265,52,F,1,0,A,227,ALIMENTOS,ARROZ
2020-08-21,374284,350,F,5,1,B,160,ALIMENTOS,PALMITO
2020-08-21,374313,443,F,4,0,C,49,ALIMENTOS,PALMITO
2020-08-21,374340,564,M,3,2,B,206,ALIMENTOS,CORACAO DE FRANGO
2020-08-21,374405,387,M,2,2,B,66,BEBIDAS,REFRIGERANTE COLA
2020-08-21,374428,106,M,1,0,B,51,ALIMENTOS,PAPINHA INFANTIL
2020-08-21,374525,156,F,2,0,B,166,HIGIENE,MODELADOR
2020-08-21,374530,628,M,3,0,B,32,ALIMENTOS,HAMBUGUER
2020-08-21,374579,288,M,2,0,B,110,LIMPEZA,SABAO
2020-08-21,374639,217,F,3,0,B,19,ALIMENTOS,CAFE
2020-08-21,374728,887,F,3,0,B,200,LIMPEZA,DETERGENTE
2020-08-21,374753,50,M,4,0,B,10,ALIMENTOS,ATUM
2020-08-21,374847,373,F,4,2,B,73,HIGIENE,CREME
2020-08-21,374902,392,M,2,2,C,64,ALIMENTOS,UVA
2020-08-21,374977,455,F,2,0,C,195,ALIMENTOS,FEIJAO
2020-08-21,374986,228,F,4,0,C,210,ACESSORIOS,CHUPETA
2020-08-21,374989,33,F,2,0,B,79,HIGIENE,GEL
2020-08-21,375002,967,F,1,0,B,226,ALIMENTOS,ARROZ INTEGRAL
2020-08-21,375080,635,F,4,0,B,113,LIMPEZA,TIRA MANCHA
2020-08-21,375149,807,M,1,3,B,48,ALIMENTOS,OVOS
2020-08-21,375202,361,F,1,0,C,223,ALIMENTOS,AZEITONA
2020-08-27,375210,580,M,3,0,B,100,LIMPEZA,DETERGENTE
2020-08-27,375266,516,M,1,0,C,211,ALIMENTOS,CHA
2020-08-27,375288,880,M,3,2,B,7,ALIMENTOS,ALMONDEGA
2020-08-27,375380,485,M,3,3,B,173,ALIMENTOS,LINGUICA
2020-08-27,375424,60,F,2,3,B,145,PET,RACAO UMIDA PARA GATOS
2020-08-27,375505,439,F,3,0,B,146,PET,RACAO UMIDA PARA CAES
2020-08-27,375580,118,M,2,4,A,103,LIMPEZA,LIMPADOR MULTIUSO
2020-08-27,375643,253,F,4,1,B,9,ALIMENTOS,ARROZ INTEGRAL
2020-08-27,375672,394,M,1,0,B,166,HIGIENE,MODELADOR
2020-08-27,375755,792,F,2,0,B,194,ALIMENTOS,FILE DE PEIXE
2020-08-27,375763,108,M,1,0,B,79,HIGIENE,GEL
2020-08-27,375827,47,F,4,0,B,102,LIMPEZA,LIMPA VIDROS
2020-08-27,375849,735,F,4,0,B,134,LIMPEZA,SABAO
2020-08-27,375939,623,F,3,0,C,7,ALIMENTOS,ALMONDEGA
2020-08-27,376006,146,F,2,0,B,6,ALIMENTOS,ALHO
2020-08-27,376011,649,F,3,0,B,205,ALIMENTOS,COXA E SOBRECOXA DE FRANGO
2020-08-27,376026,502,M,4,0,C,79,HIGIENE,GEL
2020-08-27,376030,637,F,1,0,B,224,ALIMENTOS,AZEITE
2020-08-27,376118,397,F,1,0,B,33,ALIMENTOS,IOGURTE
2020-08-27,376141,568,F,4,1,A,38,ALIMENTOS,LEITE CONDENSADO
2020-08-27,376220,108,M,1,0,B,212,LIMPEZA,CERA
2020-08-27,376282,391,F,2,0,A,126,HIGIENE,TALCO
2020-08-27,376367,183,M,4,1,B,148,PET,RACAO SECA PARA CAES
2020-08-27,376390,854,F,5,1,C,171,ALIMENTOS,MACARRAO
2020-08-27,376466,167,M,1,1,A,117,PET,RACAO SECA PARA GATOS
2020-08-27,376493,128,F,2,0,B,12,ALIMENTOS,AZEITONA
2020-08-27,376559,967,F,1,0,B,118,PET,RACAO UMIDA PARA CAES
2020-08-27,376653,317,M,3,0,B,198,BEBIDAS,ENERGETICO
2020-08-27,376705,947,F,3,1,B,25,ALIMENTOS,CORACAO DE FRANGO
2020-08-27,376743,673,F,5,1,B,6,ALIMENTOS,ALHO
2020-08-27,376763,866,M,2,2,C,155,ALIMENTOS,PATE
2020-08-27,376821,528,M,2,2,C,189,ALIMENTOS,GRANOLA
2020-08-27,376845,948,M,4,0,C,132,HIGIENE,SABONETE
2020-08-31,376898,480,F,2,0,C,104,LIMPEZA,LIMPADOR PERFUMADO
2020-08-31,376979,363,F,1,0,B,101,LIMPEZA,INSETICIDA
2020-08-31,377021,47,F,4,0,B,76,HIGIENE,FIO DENTAL
2020-08-31,377112,472,M,2,1,C,221,ALIMENTOS,BANANA
2020-08-31,377131,597,M,3,0,C,117,PET,RACAO SECA PARA GATOS
2020-08-31,377202,183,M,4,1,B,189,ALIMENTOS,GRANOLA
2020-08-31,377241,159,M,1,0,C,71,HIGIENE,ABSORVENTE
2020-08-31,377312,650,F,2,0,C,179,ALIMENTOS,LEITE CONDENSADO
2020-08-31,377388,102,F,1,2,C,103,LIMPEZA,LIMPADOR MULTIUSO
2020-08-31,377461,812,F,2,0,A,177,ALIMENTOS,LIMAO
2020-08-31,377525,378,F,2,0,C,116,PET,RACAO SECA PARA CAES
2020-08-31,377585,560,M,2,0,B,54,ALIMENTOS,PRESUNTO COZIDO
2020-08-31,377610,117,M,2,3,B,194,ALIMENTOS,FILE DE PEIXE
2020-08-31,377689,846,F,4,3,C,173,ALIMENTOS,LINGUICA
2020-08-31,377754,422,F,2,4,C,14,ALIMENTOS,BATATA
2020-08-31,377837,698,F,2,0,B,92,HIGIENE,TINTURAS
2020-08-31,377847,80,F,2,1,C,33,ALIMENTOS,IOGURTE
2020-08-31,377870,477,F,4,0,B,30,ALIMENTOS,FILE DE PEIXE
2020-08-31,377956,317,M,3,0,B,165,ALIMENTOS,MOLHO BARBECUE
2020-08-31,378055,654,M,1,1,B,86,HIGIENE,PRESERVATIVO
2020-08-31,378099,130,F,1,0,B,158,HIGIENE,PAPEL HIGIENICO
2020-08-31,378106,765,F,5,1,B,100,LIMPEZA,DETERGENTE
2020-08-31,378185,682,F,2,2,B,26,ALIMENTOS,COXA E SOBRECOXA DE FRANGO
2020-08-31,378222,974,M,4,1,B,30,ALIMENTOS,FILE DE PEIXE
2020-08-31,378224,978,F,3,0,C,69,BEBIDAS,REFRIGERANTE LIMaO
2020-08-31,378278,723,M,4,0,B,205,ALIMENTOS,COXA E SOBRECOXA DE FRANGO
2020-08-31,378331,246,M,2,2,B,154,HIGIENE,PRESERVATIVO
2020-08-31,378405,702,M,1,0,B,183,ALIMENTOS,KETCHUP
2020-08-31,378406,391,F,2,0,A,124,LIMPEZA,TIRA LIMO
2020-08-31,378427,708,F,2,2,B,2,ACESSORIOS,MORDEDOR
2020-08-31,378461,195,M,4,0,B,20,ALIMENTOS,CEBOLA
2020-08-31,378476,777,F,1,0,B,83,HIGIENE,MODELADOR
2020-08-31,378544,957,M,2,3,B,70,BEBIDAS,REFRIGERANTE OUTROS
2020-08-31,378602,984,F,4,3,B,35,ALIMENTOS,LATA DE ERVILHA
2020-08-31,378607,20,M,4,0,B,65,BEBIDAS,ENERGETICO
2020-08-31,378636,76,M,3,0,A,130,ALIMENTOS,SALGADINHOS DE MILHO
2020-08-31,378688,70,F,4,0,B,215,ALIMENTOS,CAFE
2020-08-31,378779,302,F,4,3,C,153,ALIMENTOS,PRESUNTO COZIDO
2020-08-31,378871,226,F,4,0,B,121,ALIMENTOS,UVA
2020-08-31,378955,577,M,4,0,C,78,HIGIENE,FRALDA
2020-08-31,378962,902,F,2,1,B,58,ALIMENTOS,RICOTA
2020-08-31,379005,560,M,2,0,B,86,HIGIENE,PRESERVATIVO
2020-08-31,379044,412,M,2,0,B,92,HIGIENE,TINTURAS
2020-08-31,379052,28,F,1,2,B,183,ALIMENTOS,KETCHUP
2020-08-31,379116,247,M,1,0,B,132,HIGIENE,SABONETE
2020-08-31,379206,887,F,3,0,B,71,HIGIENE,ABSORVENTE
2020-08-31,379207,202,M,1,0,B,19,ALIMENTOS,CAFE
2020-08-31,379293,134,F,3,0,B,75,HIGIENE,ESCOVA DE DENTE
2020-08-31,379300,903,M,1,0,B,133,LIMPEZA,SABAO EM PO
2020-08-31,379376,78,M,1,0,B,197,HIGIENE,ENXAGUANTE BUCAL
2020-08-31,379425,818,F,2,0,B,8,ALIMENTOS,ARROZ
2020-08-31,379511,186,M,2,4,C,179,ALIMENTOS,LEITE CONDENSADO
2020-08-31,379551,850,M,1,0,C,7,ALIMENTOS,ALMONDEGA
2020-08-31,379646,693,F,4,0,B,180,ALIMENTOS,LEITE
2020-08-31,379666,726,M,2,0,B,102,LIMPEZA,LIMPA VIDROS
2020-08-31,379719,683,F,3,0,B,227,ALIMENTOS,ARROZ
2020-08-31,379778,883,M,1,0,B,55,ALIMENTOS,QUEIJO DE CABRA
2020-08-31,379808,237,F,4,3,C,78,HIGIENE,FRALDA
2020-08-31,379862,56,F,2,3,B,163,ALIMENTOS,MORTADELA
2020-08-31,379935,25,M,4,1,C,6,ALIMENTOS,ALHO
2020-08-31,379982,633,F,3,0,C,165,ALIMENTOS,MOLHO BARBECUE
2020-08-31,379994,368,M,4,0,C,79,HIGIENE,GEL
2020-08-31,380093,450,M,1,0,B,21,ALIMENTOS,CENOURA
2020-08-31,380106,769,F,3,3,C,181,ALIMENTOS,LATA DE MILHO
2020-08-31,380124,468,M,3,1,C,218,ALIMENTOS,BIFE DE COXAO MOLE
2020-08-31,380183,272,M,4,3,C,77,HIGIENE,FIXADOR
2020-08-31,380236,742,M,1,1,C,216,ALIMENTOS,BROCOLIS
2020-08-31,380301,252,M,2,2,B,181,ALIMENTOS,LATA DE MILHO
2020-08-31,380310,188,M,2,2,B,159,ALIMENTOS,PAO DE FORMA
2020-08-31,380403,544,F,2,0,B,78,HIGIENE,FRALDA
2020-08-31,380433,834,M,3,3,B,11,ALIMENTOS,AZEITE
2020-08-31,380449,365,M,4,0,A,61,ALIMENTOS,SARDINHA
2020-08-31,380464,259,M,1,1,B,216,ALIMENTOS,BROCOLIS
2020-08-31,380524,603,M,3,0,B,110,LIMPEZA,SABAO
2020-01-09,380544,863,F,1,4,B,163,ALIMENTOS,MORTADELA
2020-01-09,380608,100,F,2,3,C,87,HIGIENE,PROTETOR SOLAR
2020-01-09,380676,102,F,1,2,C,210,ACESSORIOS,CHUPETA
2020-01-09,380726,242,F,4,0,B,156,HIGIENE,PASTA DE DENTE
2020-01-09,380824,150,M,1,4,B,142,BEBIDAS,REFRIGERANTE LARANJA
2020-01-09,380908,148,M,3,4,A,115,PET,ALIMENTO PARA PASSARO
2020-01-09,380931,943,F,1,0,C,62,ALIMENTOS,SNACKS
2020-01-09,381021,198,M,4,0,B,55,ALIMENTOS,QUEIJO DE CABRA
2020-01-09,381067,725,M,4,0,C,224,ALIMENTOS,AZEITE
2020-01-09,381137,748,M,4,0,B,89,HIGIENE,SABONETE
2020-01-09,381177,394,M,1,0,B,107,#N/D,#N/D
2020-01-09,381200,236,M,2,2,C,187,HIGIENE,HASTES FLEXIVEIS
2020-01-09,381280,995,M,3,1,B,136,ALIMENTOS,RICOTA
2020-01-09,381318,967,F,1,0,B,91,HIGIENE,TALCO
2020-01-09,381332,143,F,1,4,B,222,LIMPEZA,BALDE
2020-01-09,381377,166,F,1,0,B,176,LIMPEZA,LIMPA VIDROS
2020-01-09,381443,835,F,1,0,A,153,ALIMENTOS,PRESUNTO COZIDO
2020-01-09,381513,108,M,1,0,B,74,HIGIENE,ENXAGUANTE BUCAL
2020-01-09,381599,558,F,5,2,C,222,LIMPEZA,BALDE
2020-01-09,381609,157,M,1,1,C,225,ALIMENTOS,ATUM
2020-01-09,381677,758,F,3,0,B,188,ALIMENTOS,HAMBUGUER
2020-01-09,381757,108,M,1,0,B,193,HIGIENE,FIO DENTAL
2020-01-09,381775,221,F,1,0,B,185,LIMPEZA,INSETICIDA
2020-01-09,381805,662,F,1,1,B,36,ALIMENTOS,LATA DE MILHO
2020-01-09,381861,523,M,3,0,B,133,LIMPEZA,SABAO EM PO
2020-01-09,381908,274,M,1,1,B,97,LIMPEZA,CERA
2020-01-09,381987,210,M,2,2,C,62,ALIMENTOS,SNACKS
2020-01-09,382001,969,M,1,3,B,222,LIMPEZA,BALDE
2020-01-09,382081,132,M,2,0,A,132,HIGIENE,SABONETE
2020-01-09,382117,785,M,1,4,C,104,LIMPEZA,LIMPADOR PERFUMADO
2020-01-09,382144,845,F,3,3,C,73,HIGIENE,CREME
2020-01-09,382161,689,M,2,0,C,195,ALIMENTOS,FEIJAO
2020-01-09,382198,425,F,3,0,B,31,ALIMENTOS,GRANOLA
2020-01-09,382257,487,F,3,0,C,229,ALIMENTOS,ALMONDEGA
2020-01-09,382343,731,M,3,4,B,196,HIGIENE,ESCOVA DE DENTE
2020-01-09,382389,382,F,3,0,C,83,HIGIENE,MODELADOR
2020-01-09,382419,977,M,1,0,C,214,ALIMENTOS,CEBOLA
2020-01-09,382490,439,F,3,0,B,111,LIMPEZA,SABAO EM PO
2020-01-09,382529,554,F,3,0,A,149,ALIMENTOS,QUEIJO MUSSARELA
2020-01-09,382530,694,M,4,0,C,193,HIGIENE,FIO DENTAL
2020-01-09,382550,204,F,3,3,B,122,ALIMENTOS,TOMATE
2020-01-09,382636,897,M,2,1,C,119,PET,RACAO UMIDA PARA GATOS
2020-01-09,382659,643,F,4,0,C,177,ALIMENTOS,LIMAO
2020-01-09,382724,74,M,3,0,C,220,ALIMENTOS,BATATA
2020-01-09,382764,268,M,4,0,B,213,ALIMENTOS,CENOURA
2020-01-09,382773,11,F,4,0,A,160,ALIMENTOS,PALMITO
2020-01-09,382824,973,F,4,0,B,127,ALIMENTOS,SNACKS
2020-01-09,382841,725,M,4,0,C,35,ALIMENTOS,LATA DE ERVILHA
2020-01-09,382887,37,M,3,0,B,165,ALIMENTOS,MOLHO BARBECUE
2020-01-09,382900,395,F,4,1,B,198,BEBIDAS,ENERGETICO
2020-01-09,382929,817,M,3,0,B,137,ALIMENTOS,REQUEIJAO
2020-01-09,383005,721,M,3,2,C,109,LIMPEZA,RODO
2020-01-09,383029,504,M,3,0,B,78,HIGIENE,FRALDA
2020-01-09,383119,448,F,2,0,A,143,BEBIDAS,REFRIGERANTE GUARANA
2020-01-09,383137,267,F,4,2,B,197,HIGIENE,ENXAGUANTE BUCAL
2020-01-09,383173,114,F,3,3,B,135,LIMPEZA,RODO
2020-01-09,383251,398,F,4,1,B,126,HIGIENE,TALCO
2020-01-09,383333,464,M,2,2,B,18,ALIMENTOS,BROCOLIS
2020-01-09,383334,74,M,3,0,C,38,ALIMENTOS,LEITE CONDENSADO
2020-01-09,383417,564,M,3,2,B,137,ALIMENTOS,REQUEIJAO
2020-01-09,383507,51,F,3,0,B,166,HIGIENE,MODELADOR
2020-01-09,383517,86,F,4,3,C,81,HIGIENE,HIDRATANTE
2020-01-09,383560,68,F,2,1,A,53,ALIMENTOS,PRESUNTO COZIDO
2020-01-09,383645,926,M,1,0,B,70,BEBIDAS,REFRIGERANTE OUTROS
2020-01-09,383691,565,F,1,2,B,122,ALIMENTOS,TOMATE
2020-01-09,383779,509,F,2,3,C,51,ALIMENTOS,PAPINHA INFANTIL
2020-01-09,383829,327,M,4,2,A,27,ALIMENTOS,DANETTE
2020-01-09,383873,542,M,3,1,B,58,ALIMENTOS,RICOTA
2020-01-09,383946,704,F,2,0,C,38,ALIMENTOS,LEITE CONDENSADO
2020-01-09,383996,695,M,2,0,A,1,ACESSORIOS,CHUPETA
2020-01-09,383998,582,F,2,0,B,37,ALIMENTOS,LEITE
2020-01-09,384063,285,M,3,0,B,221,ALIMENTOS,BANANA
2020-01-09,384098,949,M,1,0,B,214,ALIMENTOS,CEBOLA
2020-01-09,384177,484,M,3,2,C,18,ALIMENTOS,BROCOLIS
2020-01-09,384260,857,F,2,2,B,20,ALIMENTOS,CEBOLA
2020-01-09,384303,451,M,3,0,C,182,ALIMENTOS,LATA DE ERVILHA
2020-01-09,384391,532,F,2,3,B,223,ALIMENTOS,AZEITONA
2020-01-09,384479,388,F,4,3,B,119,PET,RACAO UMIDA PARA GATOS
2020-01-09,384485,108,M,1,0,B,46,ALIMENTOS,MOLHO BARBECUE
2020-01-09,384540,501,M,1,0,B,48,ALIMENTOS,OVOS
2020-01-09,384557,350,F,5,1,B,76,HIGIENE,FIO DENTAL
2020-01-09,384649,934,F,2,2,B,12,ALIMENTOS,AZEITONA
2020-01-09,384680,438,F,1,0,B,7,ALIMENTOS,ALMONDEGA
2020-01-09,384760,557,F,2,0,A,158,HIGIENE,PAPEL HIGIENICO
2020-01-09,384777,949,M,1,0,B,150,ALIMENTOS,QUEIJO DE CABRA
2020-01-09,384842,676,M,2,3,B,186,HIGIENE,HIDRATANTE
2020-01-09,384874,936,F,3,2,B,109,LIMPEZA,RODO
2020-01-09,384886,706,F,2,0,A,124,LIMPEZA,TIRA LIMO
2020-01-09,384948,155,F,2,0,B,136,ALIMENTOS,RICOTA
2020-01-09,385047,245,F,4,3,B,151,HIGIENE,PROTETOR SOLAR
2020-01-09,385061,606,M,1,0,B,174,LIMPEZA,LIMPADOR PERFUMADO
2020-05-09,385111,530,F,1,0,A,80,HIGIENE,HASTES FLEXIVEIS
2020-05-09,385139,536,M,4,0,B,41,ALIMENTOS,MACARRAO
2020-05-09,385170,243,F,1,4,C,150,ALIMENTOS,QUEIJO DE CABRA
2020-05-09,385218,616,F,1,2,C,99,LIMPEZA,DESINFETANTE
2020-05-09,385311,585,F,2,4,B,162,LIMPEZA,ODORIZADOR
2020-05-09,385372,640,M,4,0,C,175,LIMPEZA,LIMPADOR MULTIUSO
2020-05-09,385419,899,F,4,0,C,130,ALIMENTOS,SALGADINHOS DE MILHO
2020-05-09,385516,316,F,3,2,B,83,HIGIENE,MODELADOR
2020-05-09,385552,752,M,3,0,C,16,ALIMENTOS,BIFE DE COXAO MOLE
2020-05-09,385613,921,M,2,3,B,85,HIGIENE,PASTA DE DENTE
2020-05-09,385615,519,M,2,4,B,188,ALIMENTOS,HAMBUGUER
2020-05-09,385678,351,F,2,2,B,136,ALIMENTOS,RICOTA
2020-05-09,385730,133,F,2,0,B,20,ALIMENTOS,CEBOLA
2020-05-09,385750,751,F,2,0,B,107,#N/D,#N/D
2020-05-09,385777,139,F,3,3,B,10,ALIMENTOS,ATUM
2020-05-09,385785,547,F,3,4,C,204,HIGIENE,CREME
2020-05-09,385845,802,M,1,1,B,153,ALIMENTOS,PRESUNTO COZIDO
2020-05-09,385906,982,M,4,3,B,75,HIGIENE,ESCOVA DE DENTE
2020-05-09,385921,989,M,2,0,B,27,ALIMENTOS,DANETTE
2020-05-09,385946,215,M,2,4,B,144,BEBIDAS,REFRIGERANTE COLA
2020-05-09,385972,396,F,1,0,B,113,LIMPEZA,TIRA MANCHA
2020-05-09,385994,873,F,3,0,B,182,ALIMENTOS,LATA DE ERVILHA
2020-05-09,386055,941,M,2,3,B,67,BEBIDAS,REFRIGERANTE GUARANA
2020-05-09,386152,827,M,4,0,B,166,HIGIENE,MODELADOR
2020-05-09,386245,149,M,1,3,A,128,HIGIENE,SHAMPOO
2020-05-09,386254,46,F,4,1,B,92,HIGIENE,TINTURAS
2020-05-09,386299,367,F,1,0,A,100,LIMPEZA,DETERGENTE
2020-05-09,386321,72,F,2,0,A,44,ALIMENTOS,MAMAO
2020-05-09,386363,750,M,2,2,C,20,ALIMENTOS,CEBOLA
2020-05-09,386417,296,F,1,3,B,76,HIGIENE,FIO DENTAL
2020-05-09,386478,743,M,1,3,C,103,LIMPEZA,LIMPADOR MULTIUSO
2020-05-09,386563,998,F,2,0,C,11,ALIMENTOS,AZEITE
2020-05-09,386615,401,M,1,4,C,189,ALIMENTOS,GRANOLA
2020-05-09,386653,610,M,2,0,B,9,ALIMENTOS,ARROZ INTEGRAL
2020-05-09,386654,535,M,4,0,A,9,ALIMENTOS,ARROZ INTEGRAL
2020-05-09,386658,380,M,3,4,B,102,LIMPEZA,LIMPA VIDROS
2020-05-09,386692,726,M,2,0,B,94,LIMPEZA,ALCOOL
2020-05-09,386751,102,F,1,2,C,82,HIGIENE,LENCO UMEDECIDO
2020-05-09,386799,330,F,1,0,B,219,ALIMENTOS,BATATA DOCE
2020-05-09,386808,808,F,3,0,B,84,HIGIENE,PAPEL HIGIENICO
2020-05-09,386860,856,F,5,1,B,159,ALIMENTOS,PAO DE FORMA
2020-05-09,386925,25,M,4,1,C,45,ALIMENTOS,MANGA
2020-05-09,386936,614,F,4,1,B,150,ALIMENTOS,QUEIJO DE CABRA
2020-05-09,386976,337,M,3,0,B,227,ALIMENTOS,ARROZ
2020-05-09,387013,549,M,2,3,C,79,HIGIENE,GEL
2020-05-09,387049,70,F,4,0,B,207,ALIMENTOS,COPA SUINA
2020-05-09,387083,899,F,4,0,C,34,ALIMENTOS,KETCHUP
2020-05-09,387118,648,M,1,0,B,82,HIGIENE,LENCO UMEDECIDO
2020-12-09,387121,314,F,1,1,A,14,ALIMENTOS,BATATA
2020-12-09,387204,944,F,3,1,B,107,#N/D,#N/D
2020-12-09,387250,42,M,2,2,B,227,ALIMENTOS,ARROZ
2020-12-09,387268,525,M,1,4,B,172,LIMPEZA,LUSTRA MOVEIS
2020-12-09,387325,2,M,3,0,B,156,HIGIENE,PASTA DE DENTE
2020-12-09,387408,649,F,3,0,B,31,ALIMENTOS,GRANOLA
2020-12-09,387418,704,F,2,0,C,31,ALIMENTOS,GRANOLA
2020-12-09,387484,212,F,2,1,B,140,BEBIDAS,REFRIGERANTE OUTROS
2020-12-09,387515,782,M,3,3,B,12,ALIMENTOS,AZEITONA
2020-12-09,387589,559,F,3,1,A,26,ALIMENTOS,COXA E SOBRECOXA DE FRANGO
2020-12-09,387597,944,F,3,1,B,61,ALIMENTOS,SARDINHA
2020-12-09,387689,839,F,1,3,B,65,BEBIDAS,ENERGETICO
2020-12-09,387769,935,F,2,0,B,144,BEBIDAS,REFRIGERANTE COLA
2020-12-09,387810,746,M,3,0,C,116,PET,RACAO SECA PARA CAES
2020-12-09,387863,986,M,4,0,B,58,ALIMENTOS,RICOTA
2020-12-09,387956,426,F,3,0,C,202,LIMPEZA,DESENGORDURANTE
2020-12-09,387960,995,M,3,1,B,40,ALIMENTOS,LINGUICA
2020-12-09,387992,38,M,3,0,B,7,ALIMENTOS,ALMONDEGA
2020-09-14,388066,875,F,1,0,B,55,ALIMENTOS,QUEIJO DE CABRA
2020-09-14,388111,617,F,4,3,C,31,ALIMENTOS,GRANOLA
2020-09-14,388133,231,F,4,2,B,159,ALIMENTOS,PAO DE FORMA
2020-09-14,388219,473,F,4,3,B,46,ALIMENTOS,MOLHO BARBECUE
2020-09-14,388222,600,M,2,4,C,208,HIGIENE,CONDICIONADOR
2020-09-14,388290,723,M,4,0,B,57,ALIMENTOS,REQUEIJAO
2020-09-14,388341,852,M,2,3,B,69,BEBIDAS,REFRIGERANTE LIMaO
2020-09-14,388409,266,F,3,3,B,162,LIMPEZA,ODORIZADOR
2020-09-14,388472,109,M,2,1,B,90,HIGIENE,SHAMPOO
2020-09-14,388547,558,F,5,2,C,102,LIMPEZA,LIMPA VIDROS
2020-09-14,388553,850,M,1,0,C,119,PET,RACAO UMIDA PARA GATOS
2020-09-14,388643,597,M,3,0,C,14,ALIMENTOS,BATATA
2020-09-14,388679,657,M,2,3,B,59,ALIMENTOS,SALGADINHO
2020-09-14,388684,224,M,4,0,B,81,HIGIENE,HIDRATANTE
2020-09-14,388716,791,F,1,0,B,68,BEBIDAS,REFRIGERANTE LARANJA
2020-09-14,388782,397,F,1,0,B,143,BEBIDAS,REFRIGERANTE GUARANA
2020-09-14,388827,249,F,4,0,B,199,ALIMENTOS,DOCE
2020-09-14,388882,443,F,4,0,C,144,BEBIDAS,REFRIGERANTE COLA
2020-09-14,388905,498,M,3,2,B,189,ALIMENTOS,GRANOLA
2020-09-14,388922,123,F,3,2,B,140,BEBIDAS,REFRIGERANTE OUTROS
2020-09-14,388973,585,F,2,4,B,199,ALIMENTOS,DOCE
2020-09-14,388992,433,M,3,3,B,210,ACESSORIOS,CHUPETA
2020-09-14,389077,15,M,2,1,C,25,ALIMENTOS,CORACAO DE FRANGO
2020-09-14,389100,195,M,4,0,B,85,HIGIENE,PASTA DE DENTE
2020-09-14,389124,674,M,4,1,B,145,PET,RACAO UMIDA PARA GATOS
2020-09-14,389172,452,M,1,3,B,120,LIMPEZA,VASSOURA
2020-09-14,389176,35,M,3,0,B,131,ALIMENTOS,SALGADINHO
2020-09-14,389184,931,M,2,0,A,114,LIMPEZA,VASSOURA
2020-09-14,389206,401,M,1,4,C,185,LIMPEZA,INSETICIDA
2020-09-14,389297,710,F,3,1,C,158,HIGIENE,PAPEL HIGIENICO
2020-09-14,389305,899,F,4,0,C,156,HIGIENE,PASTA DE DENTE
2020-09-14,389321,458,F,3,4,C,78,HIGIENE,FRALDA
2020-09-14,389399,169,F,1,1,B,42,ALIMENTOS,MACARRAO INSTANTANEO
2020-09-14,389478,86,F,4,3,C,162,LIMPEZA,ODORIZADOR
2020-09-14,389493,701,M,3,0,B,195,ALIMENTOS,FEIJAO
2020-09-14,389497,40,M,2,1,B,147,PET,RACAO SECA PARA GATOS
2020-09-14,389521,988,F,2,0,C,102,LIMPEZA,LIMPA VIDROS
2020-09-14,389573,543,M,2,2,B,203,ALIMENTOS,DANETTE
2020-09-14,389575,494,F,5,1,C,188,ALIMENTOS,HAMBUGUER
2020-09-14,389578,764,F,3,1,B,73,HIGIENE,CREME
2020-09-14,389601,615,M,1,4,C,85,HIGIENE,PASTA DE DENTE
2020-09-14,389656,879,M,2,2,C,25,ALIMENTOS,CORACAO DE FRANGO
2020-09-14,389706,187,M,2,1,B,107,#N/D,#N/D
2020-09-14,389782,171,F,3,1,B,229,ALIMENTOS,ALMONDEGA
2020-09-14,389791,362,F,3,0,B,223,ALIMENTOS,AZEITONA
2020-09-14,389814,947,F,3,1,B,199,ALIMENTOS,DOCE
2020-09-14,389900,691,M,4,0,B,66,BEBIDAS,REFRIGERANTE COLA
2020-09-14,389911,891,F,3,2,B,141,BEBIDAS,REFRIGERANTE LIMaO
2020-09-14,389942,112,M,4,0,B,32,ALIMENTOS,HAMBUGUER
2020-09-14,390039,164,M,2,3,A,76,HIGIENE,FIO DENTAL
2020-09-14,390119,303,M,3,4,B,197,HIGIENE,ENXAGUANTE BUCAL
2020-09-14,390196,712,F,2,3,B,63,ALIMENTOS,TOMATE
2020-09-14,390261,268,M,4,0,B,13,ALIMENTOS,BANANA
2020-09-14,390284,519,M,2,4,B,8,ALIMENTOS,ARROZ
2020-09-14,390309,809,F,3,3,B,33,ALIMENTOS,IOGURTE
2020-09-14,390341,375,M,4,0,B,219,ALIMENTOS,BATATA DOCE
2020-09-14,390381,534,M,4,1,C,75,HIGIENE,ESCOVA DE DENTE
2020-09-14,390415,949,M,1,0,B,12,ALIMENTOS,AZEITONA
2020-09-14,390441,667,F,4,0,C,27,ALIMENTOS,DANETTE
2020-09-14,390529,321,M,2,0,B,120,LIMPEZA,VASSOURA
2020-09-14,390586,825,M,1,2,C,193,HIGIENE,FIO DENTAL
2020-09-14,390611,533,F,4,0,A,175,LIMPEZA,LIMPADOR MULTIUSO
2020-09-14,390704,848,F,5,3,A,187,HIGIENE,HASTES FLEXIVEIS
2020-09-14,390752,541,F,3,0,B,144,BEBIDAS,REFRIGERANTE COLA
2020-09-14,390786,474,M,2,0,B,162,LIMPEZA,ODORIZADOR
2020-09-14,390883,769,F,3,3,C,17,ALIMENTOS,BISCOITO
2020-09-14,390916,537,F,1,4,B,63,ALIMENTOS,TOMATE
2020-09-21,390942,831,F,4,2,B,195,ALIMENTOS,FEIJAO
2020-09-21,391006,364,F,4,2,C,52,ALIMENTOS,PATE
2020-09-21,391041,704,F,2,0,C,89,HIGIENE,SABONETE
2020-09-21,391121,866,M,2,2,C,62,ALIMENTOS,SNACKS
2020-09-21,391132,850,M,1,0,C,221,ALIMENTOS,BANANA
2020-09-21,391220,762,F,2,0,B,105,LIMPEZA,LUSTRA MOVEIS
2020-09-21,391274,573,F,1,0,C,87,HIGIENE,PROTETOR SOLAR
2020-09-21,391326,184,M,1,3,B,17,ALIMENTOS,BISCOITO
2020-09-21,391381,438,F,1,0,B,187,HIGIENE,HASTES FLEXIVEIS
2020-09-21,391455,517,F,3,1,B,190,HIGIENE,GEL
2020-09-21,391475,454,F,1,0,B,23,ALIMENTOS,COGUMELOS
2020-09-21,391554,707,M,4,0,B,114,LIMPEZA,VASSOURA
2020-09-21,391595,50,M,4,0,B,179,ALIMENTOS,LEITE CONDENSADO
2020-09-21,391599,522,M,1,2,A,107,#N/D,#N/D
2020-09-21,391622,589,F,3,2,C,130,ALIMENTOS,SALGADINHOS DE MILHO
2020-09-21,391702,121,F,1,2,B,203,ALIMENTOS,DANETTE
2020-09-21,391703,933,M,2,2,B,193,HIGIENE,FIO DENTAL
2020-09-21,391745,901,F,4,1,B,117,PET,RACAO SECA PARA GATOS
2020-09-21,391843,897,M,2,1,C,2,ACESSORIOS,MORDEDOR
2020-09-21,391845,909,M,3,0,B,200,LIMPEZA,DETERGENTE
2020-09-21,391934,55,F,3,0,B,94,LIMPEZA,ALCOOL
2020-09-21,391976,90,F,2,2,B,81,HIGIENE,HIDRATANTE
2020-09-21,392049,487,F,3,0,C,62,ALIMENTOS,SNACKS
2020-09-21,392088,943,F,1,0,C,42,ALIMENTOS,MACARRAO INSTANTANEO
2020-09-21,392159,282,M,2,0,B,212,LIMPEZA,CERA
2020-09-21,392220,800,M,1,0,C,33,ALIMENTOS,IOGURTE
2020-09-21,392258,289,F,3,4,C,42,ALIMENTOS,MACARRAO INSTANTANEO
2020-09-21,392259,221,F,1,0,B,166,HIGIENE,MODELADOR
2020-09-21,392330,152,F,3,1,C,212,LIMPEZA,CERA
2020-09-21,392367,635,F,4,0,B,158,HIGIENE,PAPEL HIGIENICO
2020-09-21,392460,827,M,4,0,B,201,LIMPEZA,DESINFETANTE
2020-09-21,392512,594,F,3,1,C,206,ALIMENTOS,CORACAO DE FRANGO
2020-09-21,392586,606,M,1,0,B,117,PET,RACAO SECA PARA GATOS
2020-09-21,392676,972,M,4,0,C,187,HIGIENE,HASTES FLEXIVEIS
2020-09-21,392680,774,F,2,0,B,26,ALIMENTOS,COXA E SOBRECOXA DE FRANGO
2020-09-21,392748,30,M,4,0,B,76,HIGIENE,FIO DENTAL
2020-09-21,392806,425,F,3,0,B,48,ALIMENTOS,OVOS
2020-09-21,392884,487,F,3,0,C,41,ALIMENTOS,MACARRAO
2020-09-21,392894,369,F,3,4,C,132,HIGIENE,SABONETE
2020-09-21,392901,660,F,3,0,C,130,ALIMENTOS,SALGADINHOS DE MILHO
2020-09-21,392972,15,M,2,1,C,69,BEBIDAS,REFRIGERANTE LIMaO
2020-09-21,393009,594,F,3,1,C,199,ALIMENTOS,DOCE
2020-09-21,393072,296,F,1,3,B,176,LIMPEZA,LIMPA VIDROS
2020-09-21,393156,85,M,1,0,B,202,LIMPEZA,DESENGORDURANTE
2020-09-21,393183,815,F,2,4,B,203,ALIMENTOS,DANETTE
2020-09-21,393264,391,F,2,0,A,148,PET,RACAO SECA PARA CAES
2020-09-21,393353,584,M,3,0,B,202,LIMPEZA,DESENGORDURANTE
2020-09-21,393449,285,M,3,0,B,217,ALIMENTOS,BISCOITO
2020-09-21,393469,777,F,1,0,B,24,ALIMENTOS,COPA SUINA
2020-09-21,393473,823,M,5,3,B,91,HIGIENE,TALCO
2020-09-21,393561,876,F,2,3,B,136,ALIMENTOS,RICOTA
2020-09-21,393608,533,F,4,0,A,165,ALIMENTOS,MOLHO BARBECUE
2020-09-21,393683,863,F,1,4,B,178,HIGIENE,LENCO UMEDECIDO
2020-09-21,393731,704,F,2,0,C,144,BEBIDAS,REFRIGERANTE COLA
2020-09-21,393797,414,F,1,0,B,82,HIGIENE,LENCO UMEDECIDO
2020-09-21,393840,902,F,2,1,B,54,ALIMENTOS,PRESUNTO COZIDO
2020-09-21,393917,318,M,1,2,B,60,ALIMENTOS,SALGADINHOS DE MILHO
2020-09-21,393978,158,M,3,0,B,43,ALIMENTOS,MAMAO PAPAYA
2020-09-21,394016,538,M,3,0,B,23,ALIMENTOS,COGUMELOS
2020-09-21,394071,309,M,1,0,B,76,HIGIENE,FIO DENTAL
2020-09-21,394078,859,M,1,0,B,96,LIMPEZA,BALDE
2020-09-21,394150,864,F,1,3,B,91,HIGIENE,TALCO
2020-09-21,394201,336,F,1,0,C,191,HIGIENE,FRALDA
2020-09-21,394227,236,M,2,2,C,174,LIMPEZA,LIMPADOR PERFUMADO
2020-09-21,394305,750,M,2,2,C,31,ALIMENTOS,GRANOLA
2020-09-21,394355,201,M,3,0,B,43,ALIMENTOS,MAMAO PAPAYA
2020-09-21,394383,697,M,3,0,C,140,BEBIDAS,REFRIGERANTE OUTROS
2020-09-21,394481,821,F,2,3,B,21,ALIMENTOS,CENOURA
2020-09-21,394510,970,M,2,4,B,43,ALIMENTOS,MAMAO PAPAYA
2020-09-21,394574,640,M,4,0,C,67,BEBIDAS,REFRIGERANTE GUARANA
2020-09-21,394577,454,F,1,0,B,150,ALIMENTOS,QUEIJO DE CABRA
2020-09-21,394608,962,M,3,4,B,58,ALIMENTOS,RICOTA
2020-09-21,394621,538,M,3,0,B,150,ALIMENTOS,QUEIJO DE CABRA
2020-09-21,394640,84,F,3,0,C,43,ALIMENTOS,MAMAO PAPAYA
2020-09-21,394646,121,F,1,2,B,180,ALIMENTOS,LEITE
2020-09-21,394652,70,F,4,0,B,208,HIGIENE,CONDICIONADOR
2020-09-21,394684,19,F,2,2,C,12,ALIMENTOS,AZEITONA
2020-09-21,394737,430,F,4,1,B,89,HIGIENE,SABONETE
2020-09-21,394764,980,F,1,0,B,80,HIGIENE,HASTES FLEXIVEIS
2020-09-21,394790,147,M,1,0,A,66,BEBIDAS,REFRIGERANTE COLA
2020-09-21,394879,460,F,1,3,B,79,HIGIENE,GEL
2020-09-21,394913,481,M,3,0,B,199,ALIMENTOS,DOCE
2020-09-21,394980,260,F,2,0,C,21,ALIMENTOS,CENOURA
2020-09-21,395066,676,M,2,3,B,35,ALIMENTOS,LATA DE ERVILHA
2020-09-21,395098,350,F,5,1,B,216,ALIMENTOS,BROCOLIS
2020-09-21,395121,427,M,3,0,B,18,ALIMENTOS,BROCOLIS
2020-09-23,395163,6,F,2,0,B,80,HIGIENE,HASTES FLEXIVEIS
2020-09-23,395183,619,M,4,1,B,223,ALIMENTOS,AZEITONA
2020-09-23,395256,965,M,3,0,B,76,HIGIENE,FIO DENTAL
2020-09-23,395354,688,M,1,1,A,139,LIMPEZA,REMOVEDOR
2020-09-23,395392,929,M,4,0,B,206,ALIMENTOS,CORACAO DE FRANGO
2020-09-23,395423,56,F,2,3,B,105,LIMPEZA,LUSTRA MOVEIS
2020-09-23,395483,992,F,2,0,B,200,LIMPEZA,DETERGENTE
2020-09-23,395573,542,M,3,1,B,20,ALIMENTOS,CEBOLA
2020-09-23,395599,822,M,2,3,B,1,ACESSORIOS,CHUPETA
2020-09-23,395630,700,F,4,2,C,127,ALIMENTOS,SNACKS
2020-09-23,395676,1000,F,4,1,B,125,HIGIENE,TINTURAS
2020-09-23,395721,292,F,2,0,C,67,BEBIDAS,REFRIGERANTE GUARANA
2020-09-23,395808,966,F,4,2,B,29,ALIMENTOS,FEIJAO
2020-09-23,395829,502,M,4,0,C,161,ALIMENTOS,OVOS
2020-09-23,395914,445,M,2,0,B,3,ALIMENTOS,ABACATE
2020-09-23,396007,174,M,4,3,C,15,ALIMENTOS,BATATA DOCE
2020-09-23,396075,92,M,4,1,B,9,ALIMENTOS,ARROZ INTEGRAL
2020-09-23,396083,208,M,3,0,B,89,HIGIENE,SABONETE
2020-09-23,396116,876,F,2,3,B,98,LIMPEZA,DESENGORDURANTE
2020-09-23,396189,540,F,2,0,C,157,ALIMENTOS,PAPINHA INFANTIL
2020-09-23,396253,193,F,4,0,B,159,ALIMENTOS,PAO DE FORMA
2020-09-23,396265,835,F,1,0,A,128,HIGIENE,SHAMPOO
2020-09-23,396330,804,F,4,3,B,150,ALIMENTOS,QUEIJO DE CABRA
2020-09-23,396405,583,F,2,0,B,65,BEBIDAS,ENERGETICO
2020-09-23,396465,244,M,4,0,B,152,ALIMENTOS,PRESUNTO COZIDO
2020-09-23,396559,494,F,5,1,C,211,ALIMENTOS,CHA
2020-09-23,396658,333,F,2,0,C,15,ALIMENTOS,BATATA DOCE
2020-09-23,396682,65,M,4,0,B,78,HIGIENE,FRALDA
2020-09-23,396716,732,F,3,4,B,147,PET,RACAO SECA PARA GATOS
2020-09-23,396721,864,F,1,3,B,31,ALIMENTOS,GRANOLA
2020-09-23,396759,845,F,3,3,C,23,ALIMENTOS,COGUMELOS
2020-09-23,396774,668,M,1,0,A,1,ACESSORIOS,CHUPETA
2020-09-23,396837,186,M,2,4,C,129,ALIMENTOS,SARDINHA
2020-09-23,396927,657,M,2,3,B,201,LIMPEZA,DESINFETANTE
2020-09-23,396937,423,F,5,2,A,183,ALIMENTOS,KETCHUP
2020-09-23,396943,187,M,2,1,B,225,ALIMENTOS,ATUM
2020-09-23,396979,266,F,3,3,B,202,LIMPEZA,DESENGORDURANTE
2020-09-23,397021,979,F,3,0,A,1,ACESSORIOS,CHUPETA
2020-09-23,397054,672,F,4,0,B,67,BEBIDAS,REFRIGERANTE GUARANA
2020-09-23,397113,217,F,3,0,B,47,ALIMENTOS,MORTADELA
2020-09-23,397172,605,M,4,2,B,155,ALIMENTOS,PATE
2020-09-23,397178,813,F,4,0,C,94,LIMPEZA,ALCOOL
2020-09-23,397215,286,M,4,0,B,161,ALIMENTOS,OVOS
2020-09-23,397258,931,M,2,0,A,219,ALIMENTOS,BATATA DOCE
2020-09-23,397281,715,F,3,4,B,16,ALIMENTOS,BIFE DE COXAO MOLE
2020-09-23,397373,970,M,2,4,B,51,ALIMENTOS,PAPINHA INFANTIL
2020-09-23,397424,235,F,4,0,B,207,ALIMENTOS,COPA SUINA
2020-09-23,397490,484,M,3,2,C,151,HIGIENE,PROTETOR SOLAR
2020-09-23,397580,439,F,3,0,B,7,ALIMENTOS,ALMONDEGA
2020-09-23,397665,484,M,3,2,C,27,ALIMENTOS,DANETTE
2020-09-23,397733,956,M,5,1,C,12,ALIMENTOS,AZEITONA
2020-09-23,397832,910,M,2,2,B,157,ALIMENTOS,PAPINHA INFANTIL
2020-09-23,397919,151,F,1,0,B,62,ALIMENTOS,SNACKS
2020-09-23,397938,203,F,3,0,A,197,HIGIENE,ENXAGUANTE BUCAL
2020-09-23,398009,150,M,1,4,B,88,HIGIENE,REPELENTE
2020-09-23,398018,580,M,3,0,B,46,ALIMENTOS,MOLHO BARBECUE
2020-09-23,398112,141,M,3,4,B,224,ALIMENTOS,AZEITE
2020-09-23,398116,462,F,4,0,A,178,HIGIENE,LENCO UMEDECIDO
2020-09-23,398161,720,M,2,3,B,177,ALIMENTOS,LIMAO
2020-09-23,398258,390,F,2,0,B,160,ALIMENTOS,PALMITO
2020-09-23,398313,335,F,3,0,C,121,ALIMENTOS,UVA
2020-09-23,398367,85,M,1,0,B,158,HIGIENE,PAPEL HIGIENICO
2020-09-23,398455,415,F,3,0,B,22,ALIMENTOS,CHA
2020-09-23,398553,736,M,1,0,C,26,ALIMENTOS,COXA E SOBRECOXA DE FRANGO
2020-09-23,398592,558,F,5,2,C,65,BEBIDAS,ENERGETICO
2020-09-23,398631,957,M,2,3,B,136,ALIMENTOS,RICOTA
2020-09-23,398647,330,F,1,0,B,38,ALIMENTOS,LEITE CONDENSADO
2020-09-23,398675,800,M,1,0,C,137,ALIMENTOS,REQUEIJAO
2020-09-23,398720,855,M,4,1,C,159,ALIMENTOS,PAO DE FORMA
2020-09-23,398726,178,M,3,0,A,155,ALIMENTOS,PATE
2020-09-23,398769,946,M,3,0,B,92,HIGIENE,TINTURAS
2020-09-23,398791,169,F,1,1,B,177,ALIMENTOS,LIMAO
2020-09-23,398829,79,F,2,0,C,227,ALIMENTOS,ARROZ
2020-09-23,398833,657,M,2,3,B,180,ALIMENTOS,LEITE
2020-09-23,398928,752,M,3,0,C,69,BEBIDAS,REFRIGERANTE LIMaO
2020-09-25,398966,961,F,1,0,C,167,ALIMENTOS,MANGA
2020-09-25,398996,702,M,1,0,B,135,LIMPEZA,RODO
2020-09-25,399015,958,M,2,3,B,52,ALIMENTOS,PATE
2020-09-25,399073,800,M,1,0,C,24,ALIMENTOS,COPA SUINA
2020-09-25,399113,221,F,1,0,B,87,HIGIENE,PROTETOR SOLAR
2020-09-25,399211,844,F,5,1,A,49,ALIMENTOS,PALMITO
2020-09-25,399219,523,M,3,0,B,41,ALIMENTOS,MACARRAO
2020-09-25,399286,773,M,4,0,B,86,HIGIENE,PRESERVATIVO
2020-09-25,399333,130,F,1,0,B,178,HIGIENE,LENCO UMEDECIDO
2020-09-25,399431,422,F,2,4,C,172,LIMPEZA,LUSTRA MOVEIS
2020-09-25,399450,865,F,1,0,B,152,ALIMENTOS,PRESUNTO COZIDO
2020-09-25,399478,869,F,3,0,B,104,LIMPEZA,LIMPADOR PERFUMADO
2020-09-25,399573,582,F,2,0,B,148,PET,RACAO SECA PARA CAES
2020-09-25,399651,851,F,2,0,B,171,ALIMENTOS,MACARRAO
2020-09-25,399734,793,M,1,3,B,156,HIGIENE,PASTA DE DENTE
2020-09-25,399752,664,M,3,1,B,214,ALIMENTOS,CEBOLA
2020-09-25,399820,192,F,4,0,B,155,ALIMENTOS,PATE
2020-09-25,399857,41,M,3,0,C,180,ALIMENTOS,LEITE
2020-09-25,399912,594,F,3,1,C,31,ALIMENTOS,GRANOLA
2020-09-25,399971,391,F,2,0,A,218,ALIMENTOS,BIFE DE COXAO MOLE
2020-09-25,400068,852,M,2,3,B,137,ALIMENTOS,REQUEIJAO
2020-09-25,400077,26,F,4,1,A,195,ALIMENTOS,FEIJAO
2020-09-25,400093,558,F,5,2,C,124,LIMPEZA,TIRA LIMO
2020-09-25,400097,395,F,4,1,B,134,LIMPEZA,SABAO
2020-09-25,400124,670,M,4,0,C,125,HIGIENE,TINTURAS
2020-09-25,400129,653,M,2,0,C,189,ALIMENTOS,GRANOLA
2020-09-25,400227,748,M,4,0,B,139,LIMPEZA,REMOVEDOR
2020-09-25,400265,913,M,3,4,C,224,ALIMENTOS,AZEITE
2020-09-25,400311,843,F,5,1,C,114,LIMPEZA,VASSOURA
2020-09-25,400355,960,F,4,2,B,50,ALIMENTOS,PAO DE FORMA
2020-09-25,400433,111,M,2,4,C,150,ALIMENTOS,QUEIJO DE CABRA
2020-09-25,400447,566,F,4,0,B,12,ALIMENTOS,AZEITONA
2020-09-25,400492,823,M,5,3,B,225,ALIMENTOS,ATUM
2020-09-25,400589,79,F,2,0,C,109,LIMPEZA,RODO
2020-09-25,400662,727,M,4,2,C,215,ALIMENTOS,CAFE
2020-09-25,400742,696,M,2,0,B,132,HIGIENE,SABONETE
2020-09-25,400779,79,F,2,0,C,214,ALIMENTOS,CEBOLA
2020-09-25,400804,793,M,1,3,B,165,ALIMENTOS,MOLHO BARBECUE
2020-09-25,400828,607,F,2,0,B,35,ALIMENTOS,LATA DE ERVILHA
2020-09-25,400874,921,M,2,3,B,118,PET,RACAO UMIDA PARA CAES
2020-09-25,400940,65,M,4,0,B,140,BEBIDAS,REFRIGERANTE OUTROS
2020-09-25,400970,298,F,4,0,C,92,HIGIENE,TINTURAS
2020-09-28,400977,27,F,1,0,B,59,ALIMENTOS,SALGADINHO
2020-09-28,401012,854,F,5,1,C,98,LIMPEZA,DESENGORDURANTE
2020-09-28,401036,129,M,2,0,A,50,ALIMENTOS,PAO DE FORMA
2020-09-28,401110,202,M,1,0,B,172,LIMPEZA,LUSTRA MOVEIS
2020-09-28,401148,607,F,2,0,B,2,ACESSORIOS,MORDEDOR
2020-09-28,401205,298,F,4,0,C,189,ALIMENTOS,GRANOLA
2020-09-28,401267,122,M,3,3,B,77,HIGIENE,FIXADOR
2020-09-28,401351,894,F,4,3,C,113,LIMPEZA,TIRA MANCHA
2020-09-28,401408,419,F,2,1,B,79,HIGIENE,GEL
2020-09-28,401410,770,M,2,3,B,113,LIMPEZA,TIRA MANCHA
2020-09-28,401478,580,M,3,0,B,205,ALIMENTOS,COXA E SOBRECOXA DE FRANGO
2020-09-28,401507,39,M,2,0,C,126,HIGIENE,TALCO
2020-09-28,401602,800,M,1,0,C,189,ALIMENTOS,GRANOLA
2020-09-28,401685,476,M,3,0,C,62,ALIMENTOS,SNACKS
2020-09-28,401744,399,F,4,1,C,34,ALIMENTOS,KETCHUP
2020-09-28,401773,577,M,4,0,C,129,ALIMENTOS,SARDINHA
2020-09-28,401826,957,M,2,3,B,176,LIMPEZA,LIMPA VIDROS
2020-09-28,401913,888,F,4,2,B,43,ALIMENTOS,MAMAO PAPAYA
2020-09-28,401987,183,M,4,1,B,65,BEBIDAS,ENERGETICO
2020-09-28,402085,863,F,1,4,B,91,HIGIENE,TALCO
2020-09-28,402102,58,M,2,2,B,167,ALIMENTOS,MANGA
2020-09-28,402157,962,M,3,4,B,201,LIMPEZA,DESINFETANTE
2020-09-28,402218,149,M,1,3,A,84,HIGIENE,PAPEL HIGIENICO
2020-09-28,402247,581,F,4,2,C,179,ALIMENTOS,LEITE CONDENSADO
2020-09-28,402274,121,F,1,2,B,34,ALIMENTOS,KETCHUP
2020-09-28,402336,929,M,4,0,B,15,ALIMENTOS,BATATA DOCE
2020-09-28,402339,958,M,2,3,B,8,ALIMENTOS,ARROZ
2020-09-28,402348,421,M,3,3,C,67,BEBIDAS,REFRIGERANTE GUARANA
2020-01-10,402411,201,M,3,0,B,50,ALIMENTOS,PAO DE FORMA
2020-01-10,402478,332,F,3,4,C,102,LIMPEZA,LIMPA VIDROS
2020-01-10,402480,311,F,4,0,C,14,ALIMENTOS,BATATA
2020-01-10,402533,24,F,4,0,C,161,ALIMENTOS,OVOS
2020-01-10,402605,773,M,4,0,B,209,ALIMENTOS,COGUMELOS
2020-01-10,402653,441,M,4,2,B,150,ALIMENTOS,QUEIJO DE CABRA
2020-01-10,402727,589,F,3,2,C,142,BEBIDAS,REFRIGERANTE LARANJA
2020-01-10,402747,568,F,4,1,A,218,ALIMENTOS,BIFE DE COXAO MOLE
2020-01-10,402817,459,F,3,2,B,144,BEBIDAS,REFRIGERANTE COLA
2020-01-10,402846,554,F,3,0,A,226,ALIMENTOS,ARROZ INTEGRAL
2020-01-10,402926,899,F,4,0,C,106,LIMPEZA,ODORIZADOR
2020-01-10,402940,55,F,3,0,B,182,ALIMENTOS,LATA DE ERVILHA
2020-01-10,403015,46,F,4,1,B,11,ALIMENTOS,AZEITE
2020-05-10,403108,151,F,1,0,B,83,HIGIENE,MODELADOR
2020-05-10,403179,99,F,1,4,C,192,HIGIENE,FIXADOR
2020-05-10,403213,708,F,2,2,B,60,ALIMENTOS,SALGADINHOS DE MILHO
2020-05-10,403279,884,F,3,2,C,168,ALIMENTOS,MAMAO PAPAYA
2020-05-10,403322,760,F,2,0,A,182,ALIMENTOS,LATA DE ERVILHA
2020-05-10,403351,774,F,2,0,B,129,ALIMENTOS,SARDINHA
2020-05-10,403372,211,M,2,1,B,186,HIGIENE,HIDRATANTE
2020-05-10,403384,621,F,4,0,B,121,ALIMENTOS,UVA
2020-05-10,403432,391,F,2,0,A,56,ALIMENTOS,QUEIJO MUSSARELA
2020-05-10,403510,363,F,1,0,B,76,HIGIENE,FIO DENTAL
2020-05-10,403530,718,F,3,2,B,149,ALIMENTOS,QUEIJO MUSSARELA
2020-05-10,403618,824,F,1,0,B,221,ALIMENTOS,BANANA
2020-05-10,403667,875,F,1,0,B,213,ALIMENTOS,CENOURA
2020-05-10,403727,474,M,2,0,B,149,ALIMENTOS,QUEIJO MUSSARELA
2020-05-10,403739,520,M,1,0,B,216,ALIMENTOS,BROCOLIS
2020-05-10,403765,978,F,3,0,C,92,HIGIENE,TINTURAS
2020-05-10,403855,461,M,3,4,C,137,ALIMENTOS,REQUEIJAO
2020-05-10,403868,118,M,2,4,A,197,HIGIENE,ENXAGUANTE BUCAL
2020-05-10,403887,997,M,5,2,C,33,ALIMENTOS,IOGURTE
2020-05-10,403920,13,M,2,1,B,16,ALIMENTOS,BIFE DE COXAO MOLE
2020-05-10,403948,878,F,4,3,C,130,ALIMENTOS,SALGADINHOS DE MILHO
2020-05-10,403970,684,F,3,0,C,37,ALIMENTOS,LEITE
2020-05-10,404048,977,M,1,0,C,214,ALIMENTOS,CEBOLA
2020-05-10,404117,347,F,4,0,B,145,PET,RACAO UMIDA PARA GATOS
2020-05-10,404161,39,M,2,0,C,37,ALIMENTOS,LEITE
2020-05-10,404176,174,M,4,3,C,120,LIMPEZA,VASSOURA
2020-05-10,404180,242,F,4,0,B,30,ALIMENTOS,FILE DE PEIXE
2020-05-10,404190,1,M,1,0,C,58,ALIMENTOS,RICOTA
2020-05-10,404258,156,F,2,0,B,3,ALIMENTOS,ABACATE
2020-05-10,404314,558,F,5,2,C,110,LIMPEZA,SABAO
2020-05-10,404407,40,M,2,1,B,136,ALIMENTOS,RICOTA
2020-05-10,404449,353,M,1,2,B,59,ALIMENTOS,SALGADINHO
2020-05-10,404509,161,M,5,2,B,144,BEBIDAS,REFRIGERANTE COLA
2020-05-10,404601,858,F,4,2,C,144,BEBIDAS,REFRIGERANTE COLA
2020-05-10,404611,678,F,3,0,C,73,HIGIENE,CREME
2020-05-10,404616,37,M,3,0,B,83,HIGIENE,MODELADOR
2020-05-10,404677,318,M,1,2,B,103,LIMPEZA,LIMPADOR MULTIUSO
2020-05-10,404723,744,M,4,0,A,69,BEBIDAS,REFRIGERANTE LIMaO
2020-05-10,404795,599,F,1,4,C,183,ALIMENTOS,KETCHUP
2020-05-10,404870,4,M,4,0,B,109,LIMPEZA,RODO
2020-05-10,404890,861,M,3,0,B,96,LIMPEZA,BALDE
2020-05-10,404930,801,M,1,4,B,203,ALIMENTOS,DANETTE
2020-05-10,404999,415,F,3,0,B,173,ALIMENTOS,LINGUICA
2020-05-10,405036,843,F,5,1,C,131,ALIMENTOS,SALGADINHO
2020-05-10,405119,985,M,1,0,B,66,BEBIDAS,REFRIGERANTE COLA
2020-05-10,405178,170,F,4,2,B,95,LIMPEZA,AMACIANTE
2020-05-10,405216,36,F,3,0,C,130,ALIMENTOS,SALGADINHOS DE MILHO
2020-05-10,405239,398,F,4,1,B,3,ALIMENTOS,ABACATE
2020-07-10,405334,821,F,2,3,B,201,LIMPEZA,DESINFETANTE
2020-07-10,405425,495,F,2,3,A,140,BEBIDAS,REFRIGERANTE OUTROS
2020-07-10,405523,747,M,1,0,B,169,ALIMENTOS,MAMAO
2020-07-10,405525,736,M,1,0,C,43,ALIMENTOS,MAMAO PAPAYA
2020-07-10,405618,672,F,4,0,B,177,ALIMENTOS,LIMAO
2020-07-10,405696,868,M,4,0,B,193,HIGIENE,FIO DENTAL
2020-07-10,405751,578,M,4,0,B,206,ALIMENTOS,CORACAO DE FRANGO
2020-07-10,405833,408,F,4,0,B,30,ALIMENTOS,FILE DE PEIXE
2020-07-10,405904,671,M,2,0,C,154,HIGIENE,PRESERVATIVO
2020-07-10,405929,94,M,1,2,C,182,ALIMENTOS,LATA DE ERVILHA
2020-07-10,406006,1,M,1,0,C,91,HIGIENE,TALCO
2020-07-10,406017,491,M,2,1,A,189,ALIMENTOS,GRANOLA
2020-07-10,406037,981,F,4,1,C,176,LIMPEZA,LIMPA VIDROS
2020-07-10,406087,809,F,3,3,B,161,ALIMENTOS,OVOS
2020-07-10,406123,901,F,4,1,B,55,ALIMENTOS,QUEIJO DE CABRA
2020-07-10,406171,773,M,4,0,B,103,LIMPEZA,LIMPADOR MULTIUSO
2020-07-10,406192,758,F,3,0,B,105,LIMPEZA,LUSTRA MOVEIS
2020-07-10,406282,278,F,3,2,C,68,BEBIDAS,REFRIGERANTE LARANJA
2020-07-10,406305,585,F,2,4,B,180,ALIMENTOS,LEITE
2020-07-10,406392,196,M,2,0,B,99,LIMPEZA,DESINFETANTE
2020-07-10,406469,442,F,3,2,B,104,LIMPEZA,LIMPADOR PERFUMADO
2020-07-10,406532,232,M,3,1,B,199,ALIMENTOS,DOCE
2020-10-14,406629,710,F,3,1,C,187,HIGIENE,HASTES FLEXIVEIS
2020-10-14,406634,565,F,1,2,B,104,LIMPEZA,LIMPADOR PERFUMADO
2020-10-14,406672,230,M,1,4,A,52,ALIMENTOS,PATE
2020-10-14,406720,918,F,2,4,C,133,LIMPEZA,SABAO EM PO
2020-10-14,406813,811,M,2,1,B,148,PET,RACAO SECA PARA CAES
2020-10-14,406852,668,M,1,0,A,180,ALIMENTOS,LEITE
2020-10-14,406856,966,F,4,2,B,141,BEBIDAS,REFRIGERANTE LIMaO
2020-10-14,406912,197,F,2,0,B,77,HIGIENE,FIXADOR
2020-10-14,406926,596,M,2,0,B,185,LIMPEZA,INSETICIDA
2020-10-14,406957,854,F,5,1,C,140,BEBIDAS,REFRIGERANTE OUTROS
2020-10-14,406967,264,F,4,1,B,188,ALIMENTOS,HAMBUGUER
2020-10-14,406986,230,M,1,4,A,144,BEBIDAS,REFRIGERANTE COLA
2020-10-14,407019,509,F,2,3,C,30,ALIMENTOS,FILE DE PEIXE
2020-10-14,407091,953,M,1,1,B,27,ALIMENTOS,DANETTE
2020-10-14,407142,492,F,2,1,C,128,HIGIENE,SHAMPOO
2020-10-14,407173,834,M,3,3,B,115,PET,ALIMENTO PARA PASSARO
2020-10-14,407248,848,F,5,3,A,118,PET,RACAO UMIDA PARA CAES
2020-10-14,407339,240,M,4,0,B,172,LIMPEZA,LUSTRA MOVEIS
2020-10-14,407430,866,M,2,2,C,163,ALIMENTOS,MORTADELA
2020-10-14,407455,344,M,3,0,B,57,ALIMENTOS,REQUEIJAO
2020-10-14,407547,195,M,4,0,B,14,ALIMENTOS,BATATA
2020-10-14,407619,968,F,1,0,B,142,BEBIDAS,REFRIGERANTE LARANJA
2020-10-14,407626,999,M,2,2,C,61,ALIMENTOS,SARDINHA
2020-10-14,407654,260,F,2,0,C,152,ALIMENTOS,PRESUNTO COZIDO
2020-10-14,407730,751,F,2,0,B,139,LIMPEZA,REMOVEDOR
2020-10-14,407771,745,F,1,2,B,7,ALIMENTOS,ALMONDEGA
2020-10-14,407785,335,F,3,0,C,27,ALIMENTOS,DANETTE
2020-10-14,407833,835,F,1,0,A,46,ALIMENTOS,MOLHO BARBECUE
2020-10-14,407907,808,F,3,0,B,92,HIGIENE,TINTURAS
2020-10-14,407910,701,M,3,0,B,82,HIGIENE,LENCO UMEDECIDO
2020-10-14,407971,866,M,2,2,C,80,HIGIENE,HASTES FLEXIVEIS
2020-10-18,408008,972,M,4,0,C,61,ALIMENTOS,SARDINHA
2020-10-18,408070,697,M,3,0,C,132,HIGIENE,SABONETE
2020-10-18,408093,135,M,3,0,B,13,ALIMENTOS,BANANA
2020-10-18,408171,480,F,2,0,C,74,HIGIENE,ENXAGUANTE BUCAL
2020-10-18,408213,393,F,4,0,B,219,ALIMENTOS,BATATA DOCE
2020-10-18,408226,915,F,3,0,B,1,ACESSORIOS,CHUPETA
2020-10-18,408236,664,M,3,1,B,132,HIGIENE,SABONETE
2020-10-18,408269,946,M,3,0,B,63,ALIMENTOS,TOMATE
2020-10-18,408276,466,F,1,0,C,143,BEBIDAS,REFRIGERANTE GUARANA
2020-10-18,408348,780,M,3,2,B,195,ALIMENTOS,FEIJAO
2020-10-18,408405,916,F,3,4,C,208,HIGIENE,CONDICIONADOR
2020-10-18,408418,550,M,4,0,B,115,PET,ALIMENTO PARA PASSARO
2020-10-18,408441,271,F,4,0,B,149,ALIMENTOS,QUEIJO MUSSARELA
2020-10-18,408535,208,M,3,0,B,68,BEBIDAS,REFRIGERANTE LARANJA
2020-10-18,408582,485,M,3,3,B,104,LIMPEZA,LIMPADOR PERFUMADO
2020-10-18,408653,682,F,2,2,B,39,ALIMENTOS,LIMAO
2020-10-18,408727,989,M,2,0,B,128,HIGIENE,SHAMPOO
2020-10-18,408765,25,M,4,1,C,220,ALIMENTOS,BATATA
2020-10-18,408849,405,F,4,0,B,45,ALIMENTOS,MANGA
2020-10-18,408926,607,F,2,0,B,55,ALIMENTOS,QUEIJO DE CABRA
2020-10-18,408992,543,M,2,2,B,190,HIGIENE,GEL
2020-10-18,409058,295,F,1,3,B,161,ALIMENTOS,OVOS
2020-10-18,409060,692,F,4,0,B,32,ALIMENTOS,HAMBUGUER
2020-10-18,409133,387,M,2,2,B,144,BEBIDAS,REFRIGERANTE COLA
2020-10-18,409164,547,F,3,4,C,213,ALIMENTOS,CENOURA
2020-10-18,409234,748,M,4,0,B,93,LIMPEZA,AGUA SANITARIA
2020-10-18,409307,488,M,3,2,B,97,LIMPEZA,CERA
2020-10-18,409315,667,F,4,0,C,142,BEBIDAS,REFRIGERANTE LARANJA
2020-10-18,409363,378,F,2,0,C,144,BEBIDAS,REFRIGERANTE COLA
2020-10-18,409381,750,M,2,2,C,131,ALIMENTOS,SALGADINHO
2020-10-18,409405,700,F,4,2,C,229,ALIMENTOS,ALMONDEGA
2020-10-18,409434,722,F,4,0,B,213,ALIMENTOS,CENOURA
2020-10-18,409508,26,F,4,1,A,166,HIGIENE,MODELADOR
2020-10-18,409540,434,M,1,4,B,145,PET,RACAO UMIDA PARA GATOS
2020-10-18,409637,723,M,4,0,B,183,ALIMENTOS,KETCHUP
2020-10-18,409725,163,F,3,0,A,123,LIMPEZA,TIRA MANCHA
2020-10-18,409749,706,F,2,0,A,163,ALIMENTOS,MORTADELA
2020-10-18,409778,943,F,1,0,C,63,ALIMENTOS,TOMATE
2020-10-18,409854,369,F,3,4,C,128,HIGIENE,SHAMPOO
2020-10-18,409901,858,F,4,2,C,54,ALIMENTOS,PRESUNTO COZIDO
2020-10-18,409999,702,M,1,0,B,40,ALIMENTOS,LINGUICA
2020-10-18,410020,209,F,4,0,B,93,LIMPEZA,AGUA SANITARIA
2020-10-18,410079,11,F,4,0,A,108,LIMPEZA,REMOVEDOR
2020-10-18,410140,122,M,3,3,B,65,BEBIDAS,ENERGETICO
2020-10-18,410235,295,F,1,3,B,216,ALIMENTOS,BROCOLIS
2020-10-18,410288,815,F,2,4,B,219,ALIMENTOS,BATATA DOCE
2020-10-18,410342,181,F,2,2,B,164,ACESSORIOS,MORDEDOR
2020-10-18,410364,43,M,2,0,B,145,PET,RACAO UMIDA PARA GATOS
2020-10-18,410423,463,M,3,3,B,167,ALIMENTOS,MANGA
2020-10-18,410496,168,F,4,3,B,199,ALIMENTOS,DOCE
2020-10-18,410538,810,M,1,0,B,226,ALIMENTOS,ARROZ INTEGRAL
2020-10-18,410564,851,F,2,0,B,114,LIMPEZA,VASSOURA
2020-10-18,410655,310,M,4,3,C,94,LIMPEZA,ALCOOL
2020-10-18,410665,388,F,4,3,B,179,ALIMENTOS,LEITE CONDENSADO
2020-10-18,410752,715,F,3,4,B,228,LIMPEZA,AMACIANTE
2020-10-18,410786,387,M,2,2,B,167,ALIMENTOS,MANGA
2020-10-18,410789,569,M,1,1,A,99,LIMPEZA,DESINFETANTE
2020-10-18,410820,692,F,4,0,B,209,ALIMENTOS,COGUMELOS
2020-10-20,410842,241,M,4,1,B,173,ALIMENTOS,LINGUICA
2020-10-20,410914,146,F,2,0,B,217,ALIMENTOS,BISCOITO
2020-10-20,410986,552,M,4,0,B,217,ALIMENTOS,BISCOITO
2020-10-20,411023,817,M,3,0,B,218,ALIMENTOS,BIFE DE COXAO MOLE
2020-10-20,411033,402,M,2,0,C,60,ALIMENTOS,SALGADINHOS DE MILHO
2020-10-20,411123,680,F,3,0,C,181,ALIMENTOS,LATA DE MILHO
2020-10-20,411135,87,M,3,2,A,149,ALIMENTOS,QUEIJO MUSSARELA
2020-10-20,411177,634,F,2,0,C,214,ALIMENTOS,CEBOLA
2020-10-20,411261,124,F,4,2,B,138,HIGIENE,REPELENTE
2020-10-20,411356,542,M,3,1,B,217,ALIMENTOS,BISCOITO
2020-10-20,411440,257,M,1,4,C,217,ALIMENTOS,BISCOITO
2020-10-20,411464,370,M,1,4,B,57,ALIMENTOS,REQUEIJAO
2020-10-20,411514,868,M,4,0,B,50,ALIMENTOS,PAO DE FORMA
2020-10-20,411543,176,F,2,0,B,156,HIGIENE,PASTA DE DENTE
2020-10-20,411630,826,F,2,0,C,32,ALIMENTOS,HAMBUGUER
2020-10-20,411722,947,F,3,1,B,139,LIMPEZA,REMOVEDOR
2020-10-20,411802,416,M,3,2,C,178,HIGIENE,LENCO UMEDECIDO
2020-10-20,411898,617,F,4,3,C,119,PET,RACAO UMIDA PARA GATOS
2020-10-20,411923,644,M,1,0,C,196,HIGIENE,ESCOVA DE DENTE
2020-10-20,411995,270,F,3,1,B,40,ALIMENTOS,LINGUICA
2020-10-20,412022,499,M,3,0,B,137,ALIMENTOS,REQUEIJAO
2020-10-20,412051,296,F,1,3,B,179,ALIMENTOS,LEITE CONDENSADO
2020-10-20,412089,944,F,3,1,B,64,ALIMENTOS,UVA
2020-10-20,412181,202,M,1,0,B,48,ALIMENTOS,OVOS
2020-10-20,412197,952,F,3,4,C,171,ALIMENTOS,MACARRAO
2020-10-20,412285,232,M,3,1,B,56,ALIMENTOS,QUEIJO MUSSARELA
2020-10-20,412349,163,F,3,0,A,161,ALIMENTOS,OVOS
2020-10-20,412388,859,M,1,0,B,156,HIGIENE,PASTA DE DENTE
2020-10-20,412405,899,F,4,0,C,6,ALIMENTOS,ALHO
2020-10-20,412501,680,F,3,0,C,22,ALIMENTOS,CHA
2020-10-20,412555,944,F,3,1,B,100,LIMPEZA,DETERGENTE
2020-10-20,412591,899,F,4,0,C,102,LIMPEZA,LIMPA VIDROS
2020-10-20,412637,818,F,2,0,B,214,ALIMENTOS,CEBOLA
2020-10-20,412638,501,M,1,0,B,159,ALIMENTOS,PAO DE FORMA
2020-10-20,412730,602,M,3,0,B,156,HIGIENE,PASTA DE DENTE
2020-10-20,412773,569,M,1,1,A,133,LIMPEZA,SABAO EM PO
2020-10-20,412812,622,F,3,0,B,136,ALIMENTOS,RICOTA
2020-10-20,412850,656,M,2,0,C,211,ALIMENTOS,CHA
2020-10-20,412924,441,M,4,2,B,40,ALIMENTOS,LINGUICA
2020-10-20,412990,155,F,2,0,B,81,HIGIENE,HIDRATANTE
2020-10-20,413054,396,F,1,0,B,158,HIGIENE,PAPEL HIGIENICO
2020-10-20,413082,367,F,1,0,A,5,ALIMENTOS,ACHOCOLATADO
2020-10-20,413136,358,F,3,0,C,117,PET,RACAO SECA PARA GATOS
2020-10-20,413203,618,M,4,3,B,172,LIMPEZA,LUSTRA MOVEIS
2020-10-20,413242,760,F,2,0,A,84,HIGIENE,PAPEL HIGIENICO
2020-10-20,413263,225,M,4,0,C,150,ALIMENTOS,QUEIJO DE CABRA
2020-10-20,413287,324,F,3,3,B,110,LIMPEZA,SABAO
2020-10-20,413296,902,F,2,1,B,102,LIMPEZA,LIMPA VIDROS
2020-10-20,413322,378,F,2,0,C,71,HIGIENE,ABSORVENTE
2020-10-20,413324,604,M,4,0,B,151,HIGIENE,PROTETOR SOLAR
2020-10-23,413414,885,F,3,1,A,80,HIGIENE,HASTES FLEXIVEIS
2020-10-23,413478,950,M,3,0,C,102,LIMPEZA,LIMPA VIDROS
2020-10-23,413524,536,M,4,0,B,157,ALIMENTOS,PAPINHA INFANTIL
2020-10-23,413557,881,F,5,1,C,80,HIGIENE,HASTES FLEXIVEIS
2020-10-23,413603,634,F,2,0,C,167,ALIMENTOS,MANGA
2020-10-23,413608,398,F,4,1,B,47,ALIMENTOS,MORTADELA
2020-10-23,413646,718,F,3,2,B,70,BEBIDAS,REFRIGERANTE OUTROS
2020-10-23,413672,604,M,4,0,B,144,BEBIDAS,REFRIGERANTE COLA
2020-10-23,413764,41,M,3,0,C,156,HIGIENE,PASTA DE DENTE
2020-10-23,413822,261,F,4,0,B,130,ALIMENTOS,SALGADINHOS DE MILHO
2020-10-23,413828,209,F,4,0,B,2,ACESSORIOS,MORDEDOR
2020-10-23,413885,600,M,2,4,C,129,ALIMENTOS,SARDINHA
2020-10-23,413898,482,M,4,2,B,218,ALIMENTOS,BIFE DE COXAO MOLE
2020-10-23,413913,462,F,4,0,A,113,LIMPEZA,TIRA MANCHA
2020-10-23,413971,825,M,1,2,C,23,ALIMENTOS,COGUMELOS
2020-10-23,414040,975,F,3,0,B,18,ALIMENTOS,BROCOLIS
2020-10-23,414052,111,M,2,4,C,22,ALIMENTOS,CHA
2020-10-23,414120,809,F,3,3,B,85,HIGIENE,PASTA DE DENTE
2020-10-23,414182,727,M,4,2,C,126,HIGIENE,TALCO
2020-10-23,414251,175,M,1,0,B,211,ALIMENTOS,CHA
2020-10-23,414265,368,M,4,0,C,184,ALIMENTOS,IOGURTE
2020-10-23,414269,145,M,3,0,B,97,LIMPEZA,CERA
2020-10-23,414310,885,F,3,1,A,167,ALIMENTOS,MANGA
2020-10-23,414375,542,M,3,1,B,143,BEBIDAS,REFRIGERANTE GUARANA
2020-10-23,414380,347,F,4,0,B,53,ALIMENTOS,PRESUNTO COZIDO
2020-10-23,414470,105,F,4,0,C,145,PET,RACAO UMIDA PARA GATOS
2020-10-23,414506,399,F,4,1,C,89,HIGIENE,SABONETE
2020-10-23,414565,418,M,2,2,A,135,LIMPEZA,RODO
2020-10-23,414569,650,F,2,0,C,14,ALIMENTOS,BATATA
2020-10-23,414617,264,F,4,1,B,81,HIGIENE,HIDRATANTE
2020-10-23,414638,135,M,3,0,B,214,ALIMENTOS,CEBOLA
2020-10-23,414726,644,M,1,0,C,62,ALIMENTOS,SNACKS
2020-10-23,414783,68,F,2,1,A,121,ALIMENTOS,UVA
2020-10-23,414834,432,F,1,0,C,169,ALIMENTOS,MAMAO
2020-10-23,414903,991,F,2,2,C,7,ALIMENTOS,ALMONDEGA
2020-10-23,414920,604,M,4,0,B,195,ALIMENTOS,FEIJAO
2020-10-23,414995,546,F,4,0,B,186,HIGIENE,HIDRATANTE
2020-10-23,415035,631,M,1,4,C,175,LIMPEZA,LIMPADOR MULTIUSO
2020-10-23,415093,492,F,2,1,C,193,HIGIENE,FIO DENTAL
2020-10-23,415133,779,M,3,4,A,153,ALIMENTOS,PRESUNTO COZIDO
2020-10-23,415155,79,F,2,0,C,130,ALIMENTOS,SALGADINHOS DE MILHO
2020-10-23,415196,808,F,3,0,B,48,ALIMENTOS,OVOS
2020-10-23,415201,781,M,4,0,B,16,ALIMENTOS,BIFE DE COXAO MOLE
2020-10-23,415209,402,M,2,0,C,180,ALIMENTOS,LEITE
2020-10-23,415225,82,F,1,1,C,198,BEBIDAS,ENERGETICO
2020-10-23,415318,607,F,2,0,B,10,ALIMENTOS,ATUM
2020-10-23,415368,549,M,2,3,C,132,HIGIENE,SABONETE
2020-10-23,415390,249,F,4,0,B,164,ACESSORIOS,MORDEDOR
2020-10-23,415431,347,F,4,0,B,99,LIMPEZA,DESINFETANTE
2020-10-23,415511,890,M,3,0,C,80,HIGIENE,HASTES FLEXIVEIS
2020-10-23,415562,520,M,1,0,B,186,HIGIENE,HIDRATANTE
2020-10-23,415596,748,M,4,0,B,115,PET,ALIMENTO PARA PASSARO
2020-10-23,415612,973,F,4,0,B,29,ALIMENTOS,FEIJAO
2020-10-23,415691,805,F,3,0,C,103,LIMPEZA,LIMPADOR MULTIUSO
2020-10-23,415755,450,M,1,0,B,85,HIGIENE,PASTA DE DENTE
2020-10-23,415848,729,M,3,0,B,224,ALIMENTOS,AZEITE
2020-10-23,415867,952,F,3,4,C,111,LIMPEZA,SABAO EM PO
2020-10-23,415932,654,M,1,1,B,24,ALIMENTOS,COPA SUINA
2020-10-23,415940,970,M,2,4,B,109,LIMPEZA,RODO
2020-10-23,415956,645,F,4,0,B,151,HIGIENE,PROTETOR SOLAR
2020-10-23,415982,223,F,3,0,B,229,ALIMENTOS,ALMONDEGA
2020-10-23,416047,240,M,4,0,B,140,BEBIDAS,REFRIGERANTE OUTROS
2020-10-23,416050,596,M,2,0,B,211,ALIMENTOS,CHA
2020-10-23,416097,265,M,2,3,B,75,HIGIENE,ESCOVA DE DENTE
2020-10-23,416102,114,F,3,3,B,17,ALIMENTOS,BISCOITO
2020-10-23,416127,59,M,2,0,A,146,PET,RACAO UMIDA PARA CAES
2020-10-23,416223,217,F,3,0,B,51,ALIMENTOS,PAPINHA INFANTIL
2020-10-23,416309,671,M,2,0,C,154,HIGIENE,PRESERVATIVO
2020-10-23,416370,334,M,3,0,C,48,ALIMENTOS,OVOS
2020-10-23,416372,698,F,2,0,B,169,ALIMENTOS,MAMAO
2020-10-23,416413,44,F,4,0,C,199,ALIMENTOS,DOCE
2020-10-23,416482,831,F,4,2,B,62,ALIMENTOS,SNACKS
2020-10-23,416567,919,F,2,0,C,220,ALIMENTOS,BATATA
2020-10-23,416580,924,F,2,2,B,20,ALIMENTOS,CEBOLA
2020-10-23,416620,161,M,5,2,B,36,ALIMENTOS,LATA DE MILHO
2020-10-23,416659,664,M,3,1,B,31,ALIMENTOS,GRANOLA
2020-10-23,416674,688,M,1,1,A,138,HIGIENE,REPELENTE
2020-10-23,416715,312,M,1,0,A,10,ALIMENTOS,ATUM
2020-10-23,416798,500,M,3,2,C,77,HIGIENE,FIXADOR
2020-10-23,416863,948,M,4,0,C,66,BEBIDAS,REFRIGERANTE COLA
2020-10-23,416867,993,M,5,1,B,100,LIMPEZA,DETERGENTE
2020-10-30,416885,540,F,2,0,C,86,HIGIENE,PRESERVATIVO
2020-10-30,416914,22,M,1,0,B,191,HIGIENE,FRALDA
2020-10-30,416936,537,F,1,4,B,12,ALIMENTOS,AZEITONA
2020-10-30,416976,52,F,1,0,A,200,LIMPEZA,DETERGENTE
2020-10-30,417067,281,F,2,0,B,203,ALIMENTOS,DANETTE
2020-10-30,417155,472,M,2,1,C,76,HIGIENE,FIO DENTAL
2020-10-30,417217,376,F,3,0,B,212,LIMPEZA,CERA
2020-10-30,417282,696,M,2,0,B,195,ALIMENTOS,FEIJAO
2020-10-30,417320,26,F,4,1,A,97,LIMPEZA,CERA
2020-10-30,417364,502,M,4,0,C,7,ALIMENTOS,ALMONDEGA
2020-10-30,417370,531,F,3,1,B,61,ALIMENTOS,SARDINHA
2020-10-30,417377,615,M,1,4,C,122,ALIMENTOS,TOMATE
2020-10-30,417386,82,F,1,1,C,182,ALIMENTOS,LATA DE ERVILHA
2020-10-30,417482,530,F,1,0,A,65,BEBIDAS,ENERGETICO
2020-10-30,417518,737,F,2,1,C,182,ALIMENTOS,LATA DE ERVILHA
2020-10-30,417565,206,F,3,1,C,125,HIGIENE,TINTURAS
2020-10-30,417609,443,F,4,0,C,205,ALIMENTOS,COXA E SOBRECOXA DE FRANGO
2020-10-30,417684,491,M,2,1,A,221,ALIMENTOS,BANANA
2020-10-30,417773,540,F,2,0,C,103,LIMPEZA,LIMPADOR MULTIUSO
2020-10-30,417848,132,M,2,0,A,111,LIMPEZA,SABAO EM PO
2020-10-30,417902,398,F,4,1,B,170,ALIMENTOS,MACARRAO INSTANTANEO
2020-10-30,417939,665,M,1,4,B,130,ALIMENTOS,SALGADINHOS DE MILHO
2020-10-30,417976,220,M,1,0,B,12,ALIMENTOS,AZEITONA
2020-10-30,418069,324,F,3,3,B,108,LIMPEZA,REMOVEDOR
2020-10-30,418070,785,M,1,4,C,56,ALIMENTOS,QUEIJO MUSSARELA
2020-10-30,418073,895,M,3,0,B,11,ALIMENTOS,AZEITE
2020-10-30,418143,477,F,4,0,B,227,ALIMENTOS,ARROZ
2020-10-30,418159,25,M,4,1,C,174,LIMPEZA,LIMPADOR PERFUMADO
2020-10-30,418187,565,F,1,2,B,88,HIGIENE,REPELENTE
2020-10-30,418237,217,F,3,0,B,133,LIMPEZA,SABAO EM PO
2020-10-30,418283,792,F,2,0,B,136,ALIMENTOS,RICOTA
2020-10-30,418374,526,M,2,2,B,156,HIGIENE,PASTA DE DENTE
2020-10-30,418462,700,F,4,2,C,65,BEBIDAS,ENERGETICO
2020-10-30,418519,196,M,2,0,B,103,LIMPEZA,LIMPADOR MULTIUSO
2020-10-30,418594,365,M,4,0,A,67,BEBIDAS,REFRIGERANTE GUARANA
2020-10-30,418613,90,F,2,2,B,24,ALIMENTOS,COPA SUINA
2020-10-30,418637,334,M,3,0,C,4,ALIMENTOS,ABACAXI
2020-10-30,418688,294,F,4,0,C,157,ALIMENTOS,PAPINHA INFANTIL
2020-10-30,418766,54,M,1,0,A,92,HIGIENE,TINTURAS
2020-10-30,418802,334,M,3,0,C,198,BEBIDAS,ENERGETICO
2020-03-11,418804,823,M,5,3,B,156,HIGIENE,PASTA DE DENTE
2020-03-11,418888,128,F,2,0,B,10,ALIMENTOS,ATUM
2020-03-11,418987,588,F,1,4,C,165,ALIMENTOS,MOLHO BARBECUE
2020-03-11,419030,890,M,3,0,C,70,BEBIDAS,REFRIGERANTE OUTROS
2020-03-11,419032,692,F,4,0,B,32,ALIMENTOS,HAMBUGUER
2020-03-11,419102,277,F,1,3,B,6,ALIMENTOS,ALHO
2020-03-11,419161,416,M,3,2,C,125,HIGIENE,TINTURAS
2020-03-11,419197,56,F,2,3,B,42,ALIMENTOS,MACARRAO INSTANTANEO
2020-03-11,419238,760,F,2,0,A,185,LIMPEZA,INSETICIDA
2020-03-11,419256,628,M,3,0,B,60,ALIMENTOS,SALGADINHOS DE MILHO
2020-03-11,419327,800,M,1,0,C,71,HIGIENE,ABSORVENTE
2020-03-11,419372,11,F,4,0,A,104,LIMPEZA,LIMPADOR PERFUMADO
2020-03-11,419397,242,F,4,0,B,99,LIMPEZA,DESINFETANTE
2020-03-11,419450,298,F,4,0,C,105,LIMPEZA,LUSTRA MOVEIS
2020-03-11,419490,375,M,4,0,B,149,ALIMENTOS,QUEIJO MUSSARELA
2020-03-11,419577,436,M,2,4,B,62,ALIMENTOS,SNACKS
2020-03-11,419662,638,M,3,1,B,226,ALIMENTOS,ARROZ INTEGRAL
2020-03-11,419672,516,M,1,0,C,104,LIMPEZA,LIMPADOR PERFUMADO
2020-03-11,419724,975,F,3,0,B,160,ALIMENTOS,PALMITO
2020-03-11,419779,910,M,2,2,B,6,ALIMENTOS,ALHO
2020-03-11,419782,702,M,1,0,B,141,BEBIDAS,REFRIGERANTE LIMaO
2020-03-11,419791,443,F,4,0,C,37,ALIMENTOS,LEITE
2020-03-11,419835,45,M,2,0,A,133,LIMPEZA,SABAO EM PO
2020-03-11,419901,61,M,1,2,B,209,ALIMENTOS,COGUMELOS
2020-03-11,419989,584,M,3,0,B,46,ALIMENTOS,MOLHO BARBECUE
2020-03-11,420032,192,F,4,0,B,64,ALIMENTOS,UVA
2020-03-11,420079,694,M,4,0,C,26,ALIMENTOS,COXA E SOBRECOXA DE FRANGO
2020-03-11,420173,579,F,3,0,B,167,ALIMENTOS,MANGA
2020-03-11,420265,8,F,3,0,B,161,ALIMENTOS,OVOS
2020-03-11,420303,921,M,2,3,B,188,ALIMENTOS,HAMBUGUER
2020-03-11,420315,912,F,4,0,C,213,ALIMENTOS,CENOURA
2020-03-11,420320,174,M,4,3,C,154,HIGIENE,PRESERVATIVO
2020-03-11,420375,707,M,4,0,B,152,ALIMENTOS,PRESUNTO COZIDO
2020-03-11,420384,63,F,3,0,B,13,ALIMENTOS,BANANA
2020-06-11,420473,352,M,4,2,B,34,ALIMENTOS,KETCHUP
2020-06-11,420499,564,M,3,2,B,30,ALIMENTOS,FILE DE PEIXE
2020-06-11,420511,983,F,4,0,C,118,PET,RACAO UMIDA PARA CAES
2020-06-11,420549,845,F,3,3,C,164,ACESSORIOS,MORDEDOR
2020-06-11,420638,578,M,4,0,B,191,HIGIENE,FRALDA
2020-06-11,420651,360,M,4,0,B,87,HIGIENE,PROTETOR SOLAR
2020-06-11,420714,520,M,1,0,B,101,LIMPEZA,INSETICIDA
2020-06-11,420750,768,F,4,0,B,8,ALIMENTOS,ARROZ
2020-06-11,420830,289,F,3,4,C,65,BEBIDAS,ENERGETICO
2020-06-11,420920,971,F,1,2,A,221,ALIMENTOS,BANANA
2020-06-11,421010,156,F,2,0,B,221,ALIMENTOS,BANANA
2020-06-11,421013,903,M,1,0,B,14,ALIMENTOS,BATATA
2020-06-11,421033,925,M,2,0,C,188,ALIMENTOS,HAMBUGUER
2020-06-11,421059,900,F,3,0,B,135,LIMPEZA,RODO
2020-06-11,421075,208,M,3,0,B,199,ALIMENTOS,DOCE
2020-06-11,421173,905,M,1,0,B,107,#N/D,#N/D
2020-06-11,421246,779,M,3,4,A,140,BEBIDAS,REFRIGERANTE OUTROS
2020-06-11,421291,752,M,3,0,C,2,ACESSORIOS,MORDEDOR
2020-06-11,421340,122,M,3,3,B,190,HIGIENE,GEL
2020-06-11,421435,344,M,3,0,B,210,ACESSORIOS,CHUPETA
2020-06-11,421488,371,F,4,0,B,19,ALIMENTOS,CAFE
2020-06-11,421521,472,M,2,1,C,5,ALIMENTOS,ACHOCOLATADO
2020-06-11,421559,101,F,1,0,C,227,ALIMENTOS,ARROZ
2020-06-11,421597,330,F,1,0,B,87,HIGIENE,PROTETOR SOLAR
2020-06-11,421638,612,F,3,4,B,122,ALIMENTOS,TOMATE
2020-06-11,421657,644,M,1,0,C,68,BEBIDAS,REFRIGERANTE LARANJA
2020-06-11,421739,363,F,1,0,B,185,LIMPEZA,INSETICIDA
2020-06-11,421765,161,M,5,2,B,112,LIMPEZA,TIRA LIMO
2020-06-11,421819,71,F,3,1,B,52,ALIMENTOS,PATE
2020-06-11,421891,394,M,1,0,B,60,ALIMENTOS,SALGADINHOS DE MILHO
2020-06-11,421981,955,F,3,2,C,62,ALIMENTOS,SNACKS
2020-06-11,422036,618,M,4,3,B,51,ALIMENTOS,PAPINHA INFANTIL
2020-06-11,422082,689,M,2,0,C,140,BEBIDAS,REFRIGERANTE OUTROS
2020-06-11,422150,618,M,4,3,B,177,ALIMENTOS,LIMAO
2020-06-11,422185,642,M,2,3,B,190,HIGIENE,GEL
2020-06-11,422238,615,M,1,4,C,130,ALIMENTOS,SALGADINHOS DE MILHO
2020-06-11,422258,586,F,4,2,B,141,BEBIDAS,REFRIGERANTE LIMaO
2020-06-11,422304,752,M,3,0,C,179,ALIMENTOS,LEITE CONDENSADO
2020-06-11,422330,312,M,1,0,A,119,PET,RACAO UMIDA PARA GATOS
2020-06-11,422356,545,M,2,2,B,107,#N/D,#N/D
2020-06-11,422409,138,F,3,2,B,172,LIMPEZA,LUSTRA MOVEIS
2020-06-11,422418,43,M,2,0,B,21,ALIMENTOS,CENOURA
2020-06-11,422503,130,F,1,0,B,90,HIGIENE,SHAMPOO
2020-06-11,422561,742,M,1,1,C,40,ALIMENTOS,LINGUICA
2020-06-11,422652,483,M,1,0,C,213,ALIMENTOS,CENOURA
2020-06-11,422711,743,M,1,3,C,211,ALIMENTOS,CHA
2020-06-11,422764,919,F,2,0,C,180,ALIMENTOS,LEITE
2020-06-11,422858,686,F,3,2,A,89,HIGIENE,SABONETE
2020-06-11,422874,581,F,4,2,C,148,PET,RACAO SECA PARA CAES
2020-06-11,422907,451,M,3,0,C,223,ALIMENTOS,AZEITONA
2020-06-11,422914,725,M,4,0,C,20,ALIMENTOS,CEBOLA
2020-06-11,422935,654,M,1,1,B,139,LIMPEZA,REMOVEDOR
2020-06-11,422998,584,M,3,0,B,177,ALIMENTOS,LIMAO
2020-06-11,423081,972,M,4,0,C,77,HIGIENE,FIXADOR
2020-06-11,423144,949,M,1,0,B,97,LIMPEZA,CERA
2020-06-11,423174,256,F,4,0,B,229,ALIMENTOS,ALMONDEGA
2020-06-11,423201,411,F,2,0,B,220,ALIMENTOS,BATATA
2020-06-11,423266,260,F,2,0,C,8,ALIMENTOS,ARROZ
2020-06-11,423346,536,M,4,0,B,121,ALIMENTOS,UVA
2020-06-11,423376,182,F,1,4,B,80,HIGIENE,HASTES FLEXIVEIS
2020-06-11,423437,985,M,1,0,B,147,PET,RACAO SECA PARA GATOS
2020-06-11,423512,803,F,2,0,A,82,HIGIENE,LENCO UMEDECIDO
2020-06-11,423578,596,M,2,0,B,33,ALIMENTOS,IOGURTE
2020-06-11,423587,117,M,2,3,B,202,LIMPEZA,DESENGORDURANTE
2020-06-11,423653,177,F,3,2,C,168,ALIMENTOS,MAMAO PAPAYA
2020-06-11,423715,211,M,2,1,B,80,HIGIENE,HASTES FLEXIVEIS
2020-06-11,423809,643,F,4,0,C,77,HIGIENE,FIXADOR
2020-06-11,423877,835,F,1,0,A,155,ALIMENTOS,PATE
2020-06-11,423941,858,F,4,2,C,94,LIMPEZA,ALCOOL
2020-06-11,423984,824,F,1,0,B,73,HIGIENE,CREME
2020-06-11,424000,764,F,3,1,B,59,ALIMENTOS,SALGADINHO
2020-12-11,424010,717,F,3,0,B,117,PET,RACAO SECA PARA GATOS
2020-12-11,424019,15,M,2,1,C,228,LIMPEZA,AMACIANTE
2020-12-11,424112,925,M,2,0,C,81,HIGIENE,HIDRATANTE
2020-12-11,424197,772,F,2,0,B,97,LIMPEZA,CERA
2020-12-11,424293,401,M,1,4,C,7,ALIMENTOS,ALMONDEGA
2020-12-11,424353,711,M,4,2,B,90,HIGIENE,SHAMPOO
2020-12-11,424359,868,M,4,0,B,96,LIMPEZA,BALDE
2020-12-11,424375,722,F,4,0,B,106,LIMPEZA,ODORIZADOR
2020-12-11,424439,493,M,2,4,B,153,ALIMENTOS,PRESUNTO COZIDO
2020-12-11,424472,810,M,1,0,B,203,ALIMENTOS,DANETTE
2020-12-11,424568,980,F,1,0,B,56,ALIMENTOS,QUEIJO MUSSARELA
2020-12-11,424633,908,M,3,2,C,144,BEBIDAS,REFRIGERANTE COLA
2020-12-11,424665,443,F,4,0,C,202,LIMPEZA,DESENGORDURANTE
2020-12-11,424757,237,F,4,3,C,221,ALIMENTOS,BANANA
2020-12-11,424781,246,M,2,2,B,146,PET,RACAO UMIDA PARA CAES
2020-12-11,424800,25,M,4,1,C,50,ALIMENTOS,PAO DE FORMA
2020-12-11,424832,36,F,3,0,C,109,LIMPEZA,RODO
2020-12-11,424909,493,M,2,4,B,160,ALIMENTOS,PALMITO
2020-12-11,424949,157,M,1,1,C,115,PET,ALIMENTO PARA PASSARO
2020-12-11,425030,697,M,3,0,C,65,BEBIDAS,ENERGETICO
2020-12-11,425040,97,F,4,1,B,4,ALIMENTOS,ABACAXI
2020-12-11,425066,470,M,3,1,B,16,ALIMENTOS,BIFE DE COXAO MOLE
2020-12-11,425088,629,M,3,0,C,184,ALIMENTOS,IOGURTE
2020-12-11,425170,140,F,1,0,C,211,ALIMENTOS,CHA
2020-12-11,425199,460,F,1,3,B,16,ALIMENTOS,BIFE DE COXAO MOLE
2020-12-11,425225,824,F,1,0,B,90,HIGIENE,SHAMPOO
2020-12-11,425243,408,F,4,0,B,162,LIMPEZA,ODORIZADOR
2020-12-11,425312,827,M,4,0,B,138,HIGIENE,REPELENTE
2020-12-11,425395,876,F,2,3,B,48,ALIMENTOS,OVOS
2020-12-11,425450,353,M,1,2,B,14,ALIMENTOS,BATATA
2020-12-11,425471,582,F,2,0,B,89,HIGIENE,SABONETE
2020-12-11,425536,57,M,2,0,B,156,HIGIENE,PASTA DE DENTE
2020-12-11,425612,387,M,2,2,B,86,HIGIENE,PRESERVATIVO
2020-12-11,425639,139,F,3,3,B,90,HIGIENE,SHAMPOO
2020-12-11,425724,219,M,2,0,B,169,ALIMENTOS,MAMAO
2020-12-11,425802,65,M,4,0,B,223,ALIMENTOS,AZEITONA
2020-12-11,425828,998,F,2,0,C,76,HIGIENE,FIO DENTAL
2020-12-11,425888,506,F,4,3,B,196,HIGIENE,ESCOVA DE DENTE
2020-12-11,425898,364,F,4,2,C,66,BEBIDAS,REFRIGERANTE COLA
2020-12-11,425938,415,F,3,0,B,39,ALIMENTOS,LIMAO
2020-12-11,425957,277,F,1,3,B,186,HIGIENE,HIDRATANTE
2020-12-11,426016,337,M,3,0,B,127,ALIMENTOS,SNACKS
2020-12-11,426108,873,F,3,0,B,130,ALIMENTOS,SALGADINHOS DE MILHO
2020-12-11,426136,224,M,4,0,B,216,ALIMENTOS,BROCOLIS
2020-12-11,426156,499,M,3,0,B,159,ALIMENTOS,PAO DE FORMA
2020-12-11,426229,784,F,1,3,B,204,HIGIENE,CREME
2020-12-11,426261,493,M,2,4,B,78,HIGIENE,FRALDA
2020-12-11,426304,13,M,2,1,B,132,HIGIENE,SABONETE
2020-12-11,426351,577,M,4,0,C,175,LIMPEZA,LIMPADOR MULTIUSO
2020-12-11,426363,877,M,2,0,C,144,BEBIDAS,REFRIGERANTE COLA
2020-12-11,426398,720,M,2,3,B,214,ALIMENTOS,CEBOLA
2020-12-11,426443,98,M,1,0,B,135,LIMPEZA,RODO
2020-12-11,426448,522,M,1,2,A,127,ALIMENTOS,SNACKS
2020-12-11,426520,869,F,3,0,B,177,ALIMENTOS,LIMAO
2020-12-11,426609,125,M,3,0,B,40,ALIMENTOS,LINGUICA
2020-12-11,426669,470,M,3,1,B,85,HIGIENE,PASTA DE DENTE
2020-12-11,426731,695,M,2,0,A,120,LIMPEZA,VASSOURA
2020-12-11,426770,272,M,4,3,C,196,HIGIENE,ESCOVA DE DENTE
2020-12-11,426791,319,M,1,4,B,135,LIMPEZA,RODO
2020-12-11,426849,995,M,3,1,B,98,LIMPEZA,DESENGORDURANTE
2020-12-11,426876,797,M,2,4,B,35,ALIMENTOS,LATA DE ERVILHA
2020-12-11,426959,161,M,5,2,B,85,HIGIENE,PASTA DE DENTE
2020-12-11,426981,559,F,3,1,A,104,LIMPEZA,LIMPADOR PERFUMADO
2020-12-11,426996,55,F,3,0,B,202,LIMPEZA,DESENGORDURANTE
2020-12-11,427028,23,M,3,0,B,10,ALIMENTOS,ATUM
2020-12-11,427037,823,M,5,3,B,71,HIGIENE,ABSORVENTE
2020-12-11,427068,719,M,1,0,B,198,BEBIDAS,ENERGETICO
2020-12-11,427097,236,M,2,2,C,159,ALIMENTOS,PAO DE FORMA
2020-12-11,427147,179,F,2,0,B,119,PET,RACAO UMIDA PARA GATOS
2020-12-11,427178,682,F,2,2,B,158,HIGIENE,PAPEL HIGIENICO
2020-12-11,427257,157,M,1,1,C,226,ALIMENTOS,ARROZ INTEGRAL
2020-12-11,427347,520,M,1,0,B,3,ALIMENTOS,ABACATE
2020-12-11,427422,620,M,2,0,B,229,ALIMENTOS,ALMONDEGA
2020-12-11,427502,831,F,4,2,B,222,LIMPEZA,BALDE
2020-12-11,427504,292,F,2,0,C,103,LIMPEZA,LIMPADOR MULTIUSO
2020-12-11,427601,22,M,1,0,B,179,ALIMENTOS,LEITE CONDENSADO
2020-12-11,427620,313,M,3,0,B,84,HIGIENE,PAPEL HIGIENICO
2020-12-11,427653,976,M,4,2,B,141,BEBIDAS,REFRIGERANTE LIMaO
2020-12-11,427734,158,M,3,0,B,39,ALIMENTOS,LIMAO
2020-12-11,427786,973,F,4,0,B,96,LIMPEZA,BALDE
2020-12-11,427880,877,M,2,0,C,20,ALIMENTOS,CEBOLA
2020-12-11,427972,315,F,3,0,B,24,ALIMENTOS,COPA SUINA
2020-12-11,428044,728,M,2,0,A,83,HIGIENE,MODELADOR
2020-12-11,428114,528,M,2,2,C,127,ALIMENTOS,SNACKS
2020-12-11,428133,730,F,2,0,B,58,ALIMENTOS,RICOTA
2020-12-11,428228,893,F,1,0,B,65,BEBIDAS,ENERGETICO
2020-12-11,428239,944,F,3,1,B,74,HIGIENE,ENXAGUANTE BUCAL
2020-12-11,428244,474,M,2,0,B,58,ALIMENTOS,RICOTA
2020-12-11,428258,233,M,3,0,B,93,LIMPEZA,AGUA SANITARIA
2020-11-14,428301,326,F,1,0,B,224,ALIMENTOS,AZEITE
2020-11-14,428383,440,F,4,0,C,33,ALIMENTOS,IOGURTE
2020-11-14,428477,288,M,2,0,B,191,HIGIENE,FRALDA
2020-11-14,428498,958,M,2,3,B,208,HIGIENE,CONDICIONADOR
2020-11-14,428536,269,F,3,3,B,9,ALIMENTOS,ARROZ INTEGRAL
2020-11-14,428576,596,M,2,0,B,184,ALIMENTOS,IOGURTE
2020-11-14,428603,695,M,2,0,A,53,ALIMENTOS,PRESUNTO COZIDO
2020-11-14,428614,570,F,4,1,C,187,HIGIENE,HASTES FLEXIVEIS
2020-11-14,428664,326,F,1,0,B,114,LIMPEZA,VASSOURA
2020-11-14,428676,585,F,2,4,B,49,ALIMENTOS,PALMITO
2020-11-14,428734,232,M,3,1,B,91,HIGIENE,TALCO
2020-11-14,428818,860,M,1,0,B,34,ALIMENTOS,KETCHUP
2020-11-14,428896,246,M,2,2,B,187,HIGIENE,HASTES FLEXIVEIS
2020-11-14,428948,20,M,4,0,B,7,ALIMENTOS,ALMONDEGA
2020-11-14,429007,705,M,1,0,B,184,ALIMENTOS,IOGURTE
2020-11-14,429065,586,F,4,2,B,100,LIMPEZA,DETERGENTE
2020-11-14,429069,689,M,2,0,C,2,ACESSORIOS,MORDEDOR
2020-11-14,429162,714,M,1,0,B,72,HIGIENE,CONDICIONADOR
2020-11-14,429245,492,F,2,1,C,165,ALIMENTOS,MOLHO BARBECUE
2020-11-14,429265,890,M,3,0,C,176,LIMPEZA,LIMPA VIDROS
2020-11-14,429307,203,F,3,0,A,11,ALIMENTOS,AZEITE
2020-11-14,429372,587,M,1,0,B,63,ALIMENTOS,TOMATE
2020-11-14,429431,726,M,2,0,B,76,HIGIENE,FIO DENTAL
2020-11-14,429523,949,M,1,0,B,82,HIGIENE,LENCO UMEDECIDO
2020-11-14,429530,873,F,3,0,B,206,ALIMENTOS,CORACAO DE FRANGO
2020-11-14,429542,523,M,3,0,B,143,BEBIDAS,REFRIGERANTE GUARANA
2020-11-14,429543,886,F,5,1,B,227,ALIMENTOS,ARROZ
2020-11-14,429559,652,F,4,0,B,101,LIMPEZA,INSETICIDA
2020-11-14,429563,813,F,4,0,C,83,HIGIENE,MODELADOR
2020-11-14,429583,591,M,4,1,B,59,ALIMENTOS,SALGADINHO
2020-11-14,429600,158,M,3,0,B,160,ALIMENTOS,PALMITO
2020-11-14,429695,965,M,3,0,B,205,ALIMENTOS,COXA E SOBRECOXA DE FRANGO
2020-11-14,429785,812,F,2,0,A,1,ACESSORIOS,CHUPETA
2020-11-14,429841,49,M,2,0,C,12,ALIMENTOS,AZEITONA
2020-11-14,429900,238,M,2,1,B,166,HIGIENE,MODELADOR
2020-11-14,429906,251,F,2,0,C,53,ALIMENTOS,PRESUNTO COZIDO
2020-11-14,429909,89,F,3,3,C,179,ALIMENTOS,LEITE CONDENSADO
2020-11-14,429917,620,M,2,0,B,185,LIMPEZA,INSETICIDA
2020-11-14,429982,324,F,3,3,B,72,HIGIENE,CONDICIONADOR
2020-11-14,430011,78,M,1,0,B,73,HIGIENE,CREME
2020-11-14,430048,532,F,2,3,B,19,ALIMENTOS,CAFE
2020-11-14,430118,589,F,3,2,C,188,ALIMENTOS,HAMBUGUER
2020-11-14,430135,139,F,3,3,B,197,HIGIENE,ENXAGUANTE BUCAL
2020-11-14,430165,61,M,1,2,B,114,LIMPEZA,VASSOURA
2020-11-14,430173,760,F,2,0,A,25,ALIMENTOS,CORACAO DE FRANGO
2020-11-14,430270,8,F,3,0,B,138,HIGIENE,REPELENTE
2020-11-14,430343,610,M,2,0,B,92,HIGIENE,TINTURAS
2020-11-14,430401,157,M,1,1,C,111,LIMPEZA,SABAO EM PO
2020-11-14,430476,132,M,2,0,A,72,HIGIENE,CONDICIONADOR
2020-11-14,430508,964,M,2,0,B,211,ALIMENTOS,CHA
2020-11-14,430523,264,F,4,1,B,135,LIMPEZA,RODO
2020-11-14,430592,1000,F,4,1,B,148,PET,RACAO SECA PARA CAES
2020-11-14,430674,926,M,1,0,B,161,ALIMENTOS,OVOS
2020-11-14,430752,648,M,1,0,B,169,ALIMENTOS,MAMAO
2020-11-14,430846,420,M,3,0,B,206,ALIMENTOS,CORACAO DE FRANGO
2020-11-14,430927,265,M,2,3,B,147,PET,RACAO SECA PARA GATOS
2020-11-14,430979,605,M,4,2,B,60,ALIMENTOS,SALGADINHOS DE MILHO
2020-11-14,430985,96,F,1,1,C,21,ALIMENTOS,CENOURA
2020-11-14,431082,420,M,3,0,B,148,PET,RACAO SECA PARA CAES
2020-11-14,431154,23,M,3,0,B,184,ALIMENTOS,IOGURTE
2020-11-18,431226,199,M,3,3,B,105,LIMPEZA,LUSTRA MOVEIS
2020-11-18,431325,108,M,1,0,B,209,ALIMENTOS,COGUMELOS
2020-11-18,431379,200,F,3,0,B,72,HIGIENE,CONDICIONADOR
2020-11-18,431396,639,M,2,0,C,147,PET,RACAO SECA PARA GATOS
2020-11-18,431401,536,M,4,0,B,149,ALIMENTOS,QUEIJO MUSSARELA
2020-11-18,431418,892,F,4,2,B,88,HIGIENE,REPELENTE
2020-11-18,431448,83,M,1,4,B,217,ALIMENTOS,BISCOITO
2020-11-18,431500,973,F,4,0,B,208,HIGIENE,CONDICIONADOR
2020-11-18,431501,317,M,3,0,B,201,LIMPEZA,DESINFETANTE
2020-11-18,431522,86,F,4,3,C,221,ALIMENTOS,BANANA
2020-11-18,431611,29,M,2,0,B,119,PET,RACAO UMIDA PARA GATOS
2020-11-18,431705,360,M,4,0,B,138,HIGIENE,REPELENTE
2020-11-18,431753,41,M,3,0,C,196,HIGIENE,ESCOVA DE DENTE
2020-11-18,431757,531,F,3,1,B,133,LIMPEZA,SABAO EM PO
2020-11-18,431778,415,F,3,0,B,90,HIGIENE,SHAMPOO
2020-11-18,431835,94,M,1,2,C,170,ALIMENTOS,MACARRAO INSTANTANEO
2020-11-21,431882,380,M,3,4,B,205,ALIMENTOS,COXA E SOBRECOXA DE FRANGO
2020-11-21,431923,934,F,2,2,B,32,ALIMENTOS,HAMBUGUER
2020-11-21,432009,390,F,2,0,B,63,ALIMENTOS,TOMATE
2020-11-21,432087,243,F,1,4,C,9,ALIMENTOS,ARROZ INTEGRAL
2020-11-21,432091,333,F,2,0,C,169,ALIMENTOS,MAMAO
2020-11-21,432117,476,M,3,0,C,137,ALIMENTOS,REQUEIJAO
2020-11-21,432124,689,M,2,0,C,156,HIGIENE,PASTA DE DENTE
2020-11-21,432148,445,M,2,0,B,117,PET,RACAO SECA PARA GATOS
2020-11-21,432221,378,F,2,0,C,166,HIGIENE,MODELADOR
2020-11-21,432265,855,M,4,1,C,102,LIMPEZA,LIMPA VIDROS
2020-11-21,432329,741,M,3,0,B,60,ALIMENTOS,SALGADINHOS DE MILHO
2020-11-21,432404,710,F,3,1,C,215,ALIMENTOS,CAFE
2020-11-21,432484,660,F,3,0,C,165,ALIMENTOS,MOLHO BARBECUE
2020-11-21,432580,160,F,3,4,B,75,HIGIENE,ESCOVA DE DENTE
2020-11-21,432631,104,F,3,2,B,93,LIMPEZA,AGUA SANITARIA
2020-11-21,432697,838,F,1,0,C,193,HIGIENE,FIO DENTAL
2020-11-21,432714,938,M,1,4,B,67,BEBIDAS,REFRIGERANTE GUARANA
2020-11-21,432721,889,F,3,4,B,194,ALIMENTOS,FILE DE PEIXE
2020-11-21,432768,707,M,4,0,B,10,ALIMENTOS,ATUM
2020-11-21,432798,234,M,3,4,B,108,LIMPEZA,REMOVEDOR
2020-11-25,432803,746,M,3,0,C,114,LIMPEZA,VASSOURA
2020-11-25,432818,38,M,3,0,B,152,ALIMENTOS,PRESUNTO COZIDO
2020-11-25,432903,147,M,1,0,A,65,BEBIDAS,ENERGETICO
2020-11-25,432985,810,M,1,0,B,139,LIMPEZA,REMOVEDOR
2020-11-25,433004,812,F,2,0,A,183,ALIMENTOS,KETCHUP
2020-11-25,433029,74,M,3,0,C,36,ALIMENTOS,LATA DE MILHO
2020-11-25,433115,617,F,4,3,C,26,ALIMENTOS,COXA E SOBRECOXA DE FRANGO
2020-11-25,433116,176,F,2,0,B,13,ALIMENTOS,BANANA
2020-11-25,433176,723,M,4,0,B,57,ALIMENTOS,REQUEIJAO
2020-11-25,433180,135,M,3,0,B,146,PET,RACAO UMIDA PARA CAES
2020-11-25,433253,49,M,2,0,C,53,ALIMENTOS,PRESUNTO COZIDO
2020-11-25,433352,868,M,4,0,B,166,HIGIENE,MODELADOR
2020-11-25,433362,350,F,5,1,B,210,ACESSORIOS,CHUPETA
2020-11-25,433459,181,F,2,2,B,134,LIMPEZA,SABAO
2020-11-25,433489,309,M,1,0,B,65,BEBIDAS,ENERGETICO
2020-11-25,433573,952,F,3,4,C,46,ALIMENTOS,MOLHO BARBECUE
2020-11-25,433607,916,F,3,4,C,169,ALIMENTOS,MAMAO
2020-11-25,433691,639,M,2,0,C,38,ALIMENTOS,LEITE CONDENSADO
2020-11-25,433776,618,M,4,3,B,76,HIGIENE,FIO DENTAL
2020-11-25,433875,169,F,1,1,B,224,ALIMENTOS,AZEITE
2020-11-25,433909,141,M,3,4,B,229,ALIMENTOS,ALMONDEGA
2020-11-25,433953,509,F,2,3,C,46,ALIMENTOS,MOLHO BARBECUE
2020-11-25,433989,629,M,3,0,C,187,HIGIENE,HASTES FLEXIVEIS
2020-11-25,434023,98,M,1,0,B,43,ALIMENTOS,MAMAO PAPAYA
2020-11-25,434063,683,F,3,0,B,162,LIMPEZA,ODORIZADOR
2020-11-25,434136,213,M,2,4,B,47,ALIMENTOS,MORTADELA
2020-11-25,434222,160,F,3,4,B,108,LIMPEZA,REMOVEDOR
2020-11-25,434284,487,F,3,0,C,51,ALIMENTOS,PAPINHA INFANTIL
2020-11-25,434311,257,M,1,4,C,178,HIGIENE,LENCO UMEDECIDO
2020-11-25,434356,850,M,1,0,C,175,LIMPEZA,LIMPADOR MULTIUSO
2020-11-25,434363,358,F,3,0,C,49,ALIMENTOS,PALMITO
2020-11-25,434427,782,M,3,3,B,120,LIMPEZA,VASSOURA
2020-11-25,434495,878,F,4,3,C,163,ALIMENTOS,MORTADELA
2020-11-25,434505,781,M,4,0,B,41,ALIMENTOS,MACARRAO
2020-11-25,434511,468,M,3,1,C,64,ALIMENTOS,UVA
2020-11-25,434534,327,M,4,2,A,122,ALIMENTOS,TOMATE
2020-11-25,434574,336,F,1,0,C,157,ALIMENTOS,PAPINHA INFANTIL
2020-11-25,434653,691,M,4,0,B,133,LIMPEZA,SABAO EM PO
2020-11-25,434752,152,F,3,1,C,95,LIMPEZA,AMACIANTE
2020-11-25,434828,277,F,1,3,B,94,LIMPEZA,ALCOOL
2020-11-25,434864,930,F,4,1,B,6,ALIMENTOS,ALHO
2020-11-25,434904,4,M,4,0,B,59,ALIMENTOS,SALGADINHO
2020-11-25,434991,134,F,3,0,B,83,HIGIENE,MODELADOR
2020-11-25,435020,295,F,1,3,B,194,ALIMENTOS,FILE DE PEIXE
2020-11-25,435048,600,M,2,4,C,193,HIGIENE,FIO DENTAL
2020-11-25,435118,853,M,5,2,A,153,ALIMENTOS,PRESUNTO COZIDO
2020-11-25,435142,826,F,2,0,C,134,LIMPEZA,SABAO
2020-11-25,435218,600,M,2,4,C,21,ALIMENTOS,CENOURA
2020-11-25,435291,172,M,2,0,B,126,HIGIENE,TALCO
2020-11-25,435338,67,M,1,0,B,71,HIGIENE,ABSORVENTE
2020-11-26,435376,540,F,2,0,C,145,PET,RACAO UMIDA PARA GATOS
2020-11-26,435419,138,F,3,2,B,220,ALIMENTOS,BATATA
2020-11-26,435455,863,F,1,4,B,104,LIMPEZA,LIMPADOR PERFUMADO
2020-11-26,435461,90,F,2,2,B,125,HIGIENE,TINTURAS
2020-11-26,435478,15,M,2,1,C,76,HIGIENE,FIO DENTAL
2020-11-26,435560,536,M,4,0,B,106,LIMPEZA,ODORIZADOR
2020-11-26,435603,610,M,2,0,B,96,LIMPEZA,BALDE
2020-11-26,435686,933,M,2,2,B,97,LIMPEZA,CERA
2020-11-26,435695,71,F,3,1,B,107,#N/D,#N/D
2020-11-26,435739,131,F,2,0,C,194,ALIMENTOS,FILE DE PEIXE
2020-11-26,435763,448,F,2,0,A,159,ALIMENTOS,PAO DE FORMA
2020-11-26,435840,817,M,3,0,B,92,HIGIENE,TINTURAS
2020-11-26,435939,162,F,1,1,B,63,ALIMENTOS,TOMATE
2020-11-26,436020,134,F,3,0,B,130,ALIMENTOS,SALGADINHOS DE MILHO
2020-11-26,436050,481,M,3,0,B,84,HIGIENE,PAPEL HIGIENICO
2020-11-26,436063,928,F,5,1,B,162,LIMPEZA,ODORIZADOR
2020-11-26,436116,966,F,4,2,B,121,ALIMENTOS,UVA
2020-11-26,436203,646,F,1,0,B,222,LIMPEZA,BALDE
2020-11-26,436290,519,M,2,4,B,39,ALIMENTOS,LIMAO
2020-11-26,436338,534,M,4,1,C,185,LIMPEZA,INSETICIDA
2020-11-26,436425,811,M,2,1,B,1,ACESSORIOS,CHUPETA
2020-11-26,436480,676,M,2,3,B,140,BEBIDAS,REFRIGERANTE OUTROS
2020-11-26,436551,957,M,2,3,B,206,ALIMENTOS,CORACAO DE FRANGO
2020-11-26,436628,492,F,2,1,C,90,HIGIENE,SHAMPOO
2020-11-26,436650,561,M,2,0,B,136,ALIMENTOS,RICOTA
2020-11-26,436701,145,M,3,0,B,89,HIGIENE,SABONETE
2020-11-26,436779,318,M,1,2,B,109,LIMPEZA,RODO
2020-11-26,436818,423,F,5,2,A,14,ALIMENTOS,BATATA
2020-11-26,436828,203,F,3,0,A,170,ALIMENTOS,MACARRAO INSTANTANEO
2020-11-26,436915,551,M,1,0,C,82,HIGIENE,LENCO UMEDECIDO
2020-11-26,436975,987,F,1,0,B,22,ALIMENTOS,CHA
2020-11-26,436997,728,M,2,0,A,200,LIMPEZA,DETERGENTE
2020-11-26,437004,810,M,1,0,B,214,ALIMENTOS,CEBOLA
2020-11-26,437074,550,M,4,0,B,124,LIMPEZA,TIRA LIMO
2020-11-26,437133,191,M,3,0,B,41,ALIMENTOS,MACARRAO
2020-11-26,437140,183,M,4,1,B,169,ALIMENTOS,MAMAO
2020-11-26,437182,967,F,1,0,B,91,HIGIENE,TALCO
2020-11-26,437280,613,F,3,0,B,105,LIMPEZA,LUSTRA MOVEIS
2020-11-26,437376,699,F,1,0,C,177,ALIMENTOS,LIMAO
2020-11-26,437448,186,M,2,4,C,148,PET,RACAO SECA PARA CAES
2020-11-26,437515,41,M,3,0,C,99,LIMPEZA,DESINFETANTE
2020-11-26,437580,502,M,4,0,C,23,ALIMENTOS,COGUMELOS
2020-11-26,437616,894,F,4,3,C,117,PET,RACAO SECA PARA GATOS
2020-11-26,437644,709,F,3,0,B,174,LIMPEZA,LIMPADOR PERFUMADO
2020-11-26,437654,106,M,1,0,B,115,PET,ALIMENTO PARA PASSARO
2020-11-26,437719,402,M,2,0,C,1,ACESSORIOS,CHUPETA
2020-11-26,437739,456,M,1,4,B,113,LIMPEZA,TIRA MANCHA
2020-11-26,437764,588,F,1,4,C,100,LIMPEZA,DETERGENTE
2020-11-26,437827,373,F,4,2,B,146,PET,RACAO UMIDA PARA CAES
2020-11-26,437858,807,M,1,3,B,169,ALIMENTOS,MAMAO
2020-11-26,437951,565,F,1,2,B,125,HIGIENE,TINTURAS
2020-11-26,438033,937,M,3,4,C,19,ALIMENTOS,CAFE
2020-11-26,438060,277,F,1,3,B,176,LIMPEZA,LIMPA VIDROS
2020-11-26,438140,720,M,2,3,B,69,BEBIDAS,REFRIGERANTE LIMaO
2020-11-26,438170,866,M,2,2,C,225,ALIMENTOS,ATUM
2020-11-26,438182,242,F,4,0,B,43,ALIMENTOS,MAMAO PAPAYA
2020-11-26,438259,582,F,2,0,B,192,HIGIENE,FIXADOR
2020-11-26,438280,204,F,3,3,B,208,HIGIENE,CONDICIONADOR
2020-11-26,438290,13,M,2,1,B,83,HIGIENE,MODELADOR
2020-11-26,438355,369,F,3,4,C,150,ALIMENTOS,QUEIJO DE CABRA
2020-11-26,438399,41,M,3,0,C,48,ALIMENTOS,OVOS
2020-11-26,438467,956,M,5,1,C,192,HIGIENE,FIXADOR
2020-11-26,438493,430,F,4,1,B,86,HIGIENE,PRESERVATIVO
2020-11-26,438547,504,M,3,0,B,189,ALIMENTOS,GRANOLA
2020-11-26,438569,737,F,2,1,C,117,PET,RACAO SECA PARA GATOS
2020-11-26,438631,374,F,3,0,B,44,ALIMENTOS,MAMAO
2020-11-26,438656,747,M,1,0,B,140,BEBIDAS,REFRIGERANTE OUTROS
2020-11-26,438705,925,M,2,0,C,115,PET,ALIMENTO PARA PASSARO
2020-11-26,438769,232,M,3,1,B,197,HIGIENE,ENXAGUANTE BUCAL
2020-11-26,438797,616,F,1,2,C,17,ALIMENTOS,BISCOITO
2020-11-26,438873,654,M,1,1,B,119,PET,RACAO UMIDA PARA GATOS
2020-11-26,438908,947,F,3,1,B,158,HIGIENE,PAPEL HIGIENICO
2020-11-26,438997,339,F,4,0,C,22,ALIMENTOS,CHA
2020-11-26,439024,813,F,4,0,C,102,LIMPEZA,LIMPA VIDROS
2020-11-26,439061,287,F,1,0,B,10,ALIMENTOS,ATUM
2020-11-26,439148,449,F,2,3,B,193,HIGIENE,FIO DENTAL
2020-11-26,439221,266,F,3,3,B,67,BEBIDAS,REFRIGERANTE GUARANA
2020-11-26,439271,170,F,4,2,B,160,ALIMENTOS,PALMITO
2020-11-26,439312,490,F,2,4,C,117,PET,RACAO SECA PARA GATOS
2020-11-26,439398,426,F,3,0,C,210,ACESSORIOS,CHUPETA
2020-11-26,439473,706,F,2,0,A,131,ALIMENTOS,SALGADINHO
2020-11-26,439479,894,F,4,3,C,97,LIMPEZA,CERA
2020-11-26,439565,457,M,3,0,C,95,LIMPEZA,AMACIANTE
2020-11-26,439599,281,F,2,0,B,162,LIMPEZA,ODORIZADOR
2020-11-26,439684,359,F,1,0,B,47,ALIMENTOS,MORTADELA
2020-11-26,439694,877,M,2,0,C,46,ALIMENTOS,MOLHO BARBECUE
2020-11-26,439782,109,M,2,1,B,144,BEBIDAS,REFRIGERANTE COLA
2020-11-26,439834,113,F,3,0,B,184,ALIMENTOS,IOGURTE
2020-11-26,439903,79,F,2,0,C,169,ALIMENTOS,MAMAO
2020-11-27,439981,391,F,2,0,A,77,HIGIENE,FIXADOR
2020-11-27,440061,900,F,3,0,B,19,ALIMENTOS,CAFE
2020-11-27,440136,585,F,2,4,B,206,ALIMENTOS,CORACAO DE FRANGO
2020-11-27,440213,619,M,4,1,B,191,HIGIENE,FRALDA
2020-11-27,440245,707,M,4,0,B,150,ALIMENTOS,QUEIJO DE CABRA
2020-11-27,440256,444,F,2,0,B,60,ALIMENTOS,SALGADINHOS DE MILHO
2020-11-27,440285,450,M,1,0,B,164,ACESSORIOS,MORDEDOR
2020-11-27,440302,515,M,4,0,A,179,ALIMENTOS,LEITE CONDENSADO
2020-11-27,440340,216,F,1,2,B,141,BEBIDAS,REFRIGERANTE LIMaO
2020-11-27,440395,251,F,2,0,C,35,ALIMENTOS,LATA DE ERVILHA
2020-11-27,440440,71,F,3,1,B,114,LIMPEZA,VASSOURA
2020-11-27,440474,456,M,1,4,B,223,ALIMENTOS,AZEITONA
2020-11-27,440552,581,F,4,2,C,98,LIMPEZA,DESENGORDURANTE
2020-11-27,440607,318,M,1,2,B,130,ALIMENTOS,SALGADINHOS DE MILHO
2020-11-27,440625,454,F,1,0,B,165,ALIMENTOS,MOLHO BARBECUE
2020-11-27,440677,986,M,4,0,B,9,ALIMENTOS,ARROZ INTEGRAL
2020-11-27,440727,633,F,3,0,C,175,LIMPEZA,LIMPADOR MULTIUSO
2020-11-27,440825,207,F,3,0,B,80,HIGIENE,HASTES FLEXIVEIS
2020-11-27,440854,542,M,3,1,B,199,ALIMENTOS,DOCE
2020-11-27,440858,742,M,1,1,C,56,ALIMENTOS,QUEIJO MUSSARELA
2020-11-27,440861,733,M,4,0,B,45,ALIMENTOS,MANGA
2020-11-27,440937,335,F,3,0,C,15,ALIMENTOS,BATATA DOCE
2020-11-27,440972,33,F,2,0,B,194,ALIMENTOS,FILE DE PEIXE
2020-11-27,441071,265,M,2,3,B,213,ALIMENTOS,CENOURA
2020-11-27,441112,423,F,5,2,A,167,ALIMENTOS,MANGA
2020-11-27,441155,911,F,2,0,B,2,ACESSORIOS,MORDEDOR
2020-11-27,441230,811,M,2,1,B,159,ALIMENTOS,PAO DE FORMA
2020-11-27,441287,306,F,3,0,B,154,HIGIENE,PRESERVATIVO
2020-11-27,441297,107,F,2,0,C,202,LIMPEZA,DESENGORDURANTE
2020-11-27,441325,747,M,1,0,B,44,ALIMENTOS,MAMAO
2020-11-27,441406,745,F,1,2,B,76,HIGIENE,FIO DENTAL
2020-11-27,441440,519,M,2,4,B,60,ALIMENTOS,SALGADINHOS DE MILHO
2020-11-27,441482,450,M,1,0,B,84,HIGIENE,PAPEL HIGIENICO
2020-11-27,441487,291,F,3,0,C,9,ALIMENTOS,ARROZ INTEGRAL
2020-11-27,441546,475,F,4,3,B,164,ACESSORIOS,MORDEDOR
2020-11-27,441642,146,F,2,0,B,102,LIMPEZA,LIMPA VIDROS
2020-11-27,441643,737,F,2,1,C,173,ALIMENTOS,LINGUICA
2020-11-27,441734,6,F,2,0,B,35,ALIMENTOS,LATA DE ERVILHA
2020-11-27,441740,794,M,1,2,B,130,ALIMENTOS,SALGADINHOS DE MILHO
2020-11-27,441758,352,M,4,2,B,123,LIMPEZA,TIRA MANCHA
2020-11-27,441807,814,M,4,0,B,167,ALIMENTOS,MANGA
2020-11-27,441870,703,M,1,3,B,90,HIGIENE,SHAMPOO
2020-11-27,441884,313,M,3,0,B,186,HIGIENE,HIDRATANTE
2020-11-27,441957,506,F,4,3,B,50,ALIMENTOS,PAO DE FORMA
2020-11-27,442032,559,F,3,1,A,175,LIMPEZA,LIMPADOR MULTIUSO
2020-11-27,442118,730,F,2,0,B,167,ALIMENTOS,MANGA
2020-11-27,442135,949,M,1,0,B,105,LIMPEZA,LUSTRA MOVEIS
2020-11-27,442138,731,M,3,4,B,145,PET,RACAO UMIDA PARA GATOS
2020-11-27,442142,704,F,2,0,C,77,HIGIENE,FIXADOR
2020-11-27,442183,879,M,2,2,C,103,LIMPEZA,LIMPADOR MULTIUSO
2020-11-27,442186,528,M,2,2,C,67,BEBIDAS,REFRIGERANTE GUARANA
2020-11-27,442201,147,M,1,0,A,13,ALIMENTOS,BANANA
2020-11-27,442265,273,M,4,0,C,4,ALIMENTOS,ABACAXI
2020-11-27,442358,400,F,4,1,C,169,ALIMENTOS,MAMAO
2020-11-27,442400,349,M,3,0,B,147,PET,RACAO SECA PARA GATOS
2020-11-27,442499,208,M,3,0,B,86,HIGIENE,PRESERVATIVO
2020-11-27,442528,169,F,1,1,B,8,ALIMENTOS,ARROZ
2020-11-27,442592,94,M,1,2,C,23,ALIMENTOS,COGUMELOS
2020-02-12,442629,149,M,1,3,A,47,ALIMENTOS,MORTADELA
2020-02-12,442718,55,F,3,0,B,110,LIMPEZA,SABAO
2020-02-12,442787,110,M,3,0,C,37,ALIMENTOS,LEITE
2020-02-12,442808,458,F,3,4,C,26,ALIMENTOS,COXA E SOBRECOXA DE FRANGO
2020-02-12,442856,471,F,4,0,A,112,LIMPEZA,TIRA LIMO
2020-02-12,442928,768,F,4,0,B,165,ALIMENTOS,MOLHO BARBECUE
2020-02-12,442951,591,M,4,1,B,25,ALIMENTOS,CORACAO DE FRANGO
2020-02-12,442977,821,F,2,3,B,224,ALIMENTOS,AZEITE
2020-02-12,443046,309,M,1,0,B,11,ALIMENTOS,AZEITE
2020-02-12,443144,309,M,1,0,B,138,HIGIENE,REPELENTE
2020-02-12,443206,508,F,3,0,B,96,LIMPEZA,BALDE
2020-02-12,443265,54,M,1,0,A,164,ACESSORIOS,MORDEDOR
2020-02-12,443305,596,M,2,0,B,225,ALIMENTOS,ATUM
2020-02-12,443393,394,M,1,0,B,47,ALIMENTOS,MORTADELA
2020-02-12,443395,74,M,3,0,C,67,BEBIDAS,REFRIGERANTE GUARANA
2020-02-12,443399,107,F,2,0,C,165,ALIMENTOS,MOLHO BARBECUE
2020-02-12,443488,775,F,2,3,B,107,#N/D,#N/D
2020-02-12,443506,818,F,2,0,B,31,ALIMENTOS,GRANOLA
2020-02-12,443516,122,M,3,3,B,104,LIMPEZA,LIMPADOR PERFUMADO
2020-02-12,443545,915,F,3,0,B,114,LIMPEZA,VASSOURA
2020-02-12,443639,254,F,5,2,B,168,ALIMENTOS,MAMAO PAPAYA
2020-02-12,443655,274,M,1,1,B,199,ALIMENTOS,DOCE
2020-02-12,443735,254,F,5,2,B,129,ALIMENTOS,SARDINHA
2020-02-12,443738,847,M,4,2,A,99,LIMPEZA,DESINFETANTE
2020-02-12,443789,555,M,4,3,A,102,LIMPEZA,LIMPA VIDROS
2020-02-12,443832,663,F,4,0,B,161,ALIMENTOS,OVOS
2020-02-12,443849,430,F,4,1,B,52,ALIMENTOS,PATE
2020-02-12,443910,631,M,1,4,C,144,BEBIDAS,REFRIGERANTE COLA
2020-02-12,444002,743,M,1,3,C,188,ALIMENTOS,HAMBUGUER
2020-03-12,444015,692,F,4,0,B,109,LIMPEZA,RODO
2020-03-12,444096,128,F,2,0,B,149,ALIMENTOS,QUEIJO MUSSARELA
2020-03-12,444142,543,M,2,2,B,7,ALIMENTOS,ALMONDEGA
2020-03-12,444228,315,F,3,0,B,185,LIMPEZA,INSETICIDA
2020-03-12,444262,59,M,2,0,A,140,BEBIDAS,REFRIGERANTE OUTROS
2020-03-12,444280,100,F,2,3,C,104,LIMPEZA,LIMPADOR PERFUMADO
2020-03-12,444360,290,F,1,0,B,110,LIMPEZA,SABAO
2020-03-12,444454,887,F,3,0,B,189,ALIMENTOS,GRANOLA
2020-03-12,444492,794,M,1,2,B,50,ALIMENTOS,PAO DE FORMA
2020-03-12,444502,932,M,4,1,B,124,LIMPEZA,TIRA LIMO
2020-03-12,444517,618,M,4,3,B,135,LIMPEZA,RODO
2020-03-12,444562,121,F,1,2,B,70,BEBIDAS,REFRIGERANTE OUTROS
2020-03-12,444591,442,F,3,2,B,168,ALIMENTOS,MAMAO PAPAYA
2020-03-12,444642,229,M,2,2,C,111,LIMPEZA,SABAO EM PO
2020-03-12,444740,971,F,1,2,A,186,HIGIENE,HIDRATANTE
2020-03-12,444791,407,F,3,3,A,144,BEBIDAS,REFRIGERANTE COLA
2020-03-12,444857,69,M,4,3,A,224,ALIMENTOS,AZEITE
2020-03-12,444881,854,F,5,1,C,51,ALIMENTOS,PAPINHA INFANTIL
2020-03-12,444916,279,M,1,2,B,201,LIMPEZA,DESINFETANTE
2020-03-12,444938,23,M,3,0,B,19,ALIMENTOS,CAFE
2020-03-12,445031,360,M,4,0,B,75,HIGIENE,ESCOVA DE DENTE
2020-03-12,445123,576,M,3,0,B,82,HIGIENE,LENCO UMEDECIDO
2020-03-12,445199,731,M,3,4,B,127,ALIMENTOS,SNACKS
2020-03-12,445251,974,M,4,1,B,89,HIGIENE,SABONETE
2020-03-12,445288,901,F,4,1,B,140,BEBIDAS,REFRIGERANTE OUTROS
2020-03-12,445358,52,F,1,0,A,187,HIGIENE,HASTES FLEXIVEIS
2020-03-12,445370,294,F,4,0,C,222,LIMPEZA,BALDE
2020-03-12,445421,342,M,3,0,B,91,HIGIENE,TALCO
2020-03-12,445509,283,M,4,1,B,93,LIMPEZA,AGUA SANITARIA
2020-03-12,445519,691,M,4,0,B,96,LIMPEZA,BALDE
2020-03-12,445529,686,F,3,2,A,182,ALIMENTOS,LATA DE ERVILHA
2020-03-12,445540,630,M,1,2,C,210,ACESSORIOS,CHUPETA
2020-03-12,445618,339,F,4,0,C,26,ALIMENTOS,COXA E SOBRECOXA DE FRANGO
2020-03-12,445680,246,M,2,2,B,105,LIMPEZA,LUSTRA MOVEIS
2020-03-12,445751,293,M,4,0,B,159,ALIMENTOS,PAO DE FORMA
2020-03-12,445776,601,M,4,0,A,166,HIGIENE,MODELADOR
2020-03-12,445822,703,M,1,3,B,186,HIGIENE,HIDRATANTE
2020-03-12,445861,728,M,2,0,A,220,ALIMENTOS,BATATA
2020-03-12,445938,602,M,3,0,B,28,ALIMENTOS,DOCE
2020-03-12,445986,548,F,4,0,C,37,ALIMENTOS,LEITE
2020-03-12,446083,459,F,3,2,B,159,ALIMENTOS,PAO DE FORMA
2020-03-12,446104,152,F,3,1,C,40,ALIMENTOS,LINGUICA
2020-03-12,446119,15,M,2,1,C,224,ALIMENTOS,AZEITE
2020-03-12,446193,762,F,2,0,B,130,ALIMENTOS,SALGADINHOS DE MILHO
2020-03-12,446215,544,F,2,0,B,36,ALIMENTOS,LATA DE MILHO
2020-03-12,446262,557,F,2,0,A,68,BEBIDAS,REFRIGERANTE LARANJA
2020-03-12,446319,563,M,3,0,B,123,LIMPEZA,TIRA MANCHA
2020-10-12,446382,904,M,1,2,B,207,ALIMENTOS,COPA SUINA
2020-10-12,446446,666,F,2,2,B,211,ALIMENTOS,CHA
2020-10-12,446452,98,M,1,0,B,158,HIGIENE,PAPEL HIGIENICO
2020-10-12,446501,97,F,4,1,B,203,ALIMENTOS,DANETTE
2020-10-12,446551,467,F,2,2,B,65,BEBIDAS,ENERGETICO
2020-10-12,446599,432,F,1,0,C,208,HIGIENE,CONDICIONADOR
2020-10-12,446623,238,M,2,1,B,202,LIMPEZA,DESENGORDURANTE
2020-10-12,446703,832,F,1,0,B,168,ALIMENTOS,MAMAO PAPAYA
2020-10-12,446737,662,F,1,1,B,227,ALIMENTOS,ARROZ
2020-10-12,446763,726,M,2,0,B,176,LIMPEZA,LIMPA VIDROS
2020-10-12,446765,829,F,3,4,B,106,LIMPEZA,ODORIZADOR
2020-10-12,446821,701,M,3,0,B,213,ALIMENTOS,CENOURA
2020-10-12,446903,145,M,3,0,B,113,LIMPEZA,TIRA MANCHA
2020-10-12,446936,355,M,3,4,B,226,ALIMENTOS,ARROZ INTEGRAL
2020-10-12,446952,203,F,3,0,A,221,ALIMENTOS,BANANA
2020-10-12,446968,177,F,3,2,C,106,LIMPEZA,ODORIZADOR
2020-10-12,447020,120,F,4,3,A,58,ALIMENTOS,RICOTA
2020-10-12,447032,806,F,2,3,B,157,ALIMENTOS,PAPINHA INFANTIL
2020-10-12,447066,88,F,1,0,B,56,ALIMENTOS,QUEIJO MUSSARELA
2020-10-12,447068,127,F,4,2,C,51,ALIMENTOS,PAPINHA INFANTIL
2020-10-12,447143,840,F,3,3,C,160,ALIMENTOS,PALMITO
2020-10-12,447166,309,M,1,0,B,169,ALIMENTOS,MAMAO
2020-10-12,447261,294,F,4,0,C,3,ALIMENTOS,ABACATE
2020-10-12,447315,309,M,1,0,B,63,ALIMENTOS,TOMATE
2020-10-12,447333,577,M,4,0,C,164,ACESSORIOS,MORDEDOR
2020-10-12,447428,603,M,3,0,B,51,ALIMENTOS,PAPINHA INFANTIL
2020-10-12,447488,602,M,3,0,B,116,PET,RACAO SECA PARA CAES
2020-10-12,447578,969,M,1,3,B,224,ALIMENTOS,AZEITE
2020-10-12,447640,878,F,4,3,C,13,ALIMENTOS,BANANA
2020-10-12,447643,778,F,2,2,A,157,ALIMENTOS,PAPINHA INFANTIL
2020-10-12,447653,198,M,4,0,B,184,ALIMENTOS,IOGURTE
2020-10-12,447656,31,F,1,0,C,227,ALIMENTOS,ARROZ
2020-10-12,447674,248,M,3,0,C,38,ALIMENTOS,LEITE CONDENSADO
2020-10-12,447760,913,M,3,4,C,115,PET,ALIMENTO PARA PASSARO
2020-10-12,447766,464,M,2,2,B,216,ALIMENTOS,BROCOLIS
2020-10-12,447775,762,F,2,0,B,30,ALIMENTOS,FILE DE PEIXE
2020-10-12,447843,8,F,3,0,B,152,ALIMENTOS,PRESUNTO COZIDO
2020-10-12,447888,712,F,2,3,B,159,ALIMENTOS,PAO DE FORMA
2020-10-12,447921,842,M,5,2,B,141,BEBIDAS,REFRIGERANTE LIMaO
2020-10-12,447960,695,M,2,0,A,62,ALIMENTOS,SNACKS
2020-10-12,447973,466,F,1,0,C,109,LIMPEZA,RODO
2020-10-12,448041,138,F,3,2,B,176,LIMPEZA,LIMPA VIDROS
2020-10-12,448077,695,M,2,0,A,39,ALIMENTOS,LIMAO
2020-10-12,448108,468,M,3,1,C,78,HIGIENE,FRALDA
2020-10-12,448120,395,F,4,1,B,143,BEBIDAS,REFRIGERANTE GUARANA
2020-10-12,448169,965,M,3,0,B,49,ALIMENTOS,PALMITO
2020-10-12,448217,262,M,1,2,B,17,ALIMENTOS,BISCOITO
2020-10-12,448283,717,F,3,0,B,180,ALIMENTOS,LEITE
2020-10-12,448302,204,F,3,3,B,72,HIGIENE,CONDICIONADOR
2020-10-12,448387,858,F,4,2,C,198,BEBIDAS,ENERGETICO
2020-10-12,448477,723,M,4,0,B,122,ALIMENTOS,TOMATE
2020-10-12,448492,868,M,4,0,B,58,ALIMENTOS,RICOTA
2020-10-12,448564,263,M,3,0,B,120,LIMPEZA,VASSOURA
2020-10-12,448593,639,M,2,0,C,117,PET,RACAO SECA PARA GATOS
2020-10-12,448606,764,F,3,1,B,111,LIMPEZA,SABAO EM PO
2020-10-12,448609,916,F,3,4,C,30,ALIMENTOS,FILE DE PEIXE
2020-10-12,448706,607,F,2,0,B,40,ALIMENTOS,LINGUICA
2020-10-12,448722,669,F,4,0,B,172,LIMPEZA,LUSTRA MOVEIS
2020-10-12,448745,778,F,2,2,A,154,HIGIENE,PRESERVATIVO
2020-10-12,448778,302,F,4,3,C,72,HIGIENE,CONDICIONADOR
2020-10-12,448835,648,M,1,0,B,54,ALIMENTOS,PRESUNTO COZIDO
2020-10-12,448925,981,F,4,1,C,9,ALIMENTOS,ARROZ INTEGRAL
2020-10-12,449003,4,M,4,0,B,80,HIGIENE,HASTES FLEXIVEIS
2020-10-12,449057,653,M,2,0,C,209,ALIMENTOS,COGUMELOS
2020-12-14,449096,369,F,3,4,C,75,HIGIENE,ESCOVA DE DENTE
2020-12-14,449156,71,F,3,1,B,50,ALIMENTOS,PAO DE FORMA
2020-12-14,449187,876,F,2,3,B,97,LIMPEZA,CERA
2020-12-14,449269,378,F,2,0,C,177,ALIMENTOS,LIMAO
2020-12-14,449364,187,M,2,1,B,183,ALIMENTOS,KETCHUP
2020-12-14,449407,370,M,1,4,B,106,LIMPEZA,ODORIZADOR
2020-12-14,449474,363,F,1,0,B,171,ALIMENTOS,MACARRAO
2020-12-14,449519,892,F,4,2,B,227,ALIMENTOS,ARROZ
2020-12-14,449571,106,M,1,0,B,214,ALIMENTOS,CEBOLA
2020-12-14,449590,160,F,3,4,B,224,ALIMENTOS,AZEITE
2020-12-14,449606,281,F,2,0,B,125,HIGIENE,TINTURAS
2020-12-14,449677,194,F,4,0,B,82,HIGIENE,LENCO UMEDECIDO
2020-12-14,449756,224,M,4,0,B,3,ALIMENTOS,ABACATE
2020-12-14,449794,44,F,4,0,C,179,ALIMENTOS,LEITE CONDENSADO
2020-12-14,449823,389,F,3,0,C,200,LIMPEZA,DETERGENTE
2020-12-14,449836,285,M,3,0,B,140,BEBIDAS,REFRIGERANTE OUTROS
2020-12-14,449839,258,F,1,0,B,21,ALIMENTOS,CENOURA
2020-12-14,449907,986,M,4,0,B,155,ALIMENTOS,PATE
2020-12-14,449922,759,F,3,0,B,197,HIGIENE,ENXAGUANTE BUCAL
2020-12-14,449953,103,M,3,4,B,159,ALIMENTOS,PAO DE FORMA
2020-12-14,450007,190,M,1,4,B,147,PET,RACAO SECA PARA GATOS
2020-12-14,450069,200,F,3,0,B,82,HIGIENE,LENCO UMEDECIDO
2020-12-14,450086,493,M,2,4,B,101,LIMPEZA,INSETICIDA
2020-12-14,450167,968,F,1,0,B,164,ACESSORIOS,MORDEDOR
2020-12-14,450177,965,M,3,0,B,197,HIGIENE,ENXAGUANTE BUCAL
2020-12-14,450188,570,F,4,1,C,216,ALIMENTOS,BROCOLIS
2020-12-14,450204,29,M,2,0,B,22,ALIMENTOS,CHA
2020-12-14,450291,621,F,4,0,B,25,ALIMENTOS,CORACAO DE FRANGO
2020-12-14,450348,301,F,3,0,C,7,ALIMENTOS,ALMONDEGA
2020-12-14,450422,604,M,4,0,B,141,BEBIDAS,REFRIGERANTE LIMaO
2020-12-14,450481,205,M,2,4,B,47,ALIMENTOS,MORTADELA
2020-12-14,450559,797,M,2,4,B,198,BEBIDAS,ENERGETICO
2020-12-14,450612,329,F,3,0,B,40,ALIMENTOS,LINGUICA
2020-12-14,450692,478,M,1,4,A,102,LIMPEZA,LIMPA VIDROS
2020-12-14,450701,246,M,2,2,B,90,HIGIENE,SHAMPOO
2020-12-14,450778,875,F,1,0,B,200,LIMPEZA,DETERGENTE
2020-12-14,450820,844,F,5,1,A,139,LIMPEZA,REMOVEDOR
2020-12-14,450835,536,M,4,0,B,179,ALIMENTOS,LEITE CONDENSADO
2020-12-14,450874,671,M,2,0,C,30,ALIMENTOS,FILE DE PEIXE
2020-12-14,450973,401,M,1,4,C,192,HIGIENE,FIXADOR
2020-12-14,451044,929,M,4,0,B,157,ALIMENTOS,PAPINHA INFANTIL
2020-12-14,451126,53,M,1,1,B,143,BEBIDAS,REFRIGERANTE GUARANA
2020-12-14,451142,918,F,2,4,C,65,BEBIDAS,ENERGETICO
2020-12-14,451217,689,M,2,0,C,141,BEBIDAS,REFRIGERANTE LIMaO
2020-12-14,451301,485,M,3,3,B,179,ALIMENTOS,LEITE CONDENSADO
2020-12-14,451399,715,F,3,4,B,23,ALIMENTOS,COGUMELOS
2020-12-14,451439,21,M,3,0,B,67,BEBIDAS,REFRIGERANTE GUARANA
2020-12-14,451454,685,F,4,0,B,101,LIMPEZA,INSETICIDA
2020-12-14,451490,977,M,1,0,C,184,ALIMENTOS,IOGURTE
2020-12-14,451513,19,F,2,2,C,154,HIGIENE,PRESERVATIVO
2020-12-14,451574,731,M,3,4,B,219,ALIMENTOS,BATATA DOCE
2020-12-14,451604,735,F,4,0,B,36,ALIMENTOS,LATA DE MILHO
2020-12-14,451682,435,F,2,0,C,214,ALIMENTOS,CEBOLA
2020-12-14,451739,527,F,4,1,B,223,ALIMENTOS,AZEITONA
2020-12-14,451822,213,M,2,4,B,48,ALIMENTOS,OVOS
2020-12-14,451868,831,F,4,2,B,198,BEBIDAS,ENERGETICO
2020-12-14,451962,774,F,2,0,B,92,HIGIENE,TINTURAS
2020-12-14,451991,869,F,3,0,B,55,ALIMENTOS,QUEIJO DE CABRA
2020-12-14,452046,348,F,3,0,A,181,ALIMENTOS,LATA DE MILHO
2020-12-20,452111,449,F,2,3,B,151,HIGIENE,PROTETOR SOLAR
2020-12-20,452140,855,M,4,1,C,11,ALIMENTOS,AZEITE
2020-12-20,452151,370,M,1,4,B,158,HIGIENE,PAPEL HIGIENICO
2020-12-20,452162,139,F,3,3,B,204,HIGIENE,CREME
2020-12-20,452211,482,M,4,2,B,195,ALIMENTOS,FEIJAO
2020-12-20,452309,998,F,2,0,C,170,ALIMENTOS,MACARRAO INSTANTANEO
2020-12-20,452332,955,F,3,2,C,39,ALIMENTOS,LIMAO
2020-12-20,452416,135,M,3,0,B,19,ALIMENTOS,CAFE
2020-12-20,452497,902,F,2,1,B,192,HIGIENE,FIXADOR
2020-12-20,452570,29,M,2,0,B,104,LIMPEZA,LIMPADOR PERFUMADO
2020-12-20,452654,202,M,1,0,B,207,ALIMENTOS,COPA SUINA
2020-12-27,452701,956,M,5,1,C,211,ALIMENTOS,CHA
2020-12-27,452756,872,M,3,4,A,216,ALIMENTOS,BROCOLIS
2020-12-27,452761,298,F,4,0,C,45,ALIMENTOS,MANGA
2020-12-27,452775,981,F,4,1,C,211,ALIMENTOS,CHA
2020-12-27,452812,852,M,2,3,B,183,ALIMENTOS,KETCHUP
2020-12-27,452833,433,M,3,3,B,68,BEBIDAS,REFRIGERANTE LARANJA
2020-12-27,452841,97,F,4,1,B,95,LIMPEZA,AMACIANTE
2020-12-27,452862,95,M,1,0,B,195,ALIMENTOS,FEIJAO
2020-12-27,452921,565,F,1,2,B,220,ALIMENTOS,BATATA
2020-12-27,453000,130,F,1,0,B,181,ALIMENTOS,LATA DE MILHO
2020-12-27,453028,706,F,2,0,A,32,ALIMENTOS,HAMBUGUER
2020-12-27,453100,74,M,3,0,C,203,ALIMENTOS,DANETTE
2020-12-27,453101,545,M,2,2,B,202,LIMPEZA,DESENGORDURANTE
2020-12-27,453140,417,M,4,1,B,37,ALIMENTOS,LEITE
2020-12-27,453189,107,F,2,0,C,106,LIMPEZA,ODORIZADOR
2020-12-27,453229,883,M,1,0,B,10,ALIMENTOS,ATUM
2020-12-27,453241,531,F,3,1,B,172,LIMPEZA,LUSTRA MOVEIS
2020-12-27,453318,277,F,1,3,B,60,ALIMENTOS,SALGADINHOS DE MILHO
2020-12-27,453327,477,F,4,0,B,110,LIMPEZA,SABAO
2020-12-27,453376,738,M,1,0,C,154,HIGIENE,PRESERVATIVO
2020-12-27,453422,437,F,2,1,C,225,ALIMENTOS,ATUM
2020-12-27,453489,123,F,3,2,B,133,LIMPEZA,SABAO EM PO
2020-12-27,453588,746,M,3,0,C,55,ALIMENTOS,QUEIJO DE CABRA
2020-12-27,453670,879,M,2,2,C,84,HIGIENE,PAPEL HIGIENICO
2020-12-27,453676,116,M,4,0,B,77,HIGIENE,FIXADOR
2020-12-27,453727,66,M,3,3,B,113,LIMPEZA,TIRA MANCHA
2020-12-27,453818,604,M,4,0,B,153,ALIMENTOS,PRESUNTO COZIDO
2020-12-27,453899,264,F,4,1,B,129,ALIMENTOS,SARDINHA
2020-12-27,453938,646,F,1,0,B,190,HIGIENE,GEL
2020-12-27,454030,304,F,2,3,B,110,LIMPEZA,SABAO
2020-12-27,454061,489,F,4,3,B,82,HIGIENE,LENCO UMEDECIDO
2020-12-27,454140,156,F,2,0,B,167,ALIMENTOS,MANGA
2020-12-27,454201,905,M,1,0,B,185,LIMPEZA,INSETICIDA
2020-12-27,454281,794,M,1,2,B,40,ALIMENTOS,LINGUICA
2020-12-27,454312,622,F,3,0,B,135,LIMPEZA,RODO
2020-12-27,454373,716,F,4,0,C,185,LIMPEZA,INSETICIDA
2020-12-27,454410,695,M,2,0,A,27,ALIMENTOS,DANETTE
2020-12-27,454453,459,F,3,2,B,109,LIMPEZA,RODO
2020-12-27,454529,415,F,3,0,B,75,HIGIENE,ESCOVA DE DENTE
2020-12-27,454624,435,F,2,0,C,105,LIMPEZA,LUSTRA MOVEIS
2020-12-27,454700,636,M,2,2,B,139,LIMPEZA,REMOVEDOR
2020-12-27,454711,634,F,2,0,C,199,ALIMENTOS,DOCE
2020-12-27,454718,698,F,2,0,B,198,BEBIDAS,ENERGETICO
2020-12-27,454816,457,M,3,0,C,204,HIGIENE,CREME
2020-12-27,454893,358,F,3,0,C,99,LIMPEZA,DESINFETANTE
2020-12-27,454986,127,F,4,2,C,85,HIGIENE,PASTA DE DENTE
2020-12-27,455038,958,M,2,3,B,56,ALIMENTOS,QUEIJO MUSSARELA
2020-12-27,455062,385,F,2,0,B,2,ACESSORIOS,MORDEDOR
2020-12-27,455113,527,F,4,1,B,116,PET,RACAO SECA PARA CAES
2020-12-27,455183,628,M,3,0,B,122,ALIMENTOS,TOMATE
2020-12-27,455206,220,M,1,0,B,24,ALIMENTOS,COPA SUINA
2020-12-27,455237,971,F,1,2,A,77,HIGIENE,FIXADOR
2020-12-27,455270,11,F,4,0,A,160,ALIMENTOS,PALMITO
2020-12-27,455328,309,M,1,0,B,21,ALIMENTOS,CENOURA
2020-12-27,455347,723,M,4,0,B,73,HIGIENE,CREME
2020-12-27,455441,628,M,3,0,B,111,LIMPEZA,SABAO EM PO
2020-12-27,455444,411,F,2,0,B,61,ALIMENTOS,SARDINHA
2020-12-27,455503,727,M,4,2,C,174,LIMPEZA,LIMPADOR PERFUMADO
2020-12-27,455559,100,F,2,3,C,202,LIMPEZA,DESENGORDURANTE
2020-12-27,455634,159,M,1,0,C,92,HIGIENE,TINTURAS
2020-12-27,455733,739,F,2,3,B,84,HIGIENE,PAPEL HIGIENICO
2020-12-27,455815,382,F,3,0,C,68,BEBIDAS,REFRIGERANTE LARANJA
2020-12-27,455901,16,M,1,4,C,196,HIGIENE,ESCOVA DE DENTE
2020-12-27,455944,829,F,3,4,B,136,ALIMENTOS,RICOTA
2020-12-27,456016,699,F,1,0,C,213,ALIMENTOS,CENOURA
2020-12-27,456026,822,M,2,3,B,38,ALIMENTOS,LEITE CONDENSADO
2020-12-27,456070,15,M,2,1,C,200,LIMPEZA,DETERGENTE
2020-12-27,456085,393,F,4,0,B,26,ALIMENTOS,COXA E SOBRECOXA DE FRANGO
2020-12-27,456158,767,F,1,0,B,7,ALIMENTOS,ALMONDEGA
2020-12-27,456242,187,M,2,1,B,99,LIMPEZA,DESINFETANTE
2020-12-27,456341,293,M,4,0,B,162,LIMPEZA,ODORIZADOR
2020-12-27,456393,781,M,4,0,B,71,HIGIENE,ABSORVENTE
2020-12-27,456422,777,F,1,0,B,209,ALIMENTOS,COGUMELOS
2020-12-27,456517,33,F,2,0,B,109,LIMPEZA,RODO
2020-12-27,456576,410,F,3,3,B,40,ALIMENTOS,LINGUICA
2020-12-27,456610,523,M,3,0,B,144,BEBIDAS,REFRIGERANTE COLA
2020-12-27,456708,958,M,2,3,B,26,ALIMENTOS,COXA E SOBRECOXA DE FRANGO
2020-12-27,456769,628,M,3,0,B,25,ALIMENTOS,CORACAO DE FRANGO
2020-12-27,456847,635,F,4,0,B,80,HIGIENE,HASTES FLEXIVEIS
2020-12-27,456896,712,F,2,3,B,116,PET,RACAO SECA PARA CAES
2020-12-27,456951,245,F,4,3,B,205,ALIMENTOS,COXA E SOBRECOXA DE FRANGO
2020-12-27,457000,286,M,4,0,B,3,ALIMENTOS,ABACATE
2020-12-30,457097,811,M,2,1,B,197,HIGIENE,ENXAGUANTE BUCAL
2020-12-30,457186,324,F,3,3,B,110,LIMPEZA,SABAO
2020-12-30,457285,429,M,4,0,C,138,HIGIENE,REPELENTE
2020-12-30,457379,142,F,1,0,B,149,ALIMENTOS,QUEIJO MUSSARELA
2020-12-30,457384,179,F,2,0,B,104,LIMPEZA,LIMPADOR PERFUMADO
2020-12-30,457457,630,M,1,2,C,121,ALIMENTOS,UVA
2020-12-30,457533,257,M,1,4,C,175,LIMPEZA,LIMPADOR MULTIUSO
2020-12-30,457551,367,F,1,0,A,159,ALIMENTOS,PAO DE FORMA
2020-12-30,457555,754,F,3,4,B,88,HIGIENE,REPELENTE
2020-12-30,457651,144,M,1,0,B,155,ALIMENTOS,PATE
2020-12-30,457713,25,M,4,1,C,108,LIMPEZA,REMOVEDOR
2020-12-30,457764,492,F,2,1,C,64,ALIMENTOS,UVA
2020-12-30,457784,228,F,4,0,C,217,ALIMENTOS,BISCOITO
2020-12-30,457811,593,M,4,1,B,10,ALIMENTOS,ATUM
2020-12-30,457898,881,F,5,1,C,42,ALIMENTOS,MACARRAO INSTANTANEO
2020-12-30,457969,710,F,3,1,C,86,HIGIENE,PRESERVATIVO
2020-12-30,458051,62,F,2,0,B,214,ALIMENTOS,CEBOLA
2020-12-30,458142,178,M,3,0,A,66,BEBIDAS,REFRIGERANTE COLA
2020-12-30,458238,827,M,4,0,B,125,HIGIENE,TINTURAS
2020-12-30,458296,245,F,4,3,B,72,HIGIENE,CONDICIONADOR
2020-12-30,458314,11,F,4,0,A,93,LIMPEZA,AGUA SANITARIA
2020-12-30,458347,262,M,1,2,B,74,HIGIENE,ENXAGUANTE BUCAL
2020-12-30,458385,222,F,4,0,B,19,ALIMENTOS,CAFE
2020-12-30,458478,473,F,4,3,B,175,LIMPEZA,LIMPADOR MULTIUSO
2020-12-30,458503,818,F,2,0,B,53,ALIMENTOS,PRESUNTO COZIDO
2020-12-30,458557,453,F,1,0,B,56,ALIMENTOS,QUEIJO MUSSARELA
2020-12-30,458585,135,M,3,0,B,195,ALIMENTOS,FEIJAO
2020-12-30,458676,932,M,4,1,B,196,HIGIENE,ESCOVA DE DENTE
2020-12-30,458679,766,F,1,0,B,108,LIMPEZA,REMOVEDOR
2020-12-30,458692,832,F,1,0,B,168,ALIMENTOS,MAMAO PAPAYA
2020-12-30,458701,383,M,1,3,C,97,LIMPEZA,CERA
2020-12-30,458743,121,F,1,2,B,93,LIMPEZA,AGUA SANITARIA
2020-12-30,458777,248,M,3,0,C,42,ALIMENTOS,MACARRAO INSTANTANEO
2020-12-30,458871,698,F,2,0,B,199,ALIMENTOS,DOCE
2020-12-30,458881,913,M,3,4,C,202,LIMPEZA,DESENGORDURANTE
2020-12-30,458898,438,F,1,0,B,8,ALIMENTOS,ARROZ
2020-12-30,458922,479,F,1,0,B,190,HIGIENE,GEL
2020-12-30,458949,134,F,3,0,B,64,ALIMENTOS,UVA
2020-12-30,459030,574,F,2,2,B,4,ALIMENTOS,ABACAXI
2021-02-01,459096,80,F,2,1,C,226,ALIMENTOS,ARROZ INTEGRAL
2021-02-01,459173,802,M,1,1,B,208,HIGIENE,CONDICIONADOR
2021-02-01,459256,912,F,4,0,C,89,HIGIENE,SABONETE
2021-02-01,459293,195,M,4,0,B,85,HIGIENE,PASTA DE DENTE
2021-02-01,459332,4,M,4,0,B,213,ALIMENTOS,CENOURA
2021-02-01,459416,933,M,2,2,B,92,HIGIENE,TINTURAS
2021-02-01,459495,858,F,4,2,C,157,ALIMENTOS,PAPINHA INFANTIL
2021-02-01,459528,793,M,1,3,B,31,ALIMENTOS,GRANOLA
2021-02-01,459575,719,M,1,0,B,34,ALIMENTOS,KETCHUP
2021-02-01,459639,550,M,4,0,B,195,ALIMENTOS,FEIJAO
2021-02-01,459671,998,F,2,0,C,4,ALIMENTOS,ABACAXI
2021-02-01,459695,982,M,4,3,B,55,ALIMENTOS,QUEIJO DE CABRA
2021-02-01,459746,815,F,2,4,B,118,PET,RACAO UMIDA PARA CAES
2021-02-01,459831,147,M,1,0,A,226,ALIMENTOS,ARROZ INTEGRAL
2021-02-01,459843,540,F,2,0,C,90,HIGIENE,SHAMPOO
2021-02-01,459910,501,M,1,0,B,75,HIGIENE,ESCOVA DE DENTE
2021-02-01,459989,214,F,4,0,B,147,PET,RACAO SECA PARA GATOS
2021-02-01,459994,394,M,1,0,B,171,ALIMENTOS,MACARRAO
2021-02-01,460015,836,F,2,0,B,108,LIMPEZA,REMOVEDOR
2021-02-01,460043,945,F,2,3,B,196,HIGIENE,ESCOVA DE DENTE
2021-02-01,460102,928,F,5,1,B,88,HIGIENE,REPELENTE
2021-02-01,460176,563,M,3,0,B,75,HIGIENE,ESCOVA DE DENTE
2021-02-01,460263,713,F,1,3,C,205,ALIMENTOS,COXA E SOBRECOXA DE FRANGO
2021-02-01,460270,195,M,4,0,B,194,ALIMENTOS,FILE DE PEIXE
2021-02-01,460342,696,M,2,0,B,58,ALIMENTOS,RICOTA
2021-02-01,460399,543,M,2,2,B,142,BEBIDAS,REFRIGERANTE LARANJA
2021-02-01,460491,3,F,4,0,B,162,LIMPEZA,ODORIZADOR
2021-02-01,460514,594,F,3,1,C,2,ACESSORIOS,MORDEDOR
2021-02-01,460534,350,F,5,1,B,16,ALIMENTOS,BIFE DE COXAO MOLE
2021-02-01,460604,273,M,4,0,C,90,HIGIENE,SHAMPOO
2021-02-01,460701,103,M,3,4,B,222,LIMPEZA,BALDE
2021-02-01,460750,923,F,2,4,C,220,ALIMENTOS,BATATA
2021-02-01,460763,540,F,2,0,C,182,ALIMENTOS,LATA DE ERVILHA
2021-02-01,460770,724,M,1,0,B,118,PET,RACAO UMIDA PARA CAES
2021-02-01,460792,938,M,1,4,B,52,ALIMENTOS,PATE
2021-02-01,460884,511,F,1,0,B,68,BEBIDAS,REFRIGERANTE LARANJA
2021-02-01,460939,860,M,1,0,B,70,BEBIDAS,REFRIGERANTE OUTROS
2021-02-01,460959,721,M,3,2,C,52,ALIMENTOS,PATE
2021-02-01,460978,803,F,2,0,A,101,LIMPEZA,INSETICIDA
2021-02-01,461071,46,F,4,1,B,156,HIGIENE,PASTA DE DENTE
2021-02-01,461134,596,M,2,0,B,193,HIGIENE,FIO DENTAL
2021-02-01,461183,831,F,4,2,B,25,ALIMENTOS,CORACAO DE FRANGO
2021-02-01,461184,632,F,4,3,A,180,ALIMENTOS,LEITE
2021-02-01,461264,351,F,2,2,B,115,PET,ALIMENTO PARA PASSARO
2021-02-01,461332,24,F,4,0,C,64,ALIMENTOS,UVA
2021-02-01,461355,618,M,4,3,B,45,ALIMENTOS,MANGA
2021-02-01,461409,173,F,1,0,B,212,LIMPEZA,CERA
2021-02-01,461462,393,F,4,0,B,87,HIGIENE,PROTETOR SOLAR
2021-02-01,461512,393,F,4,0,B,181,ALIMENTOS,LATA DE MILHO
2021-02-01,461567,623,F,3,0,C,83,HIGIENE,MODELADOR
2021-02-01,461654,271,F,4,0,B,89,HIGIENE,SABONETE
2021-02-01,461677,234,M,3,4,B,61,ALIMENTOS,SARDINHA
2021-02-01,461761,53,M,1,1,B,145,PET,RACAO UMIDA PARA GATOS
2021-02-01,461770,730,F,2,0,B,161,ALIMENTOS,OVOS
2021-02-01,461795,404,M,4,0,B,67,BEBIDAS,REFRIGERANTE GUARANA
2021-02-01,461820,790,F,3,0,B,108,LIMPEZA,REMOVEDOR
2021-02-01,461879,570,F,4,1,C,196,HIGIENE,ESCOVA DE DENTE
2021-02-01,461923,435,F,2,0,C,205,ALIMENTOS,COXA E SOBRECOXA DE FRANGO
2021-02-01,461986,745,F,1,2,B,181,ALIMENTOS,LATA DE MILHO
2021-02-01,462071,245,F,4,3,B,90,HIGIENE,SHAMPOO
2021-02-01,462093,191,M,3,0,B,177,ALIMENTOS,LIMAO
2021-02-01,462157,73,M,1,0,A,139,LIMPEZA,REMOVEDOR
2021-02-01,462241,574,F,2,2,B,60,ALIMENTOS,SALGADINHOS DE MILHO
2021-02-01,462264,186,M,2,4,C,18,ALIMENTOS,BROCOLIS
2021-02-01,462287,363,F,1,0,B,147,PET,RACAO SECA PARA GATOS
2021-02-01,462350,98,M,1,0,B,76,HIGIENE,FIO DENTAL
2021-02-01,462355,379,F,4,0,C,23,ALIMENTOS,COGUMELOS
2021-02-01,462398,670,M,4,0,C,200,LIMPEZA,DETERGENTE
2021-02-01,462422,269,F,3,3,B,93,LIMPEZA,AGUA SANITARIA
2021-02-01,462515,37,M,3,0,B,181,ALIMENTOS,LATA DE MILHO
2021-02-01,462531,487,F,3,0,C,189,ALIMENTOS,GRANOLA
2021-02-01,462607,42,M,2,2,B,31,ALIMENTOS,GRANOLA
2021-02-01,462647,972,M,4,0,C,6,ALIMENTOS,ALHO
2021-02-01,462710,804,F,4,3,B,149,ALIMENTOS,QUEIJO MUSSARELA
2021-02-01,462787,510,F,4,0,B,30,ALIMENTOS,FILE DE PEIXE
2021-02-01,462843,465,F,3,0,B,13,ALIMENTOS,BANANA
2021-02-01,462933,178,M,3,0,A,42,ALIMENTOS,MACARRAO INSTANTANEO
2021-02-01,463010,842,M,5,2,B,211,ALIMENTOS,CHA
2021-02-01,463079,201,M,3,0,B,1,ACESSORIOS,CHUPETA
2021-02-01,463118,295,F,1,3,B,71,HIGIENE,ABSORVENTE
2021-02-01,463164,804,F,4,3,B,209,ALIMENTOS,COGUMELOS
2021-02-01,463178,980,F,1,0,B,121,ALIMENTOS,UVA
2021-02-01,463206,388,F,4,3,B,169,ALIMENTOS,MAMAO
2021-02-01,463285,642,M,2,3,B,144,BEBIDAS,REFRIGERANTE COLA
2021-02-01,463317,970,M,2,4,B,139,LIMPEZA,REMOVEDOR
2021-02-01,463407,850,M,1,0,C,151,HIGIENE,PROTETOR SOLAR
2021-02-01,463477,946,M,3,0,B,39,ALIMENTOS,LIMAO
2021-02-01,463567,721,M,3,2,C,110,LIMPEZA,SABAO
2021-02-01,463641,942,M,1,0,B,40,ALIMENTOS,LINGUICA
2021-02-01,463715,830,F,5,1,B,159,ALIMENTOS,PAO DE FORMA
2021-02-01,463789,609,F,4,0,C,210,ACESSORIOS,CHUPETA
2021-02-01,463847,894,F,4,3,C,129,ALIMENTOS,SARDINHA
2021-09-01,463861,922,M,1,0,B,51,ALIMENTOS,PAPINHA INFANTIL
2021-09-01,463899,858,F,4,2,C,35,ALIMENTOS,LATA DE ERVILHA
2021-09-01,463963,310,M,4,3,C,84,HIGIENE,PAPEL HIGIENICO
2021-09-01,463983,494,F,5,1,C,21,ALIMENTOS,CENOURA
2021-09-01,464073,51,F,3,0,B,169,ALIMENTOS,MAMAO
2021-09-01,464107,743,M,1,3,C,49,ALIMENTOS,PALMITO
2021-09-01,464205,540,F,2,0,C,227,ALIMENTOS,ARROZ
2021-09-01,464222,500,M,3,2,C,208,HIGIENE,CONDICIONADOR
2021-09-01,464308,756,F,1,4,B,52,ALIMENTOS,PATE
2021-09-01,464343,91,M,3,0,B,173,ALIMENTOS,LINGUICA
2021-09-01,464399,315,F,3,0,B,148,PET,RACAO SECA PARA CAES
2021-09-01,464461,806,F,2,3,B,101,LIMPEZA,INSETICIDA
2021-09-01,464556,379,F,4,0,C,66,BEBIDAS,REFRIGERANTE COLA
2021-09-01,464639,485,M,3,3,B,84,HIGIENE,PAPEL HIGIENICO
2021-09-01,464690,910,M,2,2,B,202,LIMPEZA,DESENGORDURANTE
2021-09-01,464754,299,F,3,1,C,21,ALIMENTOS,CENOURA
2021-09-01,464789,966,F,4,2,B,202,LIMPEZA,DESENGORDURANTE
2021-09-01,464882,480,F,2,0,C,16,ALIMENTOS,BIFE DE COXAO MOLE
2021-09-01,464936,736,M,1,0,C,199,ALIMENTOS,DOCE
2021-09-01,464947,535,M,4,0,A,192,HIGIENE,FIXADOR
2021-09-01,464994,137,F,4,1,B,136,ALIMENTOS,RICOTA
2021-09-01,465021,640,M,4,0,C,164,ACESSORIOS,MORDEDOR
2021-09-01,465088,596,M,2,0,B,123,LIMPEZA,TIRA MANCHA
2021-09-01,465115,129,M,2,0,A,5,ALIMENTOS,ACHOCOLATADO
2021-09-01,465123,814,M,4,0,B,40,ALIMENTOS,LINGUICA
2021-09-01,465174,433,M,3,3,B,47,ALIMENTOS,MORTADELA
2021-09-01,465175,664,M,3,1,B,150,ALIMENTOS,QUEIJO DE CABRA
2021-09-01,465239,589,F,3,2,C,151,HIGIENE,PROTETOR SOLAR
2021-09-01,465246,209,F,4,0,B,98,LIMPEZA,DESENGORDURANTE
2021-09-01,465282,656,M,2,0,C,109,LIMPEZA,RODO
2021-09-01,465303,667,F,4,0,C,8,ALIMENTOS,ARROZ
2021-09-01,465339,324,F,3,3,B,138,HIGIENE,REPELENTE
2021-09-01,465411,296,F,1,3,B,102,LIMPEZA,LIMPA VIDROS
2021-09-01,465464,711,M,4,2,B,229,ALIMENTOS,ALMONDEGA
2021-09-01,465517,511,F,1,0,B,63,ALIMENTOS,TOMATE
2021-09-01,465519,241,M,4,1,B,168,ALIMENTOS,MAMAO PAPAYA
2021-09-01,465553,571,F,2,0,B,187,HIGIENE,HASTES FLEXIVEIS
2021-09-01,465554,977,M,1,0,C,79,HIGIENE,GEL
2021-09-01,465561,949,M,1,0,B,34,ALIMENTOS,KETCHUP
2021-09-01,465660,888,F,4,2,B,75,HIGIENE,ESCOVA DE DENTE
2021-09-01,465739,70,F,4,0,B,33,ALIMENTOS,IOGURTE
2021-09-01,465826,112,M,4,0,B,195,ALIMENTOS,FEIJAO
2021-09-01,465836,864,F,1,3,B,100,LIMPEZA,DETERGENTE
2021-09-01,465935,433,M,3,3,B,61,ALIMENTOS,SARDINHA
2021-09-01,465986,234,M,3,4,B,209,ALIMENTOS,COGUMELOS
2021-09-01,466052,206,F,3,1,C,14,ALIMENTOS,BATATA
2021-09-01,466064,288,M,2,0,B,18,ALIMENTOS,BROCOLIS
2021-09-01,466079,683,F,3,0,B,145,PET,RACAO UMIDA PARA GATOS
2021-09-01,466104,518,F,1,0,B,63,ALIMENTOS,TOMATE
2021-09-01,466174,506,F,4,3,B,226,ALIMENTOS,ARROZ INTEGRAL
2021-09-01,466205,278,F,3,2,C,219,ALIMENTOS,BATATA DOCE
2021-09-01,466283,874,F,3,3,B,169,ALIMENTOS,MAMAO
2021-09-01,466345,83,M,1,4,B,43,ALIMENTOS,MAMAO PAPAYA
2021-09-01,466411,87,M,3,2,A,189,ALIMENTOS,GRANOLA
2021-09-01,466484,730,F,2,0,B,191,HIGIENE,FRALDA
2021-09-01,466539,569,M,1,1,A,88,HIGIENE,REPELENTE
2021-09-01,466620,423,F,5,2,A,129,ALIMENTOS,SARDINHA
2021-09-01,466638,122,M,3,3,B,65,BEBIDAS,ENERGETICO
2021-09-01,466663,403,M,3,2,B,179,ALIMENTOS,LEITE CONDENSADO
2021-09-01,466712,851,F,2,0,B,115,PET,ALIMENTO PARA PASSARO
2021-10-01,466724,738,M,1,0,C,167,ALIMENTOS,MANGA
2021-10-01,466754,180,M,3,4,B,181,ALIMENTOS,LATA DE MILHO
2021-10-01,466779,584,M,3,0,B,227,ALIMENTOS,ARROZ
2021-10-01,466837,344,M,3,0,B,48,ALIMENTOS,OVOS
2021-10-01,466860,409,F,3,4,B,167,ALIMENTOS,MANGA
2021-10-01,466911,747,M,1,0,B,89,HIGIENE,SABONETE
2021-10-01,466986,366,M,3,4,B,127,ALIMENTOS,SNACKS
2021-10-01,467004,974,M,4,1,B,169,ALIMENTOS,MAMAO
2021-10-01,467067,292,F,2,0,C,91,HIGIENE,TALCO
2021-10-01,467157,248,M,3,0,C,83,HIGIENE,MODELADOR
2021-10-01,467223,881,F,5,1,C,57,ALIMENTOS,REQUEIJAO
2021-10-01,467320,618,M,4,3,B,127,ALIMENTOS,SNACKS
2021-10-01,467370,871,F,1,3,C,173,ALIMENTOS,LINGUICA
2021-10-01,467377,789,F,5,1,B,13,ALIMENTOS,BANANA
2021-10-01,467379,997,M,5,2,C,201,LIMPEZA,DESINFETANTE
2021-10-01,467473,577,M,4,0,C,146,PET,RACAO UMIDA PARA CAES
2021-10-01,467475,950,M,3,0,C,112,LIMPEZA,TIRA LIMO
2021-10-01,467568,534,M,4,1,C,224,ALIMENTOS,AZEITE
2021-10-01,467605,505,F,1,0,C,192,HIGIENE,FIXADOR
2021-10-01,467608,3,F,4,0,B,173,ALIMENTOS,LINGUICA
2021-10-01,467614,127,F,4,2,C,200,LIMPEZA,DETERGENTE
2021-10-01,467695,694,M,4,0,C,60,ALIMENTOS,SALGADINHOS DE MILHO
2021-10-01,467774,159,M,1,0,C,138,HIGIENE,REPELENTE
2021-10-01,467817,990,F,1,4,B,205,ALIMENTOS,COXA E SOBRECOXA DE FRANGO
2021-10-01,467877,157,M,1,1,C,101,LIMPEZA,INSETICIDA
2021-10-01,467879,308,M,4,0,B,84,HIGIENE,PAPEL HIGIENICO
2021-10-01,467945,625,F,4,0,C,41,ALIMENTOS,MACARRAO
2021-10-01,468031,224,M,4,0,B,177,ALIMENTOS,LIMAO
2021-10-01,468050,554,F,3,0,A,187,HIGIENE,HASTES FLEXIVEIS
2021-10-01,468073,466,F,1,0,C,56,ALIMENTOS,QUEIJO MUSSARELA
2021-10-01,468121,910,M,2,2,B,189,ALIMENTOS,GRANOLA
2021-10-01,468212,220,M,1,0,B,49,ALIMENTOS,PALMITO
2021-10-01,468237,162,F,1,1,B,155,ALIMENTOS,PATE
2021-10-01,468270,752,M,3,0,C,160,ALIMENTOS,PALMITO
2021-10-01,468298,742,M,1,1,C,198,BEBIDAS,ENERGETICO
2021-10-01,468394,59,M,2,0,A,14,ALIMENTOS,BATATA
2021-10-01,468413,764,F,3,1,B,221,ALIMENTOS,BANANA
2021-10-01,468482,529,M,1,2,B,49,ALIMENTOS,PALMITO
2021-10-01,468518,54,M,1,0,A,222,LIMPEZA,BALDE
2021-10-01,468542,39,M,2,0,C,152,ALIMENTOS,PRESUNTO COZIDO
2021-10-01,468607,507,F,3,2,B,166,HIGIENE,MODELADOR
2021-10-01,468672,905,M,1,0,B,171,ALIMENTOS,MACARRAO
2021-10-01,468726,941,M,2,3,B,5,ALIMENTOS,ACHOCOLATADO
2021-01-13,468731,422,F,2,4,C,99,LIMPEZA,DESINFETANTE
2021-01-13,468736,278,F,3,2,C,20,ALIMENTOS,CEBOLA
2021-01-13,468761,287,F,1,0,B,82,HIGIENE,LENCO UMEDECIDO
2021-01-13,468801,522,M,1,2,A,75,HIGIENE,ESCOVA DE DENTE
2021-01-13,468805,496,F,2,0,B,8,ALIMENTOS,ARROZ
2021-01-13,468881,12,M,1,1,A,178,HIGIENE,LENCO UMEDECIDO
2021-01-13,468900,340,M,3,4,B,192,HIGIENE,FIXADOR
2021-01-13,468915,337,M,3,0,B,209,ALIMENTOS,COGUMELOS
2021-01-13,468954,617,F,4,3,C,99,LIMPEZA,DESINFETANTE
2021-01-13,469021,286,M,4,0,B,132,HIGIENE,SABONETE
2021-01-13,469070,233,M,3,0,B,74,HIGIENE,ENXAGUANTE BUCAL
2021-01-13,469099,178,M,3,0,A,216,ALIMENTOS,BROCOLIS
2021-01-13,469152,327,M,4,2,A,4,ALIMENTOS,ABACAXI
2021-01-13,469246,919,F,2,0,C,190,HIGIENE,GEL
2021-01-13,469282,275,M,4,0,B,158,HIGIENE,PAPEL HIGIENICO
2021-01-13,469337,434,M,1,4,B,9,ALIMENTOS,ARROZ INTEGRAL
2021-01-13,469362,9,F,2,0,B,102,LIMPEZA,LIMPA VIDROS
2021-01-13,469426,110,M,3,0,C,88,HIGIENE,REPELENTE
2021-01-13,469511,258,F,1,0,B,151,HIGIENE,PROTETOR SOLAR
2021-01-13,469581,171,F,3,1,B,180,ALIMENTOS,LEITE
2021-01-13,469621,88,F,1,0,B,96,LIMPEZA,BALDE
2021-01-13,469649,86,F,4,3,C,198,BEBIDAS,ENERGETICO
2021-01-13,469658,67,M,1,0,B,71,HIGIENE,ABSORVENTE
2021-01-13,469694,844,F,5,1,A,210,ACESSORIOS,CHUPETA
2021-01-13,469764,16,M,1,4,C,40,ALIMENTOS,LINGUICA
2021-01-13,469810,498,M,3,2,B,178,HIGIENE,LENCO UMEDECIDO
2021-01-13,469903,974,M,4,1,B,223,ALIMENTOS,AZEITONA
2021-01-13,469999,584,M,3,0,B,73,HIGIENE,CREME
2021-01-13,470019,666,F,2,2,B,47,ALIMENTOS,MORTADELA
2021-01-13,470035,337,M,3,0,B,8,ALIMENTOS,ARROZ
2021-01-13,470084,447,M,2,0,B,187,HIGIENE,HASTES FLEXIVEIS
2021-01-13,470145,952,F,3,4,C,25,ALIMENTOS,CORACAO DE FRANGO
2021-01-13,470174,587,M,1,0,B,155,ALIMENTOS,PATE
2021-01-13,470183,992,F,2,0,B,3,ALIMENTOS,ABACATE
2021-01-13,470210,135,M,3,0,B,204,HIGIENE,CREME
2021-01-13,470297,165,F,4,0,C,191,HIGIENE,FRALDA
2021-01-13,470333,774,F,2,0,B,30,ALIMENTOS,FILE DE PEIXE
2021-01-13,470384,773,M,4,0,B,63,ALIMENTOS,TOMATE
2021-01-13,470462,435,F,2,0,C,134,LIMPEZA,SABAO
2021-01-13,470505,184,M,1,3,B,184,ALIMENTOS,IOGURTE
2021-01-13,470585,981,F,4,1,C,54,ALIMENTOS,PRESUNTO COZIDO
2021-01-13,470627,431,F,4,3,B,20,ALIMENTOS,CEBOLA
2021-01-13,470697,576,M,3,0,B,209,ALIMENTOS,COGUMELOS
2021-01-13,470770,622,F,3,0,B,153,ALIMENTOS,PRESUNTO COZIDO
2021-01-13,470821,535,M,4,0,A,69,BEBIDAS,REFRIGERANTE LIMaO
2021-01-13,470869,390,F,2,0,B,217,ALIMENTOS,BISCOITO
2021-01-13,470938,632,F,4,3,A,125,HIGIENE,TINTURAS
2021-01-13,471034,184,M,1,3,B,121,ALIMENTOS,UVA
2021-01-13,471065,752,M,3,0,C,10,ALIMENTOS,ATUM
2021-01-13,471153,179,F,2,0,B,75,HIGIENE,ESCOVA DE DENTE
2021-01-13,471194,629,M,3,0,C,96,LIMPEZA,BALDE
2021-01-13,471284,822,M,2,3,B,96,LIMPEZA,BALDE
2021-01-13,471383,724,M,1,0,B,54,ALIMENTOS,PRESUNTO COZIDO
2021-01-13,471445,45,M,2,0,A,70,BEBIDAS,REFRIGERANTE OUTROS
2021-01-13,471456,28,F,1,2,B,58,ALIMENTOS,RICOTA
2021-01-13,471528,8,F,3,0,B,191,HIGIENE,FRALDA
2021-01-13,471598,422,F,2,4,C,157,ALIMENTOS,PAPINHA INFANTIL
2021-01-13,471636,512,M,4,0,B,221,ALIMENTOS,BANANA
2021-01-13,471735,312,M,1,0,A,12,ALIMENTOS,AZEITONA
2021-01-13,471786,145,M,3,0,B,218,ALIMENTOS,BIFE DE COXAO MOLE
2021-01-13,471840,69,M,4,3,A,17,ALIMENTOS,BISCOITO
2021-01-13,471842,886,F,5,1,B,15,ALIMENTOS,BATATA DOCE
2021-01-13,471930,826,F,2,0,C,213,ALIMENTOS,CENOURA
2021-01-13,472028,642,M,2,3,B,8,ALIMENTOS,ARROZ
2021-01-13,472099,502,M,4,0,C,37,ALIMENTOS,LEITE
2021-01-13,472136,202,M,1,0,B,55,ALIMENTOS,QUEIJO DE CABRA
2021-01-13,472209,503,F,2,1,B,99,LIMPEZA,DESINFETANTE
2021-01-13,472293,341,M,2,0,C,32,ALIMENTOS,HAMBUGUER
2021-01-13,472344,311,F,4,0,C,187,HIGIENE,HASTES FLEXIVEIS
2021-01-13,472354,844,F,5,1,A,82,HIGIENE,LENCO UMEDECIDO
2021-01-13,472382,29,M,2,0,B,105,LIMPEZA,LUSTRA MOVEIS
2021-01-13,472432,881,F,5,1,C,109,LIMPEZA,RODO
2021-01-13,472455,924,F,2,2,B,103,LIMPEZA,LIMPADOR MULTIUSO
2021-01-13,472524,278,F,3,2,C,84,HIGIENE,PAPEL HIGIENICO
2021-01-13,472585,770,M,2,3,B,88,HIGIENE,REPELENTE
2021-01-13,472594,649,F,3,0,B,86,HIGIENE,PRESERVATIVO
2021-01-13,472687,356,M,2,4,A,85,HIGIENE,PASTA DE DENTE
2021-01-13,472713,290,F,1,0,B,187,HIGIENE,HASTES FLEXIVEIS
2021-01-13,472716,904,M,1,2,B,49,ALIMENTOS,PALMITO
2021-01-13,472799,284,M,4,1,B,155,ALIMENTOS,PATE
2021-01-13,472806,251,F,2,0,C,120,LIMPEZA,VASSOURA
2021-01-13,472814,395,F,4,1,B,10,ALIMENTOS,ATUM
2021-01-13,472889,487,F,3,0,C,60,ALIMENTOS,SALGADINHOS DE MILHO
2021-01-13,472963,838,F,1,0,C,79,HIGIENE,GEL
2021-01-13,472970,799,M,4,3,C,177,ALIMENTOS,LIMAO
2021-01-13,473041,685,F,4,0,B,227,ALIMENTOS,ARROZ
2021-01-13,473116,791,F,1,0,B,123,LIMPEZA,TIRA MANCHA
2021-01-13,473210,841,M,1,0,B,8,ALIMENTOS,ARROZ
2021-01-13,473305,107,F,2,0,C,22,ALIMENTOS,CHA
2021-01-13,473314,73,M,1,0,A,174,LIMPEZA,LIMPADOR PERFUMADO
2021-01-13,473403,274,M,1,1,B,168,ALIMENTOS,MAMAO PAPAYA
2021-01-13,473450,956,M,5,1,C,143,BEBIDAS,REFRIGERANTE GUARANA
2021-01-13,473480,937,M,3,4,C,52,ALIMENTOS,PATE
2021-01-13,473496,81,F,2,0,B,21,ALIMENTOS,CENOURA
2021-01-13,473565,341,M,2,0,C,210,ACESSORIOS,CHUPETA
2021-01-13,473606,198,M,4,0,B,12,ALIMENTOS,AZEITONA
2021-01-13,473641,879,M,2,2,C,26,ALIMENTOS,COXA E SOBRECOXA DE FRANGO
2021-01-13,473654,974,M,4,1,B,4,ALIMENTOS,ABACAXI
2021-01-13,473716,464,M,2,2,B,16,ALIMENTOS,BIFE DE COXAO MOLE
2021-01-17,473780,581,F,4,2,C,200,LIMPEZA,DETERGENTE
2021-01-17,473791,950,M,3,0,C,141,BEBIDAS,REFRIGERANTE LIMaO
2021-01-17,473879,979,F,3,0,A,67,BEBIDAS,REFRIGERANTE GUARANA
2021-01-17,473929,103,M,3,4,B,207,ALIMENTOS,COPA SUINA
2021-01-17,473937,371,F,4,0,B,44,ALIMENTOS,MAMAO
2021-01-17,473973,638,M,3,1,B,217,ALIMENTOS,BISCOITO
2021-01-17,474064,647,M,1,0,C,124,LIMPEZA,TIRA LIMO
2021-01-17,474094,826,F,2,0,C,34,ALIMENTOS,KETCHUP
2021-01-17,474131,583,F,2,0,B,36,ALIMENTOS,LATA DE MILHO
2021-01-17,474160,700,F,4,2,C,18,ALIMENTOS,BROCOLIS
2021-01-17,474210,475,F,4,3,B,148,PET,RACAO SECA PARA CAES
2021-01-17,474261,805,F,3,0,C,20,ALIMENTOS,CEBOLA
2021-01-17,474274,264,F,4,1,B,25,ALIMENTOS,CORACAO DE FRANGO
2021-01-17,474323,740,F,1,4,C,138,HIGIENE,REPELENTE
2021-01-17,474391,230,M,1,4,A,192,HIGIENE,FIXADOR
2021-01-17,474392,262,M,1,2,B,81,HIGIENE,HIDRATANTE
2021-01-17,474418,760,F,2,0,A,135,LIMPEZA,RODO
2021-01-17,474514,163,F,3,0,A,72,HIGIENE,CONDICIONADOR
2021-01-17,474546,27,F,1,0,B,86,HIGIENE,PRESERVATIVO
2021-01-17,474618,864,F,1,3,B,188,ALIMENTOS,HAMBUGUER
2021-01-17,474643,342,M,3,0,B,92,HIGIENE,TINTURAS
2021-01-17,474677,413,M,3,2,B,72,HIGIENE,CONDICIONADOR
2021-01-17,474775,393,F,4,0,B,208,HIGIENE,CONDICIONADOR
2021-01-17,474792,293,M,4,0,B,54,ALIMENTOS,PRESUNTO COZIDO
2021-01-17,474844,286,M,4,0,B,71,HIGIENE,ABSORVENTE
2021-01-17,474846,162,F,1,1,B,177,ALIMENTOS,LIMAO
2021-01-17,474880,571,F,2,0,B,30,ALIMENTOS,FILE DE PEIXE
2021-01-17,474901,31,F,1,0,C,64,ALIMENTOS,UVA
2021-01-17,474954,373,F,4,2,B,219,ALIMENTOS,BATATA DOCE
2021-01-17,474996,349,M,3,0,B,119,PET,RACAO UMIDA PARA GATOS
2021-01-17,475064,289,F,3,4,C,194,ALIMENTOS,FILE DE PEIXE
2021-01-17,475098,696,M,2,0,B,176,LIMPEZA,LIMPA VIDROS
2021-01-17,475125,524,F,4,3,C,83,HIGIENE,MODELADOR
2021-01-17,475129,816,M,4,0,C,15,ALIMENTOS,BATATA DOCE
2021-01-17,475178,488,M,3,2,B,71,HIGIENE,ABSORVENTE
2021-01-17,475225,798,M,5,2,B,97,LIMPEZA,CERA
2021-01-17,475315,585,F,2,4,B,49,ALIMENTOS,PALMITO
2021-01-17,475413,686,F,3,2,A,159,ALIMENTOS,PAO DE FORMA
2021-01-17,475471,948,M,4,0,C,174,LIMPEZA,LIMPADOR PERFUMADO
2021-01-17,475481,57,M,2,0,B,5,ALIMENTOS,ACHOCOLATADO
2021-01-17,475531,415,F,3,0,B,190,HIGIENE,GEL
2021-01-17,475596,525,M,1,4,B,219,ALIMENTOS,BATATA DOCE
2021-01-17,475688,23,M,3,0,B,67,BEBIDAS,REFRIGERANTE GUARANA
2021-01-17,475782,92,M,4,1,B,163,ALIMENTOS,MORTADELA
2021-01-17,475828,311,F,4,0,C,199,ALIMENTOS,DOCE
2021-01-17,475926,263,M,3,0,B,104,LIMPEZA,LIMPADOR PERFUMADO
2021-01-17,475942,462,F,4,0,A,13,ALIMENTOS,BANANA
2021-01-17,476018,668,M,1,0,A,189,ALIMENTOS,GRANOLA
2021-01-17,476097,504,M,3,0,B,8,ALIMENTOS,ARROZ
2021-01-17,476185,139,F,3,3,B,199,ALIMENTOS,DOCE
2021-01-17,476187,61,M,1,2,B,80,HIGIENE,HASTES FLEXIVEIS
2021-01-17,476243,662,F,1,1,B,196,HIGIENE,ESCOVA DE DENTE
2021-01-17,476280,673,F,5,1,B,173,ALIMENTOS,LINGUICA
2021-01-17,476289,120,F,4,3,A,211,ALIMENTOS,CHA
2021-01-17,476378,50,M,4,0,B,122,ALIMENTOS,TOMATE
2021-01-17,476427,302,F,4,3,C,43,ALIMENTOS,MAMAO PAPAYA
2021-01-17,476477,566,F,4,0,B,4,ALIMENTOS,ABACAXI
2021-01-17,476512,603,M,3,0,B,97,LIMPEZA,CERA
2021-01-17,476560,459,F,3,2,B,152,ALIMENTOS,PRESUNTO COZIDO
2021-01-17,476646,649,F,3,0,B,120,LIMPEZA,VASSOURA
2021-01-17,476662,963,M,3,0,B,185,LIMPEZA,INSETICIDA
2021-01-17,476683,762,F,2,0,B,213,ALIMENTOS,CENOURA
2021-01-17,476777,732,F,3,4,B,141,BEBIDAS,REFRIGERANTE LIMaO
2021-01-17,476820,567,F,1,0,C,165,ALIMENTOS,MOLHO BARBECUE
2021-01-17,476825,901,F,4,1,B,39,ALIMENTOS,LIMAO
2021-01-17,476865,539,M,2,0,C,130,ALIMENTOS,SALGADINHOS DE MILHO
2021-01-17,476939,172,M,2,0,B,14,ALIMENTOS,BATATA
2021-01-17,476949,767,F,1,0,B,61,ALIMENTOS,SARDINHA
2021-01-17,477026,8,F,3,0,B,221,ALIMENTOS,BANANA
2021-01-17,477116,972,M,4,0,C,69,BEBIDAS,REFRIGERANTE LIMaO
2021-01-17,477167,416,M,3,2,C,207,ALIMENTOS,COPA SUINA
2021-01-17,477192,884,F,3,2,C,85,HIGIENE,PASTA DE DENTE
2021-01-17,477269,594,F,3,1,C,133,LIMPEZA,SABAO EM PO
2021-01-17,477287,865,F,1,0,B,125,HIGIENE,TINTURAS
2021-01-17,477317,643,F,4,0,C,79,HIGIENE,GEL
2021-01-17,477335,216,F,1,2,B,227,ALIMENTOS,ARROZ
2021-01-17,477418,380,M,3,4,B,186,HIGIENE,HIDRATANTE
2021-01-17,477459,24,F,4,0,C,165,ALIMENTOS,MOLHO BARBECUE
2021-01-17,477471,501,M,1,0,B,105,LIMPEZA,LUSTRA MOVEIS
2021-01-17,477508,830,F,5,1,B,109,LIMPEZA,RODO
2021-01-17,477606,167,M,1,1,A,70,BEBIDAS,REFRIGERANTE OUTROS
2021-01-17,477620,397,F,1,0,B,104,LIMPEZA,LIMPADOR PERFUMADO
2021-01-17,477700,782,M,3,3,B,197,HIGIENE,ENXAGUANTE BUCAL
2021-01-17,477781,722,F,4,0,B,190,HIGIENE,GEL
2021-01-17,477787,926,M,1,0,B,139,LIMPEZA,REMOVEDOR
2021-01-17,477832,485,M,3,3,B,137,ALIMENTOS,REQUEIJAO
2021-01-17,477849,392,M,2,2,C,30,ALIMENTOS,FILE DE PEIXE
2021-01-17,477916,192,F,4,0,B,149,ALIMENTOS,QUEIJO MUSSARELA
2021-01-17,477996,89,F,3,3,C,37,ALIMENTOS,LEITE
2021-01-17,478095,277,F,1,3,B,173,ALIMENTOS,LINGUICA
2021-01-17,478153,749,F,4,1,B,54,ALIMENTOS,PRESUNTO COZIDO
2021-01-17,478206,778,F,2,2,A,185,LIMPEZA,INSETICIDA
2021-01-17,478267,663,F,4,0,B,2,ACESSORIOS,MORDEDOR
2021-01-17,478336,825,M,1,2,C,151,HIGIENE,PROTETOR SOLAR
2021-01-17,478426,593,M,4,1,B,198,BEBIDAS,ENERGETICO
2021-01-17,478467,376,F,3,0,B,111,LIMPEZA,SABAO EM PO
2021-01-17,478500,715,F,3,4,B,10,ALIMENTOS,ATUM
2021-01-17,478588,804,F,4,3,B,164,ACESSORIOS,MORDEDOR
2021-01-17,478604,611,M,4,0,B,192,HIGIENE,FIXADOR
2021-01-18,478679,630,M,1,2,C,50,ALIMENTOS,PAO DE FORMA
2021-01-18,478702,739,F,2,3,B,101,LIMPEZA,INSETICIDA
2021-01-18,478771,796,M,2,3,B,79,HIGIENE,GEL
2021-01-18,478806,749,F,4,1,B,121,ALIMENTOS,UVA
2021-01-18,478838,981,F,4,1,C,204,HIGIENE,CREME
2021-01-18,478889,235,F,4,0,B,122,ALIMENTOS,TOMATE
2021-01-18,478962,460,F,1,3,B,15,ALIMENTOS,BATATA DOCE
2021-01-18,479037,252,M,2,2,B,23,ALIMENTOS,COGUMELOS
2021-01-18,479049,994,M,4,0,C,60,ALIMENTOS,SALGADINHOS DE MILHO
2021-01-18,479062,736,M,1,0,C,134,LIMPEZA,SABAO
2021-01-18,479108,344,M,3,0,B,198,BEBIDAS,ENERGETICO
2021-01-18,479115,447,M,2,0,B,5,ALIMENTOS,ACHOCOLATADO
2021-01-18,479199,568,F,4,1,A,169,ALIMENTOS,MAMAO
2021-01-18,479212,470,M,3,1,B,64,ALIMENTOS,UVA
2021-01-18,479293,10,M,1,0,B,67,BEBIDAS,REFRIGERANTE GUARANA
2021-01-18,479324,547,F,3,4,C,32,ALIMENTOS,HAMBUGUER
2021-01-18,479330,452,M,1,3,B,75,HIGIENE,ESCOVA DE DENTE
2021-01-18,479406,292,F,2,0,C,50,ALIMENTOS,PAO DE FORMA
2021-01-18,479463,319,M,1,4,B,8,ALIMENTOS,ARROZ
2021-01-18,479478,157,M,1,1,C,178,HIGIENE,LENCO UMEDECIDO
2021-01-18,479486,971,F,1,2,A,137,ALIMENTOS,REQUEIJAO
2021-01-21,479530,769,F,3,3,C,193,HIGIENE,FIO DENTAL
2021-01-21,479561,418,M,2,2,A,184,ALIMENTOS,IOGURTE
2021-01-21,479646,502,M,4,0,C,210,ACESSORIOS,CHUPETA
2021-01-21,479740,425,F,3,0,B,4,ALIMENTOS,ABACAXI
2021-01-21,479825,789,F,5,1,B,76,HIGIENE,FIO DENTAL
2021-01-21,479883,995,M,3,1,B,217,ALIMENTOS,BISCOITO
2021-01-21,479918,225,M,4,0,C,226,ALIMENTOS,ARROZ INTEGRAL
2021-01-21,479960,936,F,3,2,B,97,LIMPEZA,CERA
2021-01-21,480033,268,M,4,0,B,4,ALIMENTOS,ABACAXI
2021-01-21,480079,237,F,4,3,C,80,HIGIENE,HASTES FLEXIVEIS
2021-01-21,480096,800,M,1,0,C,115,PET,ALIMENTO PARA PASSARO
2021-01-21,480140,866,M,2,2,C,144,BEBIDAS,REFRIGERANTE COLA
2021-01-21,480143,534,M,4,1,C,135,LIMPEZA,RODO
2021-01-21,480237,80,F,2,1,C,138,HIGIENE,REPELENTE
2021-01-21,480271,415,F,3,0,B,153,ALIMENTOS,PRESUNTO COZIDO
2021-01-21,480330,283,M,4,1,B,46,ALIMENTOS,MOLHO BARBECUE
2021-01-21,480405,491,M,2,1,A,147,PET,RACAO SECA PARA GATOS
2021-01-21,480486,600,M,2,4,C,117,PET,RACAO SECA PARA GATOS
2021-01-21,480579,630,M,1,2,C,114,LIMPEZA,VASSOURA
2021-01-21,480666,536,M,4,0,B,130,ALIMENTOS,SALGADINHOS DE MILHO
2021-01-21,480675,141,M,3,4,B,143,BEBIDAS,REFRIGERANTE GUARANA
2021-01-21,480761,376,F,3,0,B,165,ALIMENTOS,MOLHO BARBECUE
2021-01-21,480785,237,F,4,3,C,8,ALIMENTOS,ARROZ
2021-01-21,480876,610,M,2,0,B,90,HIGIENE,SHAMPOO
2021-01-21,480970,978,F,3,0,C,39,ALIMENTOS,LIMAO
2021-01-21,480992,918,F,2,4,C,146,PET,RACAO UMIDA PARA CAES
2021-01-21,481016,853,M,5,2,A,202,LIMPEZA,DESENGORDURANTE
2021-01-21,481114,349,M,3,0,B,178,HIGIENE,LENCO UMEDECIDO
2021-01-21,481211,646,F,1,0,B,9,ALIMENTOS,ARROZ INTEGRAL
2021-01-21,481305,354,F,2,0,B,1,ACESSORIOS,CHUPETA
2021-01-21,481348,119,F,3,2,B,226,ALIMENTOS,ARROZ INTEGRAL
2021-01-21,481444,955,F,3,2,C,133,LIMPEZA,SABAO EM PO
2021-01-21,481449,714,M,1,0,B,102,LIMPEZA,LIMPA VIDROS
2021-01-21,481513,195,M,4,0,B,54,ALIMENTOS,PRESUNTO COZIDO
2021-01-21,481576,901,F,4,1,B,169,ALIMENTOS,MAMAO
2021-01-21,481614,52,F,1,0,A,159,ALIMENTOS,PAO DE FORMA
2021-01-21,481684,516,M,1,0,C,169,ALIMENTOS,MAMAO
2021-01-21,481783,339,F,4,0,C,93,LIMPEZA,AGUA SANITARIA
2021-01-21,481789,914,M,2,4,B,111,LIMPEZA,SABAO EM PO
2021-01-21,481847,486,M,4,0,B,58,ALIMENTOS,RICOTA
2021-01-21,481867,142,F,1,0,B,167,ALIMENTOS,MANGA
2021-01-21,481907,642,M,2,3,B,14,ALIMENTOS,BATATA
2021-01-21,481973,736,M,1,0,C,139,LIMPEZA,REMOVEDOR
2021-01-21,481979,463,M,3,3,B,223,ALIMENTOS,AZEITONA
2021-01-23,482027,340,M,3,4,B,191,HIGIENE,FRALDA
2021-01-23,482029,185,F,3,0,C,124,LIMPEZA,TIRA LIMO
2021-01-23,482099,454,F,1,0,B,89,HIGIENE,SABONETE
2021-01-23,482130,746,M,3,0,C,95,LIMPEZA,AMACIANTE
2021-01-23,482182,829,F,3,4,B,27,ALIMENTOS,DANETTE
2021-01-23,482217,357,M,2,2,C,10,ALIMENTOS,ATUM
2021-01-23,482279,271,F,4,0,B,111,LIMPEZA,SABAO EM PO
2021-01-23,482355,22,M,1,0,B,123,LIMPEZA,TIRA MANCHA
2021-01-23,482398,616,F,1,2,C,186,HIGIENE,HIDRATANTE
2021-01-23,482463,869,F,3,0,B,208,HIGIENE,CONDICIONADOR
2021-01-23,482536,374,F,3,0,B,207,ALIMENTOS,COPA SUINA
2021-01-23,482548,547,F,3,4,C,132,HIGIENE,SABONETE
2021-01-23,482607,689,M,2,0,C,12,ALIMENTOS,AZEITONA
2021-01-23,482698,221,F,1,0,B,147,PET,RACAO SECA PARA GATOS
2021-01-23,482724,742,M,1,1,C,180,ALIMENTOS,LEITE
2021-01-23,482735,461,M,3,4,C,9,ALIMENTOS,ARROZ INTEGRAL
2021-01-23,482764,418,M,2,2,A,182,ALIMENTOS,LATA DE ERVILHA
2021-01-23,482804,728,M,2,0,A,160,ALIMENTOS,PALMITO
2021-01-23,482903,605,M,4,2,B,101,LIMPEZA,INSETICIDA
2021-01-23,482925,398,F,4,1,B,103,LIMPEZA,LIMPADOR MULTIUSO
2021-01-23,482987,454,F,1,0,B,15,ALIMENTOS,BATATA DOCE
2021-01-23,483078,741,M,3,0,B,176,LIMPEZA,LIMPA VIDROS
2021-01-23,483080,712,F,2,3,B,102,LIMPEZA,LIMPA VIDROS
2021-01-23,483089,44,F,4,0,C,83,HIGIENE,MODELADOR
2021-01-23,483112,34,M,2,0,C,222,LIMPEZA,BALDE
2021-01-23,483185,284,M,4,1,B,229,ALIMENTOS,ALMONDEGA
2021-01-23,483271,679,F,3,3,B,89,HIGIENE,SABONETE
2021-01-23,483304,630,M,1,2,C,225,ALIMENTOS,ATUM
2021-01-23,483329,377,F,1,0,B,226,ALIMENTOS,ARROZ INTEGRAL
2021-01-23,483362,71,F,3,1,B,213,ALIMENTOS,CENOURA
2021-01-23,483447,710,F,3,1,C,1,ACESSORIOS,CHUPETA
2021-01-23,483459,227,F,3,0,C,85,HIGIENE,PASTA DE DENTE
2021-01-23,483548,444,F,2,0,B,125,HIGIENE,TINTURAS
2021-01-23,483598,925,M,2,0,C,175,LIMPEZA,LIMPADOR MULTIUSO
2021-01-23,483642,75,M,1,0,B,75,HIGIENE,ESCOVA DE DENTE
2021-01-23,483717,877,M,2,0,C,124,LIMPEZA,TIRA LIMO
2021-01-23,483731,526,M,2,2,B,84,HIGIENE,PAPEL HIGIENICO
2021-01-23,483812,717,F,3,0,B,83,HIGIENE,MODELADOR
2021-01-23,483819,663,F,4,0,B,166,HIGIENE,MODELADOR
2021-01-23,483898,239,M,4,2,C,44,ALIMENTOS,MAMAO
2021-01-23,483985,617,F,4,3,C,207,ALIMENTOS,COPA SUINA
2021-01-23,484040,948,M,4,0,C,180,ALIMENTOS,LEITE
2021-01-23,484114,810,M,1,0,B,221,ALIMENTOS,BANANA
2021-01-23,484181,115,M,4,0,B,92,HIGIENE,TINTURAS
2021-01-23,484185,469,M,4,2,C,90,HIGIENE,SHAMPOO
2021-01-23,484208,500,M,3,2,C,129,ALIMENTOS,SARDINHA
2021-01-23,484250,775,F,2,3,B,129,ALIMENTOS,SARDINHA
2021-01-23,484265,395,F,4,1,B,224,ALIMENTOS,AZEITE
2021-01-23,484307,856,F,5,1,B,168,ALIMENTOS,MAMAO PAPAYA
2021-01-23,484322,598,F,4,0,B,41,ALIMENTOS,MACARRAO
2021-01-23,484357,509,F,2,3,C,155,ALIMENTOS,PATE
2021-01-23,484453,17,M,4,0,B,97,LIMPEZA,CERA
2021-01-23,484521,971,F,1,2,A,94,LIMPEZA,ALCOOL
2021-01-23,484559,858,F,4,2,C,63,ALIMENTOS,TOMATE
2021-01-23,484572,56,F,2,3,B,149,ALIMENTOS,QUEIJO MUSSARELA
2021-01-23,484631,586,F,4,2,B,221,ALIMENTOS,BANANA
2021-01-23,484654,558,F,5,2,C,142,BEBIDAS,REFRIGERANTE LARANJA
2021-01-23,484672,496,F,2,0,B,229,ALIMENTOS,ALMONDEGA
2021-01-23,484720,846,F,4,3,C,81,HIGIENE,HIDRATANTE
2021-01-23,484797,308,M,4,0,B,199,ALIMENTOS,DOCE
2021-01-23,484806,498,M,3,2,B,151,HIGIENE,PROTETOR SOLAR
2021-01-23,484865,861,M,3,0,B,69,BEBIDAS,REFRIGERANTE LIMaO
2021-01-23,484918,202,M,1,0,B,91,HIGIENE,TALCO
2021-01-23,484956,495,F,2,3,A,171,ALIMENTOS,MACARRAO
2021-01-23,485049,534,M,4,1,C,141,BEBIDAS,REFRIGERANTE LIMaO
2021-01-23,485055,994,M,4,0,C,51,ALIMENTOS,PAPINHA INFANTIL
2021-01-23,485072,852,M,2,3,B,78,HIGIENE,FRALDA
2021-01-23,485155,18,M,4,0,C,28,ALIMENTOS,DOCE
2021-01-23,485220,793,M,1,3,B,75,HIGIENE,ESCOVA DE DENTE
2021-01-23,485271,74,M,3,0,C,78,HIGIENE,FRALDA
2021-01-23,485343,397,F,1,0,B,142,BEBIDAS,REFRIGERANTE LARANJA
2021-01-23,485349,38,M,3,0,B,129,ALIMENTOS,SARDINHA
2021-01-23,485386,672,F,4,0,B,184,ALIMENTOS,IOGURTE
2021-01-23,485405,163,F,3,0,A,34,ALIMENTOS,KETCHUP
2021-01-23,485418,97,F,4,1,B,137,ALIMENTOS,REQUEIJAO
2021-01-23,485496,601,M,4,0,A,126,HIGIENE,TALCO
2021-01-23,485505,113,F,3,0,B,58,ALIMENTOS,RICOTA
2021-01-23,485584,866,M,2,2,C,186,HIGIENE,HIDRATANTE
2021-01-23,485674,662,F,1,1,B,225,ALIMENTOS,ATUM
2021-01-23,485693,847,M,4,2,A,223,ALIMENTOS,AZEITONA
2021-01-23,485748,521,F,1,0,A,188,ALIMENTOS,HAMBUGUER
2021-01-23,485773,499,M,3,0,B,183,ALIMENTOS,KETCHUP
2021-01-23,485816,872,M,3,4,A,94,LIMPEZA,ALCOOL
2021-01-23,485851,799,M,4,3,C,24,ALIMENTOS,COPA SUINA
2021-01-23,485866,747,M,1,0,B,72,HIGIENE,CONDICIONADOR
2021-01-28,485869,39,M,2,0,C,26,ALIMENTOS,COXA E SOBRECOXA DE FRANGO
2021-01-28,485953,166,F,1,0,B,56,ALIMENTOS,QUEIJO MUSSARELA
2021-01-28,485973,763,F,4,0,B,26,ALIMENTOS,COXA E SOBRECOXA DE FRANGO
2021-01-28,486067,848,F,5,3,A,91,HIGIENE,TALCO
2021-01-28,486098,669,F,4,0,B,68,BEBIDAS,REFRIGERANTE LARANJA
2021-01-28,486113,641,F,4,0,C,211,ALIMENTOS,CHA
2021-01-28,486168,332,F,3,4,C,31,ALIMENTOS,GRANOLA
2021-01-28,486205,963,M,3,0,B,107,#N/D,#N/D
2021-01-28,486240,147,M,1,0,A,46,ALIMENTOS,MOLHO BARBECUE
2021-01-28,486266,660,F,3,0,C,56,ALIMENTOS,QUEIJO MUSSARELA
2021-01-28,486269,162,F,1,1,B,157,ALIMENTOS,PAPINHA INFANTIL
2021-01-28,486361,883,M,1,0,B,144,BEBIDAS,REFRIGERANTE COLA
2021-01-28,486415,89,F,3,3,C,14,ALIMENTOS,BATATA
2021-01-28,486510,264,F,4,1,B,8,ALIMENTOS,ARROZ
2021-01-28,486538,643,F,4,0,C,118,PET,RACAO UMIDA PARA CAES
2021-01-28,486616,450,M,1,0,B,201,LIMPEZA,DESINFETANTE
2021-01-28,486677,259,M,1,1,B,211,ALIMENTOS,CHA
2021-01-28,486741,217,F,3,0,B,12,ALIMENTOS,AZEITONA
2021-01-28,486792,686,F,3,2,A,75,HIGIENE,ESCOVA DE DENTE
2021-01-28,486815,731,M,3,4,B,42,ALIMENTOS,MACARRAO INSTANTANEO
2021-01-28,486905,983,F,4,0,C,21,ALIMENTOS,CENOURA
2021-01-28,486926,260,F,2,0,C,186,HIGIENE,HIDRATANTE
2021-01-28,486937,244,M,4,0,B,219,ALIMENTOS,BATATA DOCE
2021-01-28,486992,409,F,3,4,B,5,ALIMENTOS,ACHOCOLATADO
2021-01-28,487085,274,M,1,1,B,126,HIGIENE,TALCO
2021-01-28,487162,461,M,3,4,C,154,HIGIENE,PRESERVATIVO
2021-01-28,487179,985,M,1,0,B,195,ALIMENTOS,FEIJAO
2021-01-28,487181,441,M,4,2,B,6,ALIMENTOS,ALHO
2021-01-28,487261,917,M,1,0,A,78,HIGIENE,FRALDA
2021-01-28,487331,962,M,3,4,B,173,ALIMENTOS,LINGUICA
2021-01-28,487375,444,F,2,0,B,148,PET,RACAO SECA PARA CAES
2021-01-28,487474,112,M,4,0,B,197,HIGIENE,ENXAGUANTE BUCAL
2021-01-28,487482,624,M,4,0,B,97,LIMPEZA,CERA
2021-01-28,487570,848,F,5,3,A,138,HIGIENE,REPELENTE
2021-01-28,487585,436,M,2,4,B,224,ALIMENTOS,AZEITE
2021-01-28,487597,420,M,3,0,B,38,ALIMENTOS,LEITE CONDENSADO
2021-01-28,487664,408,F,4,0,B,166,HIGIENE,MODELADOR
2021-01-28,487685,325,M,1,3,B,221,ALIMENTOS,BANANA
2021-01-28,487725,717,F,3,0,B,118,PET,RACAO UMIDA PARA CAES
2021-01-28,487771,737,F,2,1,C,56,ALIMENTOS,QUEIJO MUSSARELA
2021-01-28,487784,583,F,2,0,B,6,ALIMENTOS,ALHO
2021-01-28,487810,941,M,2,3,B,175,LIMPEZA,LIMPADOR MULTIUSO
2021-01-28,487871,468,M,3,1,C,4,ALIMENTOS,ABACAXI
2021-01-28,487877,531,F,3,1,B,217,ALIMENTOS,BISCOITO
2021-01-28,487902,599,F,1,4,C,102,LIMPEZA,LIMPA VIDROS
2021-01-28,487906,139,F,3,3,B,29,ALIMENTOS,FEIJAO
2021-01-28,487981,598,F,4,0,B,104,LIMPEZA,LIMPADOR PERFUMADO
2021-01-28,488032,656,M,2,0,C,198,BEBIDAS,ENERGETICO
2021-01-28,488122,245,F,4,3,B,36,ALIMENTOS,LATA DE MILHO
2021-01-28,488153,356,M,2,4,A,66,BEBIDAS,REFRIGERANTE COLA
2021-01-28,488231,28,F,1,2,B,14,ALIMENTOS,BATATA
2021-01-28,488273,809,F,3,3,B,47,ALIMENTOS,MORTADELA
2021-01-28,488321,905,M,1,0,B,165,ALIMENTOS,MOLHO BARBECUE
2021-01-28,488415,729,M,3,0,B,204,HIGIENE,CREME
2021-01-28,488429,709,F,3,0,B,57,ALIMENTOS,REQUEIJAO
2021-01-28,488464,708,F,2,2,B,16,ALIMENTOS,BIFE DE COXAO MOLE
2021-01-28,488530,310,M,4,3,C,84,HIGIENE,PAPEL HIGIENICO
2021-01-28,488546,880,M,3,2,B,122,ALIMENTOS,TOMATE
2021-01-28,488632,727,M,4,2,C,201,LIMPEZA,DESINFETANTE
2021-01-28,488660,178,M,3,0,A,52,ALIMENTOS,PATE
2021-01-28,488694,337,M,3,0,B,200,LIMPEZA,DETERGENTE
2021-01-28,488746,803,F,2,0,A,104,LIMPEZA,LIMPADOR PERFUMADO
2021-01-28,488756,957,M,2,3,B,45,ALIMENTOS,MANGA
2021-01-28,488804,946,M,3,0,B,2,ACESSORIOS,MORDEDOR
2021-01-28,488846,225,M,4,0,C,19,ALIMENTOS,CAFE
2021-01-02,488852,966,F,4,2,B,28,ALIMENTOS,DOCE
2021-01-02,488869,180,M,3,4,B,89,HIGIENE,SABONETE
2021-01-02,488910,543,M,2,2,B,107,#N/D,#N/D
2021-01-02,488945,269,F,3,3,B,45,ALIMENTOS,MANGA
2021-01-02,488990,633,F,3,0,C,165,ALIMENTOS,MOLHO BARBECUE
2021-01-02,489051,204,F,3,3,B,60,ALIMENTOS,SALGADINHOS DE MILHO
2021-01-02,489061,759,F,3,0,B,225,ALIMENTOS,ATUM
2021-01-02,489103,435,F,2,0,C,104,LIMPEZA,LIMPADOR PERFUMADO
2021-01-02,489190,282,M,2,0,B,160,ALIMENTOS,PALMITO
2021-01-02,489282,360,M,4,0,B,106,LIMPEZA,ODORIZADOR
2021-01-02,489335,537,F,1,4,B,14,ALIMENTOS,BATATA
2021-01-02,489421,967,F,1,0,B,159,ALIMENTOS,PAO DE FORMA
2021-01-02,489505,677,M,4,0,B,178,HIGIENE,LENCO UMEDECIDO
2021-01-02,489575,385,F,2,0,B,224,ALIMENTOS,AZEITE
2021-01-02,489604,197,F,2,0,B,98,LIMPEZA,DESENGORDURANTE
2021-01-02,489635,241,M,4,1,B,106,LIMPEZA,ODORIZADOR
2021-01-02,489711,184,M,1,3,B,14,ALIMENTOS,BATATA
2021-01-02,489793,800,M,1,0,C,54,ALIMENTOS,PRESUNTO COZIDO
2021-01-02,489797,28,F,1,2,B,88,HIGIENE,REPELENTE
2021-01-02,489855,592,F,2,0,C,100,LIMPEZA,DETERGENTE
2021-01-02,489905,493,M,2,4,B,54,ALIMENTOS,PRESUNTO COZIDO
2021-01-02,489995,615,M,1,4,C,59,ALIMENTOS,SALGADINHO
2021-01-02,490024,189,F,3,4,C,186,HIGIENE,HIDRATANTE
2021-01-02,490094,201,M,3,0,B,26,ALIMENTOS,COXA E SOBRECOXA DE FRANGO
2021-01-02,490135,814,M,4,0,B,52,ALIMENTOS,PATE
2021-01-02,490189,180,M,3,4,B,170,ALIMENTOS,MACARRAO INSTANTANEO
2021-01-02,490250,87,M,3,2,A,76,HIGIENE,FIO DENTAL
2021-01-02,490334,628,M,3,0,B,80,HIGIENE,HASTES FLEXIVEIS
2021-01-02,490402,655,M,2,0,B,145,PET,RACAO UMIDA PARA GATOS
2021-01-02,490465,982,M,4,3,B,221,ALIMENTOS,BANANA
2021-01-02,490508,971,F,1,2,A,29,ALIMENTOS,FEIJAO
2021-01-02,490563,610,M,2,0,B,129,ALIMENTOS,SARDINHA
2021-01-02,490592,812,F,2,0,A,29,ALIMENTOS,FEIJAO
2021-01-02,490608,940,F,1,3,B,183,ALIMENTOS,KETCHUP
2021-01-02,490690,69,M,4,3,A,60,ALIMENTOS,SALGADINHOS DE MILHO
2021-01-02,490761,909,M,3,0,B,91,HIGIENE,TALCO
2021-01-02,490780,561,M,2,0,B,227,ALIMENTOS,ARROZ
2021-01-02,490815,347,F,4,0,B,105,LIMPEZA,LUSTRA MOVEIS
2021-01-02,490829,554,F,3,0,A,46,ALIMENTOS,MOLHO BARBECUE
2021-01-02,490866,812,F,2,0,A,109,LIMPEZA,RODO
2021-01-02,490938,72,F,2,0,A,227,ALIMENTOS,ARROZ
2021-01-02,491002,324,F,3,3,B,104,LIMPEZA,LIMPADOR PERFUMADO
2021-01-02,491049,382,F,3,0,C,202,LIMPEZA,DESENGORDURANTE
2021-01-02,491144,815,F,2,4,B,21,ALIMENTOS,CENOURA
2021-01-02,491175,615,M,1,4,C,41,ALIMENTOS,MACARRAO
2021-01-02,491224,973,F,4,0,B,91,HIGIENE,TALCO
2021-01-02,491242,55,F,3,0,B,71,HIGIENE,ABSORVENTE
2021-01-02,491267,968,F,1,0,B,58,ALIMENTOS,RICOTA
2021-01-02,491345,409,F,3,4,B,208,HIGIENE,CONDICIONADOR
2021-01-02,491365,139,F,3,3,B,218,ALIMENTOS,BIFE DE COXAO MOLE
2021-01-02,491458,40,M,2,1,B,147,PET,RACAO SECA PARA GATOS
2021-01-02,491466,981,F,4,1,C,229,ALIMENTOS,ALMONDEGA
2021-01-02,491520,956,M,5,1,C,202,LIMPEZA,DESENGORDURANTE
2021-01-02,491538,533,F,4,0,A,69,BEBIDAS,REFRIGERANTE LIMaO
2021-01-02,491621,617,F,4,3,C,198,BEBIDAS,ENERGETICO
2021-08-02,491707,250,F,4,1,B,2,ACESSORIOS,MORDEDOR
2021-08-02,491802,759,F,3,0,B,157,ALIMENTOS,PAPINHA INFANTIL
2021-08-02,491901,112,M,4,0,B,77,HIGIENE,FIXADOR
2021-08-02,491936,621,F,4,0,B,33,ALIMENTOS,IOGURTE
2021-08-02,491956,3,F,4,0,B,183,ALIMENTOS,KETCHUP
2021-08-02,492004,75,M,1,0,B,128,HIGIENE,SHAMPOO
2021-08-02,492051,79,F,2,0,C,216,ALIMENTOS,BROCOLIS
2021-08-02,492117,481,M,3,0,B,108,LIMPEZA,REMOVEDOR
2021-08-02,492173,929,M,4,0,B,61,ALIMENTOS,SARDINHA
2021-08-02,492249,53,M,1,1,B,70,BEBIDAS,REFRIGERANTE OUTROS
2021-08-02,492340,914,M,2,4,B,147,PET,RACAO SECA PARA GATOS
2021-08-02,492412,229,M,2,2,C,2,ACESSORIOS,MORDEDOR
2021-08-02,492433,182,F,1,4,B,69,BEBIDAS,REFRIGERANTE LIMaO
2021-08-02,492484,49,M,2,0,C,216,ALIMENTOS,BROCOLIS
2021-08-02,492529,3,F,4,0,B,156,HIGIENE,PASTA DE DENTE
2021-08-02,492574,329,F,3,0,B,115,PET,ALIMENTO PARA PASSARO
2021-08-02,492628,978,F,3,0,C,25,ALIMENTOS,CORACAO DE FRANGO
2021-08-02,492676,982,M,4,3,B,212,LIMPEZA,CERA
2021-08-02,492707,214,F,4,0,B,78,HIGIENE,FRALDA
2021-08-02,492801,341,M,2,0,C,188,ALIMENTOS,HAMBUGUER
2021-08-02,492885,496,F,2,0,B,33,ALIMENTOS,IOGURTE
2021-08-02,492984,839,F,1,3,B,118,PET,RACAO UMIDA PARA CAES
2021-08-02,493078,61,M,1,2,B,139,LIMPEZA,REMOVEDOR
2021-08-02,493127,222,F,4,0,B,111,LIMPEZA,SABAO EM PO
2021-08-02,493187,962,M,3,4,B,95,LIMPEZA,AMACIANTE
2021-08-02,493276,431,F,4,3,B,148,PET,RACAO SECA PARA CAES
2021-08-02,493340,539,M,2,0,C,95,LIMPEZA,AMACIANTE
2021-08-02,493360,424,M,1,4,B,132,HIGIENE,SABONETE
2021-08-02,493387,210,M,2,2,C,109,LIMPEZA,RODO
2021-08-02,493446,449,F,2,3,B,38,ALIMENTOS,LEITE CONDENSADO
2021-08-02,493447,247,M,1,0,B,118,PET,RACAO UMIDA PARA CAES
2021-09-02,493467,545,M,2,2,B,200,LIMPEZA,DETERGENTE
2021-09-02,493529,700,F,4,2,C,103,LIMPEZA,LIMPADOR MULTIUSO
2021-09-02,493606,936,F,3,2,B,12,ALIMENTOS,AZEITONA
2021-09-02,493636,612,F,3,4,B,135,LIMPEZA,RODO
2021-09-02,493692,580,M,3,0,B,122,ALIMENTOS,TOMATE
2021-09-02,493765,383,M,1,3,C,138,HIGIENE,REPELENTE
2021-09-02,493809,390,F,2,0,B,209,ALIMENTOS,COGUMELOS
2021-09-02,493814,542,M,3,1,B,200,LIMPEZA,DETERGENTE
2021-09-02,493850,240,M,4,0,B,161,ALIMENTOS,OVOS
2021-09-02,493907,755,M,3,4,B,229,ALIMENTOS,ALMONDEGA
2021-09-02,494002,740,F,1,4,C,85,HIGIENE,PASTA DE DENTE
2021-09-02,494063,942,M,1,0,B,25,ALIMENTOS,CORACAO DE FRANGO
2021-09-02,494126,174,M,4,3,C,35,ALIMENTOS,LATA DE ERVILHA
2021-09-02,494191,937,M,3,4,C,143,BEBIDAS,REFRIGERANTE GUARANA
2021-09-02,494214,225,M,4,0,C,199,ALIMENTOS,DOCE
2021-09-02,494260,51,F,3,0,B,57,ALIMENTOS,REQUEIJAO
2021-09-02,494308,329,F,3,0,B,207,ALIMENTOS,COPA SUINA
2021-09-02,494405,828,F,2,4,B,3,ALIMENTOS,ABACATE
2021-09-02,494428,579,F,3,0,B,69,BEBIDAS,REFRIGERANTE LIMaO
2021-09-02,494478,206,F,3,1,C,62,ALIMENTOS,SNACKS
2021-09-02,494550,765,F,5,1,B,76,HIGIENE,FIO DENTAL
2021-09-02,494608,185,F,3,0,C,157,ALIMENTOS,PAPINHA INFANTIL
2021-09-02,494621,214,F,4,0,B,34,ALIMENTOS,KETCHUP
2021-09-02,494633,867,M,2,3,B,170,ALIMENTOS,MACARRAO INSTANTANEO
2021-09-02,494660,872,M,3,4,A,25,ALIMENTOS,CORACAO DE FRANGO
2021-09-02,494706,573,F,1,0,C,161,ALIMENTOS,OVOS
2021-09-02,494739,463,M,3,3,B,95,LIMPEZA,AMACIANTE
2021-09-02,494782,22,M,1,0,B,2,ACESSORIOS,MORDEDOR
2021-09-02,494878,602,M,3,0,B,226,ALIMENTOS,ARROZ INTEGRAL
2021-09-02,494943,240,M,4,0,B,33,ALIMENTOS,IOGURTE
2021-09-02,495014,626,M,3,1,C,186,HIGIENE,HIDRATANTE
2021-09-02,495097,307,M,1,0,B,206,ALIMENTOS,CORACAO DE FRANGO
2021-09-02,495185,812,F,2,0,A,119,PET,RACAO UMIDA PARA GATOS
2021-09-02,495218,638,M,3,1,B,1,ACESSORIOS,CHUPETA
2021-09-02,495315,956,M,5,1,C,204,HIGIENE,CREME
2021-09-02,495397,404,M,4,0,B,141,BEBIDAS,REFRIGERANTE LIMaO
2021-09-02,495472,52,F,1,0,A,22,ALIMENTOS,CHA
2021-09-02,495548,831,F,4,2,B,124,LIMPEZA,TIRA LIMO
2021-09-02,495557,831,F,4,2,B,188,ALIMENTOS,HAMBUGUER
2021-09-02,495608,347,F,4,0,B,193,HIGIENE,FIO DENTAL
2021-09-02,495639,360,M,4,0,B,131,ALIMENTOS,SALGADINHO
2021-09-02,495678,958,M,2,3,B,202,LIMPEZA,DESENGORDURANTE
2021-09-02,495701,469,M,4,2,C,30,ALIMENTOS,FILE DE PEIXE
2021-09-02,495730,388,F,4,3,B,97,LIMPEZA,CERA
2021-09-02,495829,302,F,4,3,C,196,HIGIENE,ESCOVA DE DENTE
2021-09-02,495910,872,M,3,4,A,134,LIMPEZA,SABAO
2021-09-02,495990,693,F,4,0,B,170,ALIMENTOS,MACARRAO INSTANTANEO
2021-09-02,496022,796,M,2,3,B,149,ALIMENTOS,QUEIJO MUSSARELA
2021-09-02,496045,625,F,4,0,C,167,ALIMENTOS,MANGA
2021-09-02,496139,550,M,4,0,B,190,HIGIENE,GEL
2021-09-02,496170,423,F,5,2,A,17,ALIMENTOS,BISCOITO
2021-09-02,496212,771,F,4,0,B,128,HIGIENE,SHAMPOO
2021-02-14,496242,882,F,4,1,B,219,ALIMENTOS,BATATA DOCE
2021-02-14,496280,459,F,3,2,B,106,LIMPEZA,ODORIZADOR
2021-02-14,496341,484,M,3,2,C,210,ACESSORIOS,CHUPETA
2021-02-14,496366,245,F,4,3,B,206,ALIMENTOS,CORACAO DE FRANGO
2021-02-14,496399,891,F,3,2,B,203,ALIMENTOS,DANETTE
2021-02-14,496433,208,M,3,0,B,14,ALIMENTOS,BATATA
2021-02-14,496501,723,M,4,0,B,204,HIGIENE,CREME
2021-02-14,496571,411,F,2,0,B,77,HIGIENE,FIXADOR
2021-02-14,496633,760,F,2,0,A,46,ALIMENTOS,MOLHO BARBECUE
2021-02-14,496672,375,M,4,0,B,48,ALIMENTOS,OVOS
2021-02-14,496743,976,M,4,2,B,198,BEBIDAS,ENERGETICO
2021-02-14,496810,692,F,4,0,B,193,HIGIENE,FIO DENTAL
2021-02-14,496878,166,F,1,0,B,157,ALIMENTOS,PAPINHA INFANTIL
2021-02-14,496916,559,F,3,1,A,70,BEBIDAS,REFRIGERANTE OUTROS
2021-02-14,496956,409,F,3,4,B,57,ALIMENTOS,REQUEIJAO
2021-02-14,497017,663,F,4,0,B,160,ALIMENTOS,PALMITO
2021-02-14,497113,171,F,3,1,B,33,ALIMENTOS,IOGURTE
2021-02-14,497163,578,M,4,0,B,61,ALIMENTOS,SARDINHA
2021-02-14,497235,819,M,4,0,B,200,LIMPEZA,DETERGENTE
2021-02-14,497246,937,M,3,4,C,119,PET,RACAO UMIDA PARA GATOS
2021-02-14,497308,422,F,2,4,C,198,BEBIDAS,ENERGETICO
2021-02-14,497402,58,M,2,2,B,93,LIMPEZA,AGUA SANITARIA
2021-02-14,497488,624,M,4,0,B,197,HIGIENE,ENXAGUANTE BUCAL
2021-02-14,497542,709,F,3,0,B,200,LIMPEZA,DETERGENTE
2021-02-14,497565,257,M,1,4,C,162,LIMPEZA,ODORIZADOR
2021-02-14,497615,222,F,4,0,B,116,PET,RACAO SECA PARA CAES
2021-02-14,497696,128,F,2,0,B,162,LIMPEZA,ODORIZADOR
2021-02-14,497722,566,F,4,0,B,147,PET,RACAO SECA PARA GATOS
2021-02-14,497738,999,M,2,2,C,3,ALIMENTOS,ABACATE
2021-02-14,497798,872,M,3,4,A,164,ACESSORIOS,MORDEDOR
2021-02-14,497837,520,M,1,0,B,5,ALIMENTOS,ACHOCOLATADO
2021-02-14,497866,592,F,2,0,C,212,LIMPEZA,CERA
2021-02-14,497926,227,F,3,0,C,224,ALIMENTOS,AZEITE
2021-02-14,498014,922,M,1,0,B,163,ALIMENTOS,MORTADELA
2021-02-14,498058,536,M,4,0,B,45,ALIMENTOS,MANGA
2021-02-14,498143,759,F,3,0,B,41,ALIMENTOS,MACARRAO
2021-02-14,498236,357,M,2,2,C,116,PET,RACAO SECA PARA CAES
2021-02-14,498309,594,F,3,1,C,107,#N/D,#N/D
2021-02-14,498353,584,M,3,0,B,8,ALIMENTOS,ARROZ
2021-02-14,498421,310,M,4,3,C,157,ALIMENTOS,PAPINHA INFANTIL
2021-02-14,498436,373,F,4,2,B,117,PET,RACAO SECA PARA GATOS
2021-02-14,498504,642,M,2,3,B,197,HIGIENE,ENXAGUANTE BUCAL
2021-02-14,498534,727,M,4,2,C,30,ALIMENTOS,FILE DE PEIXE
2021-02-14,498610,847,M,4,2,A,146,PET,RACAO UMIDA PARA CAES
2021-02-14,498686,933,M,2,2,B,203,ALIMENTOS,DANETTE
2021-02-14,498709,797,M,2,4,B,227,ALIMENTOS,ARROZ
2021-02-14,498721,878,F,4,3,C,178,HIGIENE,LENCO UMEDECIDO
2021-02-14,498759,470,M,3,1,B,80,HIGIENE,HASTES FLEXIVEIS
2021-02-14,498813,696,M,2,0,B,221,ALIMENTOS,BANANA
2021-02-14,498833,85,M,1,0,B,166,HIGIENE,MODELADOR
2021-02-14,498878,366,M,3,4,B,187,HIGIENE,HASTES FLEXIVEIS
2021-02-14,498916,525,M,1,4,B,126,HIGIENE,TALCO
2021-02-14,498939,576,M,3,0,B,158,HIGIENE,PAPEL HIGIENICO
2021-02-16,498965,136,F,2,1,B,31,ALIMENTOS,GRANOLA
2021-02-16,499049,953,M,1,1,B,225,ALIMENTOS,ATUM
2021-02-16,499103,958,M,2,3,B,116,PET,RACAO SECA PARA CAES
2021-02-16,499130,848,F,5,3,A,87,HIGIENE,PROTETOR SOLAR
2021-02-16,499206,508,F,3,0,B,175,LIMPEZA,LIMPADOR MULTIUSO
2021-02-16,499300,370,M,1,4,B,147,PET,RACAO SECA PARA GATOS
2021-02-16,499320,137,F,4,1,B,169,ALIMENTOS,MAMAO
2021-02-16,499330,176,F,2,0,B,103,LIMPEZA,LIMPADOR MULTIUSO
2021-02-16,499400,820,M,1,4,B,69,BEBIDAS,REFRIGERANTE LIMaO
2021-02-16,499438,54,M,1,0,A,155,ALIMENTOS,PATE
2021-02-16,499465,9,F,2,0,B,183,ALIMENTOS,KETCHUP
2021-02-16,499547,60,F,2,3,B,69,BEBIDAS,REFRIGERANTE LIMaO
2021-02-16,499564,847,M,4,2,A,103,LIMPEZA,LIMPADOR MULTIUSO
2021-02-16,499643,888,F,4,2,B,227,ALIMENTOS,ARROZ
2021-02-16,499722,114,F,3,3,B,104,LIMPEZA,LIMPADOR PERFUMADO
2021-02-16,499790,482,M,4,2,B,208,HIGIENE,CONDICIONADOR
2021-02-16,499868,706,F,2,0,A,143,BEBIDAS,REFRIGERANTE GUARANA
2021-02-16,499900,574,F,2,2,B,220,ALIMENTOS,BATATA
2021-02-16,499903,559,F,3,1,A,214,ALIMENTOS,CEBOLA
2021-02-16,499940,717,F,3,0,B,173,ALIMENTOS,LINGUICA
2021-02-16,499975,476,M,3,0,C,100,LIMPEZA,DETERGENTE
2021-02-16,500009,678,F,3,0,C,176,LIMPEZA,LIMPA VIDROS
2021-02-16,500011,629,M,3,0,C,206,ALIMENTOS,CORACAO DE FRANGO
2021-02-16,500044,496,F,2,0,B,204,HIGIENE,CREME
2021-02-16,500056,343,F,1,0,B,60,ALIMENTOS,SALGADINHOS DE MILHO
2021-02-16,500137,71,F,3,1,B,16,ALIMENTOS,BIFE DE COXAO MOLE
2021-02-16,500139,385,F,2,0,B,55,ALIMENTOS,QUEIJO DE CABRA
2021-02-16,500175,580,M,3,0,B,207,ALIMENTOS,COPA SUINA
2021-02-16,500261,255,M,4,0,B,149,ALIMENTOS,QUEIJO MUSSARELA
2021-02-16,500341,712,F,2,3,B,73,HIGIENE,CREME
2021-02-16,500344,3,F,4,0,B,193,HIGIENE,FIO DENTAL
2021-02-16,500410,636,M,2,2,B,228,LIMPEZA,AMACIANTE
2021-02-16,500420,959,M,5,1,B,97,LIMPEZA,CERA
2021-02-16,500509,392,M,2,2,C,18,ALIMENTOS,BROCOLIS
2021-02-16,500516,895,M,3,0,B,24,ALIMENTOS,COPA SUINA
2021-02-16,500526,611,M,4,0,B,108,LIMPEZA,REMOVEDOR
2021-02-16,500581,11,F,4,0,A,114,LIMPEZA,VASSOURA
2021-02-16,500630,646,F,1,0,B,109,LIMPEZA,RODO
2021-02-16,500723,543,M,2,2,B,59,ALIMENTOS,SALGADINHO
2021-02-16,500727,987,F,1,0,B,77,HIGIENE,FIXADOR
2021-02-16,500754,636,M,2,2,B,171,ALIMENTOS,MACARRAO
2021-02-16,500777,547,F,3,4,C,38,ALIMENTOS,LEITE CONDENSADO
2021-02-16,500864,250,F,4,1,B,202,LIMPEZA,DESENGORDURANTE
2021-02-16,500866,813,F,4,0,C,197,HIGIENE,ENXAGUANTE BUCAL
2021-02-16,500867,255,M,4,0,B,199,ALIMENTOS,DOCE
2021-02-16,500939,660,F,3,0,C,204,HIGIENE,CREME
2021-02-16,500970,760,F,2,0,A,79,HIGIENE,GEL
2021-02-16,501047,394,M,1,0,B,73,HIGIENE,CREME
2021-02-16,501087,326,F,1,0,B,193,HIGIENE,FIO DENTAL
2021-02-16,501167,986,M,4,0,B,4,ALIMENTOS,ABACAXI
2021-02-16,501266,120,F,4,3,A,1,ACESSORIOS,CHUPETA
2021-02-16,501298,178,M,3,0,A,113,LIMPEZA,TIRA MANCHA
2021-02-16,501347,377,F,1,0,B,67,BEBIDAS,REFRIGERANTE GUARANA
2021-02-16,501435,966,F,4,2,B,90,HIGIENE,SHAMPOO
2021-02-16,501491,618,M,4,3,B,72,HIGIENE,CONDICIONADOR
2021-02-16,501579,945,F,2,3,B,154,HIGIENE,PRESERVATIVO
2021-02-16,501617,249,F,4,0,B,84,HIGIENE,PAPEL HIGIENICO
2021-02-16,501677,293,M,4,0,B,225,ALIMENTOS,ATUM
2021-02-16,501748,209,F,4,0,B,126,HIGIENE,TALCO
2021-02-20,501775,445,M,2,0,B,182,ALIMENTOS,LATA DE ERVILHA
2021-02-20,501814,833,F,1,4,B,160,ALIMENTOS,PALMITO
2021-02-20,501855,436,M,2,4,B,103,LIMPEZA,LIMPADOR MULTIUSO
2021-02-20,501923,71,F,3,1,B,109,LIMPEZA,RODO
2021-02-20,501940,470,M,3,1,B,175,LIMPEZA,LIMPADOR MULTIUSO
2021-02-20,501989,52,F,1,0,A,186,HIGIENE,HIDRATANTE
2021-02-20,502030,807,M,1,3,B,155,ALIMENTOS,PATE
2021-02-20,502110,509,F,2,3,C,198,BEBIDAS,ENERGETICO
2021-02-20,502185,97,F,4,1,B,172,LIMPEZA,LUSTRA MOVEIS
2021-02-20,502243,969,M,1,3,B,68,BEBIDAS,REFRIGERANTE LARANJA
2021-02-20,502335,372,M,1,4,B,102,LIMPEZA,LIMPA VIDROS
2021-02-20,502355,712,F,2,3,B,134,LIMPEZA,SABAO
2021-02-20,502390,602,M,3,0,B,212,LIMPEZA,CERA
2021-02-20,502455,487,F,3,0,C,114,LIMPEZA,VASSOURA
2021-02-20,502485,787,F,3,0,A,5,ALIMENTOS,ACHOCOLATADO
2021-02-20,502584,670,M,4,0,C,38,ALIMENTOS,LEITE CONDENSADO
2021-02-20,502672,414,F,1,0,B,228,LIMPEZA,AMACIANTE
2021-02-20,502732,792,F,2,0,B,96,LIMPEZA,BALDE
2021-02-20,502775,215,M,2,4,B,179,ALIMENTOS,LEITE CONDENSADO
2021-02-20,502819,566,F,4,0,B,223,ALIMENTOS,AZEITONA
2021-02-20,502840,200,F,3,0,B,24,ALIMENTOS,COPA SUINA
2021-02-20,502867,549,M,2,3,C,87,HIGIENE,PROTETOR SOLAR
2021-02-20,502903,268,M,4,0,B,151,HIGIENE,PROTETOR SOLAR
2021-02-20,502945,307,M,1,0,B,37,ALIMENTOS,LEITE
2021-02-20,503011,889,F,3,4,B,21,ALIMENTOS,CENOURA
2021-02-20,503029,917,M,1,0,A,195,ALIMENTOS,FEIJAO
2021-02-20,503105,900,F,3,0,B,82,HIGIENE,LENCO UMEDECIDO
2021-02-20,503148,265,M,2,3,B,1,ACESSORIOS,CHUPETA
2021-02-20,503246,366,M,3,4,B,68,BEBIDAS,REFRIGERANTE LARANJA
2021-02-20,503249,227,F,3,0,C,211,ALIMENTOS,CHA
2021-02-20,503280,971,F,1,2,A,102,LIMPEZA,LIMPA VIDROS
2021-02-20,503365,639,M,2,0,C,175,LIMPEZA,LIMPADOR MULTIUSO
2021-02-20,503409,736,M,1,0,C,36,ALIMENTOS,LATA DE MILHO
2021-02-20,503474,191,M,3,0,B,199,ALIMENTOS,DOCE
2021-02-20,503532,654,M,1,1,B,160,ALIMENTOS,PALMITO
2021-02-20,503621,930,F,4,1,B,103,LIMPEZA,LIMPADOR MULTIUSO
2021-02-24,503628,884,F,3,2,C,182,ALIMENTOS,LATA DE ERVILHA
2021-02-24,503706,787,F,3,0,A,41,ALIMENTOS,MACARRAO
2021-02-24,503723,184,M,1,3,B,205,ALIMENTOS,COXA E SOBRECOXA DE FRANGO
2021-02-24,503789,767,F,1,0,B,167,ALIMENTOS,MANGA
2021-02-24,503790,650,F,2,0,C,106,LIMPEZA,ODORIZADOR
2021-02-24,503834,270,F,3,1,B,158,HIGIENE,PAPEL HIGIENICO
2021-02-24,503888,583,F,2,0,B,125,HIGIENE,TINTURAS
2021-02-24,503946,638,M,3,1,B,15,ALIMENTOS,BATATA DOCE
2021-02-24,503976,814,M,4,0,B,1,ACESSORIOS,CHUPETA
2021-02-24,504040,820,M,1,4,B,7,ALIMENTOS,ALMONDEGA
2021-02-24,504086,837,F,2,0,C,141,BEBIDAS,REFRIGERANTE LIMaO
2021-02-24,504104,100,F,2,3,C,137,ALIMENTOS,REQUEIJAO
2021-02-24,504176,22,M,1,0,B,24,ALIMENTOS,COPA SUINA
2021-02-24,504198,887,F,3,0,B,122,ALIMENTOS,TOMATE
2021-02-24,504286,838,F,1,0,C,44,ALIMENTOS,MAMAO
2021-02-24,504368,813,F,4,0,C,44,ALIMENTOS,MAMAO
2021-02-24,504446,310,M,4,3,C,44,ALIMENTOS,MAMAO
2021-02-24,504525,543,M,2,2,B,67,BEBIDAS,REFRIGERANTE GUARANA
2021-02-24,504565,755,M,3,4,B,23,ALIMENTOS,COGUMELOS
2021-02-24,504608,911,F,2,0,B,76,HIGIENE,FIO DENTAL
2021-02-24,504637,884,F,3,2,C,47,ALIMENTOS,MORTADELA
2021-02-24,504674,753,F,1,3,C,79,HIGIENE,GEL
2021-02-24,504738,624,M,4,0,B,88,HIGIENE,REPELENTE
2021-02-24,504791,417,M,4,1,B,62,ALIMENTOS,SNACKS
2021-02-24,504832,314,F,1,1,A,228,LIMPEZA,AMACIANTE
2021-02-24,504840,413,M,3,2,B,212,LIMPEZA,CERA
2021-02-24,504891,148,M,3,4,A,223,ALIMENTOS,AZEITONA
2021-02-24,504956,68,F,2,1,A,10,ALIMENTOS,ATUM
2021-02-24,505009,100,F,2,3,C,137,ALIMENTOS,REQUEIJAO
2021-02-24,505047,60,F,2,3,B,38,ALIMENTOS,LEITE CONDENSADO
2021-02-24,505091,151,F,1,0,B,129,ALIMENTOS,SARDINHA
2021-02-24,505101,492,F,2,1,C,114,LIMPEZA,VASSOURA
2021-02-24,505144,108,M,1,0,B,103,LIMPEZA,LIMPADOR MULTIUSO
2021-02-24,505165,853,M,5,2,A,181,ALIMENTOS,LATA DE MILHO
2021-02-24,505223,101,F,1,0,C,32,ALIMENTOS,HAMBUGUER
2021-02-24,505286,560,M,2,0,B,67,BEBIDAS,REFRIGERANTE GUARANA
2021-02-27,505379,643,F,4,0,C,180,ALIMENTOS,LEITE
2021-02-27,505474,12,M,1,1,A,86,HIGIENE,PRESERVATIVO
2021-02-27,505514,13,M,2,1,B,220,ALIMENTOS,BATATA
2021-02-27,505613,288,M,2,0,B,60,ALIMENTOS,SALGADINHOS DE MILHO
2021-02-27,505685,357,M,2,2,C,15,ALIMENTOS,BATATA DOCE
2021-02-27,505757,89,F,3,3,C,131,ALIMENTOS,SALGADINHO
2021-02-27,505801,947,F,3,1,B,221,ALIMENTOS,BANANA
2021-02-27,505892,426,F,3,0,C,42,ALIMENTOS,MACARRAO INSTANTANEO
2021-02-27,505976,780,M,3,2,B,215,ALIMENTOS,CAFE
2021-02-27,505986,886,F,5,1,B,25,ALIMENTOS,CORACAO DE FRANGO
2021-02-27,505995,83,M,1,4,B,58,ALIMENTOS,RICOTA
2021-02-27,506078,14,M,1,3,B,67,BEBIDAS,REFRIGERANTE GUARANA
2021-02-27,506098,628,M,3,0,B,12,ALIMENTOS,AZEITONA
2021-02-27,506139,660,F,3,0,C,40,ALIMENTOS,LINGUICA
2021-02-27,506232,908,M,3,2,C,174,LIMPEZA,LIMPADOR PERFUMADO
2021-02-27,506330,839,F,1,3,B,101,LIMPEZA,INSETICIDA
2021-02-27,506331,206,F,3,1,C,138,HIGIENE,REPELENTE
2021-02-27,506413,581,F,4,2,C,64,ALIMENTOS,UVA
2021-02-27,506458,543,M,2,2,B,60,ALIMENTOS,SALGADINHOS DE MILHO
2021-02-27,506517,598,F,4,0,B,28,ALIMENTOS,DOCE
2021-02-27,506589,397,F,1,0,B,25,ALIMENTOS,CORACAO DE FRANGO
2021-02-27,506622,489,F,4,3,B,214,ALIMENTOS,CEBOLA
2021-02-27,506695,164,M,2,3,A,130,ALIMENTOS,SALGADINHOS DE MILHO
2021-02-27,506770,655,M,2,0,B,6,ALIMENTOS,ALHO
2021-02-27,506840,299,F,3,1,C,131,ALIMENTOS,SALGADINHO
2021-02-27,506847,318,M,1,2,B,71,HIGIENE,ABSORVENTE
2021-02-27,506858,541,F,3,0,B,167,ALIMENTOS,MANGA
2021-02-27,506894,715,F,3,4,B,180,ALIMENTOS,LEITE
2021-02-27,506919,793,M,1,3,B,2,ACESSORIOS,MORDEDOR
2021-02-27,506973,26,F,4,1,A,56,ALIMENTOS,QUEIJO MUSSARELA
2021-02-27,507043,323,M,1,3,B,145,PET,RACAO UMIDA PARA GATOS
2021-02-27,507137,587,M,1,0,B,154,HIGIENE,PRESERVATIVO
2021-02-27,507147,824,F,1,0,B,85,HIGIENE,PASTA DE DENTE
2021-02-27,507175,492,F,2,1,C,147,PET,RACAO SECA PARA GATOS
2021-02-27,507241,560,M,2,0,B,168,ALIMENTOS,MAMAO PAPAYA
2021-02-27,507249,579,F,3,0,B,24,ALIMENTOS,COPA SUINA
2021-02-27,507269,17,M,4,0,B,45,ALIMENTOS,MANGA
2021-02-27,507359,775,F,2,3,B,152,ALIMENTOS,PRESUNTO COZIDO
2021-02-27,507440,467,F,2,2,B,124,LIMPEZA,TIRA LIMO
2021-02-27,507490,51,F,3,0,B,171,ALIMENTOS,MACARRAO
2021-02-27,507583,516,M,1,0,C,72,HIGIENE,CONDICIONADOR
2021-02-27,507621,317,M,3,0,B,100,LIMPEZA,DETERGENTE
2021-02-27,507624,661,M,3,0,B,145,PET,RACAO UMIDA PARA GATOS
2021-02-27,507659,404,M,4,0,B,206,ALIMENTOS,CORACAO DE FRANGO
2021-02-27,507683,255,M,4,0,B,177,ALIMENTOS,LIMAO
2021-02-27,507738,971,F,1,2,A,103,LIMPEZA,LIMPADOR MULTIUSO
2021-02-27,507739,341,M,2,0,C,28,ALIMENTOS,DOCE
2021-02-27,507824,402,M,2,0,C,154,HIGIENE,PRESERVATIVO
2021-02-27,507857,598,F,4,0,B,149,ALIMENTOS,QUEIJO MUSSARELA
2021-02-27,507906,345,F,2,3,B,168,ALIMENTOS,MAMAO PAPAYA
2021-02-27,507911,417,M,4,1,B,157,ALIMENTOS,PAPINHA INFANTIL
2021-02-27,507927,131,F,2,0,C,7,ALIMENTOS,ALMONDEGA
2021-02-27,508026,988,F,2,0,C,74,HIGIENE,ENXAGUANTE BUCAL
2021-02-27,508027,955,F,3,2,C,86,HIGIENE,PRESERVATIVO
2021-02-27,508030,468,M,3,1,C,18,ALIMENTOS,BROCOLIS
2021-02-27,508108,372,M,1,4,B,139,LIMPEZA,REMOVEDOR
2021-02-27,508131,343,F,1,0,B,30,ALIMENTOS,FILE DE PEIXE
2021-02-27,508138,636,M,2,2,B,110,LIMPEZA,SABAO
2021-02-27,508150,95,M,1,0,B,186,HIGIENE,HIDRATANTE
2021-02-27,508229,682,F,2,2,B,153,ALIMENTOS,PRESUNTO COZIDO
2021-02-27,508258,345,F,2,3,B,64,ALIMENTOS,UVA
2021-03-03,508347,107,F,2,0,C,18,ALIMENTOS,BROCOLIS
2021-03-03,508368,146,F,2,0,B,84,HIGIENE,PAPEL HIGIENICO
2021-03-03,508447,905,M,1,0,B,175,LIMPEZA,LIMPADOR MULTIUSO
2021-03-03,508484,625,F,4,0,C,172,LIMPEZA,LUSTRA MOVEIS
2021-03-03,508554,509,F,2,3,C,58,ALIMENTOS,RICOTA
2021-03-03,508610,17,M,4,0,B,106,LIMPEZA,ODORIZADOR
2021-03-03,508658,286,M,4,0,B,106,LIMPEZA,ODORIZADOR
2021-03-03,508661,301,F,3,0,C,140,BEBIDAS,REFRIGERANTE OUTROS
2021-03-03,508749,310,M,4,3,C,114,LIMPEZA,VASSOURA
2021-03-03,508801,708,F,2,2,B,54,ALIMENTOS,PRESUNTO COZIDO
2021-03-03,508896,640,M,4,0,C,91,HIGIENE,TALCO
2021-06-03,508933,580,M,3,0,B,130,ALIMENTOS,SALGADINHOS DE MILHO
2021-06-03,508986,695,M,2,0,A,99,LIMPEZA,DESINFETANTE
2021-06-03,509012,398,F,4,1,B,57,ALIMENTOS,REQUEIJAO
2021-06-03,509048,208,M,3,0,B,84,HIGIENE,PAPEL HIGIENICO
2021-06-03,509125,266,F,3,3,B,101,LIMPEZA,INSETICIDA
2021-06-03,509223,936,F,3,2,B,202,LIMPEZA,DESENGORDURANTE
2021-06-03,509260,35,M,3,0,B,168,ALIMENTOS,MAMAO PAPAYA
2021-06-03,509340,737,F,2,1,C,59,ALIMENTOS,SALGADINHO
2021-06-03,509425,901,F,4,1,B,14,ALIMENTOS,BATATA
2021-06-03,509480,412,M,2,0,B,160,ALIMENTOS,PALMITO
2021-06-03,509503,959,M,5,1,B,47,ALIMENTOS,MORTADELA
2021-06-03,509588,650,F,2,0,C,13,ALIMENTOS,BANANA
2021-06-03,509596,737,F,2,1,C,150,ALIMENTOS,QUEIJO DE CABRA
2021-06-03,509672,205,M,2,4,B,139,LIMPEZA,REMOVEDOR
2021-06-03,509766,122,M,3,3,B,52,ALIMENTOS,PATE
2021-06-03,509850,415,F,3,0,B,17,ALIMENTOS,BISCOITO
2021-06-03,509865,92,M,4,1,B,128,HIGIENE,SHAMPOO
2021-06-03,509940,320,M,3,4,B,79,HIGIENE,GEL
2021-06-03,509943,394,M,1,0,B,126,HIGIENE,TALCO
2021-06-03,509945,635,F,4,0,B,207,ALIMENTOS,COPA SUINA
2021-06-03,510040,783,F,1,0,B,95,LIMPEZA,AMACIANTE
2021-06-03,510111,924,F,2,2,B,134,LIMPEZA,SABAO
2021-06-03,510115,138,F,3,2,B,124,LIMPEZA,TIRA LIMO
2021-06-03,510190,129,M,2,0,A,62,ALIMENTOS,SNACKS
2021-06-03,510216,328,M,2,0,B,173,ALIMENTOS,LINGUICA
2021-06-03,510292,40,M,2,1,B,18,ALIMENTOS,BROCOLIS
2021-06-03,510317,547,F,3,4,C,147,PET,RACAO SECA PARA GATOS
2021-06-03,510331,545,M,2,2,B,3,ALIMENTOS,ABACATE
2021-06-03,510347,186,M,2,4,C,120,LIMPEZA,VASSOURA
2021-06-03,510443,866,M,2,2,C,62,ALIMENTOS,SNACKS
2021-06-03,510519,192,F,4,0,B,89,HIGIENE,SABONETE
2021-06-03,510548,622,F,3,0,B,87,HIGIENE,PROTETOR SOLAR
2021-06-03,510570,142,F,1,0,B,188,ALIMENTOS,HAMBUGUER
2021-06-03,510655,303,M,3,4,B,102,LIMPEZA,LIMPA VIDROS
2021-06-03,510730,571,F,2,0,B,153,ALIMENTOS,PRESUNTO COZIDO
2021-06-03,510800,773,M,4,0,B,187,HIGIENE,HASTES FLEXIVEIS
2021-06-03,510824,111,M,2,4,C,92,HIGIENE,TINTURAS
2021-06-03,510903,454,F,1,0,B,112,LIMPEZA,TIRA LIMO
2021-06-03,510940,160,F,3,4,B,89,HIGIENE,SABONETE
2021-06-03,511005,223,F,3,0,B,85,HIGIENE,PASTA DE DENTE
2021-06-03,511025,234,M,3,4,B,37,ALIMENTOS,LEITE
2021-06-03,511093,354,F,2,0,B,159,ALIMENTOS,PAO DE FORMA
2021-06-03,511134,143,F,1,4,B,147,PET,RACAO SECA PARA GATOS
2021-06-03,511146,759,F,3,0,B,186,HIGIENE,HIDRATANTE
2021-06-03,511203,270,F,3,1,B,96,LIMPEZA,BALDE
2021-06-03,511223,18,M,4,0,C,217,ALIMENTOS,BISCOITO
2021-06-03,511230,664,M,3,1,B,55,ALIMENTOS,QUEIJO DE CABRA
2021-06-03,511243,283,M,4,1,B,81,HIGIENE,HIDRATANTE
2021-06-03,511299,613,F,3,0,B,50,ALIMENTOS,PAO DE FORMA
2021-06-03,511338,942,M,1,0,B,172,LIMPEZA,LUSTRA MOVEIS
2021-06-03,511374,263,M,3,0,B,92,HIGIENE,TINTURAS
2021-06-03,511399,928,F,5,1,B,139,LIMPEZA,REMOVEDOR
2021-06-03,511451,840,F,3,3,C,177,ALIMENTOS,LIMAO
2021-06-03,511518,485,M,3,3,B,21,ALIMENTOS,CENOURA
2021-06-03,511564,123,F,3,2,B,154,HIGIENE,PRESERVATIVO
2021-06-03,511570,468,M,3,1,C,143,BEBIDAS,REFRIGERANTE GUARANA
2021-06-03,511642,809,F,3,3,B,1,ACESSORIOS,CHUPETA
2021-06-03,511650,73,M,1,0,A,110,LIMPEZA,SABAO
2021-06-03,511740,946,M,3,0,B,65,BEBIDAS,ENERGETICO
2021-06-03,511758,73,M,1,0,A,153,ALIMENTOS,PRESUNTO COZIDO
2021-06-03,511821,739,F,2,3,B,23,ALIMENTOS,COGUMELOS
2021-06-03,511878,816,M,4,0,C,210,ACESSORIOS,CHUPETA
2021-06-03,511943,605,M,4,2,B,64,ALIMENTOS,UVA
2021-06-03,511987,890,M,3,0,C,79,HIGIENE,GEL
2021-06-03,512004,932,M,4,1,B,7,ALIMENTOS,ALMONDEGA
2021-06-03,512066,279,M,1,2,B,19,ALIMENTOS,CAFE
2021-06-03,512154,424,M,1,4,B,160,ALIMENTOS,PALMITO
2021-06-03,512176,128,F,2,0,B,176,LIMPEZA,LIMPA VIDROS
2021-06-03,512198,676,M,2,3,B,205,ALIMENTOS,COXA E SOBRECOXA DE FRANGO
2021-06-03,512254,863,F,1,4,B,217,ALIMENTOS,BISCOITO
2021-06-03,512315,487,F,3,0,C,97,LIMPEZA,CERA
2021-06-03,512340,329,F,3,0,B,135,LIMPEZA,RODO
2021-06-03,512417,688,M,1,1,A,134,LIMPEZA,SABAO
2021-06-03,512474,911,F,2,0,B,145,PET,RACAO UMIDA PARA GATOS
2021-06-03,512557,368,M,4,0,C,113,LIMPEZA,TIRA MANCHA
2021-06-03,512635,264,F,4,1,B,229,ALIMENTOS,ALMONDEGA
2021-06-03,512657,116,M,4,0,B,126,HIGIENE,TALCO
2021-06-03,512691,761,F,1,4,B,223,ALIMENTOS,AZEITONA
2021-06-03,512713,419,F,2,1,B,219,ALIMENTOS,BATATA DOCE
2021-06-03,512752,781,M,4,0,B,84,HIGIENE,PAPEL HIGIENICO
2021-06-03,512788,318,M,1,2,B,45,ALIMENTOS,MANGA
2021-06-03,512844,112,M,4,0,B,90,HIGIENE,SHAMPOO
2021-06-03,512853,397,F,1,0,B,53,ALIMENTOS,PRESUNTO COZIDO
2021-06-03,512870,303,M,3,4,B,9,ALIMENTOS,ARROZ INTEGRAL
2021-06-03,512935,228,F,4,0,C,111,LIMPEZA,SABAO EM PO
2021-06-03,513020,822,M,2,3,B,152,ALIMENTOS,PRESUNTO COZIDO
2021-09-03,513025,369,F,3,4,C,157,ALIMENTOS,PAPINHA INFANTIL
2021-09-03,513076,378,F,2,0,C,210,ACESSORIOS,CHUPETA
2021-09-03,513169,908,M,3,2,C,215,ALIMENTOS,CAFE
2021-09-03,513261,95,M,1,0,B,176,LIMPEZA,LIMPA VIDROS
2021-09-03,513312,48,M,4,1,B,190,HIGIENE,GEL
2021-09-03,513383,508,F,3,0,B,194,ALIMENTOS,FILE DE PEIXE
2021-09-03,513453,739,F,2,3,B,157,ALIMENTOS,PAPINHA INFANTIL
2021-09-03,513541,627,M,3,1,B,79,HIGIENE,GEL
2021-09-03,513624,129,M,2,0,A,224,ALIMENTOS,AZEITE
2021-09-03,513669,230,M,1,4,A,147,PET,RACAO SECA PARA GATOS
2021-09-03,513752,295,F,1,3,B,194,ALIMENTOS,FILE DE PEIXE
2021-09-03,513797,494,F,5,1,C,192,HIGIENE,FIXADOR
2021-09-03,513845,255,M,4,0,B,91,HIGIENE,TALCO
2021-09-03,513866,985,M,1,0,B,44,ALIMENTOS,MAMAO
2021-09-03,513875,683,F,3,0,B,163,ALIMENTOS,MORTADELA
2021-09-03,513909,332,F,3,4,C,167,ALIMENTOS,MANGA
2021-09-03,513939,320,M,3,4,B,180,ALIMENTOS,LEITE
2021-09-03,513987,759,F,3,0,B,68,BEBIDAS,REFRIGERANTE LARANJA
2021-09-03,514052,364,F,4,2,C,151,HIGIENE,PROTETOR SOLAR
2021-09-03,514068,702,M,1,0,B,5,ALIMENTOS,ACHOCOLATADO
2021-09-03,514104,856,F,5,1,B,22,ALIMENTOS,CHA
2021-09-03,514136,919,F,2,0,C,176,LIMPEZA,LIMPA VIDROS
2021-09-03,514211,905,M,1,0,B,204,HIGIENE,CREME
2021-09-03,514262,890,M,3,0,C,69,BEBIDAS,REFRIGERANTE LIMaO
2021-09-03,514338,813,F,4,0,C,159,ALIMENTOS,PAO DE FORMA
2021-09-03,514397,492,F,2,1,C,171,ALIMENTOS,MACARRAO
2021-09-03,514447,323,M,1,3,B,136,ALIMENTOS,RICOTA
2021-09-03,514523,692,F,4,0,B,107,#N/D,#N/D
2021-09-03,514603,848,F,5,3,A,133,LIMPEZA,SABAO EM PO
2021-09-03,514693,495,F,2,3,A,156,HIGIENE,PASTA DE DENTE
2021-09-03,514787,153,M,4,1,B,65,BEBIDAS,ENERGETICO
2021-09-03,514788,151,F,1,0,B,126,HIGIENE,TALCO
2021-09-03,514820,751,F,2,0,B,200,LIMPEZA,DETERGENTE
2021-09-03,514901,387,M,2,2,B,70,BEBIDAS,REFRIGERANTE OUTROS
2021-09-03,514949,839,F,1,3,B,179,ALIMENTOS,LEITE CONDENSADO
2021-09-03,514990,630,M,1,2,C,158,HIGIENE,PAPEL HIGIENICO
2021-09-03,514996,874,F,3,3,B,68,BEBIDAS,REFRIGERANTE LARANJA
2021-09-03,515051,699,F,1,0,C,176,LIMPEZA,LIMPA VIDROS
2021-09-03,515094,734,F,4,2,B,33,ALIMENTOS,IOGURTE
2021-09-03,515113,960,F,4,2,B,116,PET,RACAO SECA PARA CAES
2021-09-03,515156,865,F,1,0,B,99,LIMPEZA,DESINFETANTE
2021-09-03,515236,235,F,4,0,B,54,ALIMENTOS,PRESUNTO COZIDO
2021-09-03,515239,153,M,4,1,B,179,ALIMENTOS,LEITE CONDENSADO
2021-09-03,515283,823,M,5,3,B,132,HIGIENE,SABONETE
2021-09-03,515379,652,F,4,0,B,201,LIMPEZA,DESINFETANTE
2021-09-03,515380,203,F,3,0,A,160,ALIMENTOS,PALMITO
2021-09-03,515395,870,F,1,0,B,173,ALIMENTOS,LINGUICA
2021-09-03,515448,454,F,1,0,B,63,ALIMENTOS,TOMATE
2021-09-03,515449,462,F,4,0,A,142,BEBIDAS,REFRIGERANTE LARANJA
2021-09-03,515458,110,M,3,0,C,159,ALIMENTOS,PAO DE FORMA
2021-09-03,515512,60,F,2,3,B,115,PET,ALIMENTO PARA PASSARO
2021-09-03,515602,872,M,3,4,A,192,HIGIENE,FIXADOR
2021-09-03,515611,99,F,1,4,C,153,ALIMENTOS,PRESUNTO COZIDO
2021-09-03,515698,838,F,1,0,C,57,ALIMENTOS,REQUEIJAO
2021-09-03,515761,231,F,4,2,B,198,BEBIDAS,ENERGETICO
2021-09-03,515834,579,F,3,0,B,65,BEBIDAS,ENERGETICO
2021-09-03,515889,710,F,3,1,C,87,HIGIENE,PROTETOR SOLAR
2021-09-03,515926,231,F,4,2,B,195,ALIMENTOS,FEIJAO
2021-09-03,515975,446,M,1,4,B,80,HIGIENE,HASTES FLEXIVEIS
2021-09-03,516028,37,M,3,0,B,154,HIGIENE,PRESERVATIVO
2021-09-03,516097,360,M,4,0,B,208,HIGIENE,CONDICIONADOR
2021-09-03,516115,301,F,3,0,C,115,PET,ALIMENTO PARA PASSARO
2021-09-03,516133,54,M,1,0,A,69,BEBIDAS,REFRIGERANTE LIMaO
2021-09-03,516204,11,F,4,0,A,107,#N/D,#N/D
2021-09-03,516207,786,F,1,4,C,93,LIMPEZA,AGUA SANITARIA
2021-09-03,516269,550,M,4,0,B,81,HIGIENE,HIDRATANTE
2021-09-03,516351,18,M,4,0,C,134,LIMPEZA,SABAO
2021-09-03,516356,429,M,4,0,C,34,ALIMENTOS,KETCHUP
2021-09-03,516436,263,M,3,0,B,216,ALIMENTOS,BROCOLIS
2021-09-03,516518,109,M,2,1,B,107,#N/D,#N/D
2021-09-03,516598,817,M,3,0,B,109,LIMPEZA,RODO
2021-09-03,516696,571,F,2,0,B,211,ALIMENTOS,CHA
2021-09-03,516762,303,M,3,4,B,42,ALIMENTOS,MACARRAO INSTANTANEO
2021-09-03,516798,468,M,3,1,C,15,ALIMENTOS,BATATA DOCE
2021-09-03,516889,12,M,1,1,A,101,LIMPEZA,INSETICIDA
2021-09-03,516950,380,M,3,4,B,71,HIGIENE,ABSORVENTE
2021-09-03,516962,816,M,4,0,C,137,ALIMENTOS,REQUEIJAO
2021-09-03,516984,1,M,1,0,C,193,HIGIENE,FIO DENTAL
2021-09-03,517009,702,M,1,0,B,55,ALIMENTOS,QUEIJO DE CABRA
2021-09-03,517022,995,M,3,1,B,164,ACESSORIOS,MORDEDOR
2021-09-03,517094,14,M,1,3,B,21,ALIMENTOS,CENOURA
2021-09-03,517096,536,M,4,0,B,132,HIGIENE,SABONETE
2021-09-03,517115,330,F,1,0,B,216,ALIMENTOS,BROCOLIS
2021-09-03,517134,217,F,3,0,B,201,LIMPEZA,DESINFETANTE
2021-09-03,517169,224,M,4,0,B,87,HIGIENE,PROTETOR SOLAR
2021-09-03,517233,853,M,5,2,A,3,ALIMENTOS,ABACATE
2021-09-03,517239,972,M,4,0,C,49,ALIMENTOS,PALMITO
2021-09-03,517308,634,F,2,0,C,76,HIGIENE,FIO DENTAL
2021-09-03,517357,886,F,5,1,B,172,LIMPEZA,LUSTRA MOVEIS
2021-09-03,517414,154,M,2,3,B,117,PET,RACAO SECA PARA GATOS
2021-09-03,517426,650,F,2,0,C,92,HIGIENE,TINTURAS
2021-09-03,517505,868,M,4,0,B,13,ALIMENTOS,BANANA
2021-09-03,517574,977,M,1,0,C,104,LIMPEZA,LIMPADOR PERFUMADO
2021-09-03,517669,345,F,2,3,B,81,HIGIENE,HIDRATANTE
2021-09-03,517705,176,F,2,0,B,101,LIMPEZA,INSETICIDA
2021-09-03,517770,287,F,1,0,B,41,ALIMENTOS,MACARRAO
2021-03-16,517808,884,F,3,2,C,110,LIMPEZA,SABAO
2021-03-16,517848,916,F,3,4,C,78,HIGIENE,FRALDA
2021-03-16,517898,363,F,1,0,B,85,HIGIENE,PASTA DE DENTE
2021-03-16,517956,381,F,1,1,B,189,ALIMENTOS,GRANOLA
2021-03-16,518039,637,F,1,0,B,190,HIGIENE,GEL
2021-03-16,518071,405,F,4,0,B,209,ALIMENTOS,COGUMELOS
2021-03-16,518147,746,M,3,0,C,165,ALIMENTOS,MOLHO BARBECUE
2021-03-16,518204,468,M,3,1,C,220,ALIMENTOS,BATATA
2021-03-16,518270,510,F,4,0,B,201,LIMPEZA,DESINFETANTE
2021-03-16,518297,842,M,5,2,B,220,ALIMENTOS,BATATA
2021-03-16,518328,594,F,3,1,C,85,HIGIENE,PASTA DE DENTE
2021-03-16,518386,880,M,3,2,B,138,HIGIENE,REPELENTE
2021-03-16,518451,989,M,2,0,B,26,ALIMENTOS,COXA E SOBRECOXA DE FRANGO
2021-03-16,518546,241,M,4,1,B,121,ALIMENTOS,UVA
2021-03-16,518568,47,F,4,0,B,209,ALIMENTOS,COGUMELOS
2021-03-16,518643,718,F,3,2,B,6,ALIMENTOS,ALHO
2021-03-16,518734,294,F,4,0,C,33,ALIMENTOS,IOGURTE
2021-03-16,518759,781,M,4,0,B,197,HIGIENE,ENXAGUANTE BUCAL
2021-03-16,518823,479,F,1,0,B,25,ALIMENTOS,CORACAO DE FRANGO
2021-03-16,518850,497,M,3,0,B,129,ALIMENTOS,SARDINHA
2021-03-16,518858,711,M,4,2,B,37,ALIMENTOS,LEITE
2021-03-16,518906,26,F,4,1,A,156,HIGIENE,PASTA DE DENTE
2021-03-16,518955,803,F,2,0,A,87,HIGIENE,PROTETOR SOLAR
2021-03-16,519029,956,M,5,1,C,38,ALIMENTOS,LEITE CONDENSADO
2021-03-16,519040,915,F,3,0,B,161,ALIMENTOS,OVOS
2021-03-16,519076,95,M,1,0,B,38,ALIMENTOS,LEITE CONDENSADO
2021-03-16,519110,463,M,3,3,B,117,PET,RACAO SECA PARA GATOS
2021-03-16,519173,965,M,3,0,B,166,HIGIENE,MODELADOR
2021-03-16,519197,147,M,1,0,A,178,HIGIENE,LENCO UMEDECIDO
2021-03-16,519225,512,M,4,0,B,107,#N/D,#N/D
2021-03-16,519300,628,M,3,0,B,170,ALIMENTOS,MACARRAO INSTANTANEO
2021-03-16,519351,44,F,4,0,C,76,HIGIENE,FIO DENTAL
2021-03-16,519433,502,M,4,0,C,229,ALIMENTOS,ALMONDEGA
2021-03-16,519463,348,F,3,0,A,79,HIGIENE,GEL
2021-03-16,519515,679,F,3,3,B,89,HIGIENE,SABONETE
2021-03-16,519605,108,M,1,0,B,179,ALIMENTOS,LEITE CONDENSADO
2021-03-16,519625,192,F,4,0,B,163,ALIMENTOS,MORTADELA
2021-03-16,519635,564,M,3,2,B,147,PET,RACAO SECA PARA GATOS
2021-03-16,519646,7,M,1,3,B,123,LIMPEZA,TIRA MANCHA
2021-03-16,519730,638,M,3,1,B,162,LIMPEZA,ODORIZADOR
2021-03-16,519813,414,F,1,0,B,170,ALIMENTOS,MACARRAO INSTANTANEO
2021-03-16,519849,286,M,4,0,B,197,HIGIENE,ENXAGUANTE BUCAL
2021-03-16,519941,202,M,1,0,B,60,ALIMENTOS,SALGADINHOS DE MILHO
2021-03-16,519983,600,M,2,4,C,43,ALIMENTOS,MAMAO PAPAYA
2021-03-16,520033,45,M,2,0,A,124,LIMPEZA,TIRA LIMO
2021-03-16,520084,512,M,4,0,B,229,ALIMENTOS,ALMONDEGA
2021-03-16,520095,335,F,3,0,C,46,ALIMENTOS,MOLHO BARBECUE
2021-03-16,520177,788,F,4,2,B,100,LIMPEZA,DETERGENTE
2021-03-16,520185,137,F,4,1,B,94,LIMPEZA,ALCOOL
2021-03-16,520258,297,M,4,0,B,15,ALIMENTOS,BATATA DOCE
2021-03-16,520287,932,M,4,1,B,209,ALIMENTOS,COGUMELOS
2021-03-16,520330,43,M,2,0,B,153,ALIMENTOS,PRESUNTO COZIDO
2021-03-16,520378,814,M,4,0,B,191,HIGIENE,FRALDA
2021-03-16,520401,501,M,1,0,B,208,HIGIENE,CONDICIONADOR
2021-03-16,520438,103,M,3,4,B,123,LIMPEZA,TIRA MANCHA
2021-03-16,520514,543,M,2,2,B,118,PET,RACAO UMIDA PARA CAES
2021-03-16,520565,713,F,1,3,C,16,ALIMENTOS,BIFE DE COXAO MOLE
2021-03-16,520634,523,M,3,0,B,48,ALIMENTOS,OVOS
2021-03-16,520693,473,F,4,3,B,19,ALIMENTOS,CAFE
2021-03-16,520699,263,M,3,0,B,46,ALIMENTOS,MOLHO BARBECUE
2021-03-16,520748,557,F,2,0,A,218,ALIMENTOS,BIFE DE COXAO MOLE
2021-03-16,520795,373,F,4,2,B,226,ALIMENTOS,ARROZ INTEGRAL
2021-03-16,520880,619,M,4,1,B,161,ALIMENTOS,OVOS
2021-03-16,520958,790,F,3,0,B,189,ALIMENTOS,GRANOLA
2021-03-18,521012,109,M,2,1,B,47,ALIMENTOS,MORTADELA
2021-03-18,521095,311,F,4,0,C,50,ALIMENTOS,PAO DE FORMA
2021-03-18,521129,92,M,4,1,B,97,LIMPEZA,CERA
2021-03-18,521179,610,M,2,0,B,87,HIGIENE,PROTETOR SOLAR
2021-03-18,521238,606,M,1,0,B,172,LIMPEZA,LUSTRA MOVEIS
2021-03-18,521310,13,M,2,1,B,175,LIMPEZA,LIMPADOR MULTIUSO
2021-03-18,521384,924,F,2,2,B,180,ALIMENTOS,LEITE
2021-03-18,521457,335,F,3,0,C,78,HIGIENE,FRALDA
2021-03-18,521543,227,F,3,0,C,38,ALIMENTOS,LEITE CONDENSADO
2021-03-18,521604,887,F,3,0,B,161,ALIMENTOS,OVOS
2021-03-18,521651,949,M,1,0,B,20,ALIMENTOS,CEBOLA
2021-03-18,521689,723,M,4,0,B,208,HIGIENE,CONDICIONADOR
2021-03-18,521785,390,F,2,0,B,20,ALIMENTOS,CEBOLA
2021-03-18,521825,275,M,4,0,B,69,BEBIDAS,REFRIGERANTE LIMaO
2021-03-18,521854,239,M,4,2,C,50,ALIMENTOS,PAO DE FORMA
2021-03-18,521916,727,M,4,2,C,3,ALIMENTOS,ABACATE
2021-03-18,522009,547,F,3,4,C,123,LIMPEZA,TIRA MANCHA
2021-03-18,522048,408,F,4,0,B,7,ALIMENTOS,ALMONDEGA
2021-03-18,522077,904,M,1,2,B,187,HIGIENE,HASTES FLEXIVEIS
2021-03-18,522174,804,F,4,3,B,138,HIGIENE,REPELENTE
2021-03-18,522180,496,F,2,0,B,50,ALIMENTOS,PAO DE FORMA
2021-03-18,522208,231,F,4,2,B,4,ALIMENTOS,ABACAXI
2021-03-18,522248,123,F,3,2,B,117,PET,RACAO SECA PARA GATOS
2021-03-18,522316,549,M,2,3,C,218,ALIMENTOS,BIFE DE COXAO MOLE
2021-03-18,522396,386,M,4,2,A,221,ALIMENTOS,BANANA
2021-03-18,522444,432,F,1,0,C,3,ALIMENTOS,ABACATE
2021-03-18,522474,672,F,4,0,B,178,HIGIENE,LENCO UMEDECIDO
2021-03-18,522565,866,M,2,2,C,40,ALIMENTOS,LINGUICA
2021-03-18,522577,644,M,1,0,C,32,ALIMENTOS,HAMBUGUER
2021-03-18,522619,418,M,2,2,A,161,ALIMENTOS,OVOS
2021-03-18,522680,120,F,4,3,A,204,HIGIENE,CREME
2021-03-18,522750,516,M,1,0,C,54,ALIMENTOS,PRESUNTO COZIDO
2021-03-18,522829,268,M,4,0,B,70,BEBIDAS,REFRIGERANTE OUTROS
2021-03-18,522924,863,F,1,4,B,184,ALIMENTOS,IOGURTE
2021-03-18,522967,328,M,2,0,B,185,LIMPEZA,INSETICIDA
2021-03-18,523044,405,F,4,0,B,196,HIGIENE,ESCOVA DE DENTE
2021-03-18,523104,386,M,4,2,A,176,LIMPEZA,LIMPA VIDROS
2021-03-18,523155,111,M,2,4,C,111,LIMPEZA,SABAO EM PO
2021-03-18,523248,57,M,2,0,B,85,HIGIENE,PASTA DE DENTE
2021-03-18,523285,534,M,4,1,C,151,HIGIENE,PROTETOR SOLAR
2021-03-18,523379,206,F,3,1,C,133,LIMPEZA,SABAO EM PO
2021-03-18,523413,933,M,2,2,B,128,HIGIENE,SHAMPOO
2021-03-18,523466,522,M,1,2,A,54,ALIMENTOS,PRESUNTO COZIDO
2021-03-18,523503,217,F,3,0,B,107,#N/D,#N/D
2021-03-18,523554,333,F,2,0,C,100,LIMPEZA,DETERGENTE
2021-03-18,523567,419,F,2,1,B,148,PET,RACAO SECA PARA CAES
2021-03-18,523605,400,F,4,1,C,203,ALIMENTOS,DANETTE
2021-03-18,523697,749,F,4,1,B,91,HIGIENE,TALCO
2021-03-18,523727,212,F,2,1,B,162,LIMPEZA,ODORIZADOR
2021-03-18,523794,921,M,2,3,B,47,ALIMENTOS,MORTADELA
2021-03-18,523804,488,M,3,2,B,209,ALIMENTOS,COGUMELOS
2021-03-18,523868,356,M,2,4,A,26,ALIMENTOS,COXA E SOBRECOXA DE FRANGO
2021-03-18,523900,16,M,1,4,C,86,HIGIENE,PRESERVATIVO
2021-03-18,523931,496,F,2,0,B,107,#N/D,#N/D
2021-03-18,523997,262,M,1,2,B,170,ALIMENTOS,MACARRAO INSTANTANEO
2021-03-18,524091,174,M,4,3,C,191,HIGIENE,FRALDA
2021-03-18,524172,212,F,2,1,B,168,ALIMENTOS,MAMAO PAPAYA
2021-03-18,524192,780,M,3,2,B,53,ALIMENTOS,PRESUNTO COZIDO
2021-03-18,524199,107,F,2,0,C,197,HIGIENE,ENXAGUANTE BUCAL
2021-03-18,524297,136,F,2,1,B,17,ALIMENTOS,BISCOITO
2021-03-18,524375,836,F,2,0,B,30,ALIMENTOS,FILE DE PEIXE
2021-03-18,524403,60,F,2,3,B,128,HIGIENE,SHAMPOO
2021-03-18,524486,629,M,3,0,C,195,ALIMENTOS,FEIJAO
2021-03-18,524522,8,F,3,0,B,16,ALIMENTOS,BIFE DE COXAO MOLE
2021-03-18,524550,883,M,1,0,B,32,ALIMENTOS,HAMBUGUER
2021-03-18,524636,441,M,4,2,B,24,ALIMENTOS,COPA SUINA
2021-03-18,524713,586,F,4,2,B,35,ALIMENTOS,LATA DE ERVILHA
2021-03-18,524746,581,F,4,2,C,103,LIMPEZA,LIMPADOR MULTIUSO
2021-03-18,524781,760,F,2,0,A,68,BEBIDAS,REFRIGERANTE LARANJA
2021-03-18,524863,822,M,2,3,B,164,ACESSORIOS,MORDEDOR
2021-03-18,524899,473,F,4,3,B,121,ALIMENTOS,UVA
2021-03-18,524931,673,F,5,1,B,200,LIMPEZA,DETERGENTE
2021-03-18,524986,680,F,3,0,C,209,ALIMENTOS,COGUMELOS
2021-03-22,525062,563,M,3,0,B,30,ALIMENTOS,FILE DE PEIXE
2021-03-22,525144,951,M,2,0,B,86,HIGIENE,PRESERVATIVO
2021-03-22,525146,401,M,1,4,C,40,ALIMENTOS,LINGUICA
2021-03-22,525170,995,M,3,1,B,25,ALIMENTOS,CORACAO DE FRANGO
2021-03-22,525266,559,F,3,1,A,108,LIMPEZA,REMOVEDOR
2021-03-22,525340,474,M,2,0,B,37,ALIMENTOS,LEITE
2021-03-22,525344,52,F,1,0,A,95,LIMPEZA,AMACIANTE
2021-03-22,525350,341,M,2,0,C,14,ALIMENTOS,BATATA
2021-03-22,525440,277,F,1,3,B,38,ALIMENTOS,LEITE CONDENSADO
2021-03-22,525502,984,F,4,3,B,136,ALIMENTOS,RICOTA
2021-03-22,525533,154,M,2,3,B,11,ALIMENTOS,AZEITE
2021-03-22,525565,642,M,2,3,B,132,HIGIENE,SABONETE
2021-03-22,525658,983,F,4,0,C,191,HIGIENE,FRALDA
2021-03-22,525738,370,M,1,4,B,151,HIGIENE,PROTETOR SOLAR
2021-03-22,525791,182,F,1,4,B,69,BEBIDAS,REFRIGERANTE LIMaO
2021-03-22,525874,537,F,1,4,B,41,ALIMENTOS,MACARRAO
2021-03-22,525878,329,F,3,0,B,96,LIMPEZA,BALDE
2021-03-22,525930,493,M,2,4,B,103,LIMPEZA,LIMPADOR MULTIUSO
2021-03-22,526017,787,F,3,0,A,11,ALIMENTOS,AZEITE
2021-03-22,526085,314,F,1,1,A,158,HIGIENE,PAPEL HIGIENICO
2021-03-22,526105,416,M,3,2,C,56,ALIMENTOS,QUEIJO MUSSARELA
2021-03-22,526130,876,F,2,3,B,209,ALIMENTOS,COGUMELOS
2021-03-22,526202,558,F,5,2,C,186,HIGIENE,HIDRATANTE
2021-03-22,526289,99,F,1,4,C,107,#N/D,#N/D
2021-03-22,526328,94,M,1,2,C,136,ALIMENTOS,RICOTA
2021-03-22,526410,302,F,4,3,C,164,ACESSORIOS,MORDEDOR
2021-03-22,526493,3,F,4,0,B,31,ALIMENTOS,GRANOLA
2021-03-22,526551,186,M,2,4,C,40,ALIMENTOS,LINGUICA
2021-03-22,526620,693,F,4,0,B,2,ACESSORIOS,MORDEDOR
2021-03-22,526719,496,F,2,0,B,160,ALIMENTOS,PALMITO
2021-03-22,526802,944,F,3,1,B,224,ALIMENTOS,AZEITE
2021-03-22,526897,597,M,3,0,C,42,ALIMENTOS,MACARRAO INSTANTANEO
2021-03-22,526953,956,M,5,1,C,160,ALIMENTOS,PALMITO
2021-03-22,527038,866,M,2,2,C,71,HIGIENE,ABSORVENTE
2021-03-22,527120,947,F,3,1,B,162,LIMPEZA,ODORIZADOR
2021-03-22,527186,498,M,3,2,B,128,HIGIENE,SHAMPOO
2021-03-22,527230,667,F,4,0,C,179,ALIMENTOS,LEITE CONDENSADO
2021-03-22,527264,254,F,5,2,B,137,ALIMENTOS,REQUEIJAO
2021-03-28,527325,319,M,1,4,B,134,LIMPEZA,SABAO
2021-03-28,527415,910,M,2,2,B,203,ALIMENTOS,DANETTE
2021-03-28,527458,537,F,1,4,B,210,ACESSORIOS,CHUPETA
2021-03-28,527509,634,F,2,0,C,76,HIGIENE,FIO DENTAL
2021-03-28,527604,113,F,3,0,B,158,HIGIENE,PAPEL HIGIENICO
2021-03-28,527700,901,F,4,1,B,157,ALIMENTOS,PAPINHA INFANTIL
2021-03-28,527762,178,M,3,0,A,124,LIMPEZA,TIRA LIMO
2021-03-28,527774,265,M,2,3,B,22,ALIMENTOS,CHA
2021-03-28,527824,908,M,3,2,C,206,ALIMENTOS,CORACAO DE FRANGO
2021-03-28,527836,827,M,4,0,B,15,ALIMENTOS,BATATA DOCE
2021-03-28,527907,815,F,2,4,B,42,ALIMENTOS,MACARRAO INSTANTANEO
2021-03-28,527912,825,M,1,2,C,204,HIGIENE,CREME
2021-03-28,527938,825,M,1,2,C,108,LIMPEZA,REMOVEDOR
2021-03-28,527984,858,F,4,2,C,4,ALIMENTOS,ABACAXI
2021-03-28,528081,736,M,1,0,C,42,ALIMENTOS,MACARRAO INSTANTANEO
2021-03-28,528122,871,F,1,3,C,195,ALIMENTOS,FEIJAO
2021-03-28,528151,57,M,2,0,B,99,LIMPEZA,DESINFETANTE
2021-03-28,528179,387,M,2,2,B,54,ALIMENTOS,PRESUNTO COZIDO
2021-03-28,528195,317,M,3,0,B,66,BEBIDAS,REFRIGERANTE COLA
2021-03-28,528256,927,M,1,1,C,215,ALIMENTOS,CAFE
2021-03-28,528346,920,F,5,3,B,155,ALIMENTOS,PATE
2021-03-28,528385,570,F,4,1,C,181,ALIMENTOS,LATA DE MILHO
2021-03-30,528447,354,F,2,0,B,80,HIGIENE,HASTES FLEXIVEIS
2021-03-30,528517,261,F,4,0,B,20,ALIMENTOS,CEBOLA
2021-03-30,528616,80,F,2,1,C,35,ALIMENTOS,LATA DE ERVILHA
2021-03-30,528629,89,F,3,3,C,112,LIMPEZA,TIRA LIMO
2021-03-30,528696,30,M,4,0,B,176,LIMPEZA,LIMPA VIDROS
2021-03-30,528729,805,F,3,0,C,136,ALIMENTOS,RICOTA
2021-03-30,528798,256,F,4,0,B,10,ALIMENTOS,ATUM
2021-03-30,528870,156,F,2,0,B,109,LIMPEZA,RODO
2021-03-30,528885,533,F,4,0,A,128,HIGIENE,SHAMPOO
2021-03-30,528902,453,F,1,0,B,203,ALIMENTOS,DANETTE
2021-03-30,528936,372,M,1,4,B,56,ALIMENTOS,QUEIJO MUSSARELA
2021-03-30,529004,278,F,3,2,C,30,ALIMENTOS,FILE DE PEIXE
2021-03-30,529052,185,F,3,0,C,195,ALIMENTOS,FEIJAO
2021-03-30,529148,266,F,3,3,B,85,HIGIENE,PASTA DE DENTE
2021-03-30,529208,875,F,1,0,B,159,ALIMENTOS,PAO DE FORMA
2021-03-30,529254,837,F,2,0,C,106,LIMPEZA,ODORIZADOR
2021-03-30,529332,843,F,5,1,C,58,ALIMENTOS,RICOTA
2021-03-30,529371,980,F,1,0,B,47,ALIMENTOS,MORTADELA
2021-03-30,529412,165,F,4,0,C,83,HIGIENE,MODELADOR
2021-03-30,529501,841,M,1,0,B,100,LIMPEZA,DETERGENTE
2021-03-30,529552,682,F,2,2,B,7,ALIMENTOS,ALMONDEGA
2021-03-30,529611,823,M,5,3,B,24,ALIMENTOS,COPA SUINA
2021-03-30,529663,357,M,2,2,C,26,ALIMENTOS,COXA E SOBRECOXA DE FRANGO
2021-03-30,529738,275,M,4,0,B,204,HIGIENE,CREME
2021-03-30,529749,51,F,3,0,B,90,HIGIENE,SHAMPOO
2021-03-30,529806,660,F,3,0,C,151,HIGIENE,PROTETOR SOLAR
2021-03-30,529820,918,F,2,4,C,225,ALIMENTOS,ATUM
2021-03-30,529918,952,F,3,4,C,196,HIGIENE,ESCOVA DE DENTE
2021-03-30,529949,705,M,1,0,B,70,BEBIDAS,REFRIGERANTE OUTROS
2021-03-30,530001,425,F,3,0,B,159,ALIMENTOS,PAO DE FORMA
2021-03-30,530034,945,F,2,3,B,61,ALIMENTOS,SARDINHA
2021-03-30,530084,208,M,3,0,B,119,PET,RACAO UMIDA PARA GATOS
2021-03-30,530100,69,M,4,3,A,184,ALIMENTOS,IOGURTE
2021-03-30,530148,573,F,1,0,C,162,LIMPEZA,ODORIZADOR
2021-03-30,530243,610,M,2,0,B,177,ALIMENTOS,LIMAO
2021-03-30,530325,118,M,2,4,A,88,HIGIENE,REPELENTE
2021-03-30,530343,482,M,4,2,B,216,ALIMENTOS,BROCOLIS
2021-03-30,530398,263,M,3,0,B,172,LIMPEZA,LUSTRA MOVEIS
2021-03-30,530447,965,M,3,0,B,54,ALIMENTOS,PRESUNTO COZIDO
2021-03-30,530533,246,M,2,2,B,61,ALIMENTOS,SARDINHA
2021-03-30,530595,154,M,2,3,B,59,ALIMENTOS,SALGADINHO
2021-03-30,530628,578,M,4,0,B,17,ALIMENTOS,BISCOITO
2021-03-30,530638,793,M,1,3,B,223,ALIMENTOS,AZEITONA
2021-03-30,530693,965,M,3,0,B,10,ALIMENTOS,ATUM
2021-03-30,530770,955,F,3,2,C,117,PET,RACAO SECA PARA GATOS
2021-03-30,530774,158,M,3,0,B,112,LIMPEZA,TIRA LIMO
2021-03-30,530782,289,F,3,4,C,152,ALIMENTOS,PRESUNTO COZIDO
2021-03-30,530844,346,F,2,4,C,214,ALIMENTOS,CEBOLA
2021-03-30,530847,409,F,3,4,B,193,HIGIENE,FIO DENTAL
2021-03-30,530871,955,F,3,2,C,211,ALIMENTOS,CHA
2021-03-30,530885,532,F,2,3,B,10,ALIMENTOS,ATUM
2021-03-30,530918,20,M,4,0,B,100,LIMPEZA,DETERGENTE
2021-03-30,530956,63,F,3,0,B,48,ALIMENTOS,OVOS
2021-03-30,531004,559,F,3,1,A,40,ALIMENTOS,LINGUICA
2021-03-30,531055,63,F,3,0,B,225,ALIMENTOS,ATUM
2021-03-30,531116,827,M,4,0,B,172,LIMPEZA,LUSTRA MOVEIS
2021-03-30,531136,705,M,1,0,B,95,LIMPEZA,AMACIANTE
2021-03-30,531230,921,M,2,3,B,138,HIGIENE,REPELENTE
2021-03-30,531301,223,F,3,0,B,138,HIGIENE,REPELENTE
2021-03-30,531396,639,M,2,0,C,97,LIMPEZA,CERA
2021-03-30,531489,99,F,1,4,C,178,HIGIENE,LENCO UMEDECIDO
2021-02-04,531559,217,F,3,0,B,222,LIMPEZA,BALDE
2021-02-04,531572,775,F,2,3,B,222,LIMPEZA,BALDE
2021-02-04,531581,987,F,1,0,B,17,ALIMENTOS,BISCOITO
2021-02-04,531680,889,F,3,4,B,113,LIMPEZA,TIRA MANCHA
2021-02-04,531771,574,F,2,2,B,150,ALIMENTOS,QUEIJO DE CABRA
2021-02-04,531801,88,F,1,0,B,27,ALIMENTOS,DANETTE
2021-02-04,531893,571,F,2,0,B,194,ALIMENTOS,FILE DE PEIXE
2021-02-04,531939,238,M,2,1,B,112,LIMPEZA,TIRA LIMO
2021-02-04,532024,748,M,4,0,B,75,HIGIENE,ESCOVA DE DENTE
2021-02-04,532094,365,M,4,0,A,102,LIMPEZA,LIMPA VIDROS
2021-02-04,532184,634,F,2,0,C,135,LIMPEZA,RODO
2021-02-04,532274,669,F,4,0,B,34,ALIMENTOS,KETCHUP
2021-02-04,532355,337,M,3,0,B,160,ALIMENTOS,PALMITO
2021-02-04,532364,941,M,2,3,B,130,ALIMENTOS,SALGADINHOS DE MILHO
2021-02-04,532428,500,M,3,2,C,143,BEBIDAS,REFRIGERANTE GUARANA
2021-02-04,532495,91,M,3,0,B,45,ALIMENTOS,MANGA
2021-02-04,532590,103,M,3,4,B,174,LIMPEZA,LIMPADOR PERFUMADO
2021-02-04,532591,284,M,4,1,B,123,LIMPEZA,TIRA MANCHA
2021-02-04,532627,87,M,3,2,A,30,ALIMENTOS,FILE DE PEIXE
2021-02-04,532703,952,F,3,4,C,122,ALIMENTOS,TOMATE
2021-02-04,532735,185,F,3,0,C,43,ALIMENTOS,MAMAO PAPAYA
2021-02-04,532736,228,F,4,0,C,93,LIMPEZA,AGUA SANITARIA
2021-02-04,532795,711,M,4,2,B,50,ALIMENTOS,PAO DE FORMA
2021-02-04,532855,352,M,4,2,B,74,HIGIENE,ENXAGUANTE BUCAL
2021-02-04,532889,238,M,2,1,B,224,ALIMENTOS,AZEITE
2021-02-04,532914,420,M,3,0,B,113,LIMPEZA,TIRA MANCHA
2021-02-04,532927,189,F,3,4,C,107,#N/D,#N/D
2021-02-04,532961,208,M,3,0,B,47,ALIMENTOS,MORTADELA
2021-02-04,532969,485,M,3,3,B,168,ALIMENTOS,MAMAO PAPAYA
2021-02-04,532987,180,M,3,4,B,33,ALIMENTOS,IOGURTE
2021-02-04,533035,792,F,2,0,B,229,ALIMENTOS,ALMONDEGA
2021-02-04,533044,706,F,2,0,A,147,PET,RACAO SECA PARA GATOS
2021-02-04,533130,657,M,2,3,B,189,ALIMENTOS,GRANOLA
2021-02-04,533179,926,M,1,0,B,226,ALIMENTOS,ARROZ INTEGRAL
2021-02-04,533196,147,M,1,0,A,189,ALIMENTOS,GRANOLA
2021-02-04,533262,758,F,3,0,B,31,ALIMENTOS,GRANOLA
2021-02-04,533324,560,M,2,0,B,59,ALIMENTOS,SALGADINHO
2021-02-04,533407,707,M,4,0,B,82,HIGIENE,LENCO UMEDECIDO
2021-02-04,533497,556,F,4,0,B,134,LIMPEZA,SABAO
2021-02-04,533531,559,F,3,1,A,38,ALIMENTOS,LEITE CONDENSADO
2021-02-04,533574,102,F,1,2,C,111,LIMPEZA,SABAO EM PO
2021-02-04,533575,616,F,1,2,C,163,ALIMENTOS,MORTADELA
2021-02-04,533611,144,M,1,0,B,127,ALIMENTOS,SNACKS
2021-02-04,533685,837,F,2,0,C,173,ALIMENTOS,LINGUICA
2021-02-04,533735,719,M,1,0,B,100,LIMPEZA,DETERGENTE
2021-02-04,533747,794,M,1,2,B,136,ALIMENTOS,RICOTA
2021-02-04,533825,266,F,3,3,B,198,BEBIDAS,ENERGETICO
2021-02-04,533888,891,F,3,2,B,213,ALIMENTOS,CENOURA
2021-02-04,533940,227,F,3,0,C,151,HIGIENE,PROTETOR SOLAR
2021-02-04,533959,857,F,2,2,B,76,HIGIENE,FIO DENTAL
2021-02-04,534041,686,F,3,2,A,83,HIGIENE,MODELADOR
2021-02-04,534043,478,M,1,4,A,43,ALIMENTOS,MAMAO PAPAYA
2021-02-04,534084,773,M,4,0,B,124,LIMPEZA,TIRA LIMO
2021-02-04,534139,205,M,2,4,B,125,HIGIENE,TINTURAS
2021-02-04,534148,36,F,3,0,C,203,ALIMENTOS,DANETTE
2021-02-04,534184,524,F,4,3,C,14,ALIMENTOS,BATATA
2021-02-04,534279,321,M,2,0,B,207,ALIMENTOS,COPA SUINA
2021-02-04,534350,306,F,3,0,B,110,LIMPEZA,SABAO
2021-02-04,534392,294,F,4,0,C,177,ALIMENTOS,LIMAO
2021-02-04,534486,431,F,4,3,B,213,ALIMENTOS,CENOURA
2021-02-04,534561,847,M,4,2,A,122,ALIMENTOS,TOMATE
2021-02-04,534640,645,F,4,0,B,75,HIGIENE,ESCOVA DE DENTE
2021-02-04,534688,591,M,4,1,B,6,ALIMENTOS,ALHO
2021-02-04,534710,127,F,4,2,C,9,ALIMENTOS,ARROZ INTEGRAL
2021-02-04,534734,994,M,4,0,C,128,HIGIENE,SHAMPOO
2021-02-04,534823,650,F,2,0,C,135,LIMPEZA,RODO
2021-02-04,534890,785,M,1,4,C,181,ALIMENTOS,LATA DE MILHO
2021-02-04,534969,374,F,3,0,B,179,ALIMENTOS,LEITE CONDENSADO
2021-02-04,535057,834,M,3,3,B,186,HIGIENE,HIDRATANTE
2021-02-04,535156,357,M,2,2,C,145,PET,RACAO UMIDA PARA GATOS
2021-02-04,535185,818,F,2,0,B,90,HIGIENE,SHAMPOO
2021-02-04,535270,180,M,3,4,B,41,ALIMENTOS,MACARRAO
2021-02-04,535319,637,F,1,0,B,163,ALIMENTOS,MORTADELA
2021-02-04,535322,866,M,2,2,C,208,HIGIENE,CONDICIONADOR
2021-02-04,535379,1,M,1,0,C,102,LIMPEZA,LIMPA VIDROS
2021-02-04,535454,549,M,2,3,C,156,HIGIENE,PASTA DE DENTE
2021-02-04,535542,111,M,2,4,C,45,ALIMENTOS,MANGA
2021-02-04,535579,959,M,5,1,B,43,ALIMENTOS,MAMAO PAPAYA
2021-02-04,535618,30,M,4,0,B,110,LIMPEZA,SABAO
2021-02-04,535698,580,M,3,0,B,51,ALIMENTOS,PAPINHA INFANTIL
2021-02-04,535711,959,M,5,1,B,186,HIGIENE,HIDRATANTE
2021-02-04,535773,551,M,1,0,C,221,ALIMENTOS,BANANA
2021-02-04,535815,367,F,1,0,A,108,LIMPEZA,REMOVEDOR
2021-02-04,535837,416,M,3,2,C,189,ALIMENTOS,GRANOLA
2021-02-04,535877,776,F,2,0,B,114,LIMPEZA,VASSOURA
2021-02-04,535970,479,F,1,0,B,67,BEBIDAS,REFRIGERANTE GUARANA
2021-02-04,536042,549,M,2,3,C,126,HIGIENE,TALCO
2021-02-04,536137,40,M,2,1,B,39,ALIMENTOS,LIMAO
2021-02-04,536177,248,M,3,0,C,115,PET,ALIMENTO PARA PASSARO
2021-02-04,536244,522,M,1,2,A,81,HIGIENE,HIDRATANTE
2021-02-04,536281,428,F,2,0,A,217,ALIMENTOS,BISCOITO
2021-02-04,536284,909,M,3,0,B,38,ALIMENTOS,LEITE CONDENSADO
2021-02-04,536377,829,F,3,4,B,44,ALIMENTOS,MAMAO
2021-02-04,536466,846,F,4,3,C,58,ALIMENTOS,RICOTA
2021-02-04,536474,198,M,4,0,B,217,ALIMENTOS,BISCOITO
2021-02-04,536492,346,F,2,4,C,216,ALIMENTOS,BROCOLIS
2021-07-04,536528,44,F,4,0,C,31,ALIMENTOS,GRANOLA
2021-07-04,536605,531,F,3,1,B,106,LIMPEZA,ODORIZADOR
2021-07-04,536652,516,M,1,0,C,229,ALIMENTOS,ALMONDEGA
2021-07-04,536744,903,M,1,0,B,16,ALIMENTOS,BIFE DE COXAO MOLE
2021-07-04,536818,189,F,3,4,C,89,HIGIENE,SABONETE
2021-07-04,536875,95,M,1,0,B,15,ALIMENTOS,BATATA DOCE
2021-07-04,536918,426,F,3,0,C,98,LIMPEZA,DESENGORDURANTE
2021-07-04,536999,481,M,3,0,B,194,ALIMENTOS,FILE DE PEIXE
2021-07-04,537047,713,F,1,3,C,202,LIMPEZA,DESENGORDURANTE
2021-07-04,537085,307,M,1,0,B,229,ALIMENTOS,ALMONDEGA
2021-07-04,537095,334,M,3,0,C,35,ALIMENTOS,LATA DE ERVILHA
2021-07-04,537100,989,M,2,0,B,73,HIGIENE,CREME
2021-07-04,537119,120,F,4,3,A,57,ALIMENTOS,REQUEIJAO
2021-07-04,537198,670,M,4,0,C,122,ALIMENTOS,TOMATE
2021-07-04,537254,564,M,3,2,B,22,ALIMENTOS,CHA
2021-07-04,537261,831,F,4,2,B,6,ALIMENTOS,ALHO
2021-07-04,537293,829,F,3,4,B,37,ALIMENTOS,LEITE
2021-07-04,537380,721,M,3,2,C,44,ALIMENTOS,MAMAO
2021-07-04,537412,336,F,1,0,C,50,ALIMENTOS,PAO DE FORMA
2021-07-04,537509,294,F,4,0,C,192,HIGIENE,FIXADOR
2021-07-04,537552,312,M,1,0,A,88,HIGIENE,REPELENTE
2021-07-04,537586,261,F,4,0,B,27,ALIMENTOS,DANETTE
2021-07-04,537653,998,F,2,0,C,47,ALIMENTOS,MORTADELA
2021-07-04,537658,805,F,3,0,C,153,ALIMENTOS,PRESUNTO COZIDO
2021-07-04,537739,475,F,4,3,B,109,LIMPEZA,RODO
2021-07-04,537829,197,F,2,0,B,117,PET,RACAO SECA PARA GATOS
2021-07-04,537927,392,M,2,2,C,157,ALIMENTOS,PAPINHA INFANTIL
2021-07-04,537988,456,M,1,4,B,121,ALIMENTOS,UVA
2021-07-04,538013,220,M,1,0,B,45,ALIMENTOS,MANGA
2021-07-04,538095,403,M,3,2,B,192,HIGIENE,FIXADOR
2021-07-04,538157,489,F,4,3,B,144,BEBIDAS,REFRIGERANTE COLA
2021-07-04,538187,579,F,3,0,B,105,LIMPEZA,LUSTRA MOVEIS
2021-07-04,538283,106,M,1,0,B,204,HIGIENE,CREME
2021-07-04,538337,394,M,1,0,B,26,ALIMENTOS,COXA E SOBRECOXA DE FRANGO
2021-07-04,538403,939,M,2,1,C,229,ALIMENTOS,ALMONDEGA
2021-07-04,538487,104,F,3,2,B,4,ALIMENTOS,ABACAXI
2021-07-04,538563,980,F,1,0,B,227,ALIMENTOS,ARROZ
2021-07-04,538608,377,F,1,0,B,73,HIGIENE,CREME
2021-07-04,538610,774,F,2,0,B,182,ALIMENTOS,LATA DE ERVILHA
2021-07-04,538669,275,M,4,0,B,167,ALIMENTOS,MANGA
2021-07-04,538706,312,M,1,0,A,155,ALIMENTOS,PATE
2021-07-04,538732,2,M,3,0,B,61,ALIMENTOS,SARDINHA
2021-07-04,538750,643,F,4,0,C,43,ALIMENTOS,MAMAO PAPAYA
2021-07-04,538766,53,M,1,1,B,152,ALIMENTOS,PRESUNTO COZIDO
2021-07-04,538803,260,F,2,0,C,175,LIMPEZA,LIMPADOR MULTIUSO
2021-07-04,538872,282,M,2,0,B,88,HIGIENE,REPELENTE
2021-07-04,538936,592,F,2,0,C,229,ALIMENTOS,ALMONDEGA
2021-07-04,539000,942,M,1,0,B,43,ALIMENTOS,MAMAO PAPAYA
2021-07-04,539071,526,M,2,2,B,42,ALIMENTOS,MACARRAO INSTANTANEO
2021-07-04,539170,877,M,2,0,C,188,ALIMENTOS,HAMBUGUER
2021-07-04,539205,179,F,2,0,B,132,HIGIENE,SABONETE
2021-07-04,539245,880,M,3,2,B,71,HIGIENE,ABSORVENTE
2021-07-04,539329,128,F,2,0,B,22,ALIMENTOS,CHA
2021-07-04,539401,483,M,1,0,C,204,HIGIENE,CREME
2021-07-04,539411,394,M,1,0,B,105,LIMPEZA,LUSTRA MOVEIS
2021-07-04,539476,85,M,1,0,B,217,ALIMENTOS,BISCOITO
2021-07-04,539573,867,M,2,3,B,100,LIMPEZA,DETERGENTE
2021-07-04,539668,570,F,4,1,C,164,ACESSORIOS,MORDEDOR
2021-07-04,539700,64,F,4,0,B,77,HIGIENE,FIXADOR
2021-07-04,539775,228,F,4,0,C,150,ALIMENTOS,QUEIJO DE CABRA
2021-07-04,539852,3,F,4,0,B,119,PET,RACAO UMIDA PARA GATOS
2021-07-04,539863,485,M,3,3,B,100,LIMPEZA,DETERGENTE
2021-07-04,539880,42,M,2,2,B,61,ALIMENTOS,SARDINHA
2021-07-04,539979,411,F,2,0,B,132,HIGIENE,SABONETE
2021-07-04,540011,186,M,2,4,C,160,ALIMENTOS,PALMITO
2021-07-04,540064,598,F,4,0,B,222,LIMPEZA,BALDE
2021-07-04,540066,531,F,3,1,B,229,ALIMENTOS,ALMONDEGA
2021-07-04,540107,669,F,4,0,B,30,ALIMENTOS,FILE DE PEIXE
2021-07-04,540198,947,F,3,1,B,203,ALIMENTOS,DANETTE
2021-07-04,540205,410,F,3,3,B,80,HIGIENE,HASTES FLEXIVEIS
2021-07-04,540285,211,M,2,1,B,145,PET,RACAO UMIDA PARA GATOS
2021-07-04,540308,744,M,4,0,A,84,HIGIENE,PAPEL HIGIENICO
2021-07-04,540346,367,F,1,0,A,127,ALIMENTOS,SNACKS
2021-07-04,540371,793,M,1,3,B,199,ALIMENTOS,DOCE
2021-07-04,540415,796,M,2,3,B,133,LIMPEZA,SABAO EM PO
2021-09-04,540448,885,F,3,1,A,85,HIGIENE,PASTA DE DENTE
2021-09-04,540477,538,M,3,0,B,41,ALIMENTOS,MACARRAO
2021-09-04,540555,793,M,1,3,B,198,BEBIDAS,ENERGETICO
2021-09-04,540647,872,M,3,4,A,210,ACESSORIOS,CHUPETA
2021-09-04,540695,314,F,1,1,A,160,ALIMENTOS,PALMITO
2021-09-04,540749,805,F,3,0,C,198,BEBIDAS,ENERGETICO
2021-09-04,540824,507,F,3,2,B,93,LIMPEZA,AGUA SANITARIA
2021-09-04,540913,558,F,5,2,C,201,LIMPEZA,DESINFETANTE
2021-09-04,540972,361,F,1,0,C,7,ALIMENTOS,ALMONDEGA
2021-09-04,541044,965,M,3,0,B,228,LIMPEZA,AMACIANTE
2021-09-04,541130,91,M,3,0,B,206,ALIMENTOS,CORACAO DE FRANGO
2021-09-04,541228,140,F,1,0,C,126,HIGIENE,TALCO
2021-09-04,541254,794,M,1,2,B,169,ALIMENTOS,MAMAO
2021-09-04,541304,595,M,1,0,B,52,ALIMENTOS,PATE
2021-09-04,541313,464,M,2,2,B,12,ALIMENTOS,AZEITONA
2021-09-04,541397,873,F,3,0,B,140,BEBIDAS,REFRIGERANTE OUTROS
2021-09-04,541468,847,M,4,2,A,212,LIMPEZA,CERA
2021-09-04,541513,444,F,2,0,B,100,LIMPEZA,DETERGENTE
2021-09-04,541554,190,M,1,4,B,10,ALIMENTOS,ATUM
2021-09-04,541629,235,F,4,0,B,145,PET,RACAO UMIDA PARA GATOS
2021-09-04,541681,606,M,1,0,B,156,HIGIENE,PASTA DE DENTE
2021-09-04,541727,671,M,2,0,C,60,ALIMENTOS,SALGADINHOS DE MILHO
2021-09-04,541763,92,M,4,1,B,204,HIGIENE,CREME
2021-09-04,541785,665,M,1,4,B,85,HIGIENE,PASTA DE DENTE
2021-09-04,541844,365,M,4,0,A,113,LIMPEZA,TIRA MANCHA
2021-09-04,541942,86,F,4,3,C,114,LIMPEZA,VASSOURA
2021-09-04,541991,627,M,3,1,B,218,ALIMENTOS,BIFE DE COXAO MOLE
2021-09-04,542036,411,F,2,0,B,92,HIGIENE,TINTURAS
2021-09-04,542062,717,F,3,0,B,50,ALIMENTOS,PAO DE FORMA
2021-09-04,542107,666,F,2,2,B,118,PET,RACAO UMIDA PARA CAES
2021-09-04,542119,974,M,4,1,B,164,ACESSORIOS,MORDEDOR
2021-09-04,542215,327,M,4,2,A,136,ALIMENTOS,RICOTA
2021-09-04,542286,889,F,3,4,B,107,#N/D,#N/D
2021-09-04,542384,251,F,2,0,C,1,ACESSORIOS,CHUPETA
2021-09-04,542452,640,M,4,0,C,64,ALIMENTOS,UVA
2021-09-04,542456,169,F,1,1,B,100,LIMPEZA,DETERGENTE
2021-09-04,542514,560,M,2,0,B,13,ALIMENTOS,BANANA
2021-09-04,542526,55,F,3,0,B,182,ALIMENTOS,LATA DE ERVILHA
2021-09-04,542573,772,F,2,0,B,209,ALIMENTOS,COGUMELOS
2021-09-04,542640,519,M,2,4,B,120,LIMPEZA,VASSOURA
2021-09-04,542715,221,F,1,0,B,103,LIMPEZA,LIMPADOR MULTIUSO
2021-09-04,542742,183,M,4,1,B,129,ALIMENTOS,SARDINHA
2021-09-04,542799,2,M,3,0,B,55,ALIMENTOS,QUEIJO DE CABRA
2021-09-04,542842,516,M,1,0,C,203,ALIMENTOS,DANETTE
2021-09-04,542919,413,M,3,2,B,107,#N/D,#N/D
2021-09-04,542974,323,M,1,3,B,90,HIGIENE,SHAMPOO
2021-09-04,542979,951,M,2,0,B,86,HIGIENE,PRESERVATIVO
2021-09-04,543075,509,F,2,3,C,130,ALIMENTOS,SALGADINHOS DE MILHO
2021-09-04,543137,187,M,2,1,B,143,BEBIDAS,REFRIGERANTE GUARANA
2021-09-04,543161,820,M,1,4,B,157,ALIMENTOS,PAPINHA INFANTIL
2021-09-04,543173,915,F,3,0,B,20,ALIMENTOS,CEBOLA
2021-09-04,543256,763,F,4,0,B,26,ALIMENTOS,COXA E SOBRECOXA DE FRANGO
2021-09-04,543294,287,F,1,0,B,15,ALIMENTOS,BATATA DOCE
2021-09-04,543361,563,M,3,0,B,194,ALIMENTOS,FILE DE PEIXE
2021-09-04,543423,398,F,4,1,B,169,ALIMENTOS,MAMAO
2021-09-04,543509,28,F,1,2,B,136,ALIMENTOS,RICOTA
2021-09-04,543581,582,F,2,0,B,30,ALIMENTOS,FILE DE PEIXE
2021-09-04,543604,460,F,1,3,B,79,HIGIENE,GEL
2021-09-04,543637,387,M,2,2,B,91,HIGIENE,TALCO
2021-09-04,543690,244,M,4,0,B,97,LIMPEZA,CERA
2021-09-04,543745,161,M,5,2,B,112,LIMPEZA,TIRA LIMO
2021-09-04,543767,424,M,1,4,B,33,ALIMENTOS,IOGURTE
2021-09-04,543859,342,M,3,0,B,54,ALIMENTOS,PRESUNTO COZIDO
2021-09-04,543931,410,F,3,3,B,226,ALIMENTOS,ARROZ INTEGRAL
2021-09-04,543937,29,M,2,0,B,168,ALIMENTOS,MAMAO PAPAYA
2021-09-04,543972,98,M,1,0,B,165,ALIMENTOS,MOLHO BARBECUE
2021-09-04,544009,668,M,1,0,A,179,ALIMENTOS,LEITE CONDENSADO
2021-09-04,544095,717,F,3,0,B,111,LIMPEZA,SABAO EM PO
2021-09-04,544186,772,F,2,0,B,43,ALIMENTOS,MAMAO PAPAYA
2021-09-04,544213,549,M,2,3,C,161,ALIMENTOS,OVOS
2021-09-04,544246,497,M,3,0,B,53,ALIMENTOS,PRESUNTO COZIDO
2021-09-04,544250,712,F,2,3,B,17,ALIMENTOS,BISCOITO
2021-09-04,544315,406,M,2,4,C,178,HIGIENE,LENCO UMEDECIDO
2021-09-04,544368,420,M,3,0,B,200,LIMPEZA,DETERGENTE
2021-09-04,544373,685,F,4,0,B,66,BEBIDAS,REFRIGERANTE COLA
2021-09-04,544446,939,M,2,1,C,45,ALIMENTOS,MANGA
2021-09-04,544519,637,F,1,0,B,7,ALIMENTOS,ALMONDEGA
2021-09-04,544588,619,M,4,1,B,30,ALIMENTOS,FILE DE PEIXE
2021-09-04,544634,521,F,1,0,A,195,ALIMENTOS,FEIJAO
2021-09-04,544680,463,M,3,3,B,155,ALIMENTOS,PATE
2021-09-04,544689,259,M,1,1,B,2,ACESSORIOS,MORDEDOR
2021-09-04,544776,878,F,4,3,C,103,LIMPEZA,LIMPADOR MULTIUSO
2021-09-04,544866,40,M,2,1,B,25,ALIMENTOS,CORACAO DE FRANGO
2021-09-04,544909,110,M,3,0,C,90,HIGIENE,SHAMPOO
2021-09-04,544931,843,F,5,1,C,225,ALIMENTOS,ATUM
2021-09-04,544967,770,M,2,3,B,178,HIGIENE,LENCO UMEDECIDO
2021-09-04,544976,690,F,1,3,B,122,ALIMENTOS,TOMATE
2021-09-04,544991,931,M,2,0,A,223,ALIMENTOS,AZEITONA
2021-09-04,545059,913,M,3,4,C,72,HIGIENE,CONDICIONADOR
2021-09-04,545061,11,F,4,0,A,89,HIGIENE,SABONETE
2021-09-04,545075,709,F,3,0,B,10,ALIMENTOS,ATUM
2021-09-04,545079,996,F,1,4,B,18,ALIMENTOS,BROCOLIS
2021-09-04,545100,917,M,1,0,A,60,ALIMENTOS,SALGADINHOS DE MILHO
2021-09-04,545163,870,F,1,0,B,223,ALIMENTOS,AZEITONA
2021-09-04,545260,136,F,2,1,B,66,BEBIDAS,REFRIGERANTE COLA
2021-09-04,545316,627,M,3,1,B,83,HIGIENE,MODELADOR
2021-10-04,545342,103,M,3,4,B,40,ALIMENTOS,LINGUICA
2021-10-04,545407,105,F,4,0,C,10,ALIMENTOS,ATUM
2021-10-04,545505,370,M,1,4,B,181,ALIMENTOS,LATA DE MILHO
2021-10-04,545506,89,F,3,3,C,45,ALIMENTOS,MANGA
2021-10-04,545591,37,M,3,0,B,104,LIMPEZA,LIMPADOR PERFUMADO
2021-10-04,545675,785,M,1,4,C,200,LIMPEZA,DETERGENTE
2021-10-04,545683,99,F,1,4,C,104,LIMPEZA,LIMPADOR PERFUMADO
2021-10-04,545726,881,F,5,1,C,200,LIMPEZA,DETERGENTE
2021-10-04,545760,404,M,4,0,B,111,LIMPEZA,SABAO EM PO
2021-10-04,545762,430,F,4,1,B,109,LIMPEZA,RODO
2021-10-04,545763,573,F,1,0,C,78,HIGIENE,FRALDA
2021-10-04,545774,603,M,3,0,B,34,ALIMENTOS,KETCHUP
2021-10-04,545833,675,M,4,0,B,104,LIMPEZA,LIMPADOR PERFUMADO
2021-10-04,545877,434,M,1,4,B,148,PET,RACAO SECA PARA CAES
2021-10-04,545935,968,F,1,0,B,190,HIGIENE,GEL
2021-10-04,546011,6,F,2,0,B,220,ALIMENTOS,BATATA
2021-10-04,546013,642,M,2,3,B,105,LIMPEZA,LUSTRA MOVEIS
2021-10-04,546074,880,M,3,2,B,82,HIGIENE,LENCO UMEDECIDO
2021-10-04,546096,819,M,4,0,B,11,ALIMENTOS,AZEITE
2021-10-04,546181,488,M,3,2,B,21,ALIMENTOS,CENOURA
2021-10-04,546221,231,F,4,2,B,76,HIGIENE,FIO DENTAL
2021-10-04,546279,345,F,2,3,B,111,LIMPEZA,SABAO EM PO
2021-10-04,546365,618,M,4,3,B,188,ALIMENTOS,HAMBUGUER
2021-10-04,546429,566,F,4,0,B,68,BEBIDAS,REFRIGERANTE LARANJA
2021-10-04,546523,880,M,3,2,B,73,HIGIENE,CREME
2021-10-04,546589,666,F,2,2,B,35,ALIMENTOS,LATA DE ERVILHA
2021-10-04,546662,627,M,3,1,B,180,ALIMENTOS,LEITE
2021-10-04,546664,133,F,2,0,B,55,ALIMENTOS,QUEIJO DE CABRA
2021-10-04,546667,840,F,3,3,C,205,ALIMENTOS,COXA E SOBRECOXA DE FRANGO
2021-10-04,546735,593,M,4,1,B,176,LIMPEZA,LIMPA VIDROS
2021-10-04,546781,953,M,1,1,B,47,ALIMENTOS,MORTADELA
2021-10-04,546857,55,F,3,0,B,195,ALIMENTOS,FEIJAO
2021-10-04,546956,875,F,1,0,B,55,ALIMENTOS,QUEIJO DE CABRA
2021-04-15,547024,533,F,4,0,A,21,ALIMENTOS,CENOURA
2021-04-15,547106,19,F,2,2,C,122,ALIMENTOS,TOMATE
2021-04-15,547198,378,F,2,0,C,63,ALIMENTOS,TOMATE
2021-04-15,547201,825,M,1,2,C,123,LIMPEZA,TIRA MANCHA
2021-04-15,547292,369,F,3,4,C,212,LIMPEZA,CERA
2021-04-15,547299,561,M,2,0,B,227,ALIMENTOS,ARROZ
2021-04-15,547310,259,M,1,1,B,154,HIGIENE,PRESERVATIVO
2021-04-15,547388,752,M,3,0,C,159,ALIMENTOS,PAO DE FORMA
2021-04-15,547401,195,M,4,0,B,207,ALIMENTOS,COPA SUINA
2021-04-15,547496,848,F,5,3,A,148,PET,RACAO SECA PARA CAES
2021-04-15,547572,826,F,2,0,C,58,ALIMENTOS,RICOTA
2021-04-15,547633,532,F,2,3,B,136,ALIMENTOS,RICOTA
2021-04-15,547664,496,F,2,0,B,60,ALIMENTOS,SALGADINHOS DE MILHO
2021-04-15,547677,528,M,2,2,C,8,ALIMENTOS,ARROZ
2021-04-15,547770,658,F,1,1,B,133,LIMPEZA,SABAO EM PO
2021-04-15,547784,384,F,3,2,C,91,HIGIENE,TALCO
2021-04-15,547850,403,M,3,2,B,48,ALIMENTOS,OVOS
2021-04-15,547858,958,M,2,3,B,215,ALIMENTOS,CAFE
2021-04-15,547941,134,F,3,0,B,137,ALIMENTOS,REQUEIJAO
2021-04-15,547946,299,F,3,1,C,10,ALIMENTOS,ATUM
2021-04-15,547984,331,F,4,0,B,181,ALIMENTOS,LATA DE MILHO
2021-04-15,548053,186,M,2,4,C,211,ALIMENTOS,CHA
2021-04-15,548119,838,F,1,0,C,3,ALIMENTOS,ABACATE
2021-04-15,548179,982,M,4,3,B,201,LIMPEZA,DESINFETANTE
2021-04-15,548229,969,M,1,3,B,194,ALIMENTOS,FILE DE PEIXE
2021-04-15,548311,40,M,2,1,B,125,HIGIENE,TINTURAS
2021-04-15,548365,254,F,5,2,B,30,ALIMENTOS,FILE DE PEIXE
2021-04-15,548416,169,F,1,1,B,3,ALIMENTOS,ABACATE
2021-04-15,548418,270,F,3,1,B,142,BEBIDAS,REFRIGERANTE LARANJA
2021-04-15,548500,408,F,4,0,B,174,LIMPEZA,LIMPADOR PERFUMADO
2021-04-15,548547,670,M,4,0,C,58,ALIMENTOS,RICOTA
2021-04-15,548608,222,F,4,0,B,113,LIMPEZA,TIRA MANCHA
2021-04-15,548675,905,M,1,0,B,18,ALIMENTOS,BROCOLIS
2021-04-15,548700,520,M,1,0,B,86,HIGIENE,PRESERVATIVO
2021-04-15,548789,227,F,3,0,C,228,LIMPEZA,AMACIANTE
2021-04-15,548837,351,F,2,2,B,77,HIGIENE,FIXADOR
2021-04-15,548887,373,F,4,2,B,202,LIMPEZA,DESENGORDURANTE
2021-04-15,548933,836,F,2,0,B,212,LIMPEZA,CERA
2021-04-15,548962,175,M,1,0,B,69,BEBIDAS,REFRIGERANTE LIMaO
2021-04-15,548983,642,M,2,3,B,38,ALIMENTOS,LEITE CONDENSADO
2021-04-15,549002,314,F,1,1,A,76,HIGIENE,FIO DENTAL
2021-04-20,549015,698,F,2,0,B,195,ALIMENTOS,FEIJAO
2021-04-20,549102,452,M,1,3,B,191,HIGIENE,FRALDA
2021-04-20,549175,616,F,1,2,C,218,ALIMENTOS,BIFE DE COXAO MOLE
2021-04-20,549233,254,F,5,2,B,213,ALIMENTOS,CENOURA
2021-04-20,549239,965,M,3,0,B,155,ALIMENTOS,PATE
2021-04-20,549317,470,M,3,1,B,1,ACESSORIOS,CHUPETA
2021-04-20,549338,173,F,1,0,B,201,LIMPEZA,DESINFETANTE
2021-04-20,549390,338,M,2,0,B,136,ALIMENTOS,RICOTA
2021-04-20,549409,799,M,4,3,C,17,ALIMENTOS,BISCOITO
2021-04-20,549440,247,M,1,0,B,71,HIGIENE,ABSORVENTE
2021-04-20,549532,474,M,2,0,B,217,ALIMENTOS,BISCOITO
2021-04-20,549617,126,M,1,0,C,26,ALIMENTOS,COXA E SOBRECOXA DE FRANGO
2021-04-20,549631,810,M,1,0,B,226,ALIMENTOS,ARROZ INTEGRAL
2021-04-20,549667,774,F,2,0,B,109,LIMPEZA,RODO
2021-04-20,549674,357,M,2,2,C,95,LIMPEZA,AMACIANTE
2021-04-20,549762,674,M,4,1,B,60,ALIMENTOS,SALGADINHOS DE MILHO
2021-04-20,549803,741,M,3,0,B,54,ALIMENTOS,PRESUNTO COZIDO
2021-04-20,549871,121,F,1,2,B,67,BEBIDAS,REFRIGERANTE GUARANA
2021-04-20,549893,841,M,1,0,B,176,LIMPEZA,LIMPA VIDROS
2021-04-20,549935,91,M,3,0,B,108,LIMPEZA,REMOVEDOR
2021-04-20,550005,776,F,2,0,B,62,ALIMENTOS,SNACKS
2021-04-20,550015,10,M,1,0,B,33,ALIMENTOS,IOGURTE
2021-04-20,550100,762,F,2,0,B,156,HIGIENE,PASTA DE DENTE
2021-04-20,550141,23,M,3,0,B,183,ALIMENTOS,KETCHUP
2021-04-20,550230,959,M,5,1,B,71,HIGIENE,ABSORVENTE
2021-04-20,550284,649,F,3,0,B,136,ALIMENTOS,RICOTA
2021-04-20,550297,644,M,1,0,C,136,ALIMENTOS,RICOTA
2021-04-20,550382,61,M,1,2,B,80,HIGIENE,HASTES FLEXIVEIS
2021-04-20,550411,341,M,2,0,C,26,ALIMENTOS,COXA E SOBRECOXA DE FRANGO
2021-04-20,550418,98,M,1,0,B,149,ALIMENTOS,QUEIJO MUSSARELA
2021-04-20,550475,841,M,1,0,B,200,LIMPEZA,DETERGENTE
2021-04-20,550490,754,F,3,4,B,99,LIMPEZA,DESINFETANTE
2021-04-20,550583,330,F,1,0,B,117,PET,RACAO SECA PARA GATOS
2021-04-20,550585,685,F,4,0,B,197,HIGIENE,ENXAGUANTE BUCAL
2021-04-20,550651,706,F,2,0,A,150,ALIMENTOS,QUEIJO DE CABRA
2021-04-20,550750,817,M,3,0,B,45,ALIMENTOS,MANGA
2021-04-20,550849,107,F,2,0,C,223,ALIMENTOS,AZEITONA
2021-04-20,550937,692,F,4,0,B,185,LIMPEZA,INSETICIDA
2021-04-20,550980,110,M,3,0,C,155,ALIMENTOS,PATE
2021-04-20,550997,713,F,1,3,C,139,LIMPEZA,REMOVEDOR
2021-04-20,551034,223,F,3,0,B,178,HIGIENE,LENCO UMEDECIDO
2021-04-20,551123,829,F,3,4,B,110,LIMPEZA,SABAO
2021-04-20,551187,128,F,2,0,B,182,ALIMENTOS,LATA DE ERVILHA
2021-04-20,551216,369,F,3,4,C,194,ALIMENTOS,FILE DE PEIXE
2021-04-20,551243,196,M,2,0,B,148,PET,RACAO SECA PARA CAES
2021-04-20,551251,108,M,1,0,B,91,HIGIENE,TALCO
2021-04-20,551285,207,F,3,0,B,129,ALIMENTOS,SARDINHA
2021-04-20,551382,70,F,4,0,B,174,LIMPEZA,LIMPADOR PERFUMADO
2021-04-20,551423,976,M,4,2,B,167,ALIMENTOS,MANGA
2021-04-20,551480,874,F,3,3,B,192,HIGIENE,FIXADOR
2021-04-20,551489,370,M,1,4,B,171,ALIMENTOS,MACARRAO
2021-04-20,551514,768,F,4,0,B,75,HIGIENE,ESCOVA DE DENTE
2021-04-20,551607,592,F,2,0,C,121,ALIMENTOS,UVA
2021-04-20,551685,137,F,4,1,B,193,HIGIENE,FIO DENTAL
2021-04-23,551777,484,M,3,2,C,93,LIMPEZA,AGUA SANITARIA
2021-04-23,551778,347,F,4,0,B,190,HIGIENE,GEL
2021-04-23,551824,398,F,4,1,B,92,HIGIENE,TINTURAS
2021-04-23,551893,807,M,1,3,B,146,PET,RACAO UMIDA PARA CAES
2021-04-23,551989,389,F,3,0,C,176,LIMPEZA,LIMPA VIDROS
2021-04-23,552086,455,F,2,0,C,131,ALIMENTOS,SALGADINHO
2021-04-23,552128,79,F,2,0,C,154,HIGIENE,PRESERVATIVO
2021-04-23,552131,508,F,3,0,B,9,ALIMENTOS,ARROZ INTEGRAL
2021-04-23,552150,537,F,1,4,B,24,ALIMENTOS,COPA SUINA
2021-04-23,552235,66,M,3,3,B,6,ALIMENTOS,ALHO
2021-04-23,552309,166,F,1,0,B,41,ALIMENTOS,MACARRAO
2021-04-23,552380,94,M,1,2,C,194,ALIMENTOS,FILE DE PEIXE
2021-04-23,552457,676,M,2,3,B,142,BEBIDAS,REFRIGERANTE LARANJA
2021-04-23,552521,915,F,3,0,B,202,LIMPEZA,DESENGORDURANTE
2021-04-23,552530,313,M,3,0,B,190,HIGIENE,GEL
2021-04-23,552592,480,F,2,0,C,50,ALIMENTOS,PAO DE FORMA
2021-04-23,552616,80,F,2,1,C,109,LIMPEZA,RODO
2021-04-23,552638,455,F,2,0,C,16,ALIMENTOS,BIFE DE COXAO MOLE
2021-04-23,552676,597,M,3,0,C,182,ALIMENTOS,LATA DE ERVILHA
2021-04-23,552715,375,M,4,0,B,11,ALIMENTOS,AZEITE
2021-04-23,552763,308,M,4,0,B,120,LIMPEZA,VASSOURA
2021-04-23,552825,492,F,2,1,C,152,ALIMENTOS,PRESUNTO COZIDO
2021-04-23,552832,328,M,2,0,B,168,ALIMENTOS,MAMAO PAPAYA
2021-04-23,552925,281,F,2,0,B,56,ALIMENTOS,QUEIJO MUSSARELA
2021-04-23,552937,643,F,4,0,C,206,ALIMENTOS,CORACAO DE FRANGO
2021-04-23,553007,886,F,5,1,B,120,LIMPEZA,VASSOURA
2021-04-23,553057,97,F,4,1,B,159,ALIMENTOS,PAO DE FORMA
2021-04-23,553060,886,F,5,1,B,124,LIMPEZA,TIRA LIMO
2021-04-23,553154,425,F,3,0,B,108,LIMPEZA,REMOVEDOR
2021-04-23,553167,561,M,2,0,B,121,ALIMENTOS,UVA
2021-04-23,553244,18,M,4,0,C,109,LIMPEZA,RODO
2021-04-23,553311,387,M,2,2,B,145,PET,RACAO UMIDA PARA GATOS
2021-04-23,553409,112,M,4,0,B,61,ALIMENTOS,SARDINHA
2021-04-23,553469,823,M,5,3,B,201,LIMPEZA,DESINFETANTE
2021-04-23,553504,690,F,1,3,B,33,ALIMENTOS,IOGURTE
2021-04-23,553520,197,F,2,0,B,152,ALIMENTOS,PRESUNTO COZIDO
2021-04-23,553550,186,M,2,4,C,152,ALIMENTOS,PRESUNTO COZIDO
2021-04-23,553569,838,F,1,0,C,109,LIMPEZA,RODO
2021-04-23,553581,524,F,4,3,C,17,ALIMENTOS,BISCOITO
2021-04-23,553629,536,M,4,0,B,81,HIGIENE,HIDRATANTE
2021-04-23,553680,108,M,1,0,B,32,ALIMENTOS,HAMBUGUER
2021-04-23,553746,255,M,4,0,B,171,ALIMENTOS,MACARRAO
2021-04-23,553752,342,M,3,0,B,120,LIMPEZA,VASSOURA
2021-04-23,553772,64,F,4,0,B,188,ALIMENTOS,HAMBUGUER
2021-04-23,553852,868,M,4,0,B,195,ALIMENTOS,FEIJAO
2021-04-23,553877,371,F,4,0,B,133,LIMPEZA,SABAO EM PO
2021-04-23,553950,497,M,3,0,B,3,ALIMENTOS,ABACATE
2021-04-23,554033,507,F,3,2,B,134,LIMPEZA,SABAO
2021-04-23,554061,539,M,2,0,C,19,ALIMENTOS,CAFE
2021-04-23,554098,683,F,3,0,B,150,ALIMENTOS,QUEIJO DE CABRA
2021-04-23,554126,434,M,1,4,B,99,LIMPEZA,DESINFETANTE
2021-04-23,554153,286,M,4,0,B,174,LIMPEZA,LIMPADOR PERFUMADO
2021-04-23,554167,914,M,2,4,B,218,ALIMENTOS,BIFE DE COXAO MOLE
2021-04-23,554206,475,F,4,3,B,154,HIGIENE,PRESERVATIVO
2021-04-23,554288,147,M,1,0,A,100,LIMPEZA,DETERGENTE
2021-04-23,554332,631,M,1,4,C,85,HIGIENE,PASTA DE DENTE
2021-04-23,554337,718,F,3,2,B,98,LIMPEZA,DESENGORDURANTE
2021-04-23,554338,389,F,3,0,C,148,PET,RACAO SECA PARA CAES
2021-04-23,554386,857,F,2,2,B,158,HIGIENE,PAPEL HIGIENICO
2021-04-23,554427,156,F,2,0,B,73,HIGIENE,CREME
2021-04-23,554452,60,F,2,3,B,172,LIMPEZA,LUSTRA MOVEIS
2021-04-23,554493,227,F,3,0,C,47,ALIMENTOS,MORTADELA
2021-04-23,554537,167,M,1,1,A,157,ALIMENTOS,PAPINHA INFANTIL
2021-04-23,554550,642,M,2,3,B,151,HIGIENE,PROTETOR SOLAR
2021-04-23,554632,274,M,1,1,B,103,LIMPEZA,LIMPADOR MULTIUSO
2021-04-23,554721,110,M,3,0,C,187,HIGIENE,HASTES FLEXIVEIS
2021-04-23,554771,579,F,3,0,B,84,HIGIENE,PAPEL HIGIENICO
2021-04-23,554852,917,M,1,0,A,119,PET,RACAO UMIDA PARA GATOS
2021-04-23,554942,444,F,2,0,B,29,ALIMENTOS,FEIJAO
2021-04-23,554948,498,M,3,2,B,105,LIMPEZA,LUSTRA MOVEIS
2021-04-23,554970,766,F,1,0,B,114,LIMPEZA,VASSOURA
2021-04-23,555047,50,M,4,0,B,185,LIMPEZA,INSETICIDA
2021-04-23,555102,425,F,3,0,B,132,HIGIENE,SABONETE
2021-04-23,555188,690,F,1,3,B,193,HIGIENE,FIO DENTAL
2021-04-23,555199,697,M,3,0,C,5,ALIMENTOS,ACHOCOLATADO
2021-04-23,555265,478,M,1,4,A,35,ALIMENTOS,LATA DE ERVILHA
2021-04-23,555302,170,F,4,2,B,32,ALIMENTOS,HAMBUGUER
2021-04-23,555308,333,F,2,0,C,10,ALIMENTOS,ATUM
2021-04-23,555333,653,M,2,0,C,190,HIGIENE,GEL
2021-04-23,555351,246,M,2,2,B,73,HIGIENE,CREME
2021-04-23,555362,894,F,4,3,C,150,ALIMENTOS,QUEIJO DE CABRA
2021-04-23,555444,494,F,5,1,C,229,ALIMENTOS,ALMONDEGA
2021-04-23,555533,834,M,3,3,B,66,BEBIDAS,REFRIGERANTE COLA
2021-04-23,555598,905,M,1,0,B,17,ALIMENTOS,BISCOITO
2021-04-23,555640,131,F,2,0,C,69,BEBIDAS,REFRIGERANTE LIMaO
2021-04-23,555652,580,M,3,0,B,204,HIGIENE,CREME
2021-04-23,555673,773,M,4,0,B,51,ALIMENTOS,PAPINHA INFANTIL
2021-04-23,555686,857,F,2,2,B,95,LIMPEZA,AMACIANTE
2021-04-23,555765,319,M,1,4,B,210,ACESSORIOS,CHUPETA
2021-04-23,555780,607,F,2,0,B,67,BEBIDAS,REFRIGERANTE GUARANA
2021-04-23,555875,663,F,4,0,B,150,ALIMENTOS,QUEIJO DE CABRA
2021-04-23,555898,598,F,4,0,B,42,ALIMENTOS,MACARRAO INSTANTANEO
2021-04-27,555907,630,M,1,2,C,74,HIGIENE,ENXAGUANTE BUCAL
2021-04-27,555978,675,M,4,0,B,146,PET,RACAO UMIDA PARA CAES
2021-04-27,556000,15,M,2,1,C,131,ALIMENTOS,SALGADINHO
2021-04-27,556010,751,F,2,0,B,36,ALIMENTOS,LATA DE MILHO
2021-04-27,556054,732,F,3,4,B,185,LIMPEZA,INSETICIDA
2021-04-27,556105,962,M,3,4,B,77,HIGIENE,FIXADOR
2021-04-27,556194,376,F,3,0,B,147,PET,RACAO SECA PARA GATOS
2021-04-27,556207,461,M,3,4,C,191,HIGIENE,FRALDA
2021-04-27,556280,276,F,3,0,B,156,HIGIENE,PASTA DE DENTE
2021-04-27,556342,502,M,4,0,C,11,ALIMENTOS,AZEITE
2021-04-27,556356,651,F,2,0,B,31,ALIMENTOS,GRANOLA
2021-04-27,556390,175,M,1,0,B,6,ALIMENTOS,ALHO
2021-04-27,556442,914,M,2,4,B,145,PET,RACAO UMIDA PARA GATOS
2021-04-27,556522,646,F,1,0,B,55,ALIMENTOS,QUEIJO DE CABRA
2021-04-27,556572,598,F,4,0,B,83,HIGIENE,MODELADOR
2021-04-27,556576,844,F,5,1,A,138,HIGIENE,REPELENTE
2021-04-27,556649,769,F,3,3,C,44,ALIMENTOS,MAMAO
2021-04-27,556722,790,F,3,0,B,183,ALIMENTOS,KETCHUP
2021-04-27,556808,532,F,2,3,B,27,ALIMENTOS,DANETTE
2021-04-27,556829,825,M,1,2,C,218,ALIMENTOS,BIFE DE COXAO MOLE
2021-04-27,556917,726,M,2,0,B,11,ALIMENTOS,AZEITE
2021-04-27,557002,696,M,2,0,B,192,HIGIENE,FIXADOR
2021-04-27,557006,109,M,2,1,B,14,ALIMENTOS,BATATA
2021-04-27,557036,272,M,4,3,C,106,LIMPEZA,ODORIZADOR
2021-04-27,557060,241,M,4,1,B,77,HIGIENE,FIXADOR
2021-04-27,557126,635,F,4,0,B,190,HIGIENE,GEL
2021-04-27,557205,527,F,4,1,B,142,BEBIDAS,REFRIGERANTE LARANJA
2021-04-27,557260,924,F,2,2,B,138,HIGIENE,REPELENTE
2021-04-27,557300,450,M,1,0,B,27,ALIMENTOS,DANETTE
2021-04-27,557320,829,F,3,4,B,78,HIGIENE,FRALDA
2021-04-27,557396,826,F,2,0,C,89,HIGIENE,SABONETE
2021-04-27,557470,19,F,2,2,C,76,HIGIENE,FIO DENTAL
2021-04-27,557519,199,M,3,3,B,116,PET,RACAO SECA PARA CAES
2021-04-27,557576,463,M,3,3,B,166,HIGIENE,MODELADOR
2021-04-27,557672,302,F,4,3,C,161,ALIMENTOS,OVOS
2021-04-27,557712,400,F,4,1,C,71,HIGIENE,ABSORVENTE
2021-04-27,557760,533,F,4,0,A,225,ALIMENTOS,ATUM
2021-04-27,557829,501,M,1,0,B,118,PET,RACAO UMIDA PARA CAES
2021-04-27,557849,236,M,2,2,C,57,ALIMENTOS,REQUEIJAO
2021-04-27,557902,197,F,2,0,B,52,ALIMENTOS,PATE
2021-04-27,557984,27,F,1,0,B,178,HIGIENE,LENCO UMEDECIDO
2021-04-27,558069,517,F,3,1,B,56,ALIMENTOS,QUEIJO MUSSARELA
2021-04-27,558143,107,F,2,0,C,48,ALIMENTOS,OVOS
2021-04-27,558178,842,M,5,2,B,130,ALIMENTOS,SALGADINHOS DE MILHO
2021-04-27,558236,351,F,2,2,B,200,LIMPEZA,DETERGENTE
2021-04-27,558241,483,M,1,0,C,155,ALIMENTOS,PATE
2021-04-27,558300,171,F,3,1,B,206,ALIMENTOS,CORACAO DE FRANGO
2021-04-27,558305,185,F,3,0,C,193,HIGIENE,FIO DENTAL
2021-04-27,558390,171,F,3,1,B,6,ALIMENTOS,ALHO
2021-04-27,558481,782,M,3,3,B,62,ALIMENTOS,SNACKS
2021-04-27,558492,996,F,1,4,B,202,LIMPEZA,DESENGORDURANTE
2021-04-27,558584,746,M,3,0,C,182,ALIMENTOS,LATA DE ERVILHA
2021-04-27,558665,994,M,4,0,C,44,ALIMENTOS,MAMAO
2021-04-27,558703,276,F,3,0,B,172,LIMPEZA,LUSTRA MOVEIS
2021-04-27,558773,614,F,4,1,B,64,ALIMENTOS,UVA
2021-04-27,558836,359,F,1,0,B,12,ALIMENTOS,AZEITONA
2021-04-27,558892,299,F,3,1,C,91,HIGIENE,TALCO
2021-04-27,558928,648,M,1,0,B,37,ALIMENTOS,LEITE
2021-04-27,558931,731,M,3,4,B,228,LIMPEZA,AMACIANTE
2021-04-27,558949,534,M,4,1,C,22,ALIMENTOS,CHA
2021-04-27,558988,827,M,4,0,B,99,LIMPEZA,DESINFETANTE
2021-04-27,559013,660,F,3,0,C,91,HIGIENE,TALCO
2021-03-05,559106,591,M,4,1,B,89,HIGIENE,SABONETE
2021-03-05,559191,36,F,3,0,C,156,HIGIENE,PASTA DE DENTE
2021-03-05,559257,35,M,3,0,B,135,LIMPEZA,RODO
2021-03-05,559291,441,M,4,2,B,110,LIMPEZA,SABAO
2021-03-05,559363,794,M,1,2,B,195,ALIMENTOS,FEIJAO
2021-03-05,559364,88,F,1,0,B,92,HIGIENE,TINTURAS
2021-03-05,559366,949,M,1,0,B,86,HIGIENE,PRESERVATIVO
2021-03-05,559391,665,M,1,4,B,145,PET,RACAO UMIDA PARA GATOS
2021-03-05,559482,646,F,1,0,B,143,BEBIDAS,REFRIGERANTE GUARANA
2021-03-05,559513,429,M,4,0,C,140,BEBIDAS,REFRIGERANTE OUTROS
2021-03-05,559522,828,F,2,4,B,65,BEBIDAS,ENERGETICO
2021-03-05,559603,425,F,3,0,B,217,ALIMENTOS,BISCOITO
2021-03-05,559638,156,F,2,0,B,111,LIMPEZA,SABAO EM PO
2021-03-05,559665,218,M,4,0,B,229,ALIMENTOS,ALMONDEGA
2021-03-05,559685,96,F,1,1,C,177,ALIMENTOS,LIMAO
2021-03-05,559746,633,F,3,0,C,77,HIGIENE,FIXADOR
2021-03-05,559800,904,M,1,2,B,137,ALIMENTOS,REQUEIJAO
2021-03-05,559850,674,M,4,1,B,174,LIMPEZA,LIMPADOR PERFUMADO
2021-03-05,559888,33,F,2,0,B,200,LIMPEZA,DETERGENTE
2021-03-05,559894,98,M,1,0,B,5,ALIMENTOS,ACHOCOLATADO
2021-03-05,559952,631,M,1,4,C,168,ALIMENTOS,MAMAO PAPAYA
2021-03-05,559957,962,M,3,4,B,58,ALIMENTOS,RICOTA
2021-03-05,559960,839,F,1,3,B,39,ALIMENTOS,LIMAO
2021-03-05,559994,485,M,3,3,B,219,ALIMENTOS,BATATA DOCE
2021-03-05,560024,821,F,2,3,B,194,ALIMENTOS,FILE DE PEIXE
2021-03-05,560099,939,M,2,1,C,18,ALIMENTOS,BROCOLIS
2021-03-05,560137,387,M,2,2,B,168,ALIMENTOS,MAMAO PAPAYA
2021-03-05,560183,535,M,4,0,A,196,HIGIENE,ESCOVA DE DENTE
2021-03-05,560279,579,F,3,0,B,199,ALIMENTOS,DOCE
2021-03-05,560283,921,M,2,3,B,204,HIGIENE,CREME
2021-03-05,560367,332,F,3,4,C,170,ALIMENTOS,MACARRAO INSTANTANEO
2021-03-05,560388,370,M,1,4,B,37,ALIMENTOS,LEITE
2021-03-05,560459,534,M,4,1,C,112,LIMPEZA,TIRA LIMO
2021-03-05,560543,883,M,1,0,B,102,LIMPEZA,LIMPA VIDROS
2021-03-05,560600,331,F,4,0,B,10,ALIMENTOS,ATUM
2021-03-05,560624,565,F,1,2,B,135,LIMPEZA,RODO
2021-03-05,560653,847,M,4,2,A,142,BEBIDAS,REFRIGERANTE LARANJA
2021-03-05,560675,9,F,2,0,B,53,ALIMENTOS,PRESUNTO COZIDO
2021-03-05,560704,829,F,3,4,B,9,ALIMENTOS,ARROZ INTEGRAL
2021-03-05,560774,448,F,2,0,A,158,HIGIENE,PAPEL HIGIENICO
2021-03-05,560837,898,F,4,0,C,87,HIGIENE,PROTETOR SOLAR
2021-03-05,560870,656,M,2,0,C,190,HIGIENE,GEL
2021-03-05,560925,642,M,2,3,B,102,LIMPEZA,LIMPA VIDROS
2021-03-05,560977,552,M,4,0,B,76,HIGIENE,FIO DENTAL
2021-03-05,560983,383,M,1,3,C,149,ALIMENTOS,QUEIJO MUSSARELA
2021-03-05,561028,74,M,3,0,C,214,ALIMENTOS,CEBOLA
2021-03-05,561099,406,M,2,4,C,71,HIGIENE,ABSORVENTE
2021-03-05,561122,66,M,3,3,B,11,ALIMENTOS,AZEITE
2021-03-05,561220,757,F,4,3,C,69,BEBIDAS,REFRIGERANTE LIMaO
2021-03-05,561246,837,F,2,0,C,144,BEBIDAS,REFRIGERANTE COLA
2021-03-05,561289,448,F,2,0,A,143,BEBIDAS,REFRIGERANTE GUARANA
2021-03-05,561361,31,F,1,0,C,184,ALIMENTOS,IOGURTE
2021-03-05,561453,63,F,3,0,B,107,#N/D,#N/D
2021-03-05,561489,954,F,4,2,B,226,ALIMENTOS,ARROZ INTEGRAL
2021-03-05,561549,157,M,1,1,C,107,#N/D,#N/D
2021-03-05,561565,520,M,1,0,B,149,ALIMENTOS,QUEIJO MUSSARELA
2021-03-05,561637,330,F,1,0,B,68,BEBIDAS,REFRIGERANTE LARANJA
2021-03-05,561639,780,M,3,2,B,17,ALIMENTOS,BISCOITO
2021-03-05,561684,407,F,3,3,A,183,ALIMENTOS,KETCHUP
2021-03-05,561716,448,F,2,0,A,69,BEBIDAS,REFRIGERANTE LIMaO
2021-03-05,561739,334,M,3,0,C,20,ALIMENTOS,CEBOLA
2021-03-05,561760,667,F,4,0,C,166,HIGIENE,MODELADOR
2021-03-05,561848,111,M,2,4,C,160,ALIMENTOS,PALMITO
2021-03-05,561865,227,F,3,0,C,202,LIMPEZA,DESENGORDURANTE
2021-03-05,561913,486,M,4,0,B,135,LIMPEZA,RODO
2021-03-05,561966,640,M,4,0,C,97,LIMPEZA,CERA
2021-03-05,562016,949,M,1,0,B,10,ALIMENTOS,ATUM
2021-03-05,562080,915,F,3,0,B,87,HIGIENE,PROTETOR SOLAR
2021-03-05,562159,767,F,1,0,B,178,HIGIENE,LENCO UMEDECIDO
2021-03-05,562220,490,F,2,4,C,224,ALIMENTOS,AZEITE
2021-03-05,562302,452,M,1,3,B,106,LIMPEZA,ODORIZADOR
2021-03-05,562367,368,M,4,0,C,119,PET,RACAO UMIDA PARA GATOS
2021-03-05,562428,667,F,4,0,C,151,HIGIENE,PROTETOR SOLAR
2021-03-05,562434,927,M,1,1,C,60,ALIMENTOS,SALGADINHOS DE MILHO
2021-03-05,562443,126,M,1,0,C,148,PET,RACAO SECA PARA CAES
2021-03-05,562541,520,M,1,0,B,153,ALIMENTOS,PRESUNTO COZIDO
2021-03-05,562622,234,M,3,4,B,56,ALIMENTOS,QUEIJO MUSSARELA
2021-05-05,562701,795,F,4,2,B,91,HIGIENE,TALCO
2021-05-05,562788,800,M,1,0,C,76,HIGIENE,FIO DENTAL
2021-05-05,562821,256,F,4,0,B,100,LIMPEZA,DETERGENTE
2021-05-05,562911,231,F,4,2,B,216,ALIMENTOS,BROCOLIS
2021-05-05,562923,384,F,3,2,C,205,ALIMENTOS,COXA E SOBRECOXA DE FRANGO
2021-05-05,563020,261,F,4,0,B,123,LIMPEZA,TIRA MANCHA
2021-05-05,563092,344,M,3,0,B,111,LIMPEZA,SABAO EM PO
2021-05-05,563146,292,F,2,0,C,47,ALIMENTOS,MORTADELA
2021-05-05,563200,488,M,3,2,B,152,ALIMENTOS,PRESUNTO COZIDO
2021-05-05,563268,279,M,1,2,B,145,PET,RACAO UMIDA PARA GATOS
2021-05-05,563288,644,M,1,0,C,81,HIGIENE,HIDRATANTE
2021-05-05,563386,193,F,4,0,B,144,BEBIDAS,REFRIGERANTE COLA
2021-05-05,563452,933,M,2,2,B,93,LIMPEZA,AGUA SANITARIA
2021-05-05,563544,275,M,4,0,B,103,LIMPEZA,LIMPADOR MULTIUSO
2021-05-05,563624,382,F,3,0,C,28,ALIMENTOS,DOCE
2021-05-05,563659,162,F,1,1,B,157,ALIMENTOS,PAPINHA INFANTIL
2021-05-05,563663,370,M,1,4,B,207,ALIMENTOS,COPA SUINA
2021-05-05,563741,755,M,3,4,B,16,ALIMENTOS,BIFE DE COXAO MOLE
2021-05-05,563837,706,F,2,0,A,36,ALIMENTOS,LATA DE MILHO
2021-05-05,563914,769,F,3,3,C,170,ALIMENTOS,MACARRAO INSTANTANEO
2021-05-05,563924,853,M,5,2,A,82,HIGIENE,LENCO UMEDECIDO
2021-05-05,563980,220,M,1,0,B,72,HIGIENE,CONDICIONADOR
2021-05-05,564037,532,F,2,3,B,175,LIMPEZA,LIMPADOR MULTIUSO
2021-05-05,564047,646,F,1,0,B,95,LIMPEZA,AMACIANTE
2021-05-05,564129,743,M,1,3,C,220,ALIMENTOS,BATATA
2021-05-05,564174,25,M,4,1,C,1,ACESSORIOS,CHUPETA
2021-05-05,564204,619,M,4,1,B,218,ALIMENTOS,BIFE DE COXAO MOLE
2021-05-05,564236,31,F,1,0,C,30,ALIMENTOS,FILE DE PEIXE
2021-05-05,564270,656,M,2,0,C,90,HIGIENE,SHAMPOO
2021-05-05,564294,387,M,2,2,B,169,ALIMENTOS,MAMAO
2021-05-05,564372,738,M,1,0,C,124,LIMPEZA,TIRA LIMO
2021-05-05,564466,384,F,3,2,C,125,HIGIENE,TINTURAS
2021-05-05,564478,573,F,1,0,C,78,HIGIENE,FRALDA
2021-05-05,564547,41,M,3,0,C,63,ALIMENTOS,TOMATE
2021-05-05,564558,49,M,2,0,C,34,ALIMENTOS,KETCHUP
2021-05-05,564570,617,F,4,3,C,131,ALIMENTOS,SALGADINHO
2021-05-05,564587,455,F,2,0,C,96,LIMPEZA,BALDE
2021-07-05,564616,900,F,3,0,B,150,ALIMENTOS,QUEIJO DE CABRA
2021-07-05,564618,375,M,4,0,B,227,ALIMENTOS,ARROZ
2021-07-05,564639,434,M,1,4,B,211,ALIMENTOS,CHA
2021-07-05,564682,389,F,3,0,C,145,PET,RACAO UMIDA PARA GATOS
2021-07-05,564736,457,M,3,0,C,133,LIMPEZA,SABAO EM PO
2021-07-05,564767,573,F,1,0,C,142,BEBIDAS,REFRIGERANTE LARANJA
2021-07-05,564796,545,M,2,2,B,89,HIGIENE,SABONETE
2021-07-05,564840,988,F,2,0,C,104,LIMPEZA,LIMPADOR PERFUMADO
2021-07-05,564888,461,M,3,4,C,176,LIMPEZA,LIMPA VIDROS
2021-07-05,564928,418,M,2,2,A,5,ALIMENTOS,ACHOCOLATADO
2021-07-05,564951,852,M,2,3,B,71,HIGIENE,ABSORVENTE
2021-07-05,564963,689,M,2,0,C,72,HIGIENE,CONDICIONADOR
2021-07-05,565005,85,M,1,0,B,203,ALIMENTOS,DANETTE
2021-07-05,565010,883,M,1,0,B,178,HIGIENE,LENCO UMEDECIDO
2021-07-05,565022,857,F,2,2,B,98,LIMPEZA,DESENGORDURANTE
2021-07-05,565023,586,F,4,2,B,207,ALIMENTOS,COPA SUINA
2021-07-05,565093,38,M,3,0,B,1,ACESSORIOS,CHUPETA
2021-07-05,565140,934,F,2,2,B,186,HIGIENE,HIDRATANTE
2021-07-05,565188,447,M,2,0,B,9,ALIMENTOS,ARROZ INTEGRAL
2021-07-05,565281,579,F,3,0,B,144,BEBIDAS,REFRIGERANTE COLA
2021-07-05,565371,148,M,3,4,A,225,ALIMENTOS,ATUM
2021-07-05,565443,989,M,2,0,B,204,HIGIENE,CREME
2021-07-05,565447,110,M,3,0,C,142,BEBIDAS,REFRIGERANTE LARANJA
2021-07-05,565512,134,F,3,0,B,215,ALIMENTOS,CAFE
2021-07-05,565549,156,F,2,0,B,20,ALIMENTOS,CEBOLA
2021-07-05,565576,923,F,2,4,C,143,BEBIDAS,REFRIGERANTE GUARANA
2021-07-05,565610,934,F,2,2,B,19,ALIMENTOS,CAFE
2021-07-05,565654,928,F,5,1,B,189,ALIMENTOS,GRANOLA
2021-07-05,565711,190,M,1,4,B,209,ALIMENTOS,COGUMELOS
2021-07-05,565715,569,M,1,1,A,59,ALIMENTOS,SALGADINHO
2021-07-05,565772,409,F,3,4,B,74,HIGIENE,ENXAGUANTE BUCAL
2021-07-05,565814,522,M,1,2,A,80,HIGIENE,HASTES FLEXIVEIS
2021-07-05,565912,18,M,4,0,C,98,LIMPEZA,DESENGORDURANTE
2021-07-05,565919,426,F,3,0,C,142,BEBIDAS,REFRIGERANTE LARANJA
2021-07-05,565960,299,F,3,1,C,3,ALIMENTOS,ABACATE
2021-07-05,566057,589,F,3,2,C,79,HIGIENE,GEL
2021-07-05,566129,274,M,1,1,B,164,ACESSORIOS,MORDEDOR
2021-07-05,566131,399,F,4,1,C,132,HIGIENE,SABONETE
2021-07-05,566189,767,F,1,0,B,55,ALIMENTOS,QUEIJO DE CABRA
2021-07-05,566254,109,M,2,1,B,203,ALIMENTOS,DANETTE
2021-07-05,566271,356,M,2,4,A,96,LIMPEZA,BALDE
2021-07-05,566315,193,F,4,0,B,1,ACESSORIOS,CHUPETA
2021-07-05,566326,444,F,2,0,B,221,ALIMENTOS,BANANA
2021-07-05,566331,705,M,1,0,B,115,PET,ALIMENTO PARA PASSARO
2021-07-05,566341,313,M,3,0,B,153,ALIMENTOS,PRESUNTO COZIDO
2021-07-05,566414,887,F,3,0,B,46,ALIMENTOS,MOLHO BARBECUE
2021-07-05,566501,401,M,1,4,C,182,ALIMENTOS,LATA DE ERVILHA
2021-07-05,566531,759,F,3,0,B,80,HIGIENE,HASTES FLEXIVEIS
2021-07-05,566540,331,F,4,0,B,214,ALIMENTOS,CEBOLA
2021-07-05,566626,70,F,4,0,B,200,LIMPEZA,DETERGENTE
2021-07-05,566654,592,F,2,0,C,152,ALIMENTOS,PRESUNTO COZIDO
2021-07-05,566664,678,F,3,0,C,108,LIMPEZA,REMOVEDOR
2021-07-05,566679,963,M,3,0,B,49,ALIMENTOS,PALMITO
2021-07-05,566762,1,M,1,0,C,140,BEBIDAS,REFRIGERANTE OUTROS
2021-07-05,566802,485,M,3,3,B,74,HIGIENE,ENXAGUANTE BUCAL
2021-07-05,566883,266,F,3,3,B,21,ALIMENTOS,CENOURA
2021-07-05,566982,800,M,1,0,C,183,ALIMENTOS,KETCHUP
2021-07-05,566999,702,M,1,0,B,144,BEBIDAS,REFRIGERANTE COLA
2021-07-05,567004,183,M,4,1,B,96,LIMPEZA,BALDE
2021-07-05,567060,186,M,2,4,C,115,PET,ALIMENTO PARA PASSARO
2021-07-05,567078,531,F,3,1,B,165,ALIMENTOS,MOLHO BARBECUE
2021-07-05,567103,563,M,3,0,B,15,ALIMENTOS,BATATA DOCE
2021-07-05,567104,74,M,3,0,C,123,LIMPEZA,TIRA MANCHA
2021-07-05,567169,859,M,1,0,B,111,LIMPEZA,SABAO EM PO
2021-07-05,567256,534,M,4,1,C,38,ALIMENTOS,LEITE CONDENSADO
2021-07-05,567291,873,F,3,0,B,137,ALIMENTOS,REQUEIJAO
2021-07-05,567384,993,M,5,1,B,57,ALIMENTOS,REQUEIJAO
2021-07-05,567420,986,M,4,0,B,2,ACESSORIOS,MORDEDOR
2021-07-05,567496,199,M,3,3,B,86,HIGIENE,PRESERVATIVO
2021-07-05,567562,339,F,4,0,C,205,ALIMENTOS,COXA E SOBRECOXA DE FRANGO
2021-07-05,567628,814,M,4,0,B,56,ALIMENTOS,QUEIJO MUSSARELA
2021-07-05,567702,419,F,2,1,B,59,ALIMENTOS,SALGADINHO
2021-07-05,567785,404,M,4,0,B,45,ALIMENTOS,MANGA
2021-07-05,567871,672,F,4,0,B,152,ALIMENTOS,PRESUNTO COZIDO
2021-07-05,567959,573,F,1,0,C,140,BEBIDAS,REFRIGERANTE OUTROS
2021-07-05,567979,318,M,1,2,B,54,ALIMENTOS,PRESUNTO COZIDO
2021-07-05,568020,764,F,3,1,B,106,LIMPEZA,ODORIZADOR
2021-12-05,568042,220,M,1,0,B,168,ALIMENTOS,MAMAO PAPAYA
2021-12-05,568049,679,F,3,3,B,198,BEBIDAS,ENERGETICO
2021-12-05,568054,328,M,2,0,B,203,ALIMENTOS,DANETTE
2021-12-05,568108,608,F,3,0,C,96,LIMPEZA,BALDE
2021-12-05,568152,322,M,2,0,B,157,ALIMENTOS,PAPINHA INFANTIL
2021-12-05,568213,447,M,2,0,B,98,LIMPEZA,DESENGORDURANTE
2021-12-05,568279,158,M,3,0,B,216,ALIMENTOS,BROCOLIS
2021-12-05,568306,708,F,2,2,B,80,HIGIENE,HASTES FLEXIVEIS
2021-12-05,568384,231,F,4,2,B,177,ALIMENTOS,LIMAO
2021-12-05,568428,194,F,4,0,B,177,ALIMENTOS,LIMAO
2021-12-05,568473,720,M,2,3,B,228,LIMPEZA,AMACIANTE
2021-12-05,568510,157,M,1,1,C,134,LIMPEZA,SABAO
2021-12-05,568556,475,F,4,3,B,148,PET,RACAO SECA PARA CAES
2021-12-05,568643,839,F,1,3,B,200,LIMPEZA,DETERGENTE
2021-12-05,568715,742,M,1,1,C,52,ALIMENTOS,PATE
2021-12-05,568726,264,F,4,1,B,24,ALIMENTOS,COPA SUINA
2021-12-05,568730,412,M,2,0,B,147,PET,RACAO SECA PARA GATOS
2021-12-05,568737,784,F,1,3,B,15,ALIMENTOS,BATATA DOCE
2021-12-05,568787,546,F,4,0,B,139,LIMPEZA,REMOVEDOR
2021-12-05,568845,555,M,4,3,A,112,LIMPEZA,TIRA LIMO
2021-12-05,568857,164,M,2,3,A,42,ALIMENTOS,MACARRAO INSTANTANEO
2021-12-05,568892,59,M,2,0,A,145,PET,RACAO UMIDA PARA GATOS
2021-12-05,568918,97,F,4,1,B,159,ALIMENTOS,PAO DE FORMA
2021-12-05,568969,715,F,3,4,B,200,LIMPEZA,DETERGENTE
2021-12-05,568992,118,M,2,4,A,83,HIGIENE,MODELADOR
2021-12-05,569052,192,F,4,0,B,125,HIGIENE,TINTURAS
2021-12-05,569061,585,F,2,4,B,162,LIMPEZA,ODORIZADOR
2021-12-05,569080,621,F,4,0,B,69,BEBIDAS,REFRIGERANTE LIMaO
2021-12-05,569156,731,M,3,4,B,162,LIMPEZA,ODORIZADOR
2021-12-05,569183,722,F,4,0,B,131,ALIMENTOS,SALGADINHO
2021-12-05,569208,871,F,1,3,C,122,ALIMENTOS,TOMATE
2021-12-05,569238,873,F,3,0,B,177,ALIMENTOS,LIMAO
2021-12-05,569319,720,M,2,3,B,145,PET,RACAO UMIDA PARA GATOS
2021-12-05,569401,510,F,4,0,B,35,ALIMENTOS,LATA DE ERVILHA
2021-12-05,569433,798,M,5,2,B,78,HIGIENE,FRALDA
2021-12-05,569454,72,F,2,0,A,172,LIMPEZA,LUSTRA MOVEIS
2021-12-05,569542,415,F,3,0,B,138,HIGIENE,REPELENTE
2021-12-05,569614,422,F,2,4,C,110,LIMPEZA,SABAO
2021-12-05,569654,34,M,2,0,C,122,ALIMENTOS,TOMATE
2021-12-05,569726,851,F,2,0,B,221,ALIMENTOS,BANANA
2021-12-05,569803,323,M,1,3,B,198,BEBIDAS,ENERGETICO
2021-12-05,569867,830,F,5,1,B,54,ALIMENTOS,PRESUNTO COZIDO
2021-12-05,569906,412,M,2,0,B,157,ALIMENTOS,PAPINHA INFANTIL
2021-12-05,569974,832,F,1,0,B,220,ALIMENTOS,BATATA
2021-12-05,570045,92,M,4,1,B,137,ALIMENTOS,REQUEIJAO
2021-12-05,570130,617,F,4,3,C,17,ALIMENTOS,BISCOITO
2021-12-05,570166,715,F,3,4,B,132,HIGIENE,SABONETE
2021-12-05,570209,121,F,1,2,B,74,HIGIENE,ENXAGUANTE BUCAL
2021-12-05,570304,868,M,4,0,B,101,LIMPEZA,INSETICIDA
2021-12-05,570307,156,F,2,0,B,140,BEBIDAS,REFRIGERANTE OUTROS
2021-12-05,570348,621,F,4,0,B,216,ALIMENTOS,BROCOLIS
2021-12-05,570404,719,M,1,0,B,61,ALIMENTOS,SARDINHA
2021-12-05,570477,543,M,2,2,B,102,LIMPEZA,LIMPA VIDROS
2021-12-05,570553,398,F,4,1,B,128,HIGIENE,SHAMPOO
2021-12-05,570647,129,M,2,0,A,192,HIGIENE,FIXADOR
2021-12-05,570732,27,F,1,0,B,94,LIMPEZA,ALCOOL
2021-12-05,570734,641,F,4,0,C,123,LIMPEZA,TIRA MANCHA
2021-12-05,570792,71,F,3,1,B,158,HIGIENE,PAPEL HIGIENICO
2021-12-05,570856,235,F,4,0,B,18,ALIMENTOS,BROCOLIS
2021-12-05,570906,89,F,3,3,C,85,HIGIENE,PASTA DE DENTE
2021-12-05,570931,586,F,4,2,B,91,HIGIENE,TALCO
2021-12-05,570947,247,M,1,0,B,102,LIMPEZA,LIMPA VIDROS
2021-12-05,570963,929,M,4,0,B,144,BEBIDAS,REFRIGERANTE COLA
2021-12-05,571033,663,F,4,0,B,181,ALIMENTOS,LATA DE MILHO
2021-12-05,571109,51,F,3,0,B,90,HIGIENE,SHAMPOO
2021-12-05,571146,991,F,2,2,C,13,ALIMENTOS,BANANA
2021-12-05,571181,532,F,2,3,B,38,ALIMENTOS,LEITE CONDENSADO
2021-12-05,571216,951,M,2,0,B,1,ACESSORIOS,CHUPETA
2021-12-05,571286,118,M,2,4,A,9,ALIMENTOS,ARROZ INTEGRAL
2021-12-05,571291,982,M,4,3,B,38,ALIMENTOS,LEITE CONDENSADO
2021-05-19,571385,242,F,4,0,B,117,PET,RACAO SECA PARA GATOS
2021-05-19,571403,989,M,2,0,B,164,ACESSORIOS,MORDEDOR
2021-05-19,571462,113,F,3,0,B,157,ALIMENTOS,PAPINHA INFANTIL
2021-05-19,571499,358,F,3,0,C,229,ALIMENTOS,ALMONDEGA
2021-05-19,571568,688,M,1,1,A,168,ALIMENTOS,MAMAO PAPAYA
2021-05-19,571619,605,M,4,2,B,224,ALIMENTOS,AZEITE
2021-05-19,571626,607,F,2,0,B,62,ALIMENTOS,SNACKS
2021-05-19,571720,933,M,2,2,B,138,HIGIENE,REPELENTE
2021-05-19,571816,14,M,1,3,B,195,ALIMENTOS,FEIJAO
2021-05-19,571850,651,F,2,0,B,104,LIMPEZA,LIMPADOR PERFUMADO
2021-05-19,571906,861,M,3,0,B,42,ALIMENTOS,MACARRAO INSTANTANEO
2021-05-19,571958,359,F,1,0,B,107,#N/D,#N/D
2021-05-19,572048,489,F,4,3,B,63,ALIMENTOS,TOMATE
2021-05-19,572058,349,M,3,0,B,115,PET,ALIMENTO PARA PASSARO
2021-05-19,572070,301,F,3,0,C,190,HIGIENE,GEL
2021-05-19,572152,554,F,3,0,A,188,ALIMENTOS,HAMBUGUER
2021-05-19,572210,630,M,1,2,C,189,ALIMENTOS,GRANOLA
2021-05-19,572217,260,F,2,0,C,211,ALIMENTOS,CHA
2021-05-19,572295,609,F,4,0,C,47,ALIMENTOS,MORTADELA
2021-05-19,572388,729,M,3,0,B,78,HIGIENE,FRALDA
2021-05-19,572414,140,F,1,0,C,216,ALIMENTOS,BROCOLIS
2021-05-19,572455,311,F,4,0,C,169,ALIMENTOS,MAMAO
2021-05-19,572464,865,F,1,0,B,226,ALIMENTOS,ARROZ INTEGRAL
2021-05-19,572534,297,M,4,0,B,67,BEBIDAS,REFRIGERANTE GUARANA
2021-05-19,572607,915,F,3,0,B,112,LIMPEZA,TIRA LIMO
2021-05-19,572624,532,F,2,3,B,99,LIMPEZA,DESINFETANTE
2021-05-19,572652,793,M,1,3,B,22,ALIMENTOS,CHA
2021-05-26,572661,222,F,4,0,B,63,ALIMENTOS,TOMATE
2021-05-26,572722,934,F,2,2,B,108,LIMPEZA,REMOVEDOR
2021-05-26,572809,929,M,4,0,B,188,ALIMENTOS,HAMBUGUER
2021-05-26,572829,799,M,4,3,C,154,HIGIENE,PRESERVATIVO
2021-05-26,572848,865,F,1,0,B,165,ALIMENTOS,MOLHO BARBECUE
2021-05-26,572888,445,M,2,0,B,152,ALIMENTOS,PRESUNTO COZIDO
2021-05-26,572901,709,F,3,0,B,29,ALIMENTOS,FEIJAO
2021-05-26,572941,602,M,3,0,B,208,HIGIENE,CONDICIONADOR
2021-05-26,573030,379,F,4,0,C,120,LIMPEZA,VASSOURA
2021-05-26,573103,776,F,2,0,B,178,HIGIENE,LENCO UMEDECIDO
2021-05-26,573173,120,F,4,3,A,135,LIMPEZA,RODO
2021-05-26,573267,419,F,2,1,B,63,ALIMENTOS,TOMATE
2021-05-26,573308,319,M,1,4,B,137,ALIMENTOS,REQUEIJAO
2021-05-26,573369,489,F,4,3,B,133,LIMPEZA,SABAO EM PO
2021-05-26,573452,170,F,4,2,B,185,LIMPEZA,INSETICIDA
2021-05-26,573486,362,F,3,0,B,44,ALIMENTOS,MAMAO
2021-05-26,573556,761,F,1,4,B,1,ACESSORIOS,CHUPETA
2021-05-26,573604,700,F,4,2,C,208,HIGIENE,CONDICIONADOR
2021-05-26,573681,952,F,3,4,C,28,ALIMENTOS,DOCE
2021-05-26,573728,612,F,3,4,B,191,HIGIENE,FRALDA
2021-05-26,573765,432,F,1,0,C,69,BEBIDAS,REFRIGERANTE LIMaO
2021-05-26,573811,798,M,5,2,B,12,ALIMENTOS,AZEITONA
2021-05-26,573849,934,F,2,2,B,83,HIGIENE,MODELADOR
2021-05-26,573863,131,F,2,0,C,116,PET,RACAO SECA PARA CAES
2021-05-26,573957,56,F,2,3,B,153,ALIMENTOS,PRESUNTO COZIDO
2021-05-26,574040,497,M,3,0,B,126,HIGIENE,TALCO
2021-05-26,574112,757,F,4,3,C,78,HIGIENE,FRALDA
2021-05-26,574147,568,F,4,1,A,228,LIMPEZA,AMACIANTE
2021-05-26,574235,195,M,4,0,B,162,LIMPEZA,ODORIZADOR
2021-05-26,574301,592,F,2,0,C,121,ALIMENTOS,UVA
2021-05-26,574330,67,M,1,0,B,219,ALIMENTOS,BATATA DOCE
2021-05-26,574416,689,M,2,0,C,166,HIGIENE,MODELADOR
2021-05-26,574497,905,M,1,0,B,89,HIGIENE,SABONETE
2021-05-26,574512,636,M,2,2,B,28,ALIMENTOS,DOCE
2021-05-26,574605,671,M,2,0,C,195,ALIMENTOS,FEIJAO
2021-05-26,574703,569,M,1,1,A,198,BEBIDAS,ENERGETICO
2021-05-26,574775,18,M,4,0,C,100,LIMPEZA,DETERGENTE
2021-05-31,574828,143,F,1,4,B,97,LIMPEZA,CERA
2021-05-31,574860,714,M,1,0,B,80,HIGIENE,HASTES FLEXIVEIS
2021-05-31,574921,57,M,2,0,B,90,HIGIENE,SHAMPOO
2021-05-31,574972,109,M,2,1,B,91,HIGIENE,TALCO
2021-05-31,575062,146,F,2,0,B,89,HIGIENE,SABONETE
2021-05-31,575121,856,F,5,1,B,147,PET,RACAO SECA PARA GATOS
2021-05-31,575161,910,M,2,2,B,227,ALIMENTOS,ARROZ
2021-05-31,575206,372,M,1,4,B,188,ALIMENTOS,HAMBUGUER
2021-05-31,575282,616,F,1,2,C,20,ALIMENTOS,CEBOLA
2021-05-31,575346,73,M,1,0,A,176,LIMPEZA,LIMPA VIDROS
2021-05-31,575384,556,F,4,0,B,133,LIMPEZA,SABAO EM PO
2021-05-31,575459,588,F,1,4,C,83,HIGIENE,MODELADOR
2021-05-31,575540,584,M,3,0,B,20,ALIMENTOS,CEBOLA
2021-05-31,575565,948,M,4,0,C,122,ALIMENTOS,TOMATE
2021-05-31,575600,751,F,2,0,B,65,BEBIDAS,ENERGETICO
2021-05-31,575696,480,F,2,0,C,41,ALIMENTOS,MACARRAO
2021-05-31,575709,199,M,3,3,B,48,ALIMENTOS,OVOS
2021-05-31,575787,251,F,2,0,C,6,ALIMENTOS,ALHO
2021-05-31,575874,729,M,3,0,B,56,ALIMENTOS,QUEIJO MUSSARELA
2021-05-31,575928,682,F,2,2,B,220,ALIMENTOS,BATATA
2021-05-31,575983,604,M,4,0,B,52,ALIMENTOS,PATE
2021-05-31,576051,8,F,3,0,B,122,ALIMENTOS,TOMATE
2021-05-31,576064,411,F,2,0,B,31,ALIMENTOS,GRANOLA
2021-05-31,576091,274,M,1,1,B,210,ACESSORIOS,CHUPETA
2021-05-31,576096,610,M,2,0,B,172,LIMPEZA,LUSTRA MOVEIS
2021-05-31,576119,417,M,4,1,B,34,ALIMENTOS,KETCHUP
2021-05-31,576165,440,F,4,0,C,156,HIGIENE,PASTA DE DENTE
2021-05-31,576259,805,F,3,0,C,228,LIMPEZA,AMACIANTE
2021-05-31,576350,328,M,2,0,B,56,ALIMENTOS,QUEIJO MUSSARELA
2021-05-31,576416,44,F,4,0,C,1,ACESSORIOS,CHUPETA
2021-05-31,576433,615,M,1,4,C,132,HIGIENE,SABONETE
2021-05-31,576518,161,M,5,2,B,130,ALIMENTOS,SALGADINHOS DE MILHO
2021-05-31,576577,873,F,3,0,B,42,ALIMENTOS,MACARRAO INSTANTANEO
2021-05-31,576629,467,F,2,2,B,226,ALIMENTOS,ARROZ INTEGRAL
2021-05-31,576712,507,F,3,2,B,199,ALIMENTOS,DOCE
2021-05-31,576805,746,M,3,0,C,20,ALIMENTOS,CEBOLA
2021-05-31,576828,442,F,3,2,B,83,HIGIENE,MODELADOR
2021-05-31,576869,943,F,1,0,C,86,HIGIENE,PRESERVATIVO
2021-05-31,576875,101,F,1,0,C,195,ALIMENTOS,FEIJAO
2021-05-31,576903,348,F,3,0,A,45,ALIMENTOS,MANGA
2021-05-31,576981,102,F,1,2,C,200,LIMPEZA,DETERGENTE
2021-05-31,577028,673,F,5,1,B,212,LIMPEZA,CERA
2021-05-31,577108,14,M,1,3,B,93,LIMPEZA,AGUA SANITARIA
2021-05-31,577205,203,F,3,0,A,68,BEBIDAS,REFRIGERANTE LARANJA
2021-05-31,577255,771,F,4,0,B,62,ALIMENTOS,SNACKS
2021-05-31,577311,258,F,1,0,B,172,LIMPEZA,LUSTRA MOVEIS
2021-05-31,577369,53,M,1,1,B,37,ALIMENTOS,LEITE
2021-05-31,577409,819,M,4,0,B,139,LIMPEZA,REMOVEDOR
2021-05-31,577469,622,F,3,0,B,63,ALIMENTOS,TOMATE
2021-05-31,577534,630,M,1,2,C,47,ALIMENTOS,MORTADELA
2021-05-31,577600,940,F,1,3,B,175,LIMPEZA,LIMPADOR MULTIUSO
2021-05-31,577608,188,M,2,2,B,108,LIMPEZA,REMOVEDOR
2021-05-31,577662,336,F,1,0,C,156,HIGIENE,PASTA DE DENTE
2021-05-31,577672,638,M,3,1,B,74,HIGIENE,ENXAGUANTE BUCAL
2021-05-31,577675,400,F,4,1,C,227,ALIMENTOS,ARROZ
2021-05-31,577730,281,F,2,0,B,142,BEBIDAS,REFRIGERANTE LARANJA
2021-05-31,577760,185,F,3,0,C,131,ALIMENTOS,SALGADINHO
2021-05-31,577848,574,F,2,2,B,57,ALIMENTOS,REQUEIJAO
2021-05-31,577912,690,F,1,3,B,202,LIMPEZA,DESENGORDURANTE
2021-05-31,577947,495,F,2,3,A,114,LIMPEZA,VASSOURA
2021-05-31,578046,103,M,3,4,B,23,ALIMENTOS,COGUMELOS
2021-05-31,578112,746,M,3,0,C,148,PET,RACAO SECA PARA CAES
2021-05-31,578138,369,F,3,4,C,216,ALIMENTOS,BROCOLIS
2021-05-31,578183,531,F,3,1,B,192,HIGIENE,FIXADOR
2021-05-31,578207,62,F,2,0,B,108,LIMPEZA,REMOVEDOR
2021-05-31,578302,782,M,3,3,B,67,BEBIDAS,REFRIGERANTE GUARANA
2021-05-31,578394,995,M,3,1,B,98,LIMPEZA,DESENGORDURANTE
2021-05-31,578470,648,M,1,0,B,95,LIMPEZA,AMACIANTE
2021-05-31,578544,375,M,4,0,B,169,ALIMENTOS,MAMAO
2021-05-31,578546,190,M,1,4,B,125,HIGIENE,TINTURAS
2021-05-31,578592,30,M,4,0,B,192,HIGIENE,FIXADOR
2021-05-31,578644,231,F,4,2,B,26,ALIMENTOS,COXA E SOBRECOXA DE FRANGO
2021-05-31,578650,599,F,1,4,C,154,HIGIENE,PRESERVATIVO
2021-01-06,578677,22,M,1,0,B,227,ALIMENTOS,ARROZ
2021-01-06,578712,847,M,4,2,A,48,ALIMENTOS,OVOS
2021-01-06,578759,756,F,1,4,B,216,ALIMENTOS,BROCOLIS
2021-01-06,578808,486,M,4,0,B,51,ALIMENTOS,PAPINHA INFANTIL
2021-01-06,578813,371,F,4,0,B,55,ALIMENTOS,QUEIJO DE CABRA
2021-01-06,578888,940,F,1,3,B,73,HIGIENE,CREME
2021-01-06,578941,526,M,2,2,B,202,LIMPEZA,DESENGORDURANTE
2021-01-06,578964,447,M,2,0,B,32,ALIMENTOS,HAMBUGUER
2021-01-06,579028,963,M,3,0,B,45,ALIMENTOS,MANGA
2021-01-06,579121,784,F,1,3,B,125,HIGIENE,TINTURAS
2021-01-06,579138,5,F,4,3,C,100,LIMPEZA,DETERGENTE
2021-01-06,579178,136,F,2,1,B,59,ALIMENTOS,SALGADINHO
2021-01-06,579222,554,F,3,0,A,122,ALIMENTOS,TOMATE
2021-01-06,579250,912,F,4,0,C,201,LIMPEZA,DESINFETANTE
2021-01-06,579303,700,F,4,2,C,209,ALIMENTOS,COGUMELOS
2021-01-06,579344,799,M,4,3,C,49,ALIMENTOS,PALMITO
2021-01-06,579403,960,F,4,2,B,97,LIMPEZA,CERA
2021-01-06,579472,716,F,4,0,C,73,HIGIENE,CREME
2021-01-06,579530,594,F,3,1,C,168,ALIMENTOS,MAMAO PAPAYA
2021-01-06,579600,871,F,1,3,C,154,HIGIENE,PRESERVATIVO
2021-01-06,579628,697,M,3,0,C,213,ALIMENTOS,CENOURA
2021-01-06,579636,590,M,4,3,B,104,LIMPEZA,LIMPADOR PERFUMADO
2021-01-06,579667,624,M,4,0,B,104,LIMPEZA,LIMPADOR PERFUMADO
2021-01-06,579753,683,F,3,0,B,226,ALIMENTOS,ARROZ INTEGRAL
2021-01-06,579790,119,F,3,2,B,173,ALIMENTOS,LINGUICA
2021-01-06,579801,687,M,2,3,C,228,LIMPEZA,AMACIANTE
2021-01-06,579870,268,M,4,0,B,51,ALIMENTOS,PAPINHA INFANTIL
2021-01-06,579925,838,F,1,0,C,174,LIMPEZA,LIMPADOR PERFUMADO
2021-01-06,579997,493,M,2,4,B,212,LIMPEZA,CERA
2021-01-06,580046,997,M,5,2,C,63,ALIMENTOS,TOMATE
2021-01-06,580071,306,F,3,0,B,50,ALIMENTOS,PAO DE FORMA
2021-01-06,580134,673,F,5,1,B,203,ALIMENTOS,DANETTE
2021-01-06,580169,229,M,2,2,C,110,LIMPEZA,SABAO
2021-01-06,580263,525,M,1,4,B,147,PET,RACAO SECA PARA GATOS
2021-01-06,580341,428,F,2,0,A,167,ALIMENTOS,MANGA
2021-01-06,580391,31,F,1,0,C,147,PET,RACAO SECA PARA GATOS
2021-01-06,580399,684,F,3,0,C,45,ALIMENTOS,MANGA
2021-01-06,580417,751,F,2,0,B,198,BEBIDAS,ENERGETICO
2021-01-06,580514,826,F,2,0,C,42,ALIMENTOS,MACARRAO INSTANTANEO
2021-01-06,580572,967,F,1,0,B,124,LIMPEZA,TIRA LIMO
2021-01-06,580621,881,F,5,1,C,45,ALIMENTOS,MANGA
2021-01-06,580645,49,M,2,0,C,40,ALIMENTOS,LINGUICA
2021-01-06,580676,492,F,2,1,C,227,ALIMENTOS,ARROZ
2021-01-06,580686,244,M,4,0,B,126,HIGIENE,TALCO
2021-01-06,580740,266,F,3,3,B,11,ALIMENTOS,AZEITE
2021-01-06,580829,392,M,2,2,C,160,ALIMENTOS,PALMITO
2021-01-06,580893,578,M,4,0,B,21,ALIMENTOS,CENOURA
2021-01-06,580954,408,F,4,0,B,162,LIMPEZA,ODORIZADOR
2021-01-06,580996,254,F,5,2,B,15,ALIMENTOS,BATATA DOCE
2021-01-06,581025,464,M,2,2,B,194,ALIMENTOS,FILE DE PEIXE
2021-01-06,581097,674,M,4,1,B,16,ALIMENTOS,BIFE DE COXAO MOLE
2021-01-06,581192,460,F,1,3,B,185,LIMPEZA,INSETICIDA
2021-01-06,581291,633,F,3,0,C,163,ALIMENTOS,MORTADELA
2021-01-06,581389,951,M,2,0,B,138,HIGIENE,REPELENTE
2021-01-06,581409,693,F,4,0,B,33,ALIMENTOS,IOGURTE
2021-01-06,581464,66,M,3,3,B,83,HIGIENE,MODELADOR
2021-01-06,581530,163,F,3,0,A,2,ACESSORIOS,MORDEDOR
2021-01-06,581558,16,M,1,4,C,117,PET,RACAO SECA PARA GATOS
2021-01-06,581652,90,F,2,2,B,78,HIGIENE,FRALDA
2021-01-06,581740,665,M,1,4,B,229,ALIMENTOS,ALMONDEGA
2021-01-06,581808,864,F,1,3,B,86,HIGIENE,PRESERVATIVO
2021-01-06,581837,875,F,1,0,B,216,ALIMENTOS,BROCOLIS
2021-01-06,581869,28,F,1,2,B,79,HIGIENE,GEL
2021-01-06,581887,698,F,2,0,B,19,ALIMENTOS,CAFE
2021-01-06,581971,465,F,3,0,B,156,HIGIENE,PASTA DE DENTE
2021-01-06,582036,159,M,1,0,C,181,ALIMENTOS,LATA DE MILHO
2021-04-06,582083,358,F,3,0,C,167,ALIMENTOS,MANGA
2021-04-06,582101,189,F,3,4,C,113,LIMPEZA,TIRA MANCHA
2021-04-06,582121,504,M,3,0,B,112,LIMPEZA,TIRA LIMO
2021-04-06,582189,683,F,3,0,B,110,LIMPEZA,SABAO
2021-04-06,582263,113,F,3,0,B,185,LIMPEZA,INSETICIDA
2021-04-06,582330,151,F,1,0,B,197,HIGIENE,ENXAGUANTE BUCAL
2021-04-06,582343,645,F,4,0,B,209,ALIMENTOS,COGUMELOS
2021-04-06,582380,470,M,3,1,B,103,LIMPEZA,LIMPADOR MULTIUSO
2021-04-06,582445,927,M,1,1,C,24,ALIMENTOS,COPA SUINA
2021-04-06,582489,97,F,4,1,B,15,ALIMENTOS,BATATA DOCE
2021-04-06,582572,462,F,4,0,A,13,ALIMENTOS,BANANA
2021-04-06,582619,251,F,2,0,C,67,BEBIDAS,REFRIGERANTE GUARANA
2021-04-06,582690,414,F,1,0,B,48,ALIMENTOS,OVOS
2021-04-06,582783,263,M,3,0,B,61,ALIMENTOS,SARDINHA
2021-04-06,582862,611,M,4,0,B,3,ALIMENTOS,ABACATE
2021-04-06,582949,14,M,1,3,B,72,HIGIENE,CONDICIONADOR
2021-04-06,583028,923,F,2,4,C,98,LIMPEZA,DESENGORDURANTE
2021-04-06,583090,734,F,4,2,B,1,ACESSORIOS,CHUPETA
2021-04-06,583115,506,F,4,3,B,118,PET,RACAO UMIDA PARA CAES
2021-04-06,583131,134,F,3,0,B,13,ALIMENTOS,BANANA
2021-04-06,583212,774,F,2,0,B,145,PET,RACAO UMIDA PARA GATOS
2021-04-06,583299,360,M,4,0,B,48,ALIMENTOS,OVOS
2021-04-06,583353,123,F,3,2,B,128,HIGIENE,SHAMPOO
2021-04-06,583423,731,M,3,4,B,156,HIGIENE,PASTA DE DENTE
2021-04-06,583505,433,M,3,3,B,142,BEBIDAS,REFRIGERANTE LARANJA
2021-04-06,583588,913,M,3,4,C,127,ALIMENTOS,SNACKS
2021-04-06,583641,384,F,3,2,C,99,LIMPEZA,DESINFETANTE
2021-04-06,583701,939,M,2,1,C,23,ALIMENTOS,COGUMELOS
2021-04-06,583724,499,M,3,0,B,212,LIMPEZA,CERA
2021-04-06,583761,338,M,2,0,B,120,LIMPEZA,VASSOURA
2021-04-06,583767,381,F,1,1,B,165,ALIMENTOS,MOLHO BARBECUE
2021-04-06,583863,382,F,3,0,C,220,ALIMENTOS,BATATA
2021-04-06,583938,249,F,4,0,B,130,ALIMENTOS,SALGADINHOS DE MILHO
2021-04-06,583981,507,F,3,2,B,141,BEBIDAS,REFRIGERANTE LIMaO
2021-04-06,584014,461,M,3,4,C,108,LIMPEZA,REMOVEDOR
2021-04-06,584050,974,M,4,1,B,62,ALIMENTOS,SNACKS
2021-04-06,584052,800,M,1,0,C,115,PET,ALIMENTO PARA PASSARO
2021-04-06,584151,756,F,1,4,B,63,ALIMENTOS,TOMATE
2021-04-06,584193,7,M,1,3,B,67,BEBIDAS,REFRIGERANTE GUARANA
2021-04-06,584277,376,F,3,0,B,45,ALIMENTOS,MANGA
2021-04-06,584321,198,M,4,0,B,225,ALIMENTOS,ATUM
2021-04-06,584379,688,M,1,1,A,225,ALIMENTOS,ATUM
2021-04-06,584404,188,M,2,2,B,104,LIMPEZA,LIMPADOR PERFUMADO
2021-04-06,584409,594,F,3,1,C,54,ALIMENTOS,PRESUNTO COZIDO
2021-04-06,584425,134,F,3,0,B,79,HIGIENE,GEL
2021-04-06,584522,861,M,3,0,B,14,ALIMENTOS,BATATA
2021-04-06,584561,969,M,1,3,B,124,LIMPEZA,TIRA LIMO
2021-04-06,584571,174,M,4,3,C,83,HIGIENE,MODELADOR
2021-04-06,584640,928,F,5,1,B,166,HIGIENE,MODELADOR
2021-04-06,584690,833,F,1,4,B,218,ALIMENTOS,BIFE DE COXAO MOLE
2021-04-06,584769,329,F,3,0,B,51,ALIMENTOS,PAPINHA INFANTIL
2021-04-06,584849,976,M,4,2,B,71,HIGIENE,ABSORVENTE
2021-04-06,584927,207,F,3,0,B,108,LIMPEZA,REMOVEDOR
2021-04-06,584956,230,M,1,4,A,190,HIGIENE,GEL
2021-04-06,585022,598,F,4,0,B,38,ALIMENTOS,LEITE CONDENSADO
2021-04-06,585081,601,M,4,0,A,190,HIGIENE,GEL
2021-04-06,585142,38,M,3,0,B,216,ALIMENTOS,BROCOLIS
2021-04-06,585205,996,F,1,4,B,194,ALIMENTOS,FILE DE PEIXE
2021-04-06,585293,503,F,2,1,B,111,LIMPEZA,SABAO EM PO
2021-04-06,585374,602,M,3,0,B,167,ALIMENTOS,MANGA
2021-04-06,585459,274,M,1,1,B,15,ALIMENTOS,BATATA DOCE
2021-04-06,585513,518,F,1,0,B,150,ALIMENTOS,QUEIJO DE CABRA
2021-04-06,585574,327,M,4,2,A,90,HIGIENE,SHAMPOO
2021-04-06,585663,448,F,2,0,A,191,HIGIENE,FRALDA
2021-04-06,585693,738,M,1,0,C,93,LIMPEZA,AGUA SANITARIA
2021-04-06,585756,117,M,2,3,B,42,ALIMENTOS,MACARRAO INSTANTANEO
2021-04-06,585795,400,F,4,1,C,67,BEBIDAS,REFRIGERANTE GUARANA
2021-04-06,585862,668,M,1,0,A,95,LIMPEZA,AMACIANTE
2021-04-06,585891,538,M,3,0,B,191,HIGIENE,FRALDA
2021-04-06,585979,445,M,2,0,B,21,ALIMENTOS,CENOURA
2021-04-06,585987,779,M,3,4,A,129,ALIMENTOS,SARDINHA
2021-04-06,586012,840,F,3,3,C,170,ALIMENTOS,MACARRAO INSTANTANEO
2021-04-06,586104,597,M,3,0,C,123,LIMPEZA,TIRA MANCHA
2021-04-06,586175,107,F,2,0,C,64,ALIMENTOS,UVA
2021-04-06,586267,5,F,4,3,C,224,ALIMENTOS,AZEITE
2021-04-06,586296,233,M,3,0,B,44,ALIMENTOS,MAMAO
2021-04-06,586394,154,M,2,3,B,167,ALIMENTOS,MANGA
2021-04-06,586456,910,M,2,2,B,2,ACESSORIOS,MORDEDOR
2021-04-06,586545,296,F,1,3,B,207,ALIMENTOS,COPA SUINA
2021-04-06,586620,888,F,4,2,B,190,HIGIENE,GEL
2021-06-06,586710,517,F,3,1,B,77,HIGIENE,FIXADOR
2021-06-06,586712,907,M,3,1,B,104,LIMPEZA,LIMPADOR PERFUMADO
2021-06-06,586776,388,F,4,3,B,150,ALIMENTOS,QUEIJO DE CABRA
2021-06-06,586787,295,F,1,3,B,81,HIGIENE,HIDRATANTE
2021-06-06,586860,857,F,2,2,B,141,BEBIDAS,REFRIGERANTE LIMaO
2021-06-06,586882,140,F,1,0,C,23,ALIMENTOS,COGUMELOS
2021-06-06,586922,235,F,4,0,B,144,BEBIDAS,REFRIGERANTE COLA
2021-06-06,586940,1,M,1,0,C,169,ALIMENTOS,MAMAO
2021-06-06,586946,587,M,1,0,B,210,ACESSORIOS,CHUPETA
2021-06-06,586956,238,M,2,1,B,39,ALIMENTOS,LIMAO
2021-06-06,587054,323,M,1,3,B,187,HIGIENE,HASTES FLEXIVEIS
2021-06-06,587084,779,M,3,4,A,207,ALIMENTOS,COPA SUINA
2021-06-06,587160,943,F,1,0,C,180,ALIMENTOS,LEITE
2021-06-06,587255,338,M,2,0,B,161,ALIMENTOS,OVOS
2021-06-06,587353,134,F,3,0,B,147,PET,RACAO SECA PARA GATOS
2021-06-06,587427,664,M,3,1,B,19,ALIMENTOS,CAFE
2021-06-06,587439,616,F,1,2,C,171,ALIMENTOS,MACARRAO
2021-06-06,587449,27,F,1,0,B,8,ALIMENTOS,ARROZ
2021-06-06,587520,621,F,4,0,B,212,LIMPEZA,CERA
2021-06-06,587591,368,M,4,0,C,118,PET,RACAO UMIDA PARA CAES
2021-06-06,587612,536,M,4,0,B,67,BEBIDAS,REFRIGERANTE GUARANA
2021-06-06,587671,778,F,2,2,A,82,HIGIENE,LENCO UMEDECIDO
2021-06-06,587721,745,F,1,2,B,198,BEBIDAS,ENERGETICO
2021-06-06,587770,683,F,3,0,B,32,ALIMENTOS,HAMBUGUER
2021-06-06,587844,229,M,2,2,C,50,ALIMENTOS,PAO DE FORMA
2021-06-06,587936,379,F,4,0,C,68,BEBIDAS,REFRIGERANTE LARANJA
2021-06-06,587989,300,F,1,3,C,32,ALIMENTOS,HAMBUGUER
2021-06-06,588075,600,M,2,4,C,187,HIGIENE,HASTES FLEXIVEIS
2021-06-06,588085,591,M,4,1,B,58,ALIMENTOS,RICOTA
2021-06-06,588132,701,M,3,0,B,182,ALIMENTOS,LATA DE ERVILHA
2021-06-06,588138,247,M,1,0,B,216,ALIMENTOS,BROCOLIS
2021-06-06,588197,14,M,1,3,B,9,ALIMENTOS,ARROZ INTEGRAL
2021-06-06,588250,709,F,3,0,B,107,#N/D,#N/D
2021-06-06,588261,899,F,4,0,C,64,ALIMENTOS,UVA
2021-08-06,588332,627,M,3,1,B,92,HIGIENE,TINTURAS
2021-08-06,588399,598,F,4,0,B,30,ALIMENTOS,FILE DE PEIXE
2021-08-06,588498,400,F,4,1,C,74,HIGIENE,ENXAGUANTE BUCAL
2021-08-06,588507,344,M,3,0,B,108,LIMPEZA,REMOVEDOR
2021-08-06,588528,231,F,4,2,B,172,LIMPEZA,LUSTRA MOVEIS
2021-08-06,588536,956,M,5,1,C,24,ALIMENTOS,COPA SUINA
2021-08-06,588554,318,M,1,2,B,98,LIMPEZA,DESENGORDURANTE
2021-08-06,588613,698,F,2,0,B,138,HIGIENE,REPELENTE
2021-08-06,588615,292,F,2,0,C,19,ALIMENTOS,CAFE
2021-08-06,588644,365,M,4,0,A,157,ALIMENTOS,PAPINHA INFANTIL
2021-08-06,588711,461,M,3,4,C,107,#N/D,#N/D
2021-08-06,588766,550,M,4,0,B,176,LIMPEZA,LIMPA VIDROS
2021-08-06,588857,786,F,1,4,C,183,ALIMENTOS,KETCHUP
2021-08-06,588891,418,M,2,2,A,208,HIGIENE,CONDICIONADOR
2021-08-06,588972,183,M,4,1,B,155,ALIMENTOS,PATE
2021-08-06,589065,349,M,3,0,B,68,BEBIDAS,REFRIGERANTE LARANJA
2021-08-06,589082,437,F,2,1,C,130,ALIMENTOS,SALGADINHOS DE MILHO
2021-08-06,589105,264,F,4,1,B,55,ALIMENTOS,QUEIJO DE CABRA
2021-08-06,589157,835,F,1,0,A,86,HIGIENE,PRESERVATIVO
2021-08-06,589199,912,F,4,0,C,158,HIGIENE,PAPEL HIGIENICO
2021-08-06,589211,971,F,1,2,A,85,HIGIENE,PASTA DE DENTE
2021-08-06,589240,701,M,3,0,B,33,ALIMENTOS,IOGURTE
2021-08-06,589250,807,M,1,3,B,82,HIGIENE,LENCO UMEDECIDO
2021-08-06,589304,786,F,1,4,C,57,ALIMENTOS,REQUEIJAO
2021-08-06,589386,810,M,1,0,B,216,ALIMENTOS,BROCOLIS
2021-08-06,589436,129,M,2,0,A,14,ALIMENTOS,BATATA
2021-08-06,589463,276,F,3,0,B,52,ALIMENTOS,PATE
2021-08-06,589492,847,M,4,2,A,98,LIMPEZA,DESENGORDURANTE
2021-08-06,589514,608,F,3,0,C,221,ALIMENTOS,BANANA
2021-08-06,589610,369,F,3,4,C,93,LIMPEZA,AGUA SANITARIA
2021-08-06,589616,907,M,3,1,B,220,ALIMENTOS,BATATA
2021-08-06,589683,854,F,5,1,C,21,ALIMENTOS,CENOURA
2021-08-06,589770,60,F,2,3,B,211,ALIMENTOS,CHA
2021-08-06,589846,181,F,2,2,B,5,ALIMENTOS,ACHOCOLATADO
2021-08-06,589906,107,F,2,0,C,17,ALIMENTOS,BISCOITO
2021-08-06,589994,759,F,3,0,B,171,ALIMENTOS,MACARRAO
2021-06-13,590043,233,M,3,0,B,66,BEBIDAS,REFRIGERANTE COLA
2021-06-13,590089,880,M,3,2,B,74,HIGIENE,ENXAGUANTE BUCAL
2021-06-13,590096,364,F,4,2,C,101,LIMPEZA,INSETICIDA
2021-06-13,590160,883,M,1,0,B,3,ALIMENTOS,ABACATE
2021-06-13,590178,486,M,4,0,B,192,HIGIENE,FIXADOR
2021-06-13,590211,888,F,4,2,B,58,ALIMENTOS,RICOTA
2021-06-13,590310,491,M,2,1,A,66,BEBIDAS,REFRIGERANTE COLA
2021-06-13,590405,992,F,2,0,B,156,HIGIENE,PASTA DE DENTE
2021-06-13,590471,442,F,3,2,B,204,HIGIENE,CREME
2021-06-13,590553,916,F,3,4,C,153,ALIMENTOS,PRESUNTO COZIDO
2021-06-13,590595,432,F,1,0,C,130,ALIMENTOS,SALGADINHOS DE MILHO
2021-06-13,590653,596,M,2,0,B,79,HIGIENE,GEL
2021-06-13,590692,553,F,4,0,B,37,ALIMENTOS,LEITE
2021-06-13,590695,96,F,1,1,C,146,PET,RACAO UMIDA PARA CAES
2021-06-13,590722,106,M,1,0,B,51,ALIMENTOS,PAPINHA INFANTIL
2021-06-13,590728,645,F,4,0,B,173,ALIMENTOS,LINGUICA
2021-06-13,590754,703,M,1,3,B,158,HIGIENE,PAPEL HIGIENICO
2021-06-13,590778,452,M,1,3,B,67,BEBIDAS,REFRIGERANTE GUARANA
2021-06-13,590809,578,M,4,0,B,4,ALIMENTOS,ABACAXI
2021-06-13,590850,442,F,3,2,B,127,ALIMENTOS,SNACKS
2021-06-13,590868,243,F,1,4,C,135,LIMPEZA,RODO
2021-06-13,590918,335,F,3,0,C,217,ALIMENTOS,BISCOITO
2021-06-13,590964,860,M,1,0,B,190,HIGIENE,GEL
2021-06-13,591056,585,F,2,4,B,185,LIMPEZA,INSETICIDA
2021-06-13,591089,925,M,2,0,C,48,ALIMENTOS,OVOS
2021-06-13,591171,998,F,2,0,C,182,ALIMENTOS,LATA DE ERVILHA
2021-06-13,591264,752,M,3,0,C,226,ALIMENTOS,ARROZ INTEGRAL
2021-06-13,591340,835,F,1,0,A,186,HIGIENE,HIDRATANTE
2021-06-13,591384,683,F,3,0,B,128,HIGIENE,SHAMPOO
2021-06-19,591388,814,M,4,0,B,228,LIMPEZA,AMACIANTE
2021-06-19,591415,423,F,5,2,A,200,LIMPEZA,DETERGENTE
2021-06-19,591450,194,F,4,0,B,91,HIGIENE,TALCO
2021-06-19,591499,437,F,2,1,C,131,ALIMENTOS,SALGADINHO
2021-06-19,591545,535,M,4,0,A,60,ALIMENTOS,SALGADINHOS DE MILHO
2021-06-19,591582,143,F,1,4,B,227,ALIMENTOS,ARROZ
2021-06-19,591621,914,M,2,4,B,162,LIMPEZA,ODORIZADOR
2021-06-19,591720,85,M,1,0,B,138,HIGIENE,REPELENTE
2021-06-19,591797,987,F,1,0,B,207,ALIMENTOS,COPA SUINA
2021-06-19,591876,32,F,1,0,B,79,HIGIENE,GEL
2021-06-19,591898,427,M,3,0,B,35,ALIMENTOS,LATA DE ERVILHA
2021-06-19,591975,609,F,4,0,C,147,PET,RACAO SECA PARA GATOS
2021-06-19,592047,2,M,3,0,B,99,LIMPEZA,DESINFETANTE
2021-06-19,592131,943,F,1,0,C,169,ALIMENTOS,MAMAO
2021-06-19,592171,606,M,1,0,B,80,HIGIENE,HASTES FLEXIVEIS
2021-06-19,592174,260,F,2,0,C,142,BEBIDAS,REFRIGERANTE LARANJA
2021-06-19,592269,235,F,4,0,B,150,ALIMENTOS,QUEIJO DE CABRA
2021-06-19,592271,503,F,2,1,B,42,ALIMENTOS,MACARRAO INSTANTANEO
2021-06-19,592368,839,F,1,3,B,206,ALIMENTOS,CORACAO DE FRANGO
2021-06-19,592433,964,M,2,0,B,144,BEBIDAS,REFRIGERANTE COLA
2021-06-19,592527,890,M,3,0,C,37,ALIMENTOS,LEITE
2021-06-19,592582,60,F,2,3,B,62,ALIMENTOS,SNACKS
2021-06-19,592632,796,M,2,3,B,105,LIMPEZA,LUSTRA MOVEIS
2021-06-19,592635,816,M,4,0,C,108,LIMPEZA,REMOVEDOR
2021-06-19,592715,497,M,3,0,B,221,ALIMENTOS,BANANA
2021-06-19,592774,782,M,3,3,B,35,ALIMENTOS,LATA DE ERVILHA
2021-06-19,592781,81,F,2,0,B,151,HIGIENE,PROTETOR SOLAR
2021-06-19,592823,718,F,3,2,B,108,LIMPEZA,REMOVEDOR
2021-06-19,592870,530,F,1,0,A,201,LIMPEZA,DESINFETANTE
2021-06-19,592955,986,M,4,0,B,126,HIGIENE,TALCO
2021-06-19,593031,986,M,4,0,B,79,HIGIENE,GEL
2021-06-19,593061,766,F,1,0,B,143,BEBIDAS,REFRIGERANTE GUARANA
2021-06-19,593122,376,F,3,0,B,108,LIMPEZA,REMOVEDOR
2021-06-19,593151,746,M,3,0,C,178,HIGIENE,LENCO UMEDECIDO
2021-06-19,593241,744,M,4,0,A,136,ALIMENTOS,RICOTA
2021-06-19,593285,287,F,1,0,B,92,HIGIENE,TINTURAS
2021-06-19,593356,187,M,2,1,B,120,LIMPEZA,VASSOURA
2021-06-19,593365,800,M,1,0,C,168,ALIMENTOS,MAMAO PAPAYA
2021-06-19,593382,511,F,1,0,B,19,ALIMENTOS,CAFE
2021-06-19,593456,325,M,1,3,B,190,HIGIENE,GEL
2021-06-19,593473,19,F,2,2,C,125,HIGIENE,TINTURAS
2021-06-19,593488,481,M,3,0,B,218,ALIMENTOS,BIFE DE COXAO MOLE
2021-06-22,593493,49,M,2,0,C,65,BEBIDAS,ENERGETICO
2021-06-22,593506,907,M,3,1,B,163,ALIMENTOS,MORTADELA
2021-06-22,593568,16,M,1,4,C,2,ACESSORIOS,MORDEDOR
2021-06-22,593622,889,F,3,4,B,58,ALIMENTOS,RICOTA
2021-06-22,593669,492,F,2,1,C,179,ALIMENTOS,LEITE CONDENSADO
2021-06-22,593759,265,M,2,3,B,13,ALIMENTOS,BANANA
2021-06-22,593855,572,M,1,0,C,88,HIGIENE,REPELENTE
2021-06-22,593901,279,M,1,2,B,107,#N/D,#N/D
2021-06-22,593961,943,F,1,0,C,28,ALIMENTOS,DOCE
2021-06-22,594040,352,M,4,2,B,134,LIMPEZA,SABAO
2021-06-22,594075,16,M,1,4,C,136,ALIMENTOS,RICOTA
2021-06-22,594082,303,M,3,4,B,152,ALIMENTOS,PRESUNTO COZIDO
2021-06-22,594146,364,F,4,2,C,104,LIMPEZA,LIMPADOR PERFUMADO
2021-06-22,594237,415,F,3,0,B,91,HIGIENE,TALCO
2021-06-22,594259,555,M,4,3,A,163,ALIMENTOS,MORTADELA
2021-06-22,594316,816,M,4,0,C,185,LIMPEZA,INSETICIDA
2021-06-22,594381,115,M,4,0,B,106,LIMPEZA,ODORIZADOR
2021-06-22,594467,803,F,2,0,A,173,ALIMENTOS,LINGUICA
2021-06-22,594526,620,M,2,0,B,21,ALIMENTOS,CENOURA
2021-06-22,594619,150,M,1,4,B,161,ALIMENTOS,OVOS
2021-06-22,594699,627,M,3,1,B,12,ALIMENTOS,AZEITONA
2021-06-22,594768,526,M,2,2,B,42,ALIMENTOS,MACARRAO INSTANTANEO
2021-06-22,594808,821,F,2,3,B,220,ALIMENTOS,BATATA
2021-06-22,594864,536,M,4,0,B,3,ALIMENTOS,ABACATE
2021-06-22,594932,916,F,3,4,C,118,PET,RACAO UMIDA PARA CAES
2021-06-22,594989,662,F,1,1,B,200,LIMPEZA,DETERGENTE
2021-06-22,595062,590,M,4,3,B,119,PET,RACAO UMIDA PARA GATOS
2021-06-22,595146,60,F,2,3,B,151,HIGIENE,PROTETOR SOLAR
2021-06-22,595226,566,F,4,0,B,27,ALIMENTOS,DANETTE
2021-06-22,595250,122,M,3,3,B,15,ALIMENTOS,BATATA DOCE
2021-06-22,595285,78,M,1,0,B,107,#N/D,#N/D
2021-06-22,595383,922,M,1,0,B,153,ALIMENTOS,PRESUNTO COZIDO
2021-06-22,595442,748,M,4,0,B,37,ALIMENTOS,LEITE
2021-06-22,595489,225,M,4,0,C,197,HIGIENE,ENXAGUANTE BUCAL
2021-06-22,595565,478,M,1,4,A,170,ALIMENTOS,MACARRAO INSTANTANEO
2021-06-22,595588,222,F,4,0,B,32,ALIMENTOS,HAMBUGUER
2021-06-22,595675,939,M,2,1,C,162,LIMPEZA,ODORIZADOR
2021-06-22,595708,838,F,1,0,C,184,ALIMENTOS,IOGURTE
2021-06-22,595717,122,M,3,3,B,181,ALIMENTOS,LATA DE MILHO
2021-06-22,595743,784,F,1,3,B,159,ALIMENTOS,PAO DE FORMA
2021-06-22,595765,296,F,1,3,B,12,ALIMENTOS,AZEITONA
2021-06-22,595772,959,M,5,1,B,228,LIMPEZA,AMACIANTE
2021-06-22,595855,249,F,4,0,B,207,ALIMENTOS,COPA SUINA
2021-06-22,595932,640,M,4,0,C,195,ALIMENTOS,FEIJAO
2021-06-22,595963,736,M,1,0,C,133,LIMPEZA,SABAO EM PO
2021-06-22,596060,461,M,3,4,C,38,ALIMENTOS,LEITE CONDENSADO
2021-06-22,596139,831,F,4,2,B,53,ALIMENTOS,PRESUNTO COZIDO
2021-06-22,596164,986,M,4,0,B,63,ALIMENTOS,TOMATE
2021-06-22,596215,142,F,1,0,B,62,ALIMENTOS,SNACKS
2021-06-22,596240,790,F,3,0,B,213,ALIMENTOS,CENOURA
2021-06-22,596312,88,F,1,0,B,165,ALIMENTOS,MOLHO BARBECUE
2021-06-22,596328,977,M,1,0,C,216,ALIMENTOS,BROCOLIS
2021-06-22,596344,444,F,2,0,B,160,ALIMENTOS,PALMITO
2021-06-22,596384,179,F,2,0,B,157,ALIMENTOS,PAPINHA INFANTIL
2021-06-22,596414,422,F,2,4,C,203,ALIMENTOS,DANETTE
2021-06-22,596504,97,F,4,1,B,221,ALIMENTOS,BANANA
2021-06-22,596558,548,F,4,0,C,68,BEBIDAS,REFRIGERANTE LARANJA
2021-06-22,596589,626,M,3,1,C,208,HIGIENE,CONDICIONADOR
2021-06-22,596664,710,F,3,1,C,54,ALIMENTOS,PRESUNTO COZIDO
2021-06-22,596674,819,M,4,0,B,169,ALIMENTOS,MAMAO
2021-06-22,596764,819,M,4,0,B,83,HIGIENE,MODELADOR
2021-06-22,596834,294,F,4,0,C,21,ALIMENTOS,CENOURA
2021-06-22,596919,470,M,3,1,B,175,LIMPEZA,LIMPADOR MULTIUSO
2021-06-22,596930,125,M,3,0,B,82,HIGIENE,LENCO UMEDECIDO
2021-06-22,596967,458,F,3,4,C,30,ALIMENTOS,FILE DE PEIXE
2021-06-22,597035,62,F,2,0,B,207,ALIMENTOS,COPA SUINA
2021-06-22,597077,241,M,4,1,B,201,LIMPEZA,DESINFETANTE
2021-06-22,597093,687,M,2,3,C,8,ALIMENTOS,ARROZ
2021-06-22,597128,511,F,1,0,B,30,ALIMENTOS,FILE DE PEIXE
2021-06-22,597140,620,M,2,0,B,218,ALIMENTOS,BIFE DE COXAO MOLE
2021-06-22,597174,484,M,3,2,C,132,HIGIENE,SABONETE
2021-06-22,597258,537,F,1,4,B,61,ALIMENTOS,SARDINHA
2021-06-22,597290,276,F,3,0,B,178,HIGIENE,LENCO UMEDECIDO
2021-06-22,597327,162,F,1,1,B,157,ALIMENTOS,PAPINHA INFANTIL
2021-06-22,597335,338,M,2,0,B,116,PET,RACAO SECA PARA CAES
2021-06-22,597352,307,M,1,0,B,26,ALIMENTOS,COXA E SOBRECOXA DE FRANGO
2021-06-22,597428,512,M,4,0,B,8,ALIMENTOS,ARROZ
2021-06-22,597456,798,M,5,2,B,85,HIGIENE,PASTA DE DENTE
2021-06-22,597485,505,F,1,0,C,45,ALIMENTOS,MANGA
2021-06-22,597547,945,F,2,3,B,112,LIMPEZA,TIRA LIMO
2021-06-22,597646,731,M,3,4,B,176,LIMPEZA,LIMPA VIDROS
2021-06-22,597703,999,M,2,2,C,81,HIGIENE,HIDRATANTE
2021-06-22,597777,644,M,1,0,C,179,ALIMENTOS,LEITE CONDENSADO
2021-06-22,597784,103,M,3,4,B,85,HIGIENE,PASTA DE DENTE
2021-06-22,597793,61,M,1,2,B,210,ACESSORIOS,CHUPETA
2021-06-22,597794,635,F,4,0,B,35,ALIMENTOS,LATA DE ERVILHA
2021-06-22,597837,553,F,4,0,B,80,HIGIENE,HASTES FLEXIVEIS
2021-06-22,597845,15,M,2,1,C,11,ALIMENTOS,AZEITE
2021-06-22,597865,491,M,2,1,A,206,ALIMENTOS,CORACAO DE FRANGO
2021-06-22,597895,456,M,1,4,B,178,HIGIENE,LENCO UMEDECIDO
2021-06-22,597972,741,M,3,0,B,115,PET,ALIMENTO PARA PASSARO
2021-06-24,597983,669,F,4,0,B,209,ALIMENTOS,COGUMELOS
2021-06-24,598048,753,F,1,3,C,182,ALIMENTOS,LATA DE ERVILHA
2021-06-24,598078,437,F,2,1,C,194,ALIMENTOS,FILE DE PEIXE
2021-06-24,598141,452,M,1,3,B,202,LIMPEZA,DESENGORDURANTE
2021-06-24,598239,322,M,2,0,B,102,LIMPEZA,LIMPA VIDROS
2021-06-24,598264,966,F,4,2,B,5,ALIMENTOS,ACHOCOLATADO
2021-06-24,598346,249,F,4,0,B,216,ALIMENTOS,BROCOLIS
2021-06-24,598393,466,F,1,0,C,14,ALIMENTOS,BATATA
2021-06-24,598491,433,M,3,3,B,69,BEBIDAS,REFRIGERANTE LIMaO
2021-06-24,598530,498,M,3,2,B,225,ALIMENTOS,ATUM
2021-06-24,598594,27,F,1,0,B,189,ALIMENTOS,GRANOLA
2021-06-24,598660,535,M,4,0,A,12,ALIMENTOS,AZEITONA
2021-06-24,598739,24,F,4,0,C,207,ALIMENTOS,COPA SUINA
2021-06-24,598800,191,M,3,0,B,111,LIMPEZA,SABAO EM PO
2021-06-24,598834,40,M,2,1,B,28,ALIMENTOS,DOCE
2021-06-24,598879,638,M,3,1,B,104,LIMPEZA,LIMPADOR PERFUMADO
2021-06-24,598945,624,M,4,0,B,58,ALIMENTOS,RICOTA
2021-06-24,599007,893,F,1,0,B,96,LIMPEZA,BALDE
2021-06-24,599088,840,F,3,3,C,200,LIMPEZA,DETERGENTE
2021-06-24,599118,284,M,4,1,B,138,HIGIENE,REPELENTE
2021-06-24,599170,624,M,4,0,B,128,HIGIENE,SHAMPOO
2021-06-24,599184,653,M,2,0,C,172,LIMPEZA,LUSTRA MOVEIS
2021-06-24,599253,826,F,2,0,C,84,HIGIENE,PAPEL HIGIENICO
2021-06-24,599281,691,M,4,0,B,153,ALIMENTOS,PRESUNTO COZIDO
2021-06-24,599327,878,F,4,3,C,130,ALIMENTOS,SALGADINHOS DE MILHO
2021-06-24,599383,487,F,3,0,C,163,ALIMENTOS,MORTADELA
2021-06-24,599408,373,F,4,2,B,200,LIMPEZA,DETERGENTE
2021-06-24,599431,151,F,1,0,B,188,ALIMENTOS,HAMBUGUER
2021-06-24,599473,157,M,1,1,C,116,PET,RACAO SECA PARA CAES
2021-06-29,599481,120,F,4,3,A,36,ALIMENTOS,LATA DE MILHO
2021-06-29,599502,364,F,4,2,C,21,ALIMENTOS,CENOURA
2021-06-29,599587,319,M,1,4,B,88,HIGIENE,REPELENTE
2021-06-29,599631,301,F,3,0,C,105,LIMPEZA,LUSTRA MOVEIS
2021-06-29,599714,288,M,2,0,B,24,ALIMENTOS,COPA SUINA
2021-06-29,599727,39,M,2,0,C,178,HIGIENE,LENCO UMEDECIDO
2021-06-29,599749,837,F,2,0,C,95,LIMPEZA,AMACIANTE
2021-06-29,599770,261,F,4,0,B,128,HIGIENE,SHAMPOO
2021-06-29,599773,943,F,1,0,C,10,ALIMENTOS,ATUM
2021-06-29,599859,310,M,4,3,C,77,HIGIENE,FIXADOR
2021-06-29,599878,810,M,1,0,B,19,ALIMENTOS,CAFE
2021-06-29,599975,553,F,4,0,B,73,HIGIENE,CREME
2021-06-29,600072,714,M,1,0,B,8,ALIMENTOS,ARROZ
2021-06-29,600157,465,F,3,0,B,108,LIMPEZA,REMOVEDOR
2021-06-29,600202,700,F,4,2,C,191,HIGIENE,FRALDA
2021-06-29,600234,809,F,3,3,B,128,HIGIENE,SHAMPOO
2021-06-29,600328,563,M,3,0,B,56,ALIMENTOS,QUEIJO MUSSARELA
2021-06-29,600392,328,M,2,0,B,17,ALIMENTOS,BISCOITO
2021-06-29,600469,907,M,3,1,B,45,ALIMENTOS,MANGA
2021-06-29,600483,8,F,3,0,B,47,ALIMENTOS,MORTADELA
2021-06-29,600490,976,M,4,2,B,207,ALIMENTOS,COPA SUINA
2021-06-29,600582,16,M,1,4,C,145,PET,RACAO UMIDA PARA GATOS
2021-06-29,600626,298,F,4,0,C,21,ALIMENTOS,CENOURA
2021-06-29,600693,114,F,3,3,B,182,ALIMENTOS,LATA DE ERVILHA
2021-06-29,600789,625,F,4,0,C,32,ALIMENTOS,HAMBUGUER
2021-06-29,600814,318,M,1,2,B,103,LIMPEZA,LIMPADOR MULTIUSO
2021-06-29,600883,609,F,4,0,C,69,BEBIDAS,REFRIGERANTE LIMaO
2021-06-29,600961,845,F,3,3,C,162,LIMPEZA,ODORIZADOR
2021-06-29,600981,938,M,1,4,B,207,ALIMENTOS,COPA SUINA
2021-06-29,601055,106,M,1,0,B,142,BEBIDAS,REFRIGERANTE LARANJA
2021-06-29,601100,905,M,1,0,B,141,BEBIDAS,REFRIGERANTE LIMaO
2021-06-29,601114,983,F,4,0,C,170,ALIMENTOS,MACARRAO INSTANTANEO
2021-06-29,601189,325,M,1,3,B,225,ALIMENTOS,ATUM
2021-06-29,601224,907,M,3,1,B,11,ALIMENTOS,AZEITE
2021-06-29,601290,417,M,4,1,B,60,ALIMENTOS,SALGADINHOS DE MILHO
2021-06-29,601326,984,F,4,3,B,187,HIGIENE,HASTES FLEXIVEIS
2021-06-29,601327,961,F,1,0,C,25,ALIMENTOS,CORACAO DE FRANGO
2021-06-29,601420,245,F,4,3,B,194,ALIMENTOS,FILE DE PEIXE
2021-06-29,601448,14,M,1,3,B,186,HIGIENE,HIDRATANTE
2021-06-29,601478,718,F,3,2,B,197,HIGIENE,ENXAGUANTE BUCAL
2021-06-29,601526,943,F,1,0,C,116,PET,RACAO SECA PARA CAES
2021-06-29,601542,640,M,4,0,C,145,PET,RACAO UMIDA PARA GATOS
2021-06-29,601574,853,M,5,2,A,211,ALIMENTOS,CHA
2021-06-29,601588,41,M,3,0,C,65,BEBIDAS,ENERGETICO
2021-06-29,601644,536,M,4,0,B,124,LIMPEZA,TIRA LIMO
2021-06-29,601676,872,M,3,4,A,159,ALIMENTOS,PAO DE FORMA
2021-06-29,601742,924,F,2,2,B,32,ALIMENTOS,HAMBUGUER
2021-06-29,601836,1000,F,4,1,B,193,HIGIENE,FIO DENTAL
2021-06-29,601935,517,F,3,1,B,103,LIMPEZA,LIMPADOR MULTIUSO
2021-06-29,602018,262,M,1,2,B,30,ALIMENTOS,FILE DE PEIXE
2021-06-29,602099,376,F,3,0,B,40,ALIMENTOS,LINGUICA
2021-06-29,602189,919,F,2,0,C,89,HIGIENE,SABONETE
2021-06-29,602244,55,F,3,0,B,8,ALIMENTOS,ARROZ
2021-01-07,602296,103,M,3,4,B,123,LIMPEZA,TIRA MANCHA
2021-01-07,602388,702,M,1,0,B,42,ALIMENTOS,MACARRAO INSTANTANEO
2021-01-07,602406,407,F,3,3,A,53,ALIMENTOS,PRESUNTO COZIDO
2021-01-07,602407,171,F,3,1,B,194,ALIMENTOS,FILE DE PEIXE
2021-01-07,602413,602,M,3,0,B,128,HIGIENE,SHAMPOO
2021-01-07,602419,631,M,1,4,C,171,ALIMENTOS,MACARRAO
2021-01-07,602518,956,M,5,1,C,200,LIMPEZA,DETERGENTE
2021-01-07,602572,826,F,2,0,C,214,ALIMENTOS,CEBOLA
2021-01-07,602600,985,M,1,0,B,46,ALIMENTOS,MOLHO BARBECUE
2021-01-07,602643,590,M,4,3,B,119,PET,RACAO UMIDA PARA GATOS
2021-01-07,602658,547,F,3,4,C,37,ALIMENTOS,LEITE
2021-01-07,602753,720,M,2,3,B,31,ALIMENTOS,GRANOLA
2021-01-07,602841,25,M,4,1,C,47,ALIMENTOS,MORTADELA
2021-01-07,602847,643,F,4,0,C,53,ALIMENTOS,PRESUNTO COZIDO
2021-01-07,602893,999,M,2,2,C,38,ALIMENTOS,LEITE CONDENSADO
2021-01-07,602936,310,M,4,3,C,82,HIGIENE,LENCO UMEDECIDO
2021-01-07,602948,379,F,4,0,C,105,LIMPEZA,LUSTRA MOVEIS
2021-01-07,603043,913,M,3,4,C,82,HIGIENE,LENCO UMEDECIDO
2021-01-07,603081,187,M,2,1,B,221,ALIMENTOS,BANANA
2021-01-07,603119,998,F,2,0,C,116,PET,RACAO SECA PARA CAES
2021-01-07,603187,450,M,1,0,B,6,ALIMENTOS,ALHO
2021-01-07,603280,549,M,2,3,C,71,HIGIENE,ABSORVENTE
2021-01-07,603335,433,M,3,3,B,215,ALIMENTOS,CAFE
2021-01-07,603341,542,M,3,1,B,27,ALIMENTOS,DANETTE
2021-01-07,603414,292,F,2,0,C,62,ALIMENTOS,SNACKS
2021-01-07,603421,656,M,2,0,C,79,HIGIENE,GEL
2021-01-07,603448,106,M,1,0,B,51,ALIMENTOS,PAPINHA INFANTIL
2021-01-07,603518,597,M,3,0,C,132,HIGIENE,SABONETE
2021-01-07,603550,823,M,5,3,B,93,LIMPEZA,AGUA SANITARIA
2021-01-07,603596,11,F,4,0,A,137,ALIMENTOS,REQUEIJAO
2021-01-07,603686,296,F,1,3,B,117,PET,RACAO SECA PARA GATOS
2021-01-07,603784,836,F,2,0,B,19,ALIMENTOS,CAFE
2021-01-07,603842,15,M,2,1,C,167,ALIMENTOS,MANGA
2021-01-07,603862,528,M,2,2,C,58,ALIMENTOS,RICOTA
2021-01-07,603887,814,M,4,0,B,137,ALIMENTOS,REQUEIJAO
2021-01-07,603918,892,F,4,2,B,123,LIMPEZA,TIRA MANCHA
2021-01-07,603974,567,F,1,0,C,143,BEBIDAS,REFRIGERANTE GUARANA
2021-01-07,604023,589,F,3,2,C,163,ALIMENTOS,MORTADELA
2021-01-07,604103,425,F,3,0,B,1,ACESSORIOS,CHUPETA
2021-01-07,604118,122,M,3,3,B,37,ALIMENTOS,LEITE
2021-01-07,604208,296,F,1,3,B,153,ALIMENTOS,PRESUNTO COZIDO
2021-01-07,604263,95,M,1,0,B,187,HIGIENE,HASTES FLEXIVEIS
2021-01-07,604306,537,F,1,4,B,128,HIGIENE,SHAMPOO
2021-01-07,604390,267,F,4,2,B,29,ALIMENTOS,FEIJAO
2021-01-07,604437,860,M,1,0,B,181,ALIMENTOS,LATA DE MILHO
2021-01-07,604453,550,M,4,0,B,7,ALIMENTOS,ALMONDEGA
2021-01-07,604463,457,M,3,0,C,66,BEBIDAS,REFRIGERANTE COLA
2021-01-07,604490,107,F,2,0,C,154,HIGIENE,PRESERVATIVO
2021-01-07,604528,852,M,2,3,B,15,ALIMENTOS,BATATA DOCE
2021-01-07,604536,183,M,4,1,B,73,HIGIENE,CREME
2021-01-07,604588,831,F,4,2,B,78,HIGIENE,FRALDA
2021-01-07,604633,917,M,1,0,A,122,ALIMENTOS,TOMATE
2021-03-07,604678,297,M,4,0,B,216,ALIMENTOS,BROCOLIS
2021-03-07,604734,646,F,1,0,B,158,HIGIENE,PAPEL HIGIENICO
2021-03-07,604743,820,M,1,4,B,61,ALIMENTOS,SARDINHA
2021-03-07,604793,272,M,4,3,C,27,ALIMENTOS,DANETTE
2021-03-07,604841,70,F,4,0,B,54,ALIMENTOS,PRESUNTO COZIDO
2021-03-07,604932,194,F,4,0,B,36,ALIMENTOS,LATA DE MILHO
2021-03-07,604962,697,M,3,0,C,146,PET,RACAO UMIDA PARA CAES
2021-03-07,604982,347,F,4,0,B,56,ALIMENTOS,QUEIJO MUSSARELA
2021-03-07,604998,877,M,2,0,C,156,HIGIENE,PASTA DE DENTE
2021-03-07,605062,636,M,2,2,B,64,ALIMENTOS,UVA
2021-03-07,605133,748,M,4,0,B,81,HIGIENE,HIDRATANTE
2021-03-07,605183,468,M,3,1,C,47,ALIMENTOS,MORTADELA
2021-03-07,605203,650,F,2,0,C,14,ALIMENTOS,BATATA
2021-03-07,605260,126,M,1,0,C,38,ALIMENTOS,LEITE CONDENSADO
2021-03-07,605333,448,F,2,0,A,210,ACESSORIOS,CHUPETA
2021-03-07,605384,675,M,4,0,B,197,HIGIENE,ENXAGUANTE BUCAL
2021-03-07,605458,501,M,1,0,B,55,ALIMENTOS,QUEIJO DE CABRA
2021-03-07,605524,423,F,5,2,A,17,ALIMENTOS,BISCOITO
2021-03-07,605600,650,F,2,0,C,11,ALIMENTOS,AZEITE
2021-03-07,605677,15,M,2,1,C,136,ALIMENTOS,RICOTA
2021-03-07,605775,997,M,5,2,C,24,ALIMENTOS,COPA SUINA
2021-03-07,605785,545,M,2,2,B,27,ALIMENTOS,DANETTE
2021-03-07,605820,788,F,4,2,B,166,HIGIENE,MODELADOR
2021-03-07,605869,365,M,4,0,A,147,PET,RACAO SECA PARA GATOS
2021-03-07,605957,690,F,1,3,B,129,ALIMENTOS,SARDINHA
2021-03-07,605962,50,M,4,0,B,21,ALIMENTOS,CENOURA
2021-03-07,606020,668,M,1,0,A,60,ALIMENTOS,SALGADINHOS DE MILHO
2021-03-07,606051,471,F,4,0,A,81,HIGIENE,HIDRATANTE
2021-03-07,606103,395,F,4,1,B,92,HIGIENE,TINTURAS
2021-03-07,606144,661,M,3,0,B,217,ALIMENTOS,BISCOITO
2021-03-07,606207,585,F,2,4,B,166,HIGIENE,MODELADOR
2021-03-07,606238,980,F,1,0,B,205,ALIMENTOS,COXA E SOBRECOXA DE FRANGO
2021-03-07,606246,797,M,2,4,B,101,LIMPEZA,INSETICIDA
2021-03-07,606249,967,F,1,0,B,123,LIMPEZA,TIRA MANCHA
2021-03-07,606268,352,M,4,2,B,219,ALIMENTOS,BATATA DOCE
2021-03-07,606291,311,F,4,0,C,177,ALIMENTOS,LIMAO
2021-07-07,606360,862,M,4,0,B,140,BEBIDAS,REFRIGERANTE OUTROS
2021-07-07,606396,469,M,4,2,C,94,LIMPEZA,ALCOOL
2021-07-07,606424,713,F,1,3,C,89,HIGIENE,SABONETE
2021-07-07,606518,193,F,4,0,B,5,ALIMENTOS,ACHOCOLATADO
2021-07-07,606590,764,F,3,1,B,227,ALIMENTOS,ARROZ
2021-07-07,606592,25,M,4,1,C,174,LIMPEZA,LIMPADOR PERFUMADO
2021-07-07,606640,291,F,3,0,C,12,ALIMENTOS,AZEITONA
2021-07-07,606669,509,F,2,3,C,225,ALIMENTOS,ATUM
2021-07-07,606740,391,F,2,0,A,105,LIMPEZA,LUSTRA MOVEIS
2021-07-07,606837,274,M,1,1,B,198,BEBIDAS,ENERGETICO
2021-07-07,606914,390,F,2,0,B,39,ALIMENTOS,LIMAO
2021-07-07,607005,674,M,4,1,B,4,ALIMENTOS,ABACAXI
2021-07-07,607041,890,M,3,0,C,51,ALIMENTOS,PAPINHA INFANTIL
2021-07-07,607076,398,F,4,1,B,199,ALIMENTOS,DOCE
2021-07-07,607127,766,F,1,0,B,197,HIGIENE,ENXAGUANTE BUCAL
2021-07-07,607135,358,F,3,0,C,217,ALIMENTOS,BISCOITO
2021-07-07,607185,630,M,1,2,C,217,ALIMENTOS,BISCOITO
2021-07-07,607227,34,M,2,0,C,118,PET,RACAO UMIDA PARA CAES
2021-07-07,607276,637,F,1,0,B,75,HIGIENE,ESCOVA DE DENTE
2021-07-07,607367,582,F,2,0,B,199,ALIMENTOS,DOCE
2021-07-07,607455,102,F,1,2,C,25,ALIMENTOS,CORACAO DE FRANGO
2021-07-07,607484,912,F,4,0,C,136,ALIMENTOS,RICOTA
2021-07-07,607529,406,M,2,4,C,73,HIGIENE,CREME
2021-07-07,607598,965,M,3,0,B,42,ALIMENTOS,MACARRAO INSTANTANEO
2021-07-07,607631,209,F,4,0,B,208,HIGIENE,CONDICIONADOR
2021-07-07,607671,54,M,1,0,A,227,ALIMENTOS,ARROZ
2021-07-07,607755,566,F,4,0,B,73,HIGIENE,CREME
2021-07-07,607821,734,F,4,2,B,95,LIMPEZA,AMACIANTE
2021-07-07,607837,757,F,4,3,C,82,HIGIENE,LENCO UMEDECIDO
2021-07-07,607934,834,M,3,3,B,136,ALIMENTOS,RICOTA
2021-07-07,607936,812,F,2,0,A,12,ALIMENTOS,AZEITONA
2021-07-07,608001,393,F,4,0,B,14,ALIMENTOS,BATATA
2021-07-07,608052,768,F,4,0,B,73,HIGIENE,CREME
2021-07-07,608148,637,F,1,0,B,93,LIMPEZA,AGUA SANITARIA
2021-07-07,608173,464,M,2,2,B,169,ALIMENTOS,MAMAO
2021-07-07,608209,710,F,3,1,C,150,ALIMENTOS,QUEIJO DE CABRA
2021-07-07,608227,114,F,3,3,B,177,ALIMENTOS,LIMAO
2021-07-07,608258,406,M,2,4,C,9,ALIMENTOS,ARROZ INTEGRAL
2021-07-07,608312,23,M,3,0,B,1,ACESSORIOS,CHUPETA
2021-07-07,608346,192,F,4,0,B,133,LIMPEZA,SABAO EM PO
2021-07-07,608374,18,M,4,0,C,113,LIMPEZA,TIRA MANCHA
2021-07-07,608432,938,M,1,4,B,3,ALIMENTOS,ABACATE
2021-07-07,608471,974,M,4,1,B,77,HIGIENE,FIXADOR
2021-07-07,608478,787,F,3,0,A,36,ALIMENTOS,LATA DE MILHO
2021-07-07,608557,374,F,3,0,B,16,ALIMENTOS,BIFE DE COXAO MOLE
2021-07-07,608621,343,F,1,0,B,12,ALIMENTOS,AZEITONA
2021-07-07,608719,726,M,2,0,B,82,HIGIENE,LENCO UMEDECIDO
2021-07-07,608736,601,M,4,0,A,5,ALIMENTOS,ACHOCOLATADO
2021-07-07,608751,713,F,1,3,C,142,BEBIDAS,REFRIGERANTE LARANJA
2021-07-07,608831,68,F,2,1,A,154,HIGIENE,PRESERVATIVO
2021-07-07,608884,618,M,4,3,B,208,HIGIENE,CONDICIONADOR
2021-07-07,608891,229,M,2,2,C,111,LIMPEZA,SABAO EM PO
2021-07-07,608932,250,F,4,1,B,43,ALIMENTOS,MAMAO PAPAYA
2021-07-07,609000,39,M,2,0,C,34,ALIMENTOS,KETCHUP
2021-07-07,609034,822,M,2,3,B,39,ALIMENTOS,LIMAO
2021-07-07,609104,578,M,4,0,B,70,BEBIDAS,REFRIGERANTE OUTROS
2021-07-07,609166,174,M,4,3,C,164,ACESSORIOS,MORDEDOR
2021-07-07,609254,573,F,1,0,C,183,ALIMENTOS,KETCHUP
2021-07-07,609320,386,M,4,2,A,57,ALIMENTOS,REQUEIJAO
2021-07-07,609336,397,F,1,0,B,36,ALIMENTOS,LATA DE MILHO
2021-09-07,609389,1000,F,4,1,B,216,ALIMENTOS,BROCOLIS
2021-09-07,609464,751,F,2,0,B,18,ALIMENTOS,BROCOLIS
2021-09-07,609534,511,F,1,0,B,32,ALIMENTOS,HAMBUGUER
2021-09-07,609588,18,M,4,0,C,48,ALIMENTOS,OVOS
2021-09-07,609649,722,F,4,0,B,36,ALIMENTOS,LATA DE MILHO
2021-09-07,609696,822,M,2,3,B,198,BEBIDAS,ENERGETICO
2021-09-07,609734,79,F,2,0,C,159,ALIMENTOS,PAO DE FORMA
2021-09-07,609805,215,M,2,4,B,142,BEBIDAS,REFRIGERANTE LARANJA
2021-09-07,609825,390,F,2,0,B,226,ALIMENTOS,ARROZ INTEGRAL
2021-09-07,609924,431,F,4,3,B,226,ALIMENTOS,ARROZ INTEGRAL
2021-09-07,609972,55,F,3,0,B,59,ALIMENTOS,SALGADINHO
2021-09-07,610024,399,F,4,1,C,92,HIGIENE,TINTURAS
2021-09-07,610071,105,F,4,0,C,58,ALIMENTOS,RICOTA
2021-09-07,610163,888,F,4,2,B,165,ALIMENTOS,MOLHO BARBECUE
2021-09-07,610209,401,M,1,4,C,144,BEBIDAS,REFRIGERANTE COLA
2021-09-07,610227,136,F,2,1,B,134,LIMPEZA,SABAO
2021-09-07,610275,144,M,1,0,B,119,PET,RACAO UMIDA PARA GATOS
2021-09-07,610338,861,M,3,0,B,172,LIMPEZA,LUSTRA MOVEIS
2021-09-07,610395,3,F,4,0,B,71,HIGIENE,ABSORVENTE
2021-09-07,610458,130,F,1,0,B,177,ALIMENTOS,LIMAO
2021-09-07,610507,638,M,3,1,B,48,ALIMENTOS,OVOS
2021-09-07,610513,304,F,2,3,B,194,ALIMENTOS,FILE DE PEIXE
2021-09-07,610555,835,F,1,0,A,1,ACESSORIOS,CHUPETA
2021-09-07,610594,964,M,2,0,B,134,LIMPEZA,SABAO
2021-09-07,610633,601,M,4,0,A,143,BEBIDAS,REFRIGERANTE GUARANA
2021-09-07,610653,506,F,4,3,B,202,LIMPEZA,DESENGORDURANTE
2021-09-07,610654,116,M,4,0,B,30,ALIMENTOS,FILE DE PEIXE
2021-09-07,610700,43,M,2,0,B,185,LIMPEZA,INSETICIDA
2021-09-07,610798,314,F,1,1,A,37,ALIMENTOS,LEITE
2021-09-07,610871,621,F,4,0,B,22,ALIMENTOS,CHA
2021-09-07,610941,912,F,4,0,C,70,BEBIDAS,REFRIGERANTE OUTROS
2021-09-07,611002,878,F,4,3,C,105,LIMPEZA,LUSTRA MOVEIS
2021-09-07,611052,218,M,4,0,B,16,ALIMENTOS,BIFE DE COXAO MOLE
2021-09-07,611056,634,F,2,0,C,102,LIMPEZA,LIMPA VIDROS
2021-09-07,611086,396,F,1,0,B,198,BEBIDAS,ENERGETICO
2021-09-07,611111,69,M,4,3,A,174,LIMPEZA,LIMPADOR PERFUMADO
2021-09-07,611190,972,M,4,0,C,201,LIMPEZA,DESINFETANTE
2021-09-07,611239,760,F,2,0,A,104,LIMPEZA,LIMPADOR PERFUMADO
2021-09-07,611306,624,M,4,0,B,228,LIMPEZA,AMACIANTE
2021-09-07,611357,329,F,3,0,B,152,ALIMENTOS,PRESUNTO COZIDO
2021-09-07,611429,170,F,4,2,B,157,ALIMENTOS,PAPINHA INFANTIL
2021-09-07,611457,57,M,2,0,B,115,PET,ALIMENTO PARA PASSARO
2021-09-07,611484,991,F,2,2,C,49,ALIMENTOS,PALMITO
2021-09-07,611503,832,F,1,0,B,61,ALIMENTOS,SARDINHA
2021-09-07,611583,753,F,1,3,C,92,HIGIENE,TINTURAS
2021-09-07,611597,119,F,3,2,B,168,ALIMENTOS,MAMAO PAPAYA
2021-09-07,611667,826,F,2,0,C,210,ACESSORIOS,CHUPETA
2021-09-07,611713,262,M,1,2,B,213,ALIMENTOS,CENOURA
2021-09-07,611757,670,M,4,0,C,44,ALIMENTOS,MAMAO
2021-09-07,611786,962,M,3,4,B,46,ALIMENTOS,MOLHO BARBECUE
2021-09-07,611796,77,F,4,1,B,95,LIMPEZA,AMACIANTE
2021-09-07,611816,659,F,2,2,B,28,ALIMENTOS,DOCE
2021-09-07,611912,682,F,2,2,B,50,ALIMENTOS,PAO DE FORMA
2021-09-07,612005,252,M,2,2,B,193,HIGIENE,FIO DENTAL
2021-09-07,612099,32,F,1,0,B,59,ALIMENTOS,SALGADINHO
2021-09-07,612163,793,M,1,3,B,59,ALIMENTOS,SALGADINHO
2021-09-07,612256,285,M,3,0,B,168,ALIMENTOS,MAMAO PAPAYA
2021-12-07,612344,712,F,2,3,B,2,ACESSORIOS,MORDEDOR
2021-12-07,612411,466,F,1,0,C,105,LIMPEZA,LUSTRA MOVEIS
2021-12-07,612471,357,M,2,2,C,111,LIMPEZA,SABAO EM PO
2021-12-07,612560,360,M,4,0,B,53,ALIMENTOS,PRESUNTO COZIDO
2021-12-07,612627,832,F,1,0,B,53,ALIMENTOS,PRESUNTO COZIDO
2021-12-07,612654,241,M,4,1,B,213,ALIMENTOS,CENOURA
2021-12-07,612667,905,M,1,0,B,29,ALIMENTOS,FEIJAO
2021-12-07,612730,41,M,3,0,C,217,ALIMENTOS,BISCOITO
2021-12-07,612768,29,M,2,0,B,34,ALIMENTOS,KETCHUP
2021-12-07,612841,918,F,2,4,C,147,PET,RACAO SECA PARA GATOS
2021-12-07,612911,226,F,4,0,B,76,HIGIENE,FIO DENTAL
2021-12-07,612992,750,M,2,2,C,55,ALIMENTOS,QUEIJO DE CABRA
2021-12-07,613048,332,F,3,4,C,99,LIMPEZA,DESINFETANTE
2021-12-07,613124,961,F,1,0,C,112,LIMPEZA,TIRA LIMO
2021-07-15,613129,195,M,4,0,B,129,ALIMENTOS,SARDINHA
2021-07-15,613190,487,F,3,0,C,184,ALIMENTOS,IOGURTE
2021-07-15,613266,617,F,4,3,C,80,HIGIENE,HASTES FLEXIVEIS
2021-07-15,613336,417,M,4,1,B,198,BEBIDAS,ENERGETICO
2021-07-15,613372,967,F,1,0,B,196,HIGIENE,ESCOVA DE DENTE
2021-07-15,613455,488,M,3,2,B,171,ALIMENTOS,MACARRAO
2021-07-15,613463,70,F,4,0,B,217,ALIMENTOS,BISCOITO
2021-07-15,613559,440,F,4,0,C,176,LIMPEZA,LIMPA VIDROS
2021-07-15,613613,178,M,3,0,A,121,ALIMENTOS,UVA
2021-07-15,613676,834,M,3,3,B,224,ALIMENTOS,AZEITE
2021-07-15,613763,251,F,2,0,C,176,LIMPEZA,LIMPA VIDROS
2021-07-15,613851,833,F,1,4,B,4,ALIMENTOS,ABACAXI
2021-07-15,613879,723,M,4,0,B,218,ALIMENTOS,BIFE DE COXAO MOLE
2021-07-15,613896,444,F,2,0,B,138,HIGIENE,REPELENTE
2021-07-15,613919,684,F,3,0,C,104,LIMPEZA,LIMPADOR PERFUMADO
2021-07-15,613980,128,F,2,0,B,121,ALIMENTOS,UVA
2021-07-15,614073,475,F,4,3,B,35,ALIMENTOS,LATA DE ERVILHA
2021-07-15,614172,495,F,2,3,A,162,LIMPEZA,ODORIZADOR
2021-07-15,614204,335,F,3,0,C,55,ALIMENTOS,QUEIJO DE CABRA
2021-07-15,614216,41,M,3,0,C,130,ALIMENTOS,SALGADINHOS DE MILHO
2021-07-15,614240,678,F,3,0,C,80,HIGIENE,HASTES FLEXIVEIS
2021-07-15,614258,965,M,3,0,B,196,HIGIENE,ESCOVA DE DENTE
2021-07-15,614306,497,M,3,0,B,189,ALIMENTOS,GRANOLA
2021-07-15,614308,689,M,2,0,C,182,ALIMENTOS,LATA DE ERVILHA
2021-07-15,614400,430,F,4,1,B,110,LIMPEZA,SABAO
2021-07-15,614436,738,M,1,0,C,168,ALIMENTOS,MAMAO PAPAYA
2021-07-15,614456,341,M,2,0,C,125,HIGIENE,TINTURAS
2021-07-15,614530,350,F,5,1,B,100,LIMPEZA,DETERGENTE
2021-07-15,614544,146,F,2,0,B,89,HIGIENE,SABONETE
2021-07-15,614613,483,M,1,0,C,157,ALIMENTOS,PAPINHA INFANTIL
2021-07-15,614691,989,M,2,0,B,130,ALIMENTOS,SALGADINHOS DE MILHO
2021-07-15,614772,936,F,3,2,B,146,PET,RACAO UMIDA PARA CAES
2021-07-15,614841,888,F,4,2,B,149,ALIMENTOS,QUEIJO MUSSARELA
2021-07-15,614857,418,M,2,2,A,127,ALIMENTOS,SNACKS
2021-07-15,614909,189,F,3,4,C,75,HIGIENE,ESCOVA DE DENTE
2021-07-15,614943,477,F,4,0,B,9,ALIMENTOS,ARROZ INTEGRAL
2021-07-15,614953,690,F,1,3,B,53,ALIMENTOS,PRESUNTO COZIDO
2021-07-15,615013,222,F,4,0,B,223,ALIMENTOS,AZEITONA
2021-07-15,615025,712,F,2,3,B,184,ALIMENTOS,IOGURTE
2021-07-15,615061,300,F,1,3,C,52,ALIMENTOS,PATE
2021-07-15,615144,30,M,4,0,B,71,HIGIENE,ABSORVENTE
2021-07-15,615190,598,F,4,0,B,57,ALIMENTOS,REQUEIJAO
2021-07-15,615282,103,M,3,4,B,20,ALIMENTOS,CEBOLA
2021-07-15,615360,695,M,2,0,A,189,ALIMENTOS,GRANOLA
2021-07-15,615448,380,M,3,4,B,46,ALIMENTOS,MOLHO BARBECUE
2021-07-15,615477,916,F,3,4,C,220,ALIMENTOS,BATATA
2021-07-15,615576,35,M,3,0,B,2,ACESSORIOS,MORDEDOR
2021-07-15,615645,175,M,1,0,B,51,ALIMENTOS,PAPINHA INFANTIL
2021-07-15,615716,607,F,2,0,B,137,ALIMENTOS,REQUEIJAO
2021-07-15,615758,628,M,3,0,B,227,ALIMENTOS,ARROZ
2021-07-15,615783,303,M,3,4,B,144,BEBIDAS,REFRIGERANTE COLA
2021-07-15,615833,689,M,2,0,C,178,HIGIENE,LENCO UMEDECIDO
2021-07-15,615899,45,M,2,0,A,86,HIGIENE,PRESERVATIVO
2021-07-15,615941,482,M,4,2,B,214,ALIMENTOS,CEBOLA
2021-07-15,616028,977,M,1,0,C,37,ALIMENTOS,LEITE
2021-07-15,616084,425,F,3,0,B,159,ALIMENTOS,PAO DE FORMA
2021-07-15,616178,84,F,3,0,C,93,LIMPEZA,AGUA SANITARIA
2021-07-15,616221,565,F,1,2,B,27,ALIMENTOS,DANETTE
2021-07-15,616280,594,F,3,1,C,209,ALIMENTOS,COGUMELOS
2021-07-15,616325,275,M,4,0,B,203,ALIMENTOS,DANETTE
2021-07-15,616340,586,F,4,2,B,82,HIGIENE,LENCO UMEDECIDO
2021-07-15,616353,98,M,1,0,B,11,ALIMENTOS,AZEITE
2021-07-15,616392,909,M,3,0,B,57,ALIMENTOS,REQUEIJAO
2021-07-15,616405,811,M,2,1,B,80,HIGIENE,HASTES FLEXIVEIS
2021-07-15,616431,427,M,3,0,B,151,HIGIENE,PROTETOR SOLAR
2021-07-15,616474,53,M,1,1,B,95,LIMPEZA,AMACIANTE
2021-07-15,616479,79,F,2,0,C,69,BEBIDAS,REFRIGERANTE LIMaO
2021-07-15,616538,803,F,2,0,A,78,HIGIENE,FRALDA
2021-07-15,616600,747,M,1,0,B,77,HIGIENE,FIXADOR
2021-07-15,616629,87,M,3,2,A,172,LIMPEZA,LUSTRA MOVEIS
2021-07-15,616643,170,F,4,2,B,19,ALIMENTOS,CAFE
2021-07-15,616681,851,F,2,0,B,225,ALIMENTOS,ATUM
2021-07-15,616756,266,F,3,3,B,188,ALIMENTOS,HAMBUGUER
2021-07-20,616774,36,F,3,0,C,127,ALIMENTOS,SNACKS
2021-07-20,616841,730,F,2,0,B,106,LIMPEZA,ODORIZADOR
2021-07-20,616883,268,M,4,0,B,152,ALIMENTOS,PRESUNTO COZIDO
2021-07-20,616907,671,M,2,0,C,179,ALIMENTOS,LEITE CONDENSADO
2021-07-20,616932,460,F,1,3,B,91,HIGIENE,TALCO
2021-07-20,617021,103,M,3,4,B,145,PET,RACAO UMIDA PARA GATOS
2021-07-20,617077,647,M,1,0,C,4,ALIMENTOS,ABACAXI
2021-07-20,617147,300,F,1,3,C,76,HIGIENE,FIO DENTAL
2021-07-20,617204,119,F,3,2,B,205,ALIMENTOS,COXA E SOBRECOXA DE FRANGO
2021-07-20,617218,408,F,4,0,B,26,ALIMENTOS,COXA E SOBRECOXA DE FRANGO
2021-07-20,617272,7,M,1,3,B,9,ALIMENTOS,ARROZ INTEGRAL
2021-07-20,617282,789,F,5,1,B,29,ALIMENTOS,FEIJAO
2021-07-20,617341,827,M,4,0,B,172,LIMPEZA,LUSTRA MOVEIS
2021-07-20,617426,785,M,1,4,C,160,ALIMENTOS,PALMITO
2021-07-20,617502,971,F,1,2,A,45,ALIMENTOS,MANGA
2021-07-20,617588,848,F,5,3,A,89,HIGIENE,SABONETE
2021-07-20,617653,407,F,3,3,A,168,ALIMENTOS,MAMAO PAPAYA
2021-07-20,617714,999,M,2,2,C,151,HIGIENE,PROTETOR SOLAR
2021-07-20,617756,27,F,1,0,B,84,HIGIENE,PAPEL HIGIENICO
2021-07-20,617811,597,M,3,0,C,194,ALIMENTOS,FILE DE PEIXE
2021-07-20,617833,314,F,1,1,A,18,ALIMENTOS,BROCOLIS
2021-07-20,617877,845,F,3,3,C,125,HIGIENE,TINTURAS
2021-07-20,617955,612,F,3,4,B,6,ALIMENTOS,ALHO
2021-07-20,617975,536,M,4,0,B,122,ALIMENTOS,TOMATE
2021-07-20,618012,71,F,3,1,B,141,BEBIDAS,REFRIGERANTE LIMaO
2021-07-20,618025,753,F,1,3,C,201,LIMPEZA,DESINFETANTE
2021-07-20,618036,426,F,3,0,C,94,LIMPEZA,ALCOOL
2021-07-20,618103,362,F,3,0,B,180,ALIMENTOS,LEITE
2021-07-20,618177,973,F,4,0,B,168,ALIMENTOS,MAMAO PAPAYA
2021-07-20,618212,419,F,2,1,B,133,LIMPEZA,SABAO EM PO
2021-07-20,618281,419,F,2,1,B,49,ALIMENTOS,PALMITO
2021-07-20,618371,724,M,1,0,B,39,ALIMENTOS,LIMAO
2021-07-20,618460,817,M,3,0,B,86,HIGIENE,PRESERVATIVO
2021-07-20,618495,876,F,2,3,B,200,LIMPEZA,DETERGENTE
2021-07-20,618499,520,M,1,0,B,58,ALIMENTOS,RICOTA
2021-07-20,618583,688,M,1,1,A,169,ALIMENTOS,MAMAO
2021-07-20,618677,220,M,1,0,B,98,LIMPEZA,DESENGORDURANTE
2021-07-20,618695,739,F,2,3,B,124,LIMPEZA,TIRA LIMO
2021-07-20,618773,232,M,3,1,B,50,ALIMENTOS,PAO DE FORMA
2021-07-20,618867,775,F,2,3,B,45,ALIMENTOS,MANGA
2021-07-20,618963,430,F,4,1,B,223,ALIMENTOS,AZEITONA
2021-07-20,618991,195,M,4,0,B,146,PET,RACAO UMIDA PARA CAES
2021-07-20,619011,813,F,4,0,C,85,HIGIENE,PASTA DE DENTE
2021-07-20,619052,602,M,3,0,B,65,BEBIDAS,ENERGETICO
2021-07-20,619109,887,F,3,0,B,172,LIMPEZA,LUSTRA MOVEIS
2021-07-20,619132,618,M,4,3,B,24,ALIMENTOS,COPA SUINA
2021-07-20,619134,230,M,1,4,A,44,ALIMENTOS,MAMAO
2021-07-20,619176,764,F,3,1,B,21,ALIMENTOS,CENOURA
2021-07-20,619190,46,F,4,1,B,193,HIGIENE,FIO DENTAL
2021-07-20,619280,729,M,3,0,B,181,ALIMENTOS,LATA DE MILHO
2021-07-20,619315,685,F,4,0,B,162,LIMPEZA,ODORIZADOR
2021-07-20,619334,246,M,2,2,B,170,ALIMENTOS,MACARRAO INSTANTANEO
2021-07-20,619390,349,M,3,0,B,187,HIGIENE,HASTES FLEXIVEIS
2021-07-20,619417,507,F,3,2,B,53,ALIMENTOS,PRESUNTO COZIDO
2021-07-20,619442,364,F,4,2,C,18,ALIMENTOS,BROCOLIS
2021-07-20,619485,641,F,4,0,C,52,ALIMENTOS,PATE
2021-07-20,619538,69,M,4,3,A,82,HIGIENE,LENCO UMEDECIDO
2021-07-20,619617,631,M,1,4,C,106,LIMPEZA,ODORIZADOR
2021-07-20,619696,946,M,3,0,B,171,ALIMENTOS,MACARRAO
2021-07-20,619726,106,M,1,0,B,180,ALIMENTOS,LEITE
2021-07-20,619794,291,F,3,0,C,141,BEBIDAS,REFRIGERANTE LIMaO
2021-07-20,619879,542,M,3,1,B,140,BEBIDAS,REFRIGERANTE OUTROS
2021-07-20,619908,732,F,3,4,B,130,ALIMENTOS,SALGADINHOS DE MILHO
2021-07-20,619914,931,M,2,0,A,117,PET,RACAO SECA PARA GATOS
2021-07-20,620008,270,F,3,1,B,32,ALIMENTOS,HAMBUGUER
2021-07-20,620034,797,M,2,4,B,215,ALIMENTOS,CAFE
2021-07-20,620051,812,F,2,0,A,43,ALIMENTOS,MAMAO PAPAYA
2021-07-20,620098,938,M,1,4,B,29,ALIMENTOS,FEIJAO
2021-07-20,620197,169,F,1,1,B,30,ALIMENTOS,FILE DE PEIXE
2021-07-20,620281,316,F,3,2,B,135,LIMPEZA,RODO
2021-07-20,620291,210,M,2,2,C,32,ALIMENTOS,HAMBUGUER
2021-07-20,620304,611,M,4,0,B,168,ALIMENTOS,MAMAO PAPAYA
2021-07-20,620382,4,M,4,0,B,121,ALIMENTOS,UVA
2021-07-20,620452,172,M,2,0,B,221,ALIMENTOS,BANANA
2021-07-20,620489,645,F,4,0,B,91,HIGIENE,TALCO
2021-07-20,620500,835,F,1,0,A,221,ALIMENTOS,BANANA
2021-07-20,620586,473,F,4,3,B,193,HIGIENE,FIO DENTAL
2021-07-20,620595,238,M,2,1,B,26,ALIMENTOS,COXA E SOBRECOXA DE FRANGO
2021-07-20,620606,859,M,1,0,B,196,HIGIENE,ESCOVA DE DENTE
2021-07-20,620665,618,M,4,3,B,161,ALIMENTOS,OVOS
2021-07-20,620760,498,M,3,2,B,143,BEBIDAS,REFRIGERANTE GUARANA
2021-07-25,620815,280,M,4,3,B,153,ALIMENTOS,PRESUNTO COZIDO
2021-07-25,620911,239,M,4,2,C,94,LIMPEZA,ALCOOL
2021-07-25,620942,830,F,5,1,B,4,ALIMENTOS,ABACAXI
2021-07-25,620986,795,F,4,2,B,194,ALIMENTOS,FILE DE PEIXE
2021-07-25,621059,649,F,3,0,B,145,PET,RACAO UMIDA PARA GATOS
2021-07-25,621061,956,M,5,1,C,177,ALIMENTOS,LIMAO
2021-07-25,621069,659,F,2,2,B,150,ALIMENTOS,QUEIJO DE CABRA
2021-07-25,621166,685,F,4,0,B,124,LIMPEZA,TIRA LIMO
2021-07-25,621263,159,M,1,0,C,56,ALIMENTOS,QUEIJO MUSSARELA
2021-07-25,621300,979,F,3,0,A,143,BEBIDAS,REFRIGERANTE GUARANA
2021-07-25,621313,100,F,2,3,C,195,ALIMENTOS,FEIJAO
2021-07-25,621318,797,M,2,4,B,190,HIGIENE,GEL
2021-07-25,621405,263,M,3,0,B,13,ALIMENTOS,BANANA
2021-07-25,621442,966,F,4,2,B,80,HIGIENE,HASTES FLEXIVEIS
2021-07-25,621516,374,F,3,0,B,187,HIGIENE,HASTES FLEXIVEIS
2021-07-25,621525,534,M,4,1,C,45,ALIMENTOS,MANGA
2021-07-25,621548,179,F,2,0,B,165,ALIMENTOS,MOLHO BARBECUE
2021-07-25,621557,311,F,4,0,C,110,LIMPEZA,SABAO
2021-07-25,621579,607,F,2,0,B,198,BEBIDAS,ENERGETICO
2021-07-25,621590,445,M,2,0,B,32,ALIMENTOS,HAMBUGUER
2021-07-25,621628,229,M,2,2,C,196,HIGIENE,ESCOVA DE DENTE
2021-07-25,621659,944,F,3,1,B,46,ALIMENTOS,MOLHO BARBECUE
2021-07-25,621678,254,F,5,2,B,126,HIGIENE,TALCO
2021-07-25,621703,593,M,4,1,B,10,ALIMENTOS,ATUM
2021-07-25,621760,173,F,1,0,B,48,ALIMENTOS,OVOS
2021-07-25,621779,698,F,2,0,B,217,ALIMENTOS,BISCOITO
2021-07-25,621819,750,M,2,2,C,96,LIMPEZA,BALDE
2021-07-25,621893,420,M,3,0,B,61,ALIMENTOS,SARDINHA
2021-07-25,621981,152,F,3,1,C,36,ALIMENTOS,LATA DE MILHO
2021-07-25,622060,429,M,4,0,C,210,ACESSORIOS,CHUPETA
2021-07-25,622124,636,M,2,2,B,4,ALIMENTOS,ABACAXI
2021-07-25,622168,50,M,4,0,B,112,LIMPEZA,TIRA LIMO
2021-07-25,622226,380,M,3,4,B,168,ALIMENTOS,MAMAO PAPAYA
2021-07-25,622318,239,M,4,2,C,133,LIMPEZA,SABAO EM PO
2021-07-25,622340,392,M,2,2,C,167,ALIMENTOS,MANGA
2021-07-25,622421,25,M,4,1,C,48,ALIMENTOS,OVOS
2021-07-25,622457,68,F,2,1,A,27,ALIMENTOS,DANETTE
2021-07-25,622547,200,F,3,0,B,76,HIGIENE,FIO DENTAL
2021-07-25,622599,824,F,1,0,B,5,ALIMENTOS,ACHOCOLATADO
2021-07-25,622659,636,M,2,2,B,158,HIGIENE,PAPEL HIGIENICO
2021-07-25,622670,43,M,2,0,B,198,BEBIDAS,ENERGETICO
2021-07-25,622743,43,M,2,0,B,168,ALIMENTOS,MAMAO PAPAYA
2021-07-25,622820,604,M,4,0,B,194,ALIMENTOS,FILE DE PEIXE
2021-07-25,622892,367,F,1,0,A,188,ALIMENTOS,HAMBUGUER
2021-07-25,622895,648,M,1,0,B,202,LIMPEZA,DESENGORDURANTE
2021-07-25,622947,994,M,4,0,C,39,ALIMENTOS,LIMAO
2021-07-25,623043,115,M,4,0,B,78,HIGIENE,FRALDA
2021-07-25,623104,64,F,4,0,B,178,HIGIENE,LENCO UMEDECIDO
2021-07-25,623131,491,M,2,1,A,36,ALIMENTOS,LATA DE MILHO
2021-07-25,623163,593,M,4,1,B,185,LIMPEZA,INSETICIDA
2021-07-25,623260,355,M,3,4,B,16,ALIMENTOS,BIFE DE COXAO MOLE
2021-07-25,623329,904,M,1,2,B,134,LIMPEZA,SABAO
2021-07-25,623392,456,M,1,4,B,44,ALIMENTOS,MAMAO
2021-07-25,623396,354,F,2,0,B,109,LIMPEZA,RODO
2021-07-25,623488,75,M,1,0,B,135,LIMPEZA,RODO
2021-07-25,623531,293,M,4,0,B,104,LIMPEZA,LIMPADOR PERFUMADO
2021-07-25,623583,566,F,4,0,B,117,PET,RACAO SECA PARA GATOS
2021-07-25,623674,271,F,4,0,B,58,ALIMENTOS,RICOTA
2021-07-25,623758,128,F,2,0,B,206,ALIMENTOS,CORACAO DE FRANGO
2021-07-25,623824,266,F,3,3,B,111,LIMPEZA,SABAO EM PO
2021-07-25,623919,610,M,2,0,B,9,ALIMENTOS,ARROZ INTEGRAL
2021-07-25,623989,986,M,4,0,B,151,HIGIENE,PROTETOR SOLAR
2021-07-25,624079,742,M,1,1,C,3,ALIMENTOS,ABACATE
2021-07-25,624148,99,F,1,4,C,187,HIGIENE,HASTES FLEXIVEIS
2021-07-25,624235,74,M,3,0,C,151,HIGIENE,PROTETOR SOLAR
2021-07-25,624301,729,M,3,0,B,139,LIMPEZA,REMOVEDOR
2021-07-25,624339,62,F,2,0,B,107,#N/D,#N/D
2021-07-25,624365,785,M,1,4,C,213,ALIMENTOS,CENOURA
2021-07-25,624381,385,F,2,0,B,111,LIMPEZA,SABAO EM PO
2021-07-25,624447,303,M,3,4,B,79,HIGIENE,GEL
2021-07-25,624458,186,M,2,4,C,107,#N/D,#N/D
2021-07-25,624516,367,F,1,0,A,144,BEBIDAS,REFRIGERANTE COLA
2021-07-25,624596,342,M,3,0,B,18,ALIMENTOS,BROCOLIS
2021-07-25,624668,317,M,3,0,B,125,HIGIENE,TINTURAS
2021-07-25,624736,100,F,2,3,C,45,ALIMENTOS,MANGA
2021-07-25,624742,564,M,3,2,B,138,HIGIENE,REPELENTE
2021-07-25,624803,733,M,4,0,B,50,ALIMENTOS,PAO DE FORMA
2021-07-25,624886,784,F,1,3,B,13,ALIMENTOS,BANANA
2021-07-25,624914,766,F,1,0,B,2,ACESSORIOS,MORDEDOR
2021-07-25,624960,108,M,1,0,B,38,ALIMENTOS,LEITE CONDENSADO
2021-07-25,625048,485,M,3,3,B,107,#N/D,#N/D
2021-07-25,625146,289,F,3,4,C,150,ALIMENTOS,QUEIJO DE CABRA
2021-07-25,625169,446,M,1,4,B,190,HIGIENE,GEL
2021-07-25,625197,875,F,1,0,B,15,ALIMENTOS,BATATA DOCE
2021-07-25,625283,570,F,4,1,C,104,LIMPEZA,LIMPADOR PERFUMADO
2021-07-25,625331,954,F,4,2,B,139,LIMPEZA,REMOVEDOR
2021-07-25,625370,814,M,4,0,B,117,PET,RACAO SECA PARA GATOS
2021-07-25,625437,260,F,2,0,C,45,ALIMENTOS,MANGA
2021-07-25,625454,294,F,4,0,C,139,LIMPEZA,REMOVEDOR
2021-07-25,625506,797,M,2,4,B,173,ALIMENTOS,LINGUICA
2021-07-25,625541,578,M,4,0,B,84,HIGIENE,PAPEL HIGIENICO
2021-07-25,625611,933,M,2,2,B,174,LIMPEZA,LIMPADOR PERFUMADO
2021-07-31,625644,298,F,4,0,C,16,ALIMENTOS,BIFE DE COXAO MOLE
2021-07-31,625718,97,F,4,1,B,64,ALIMENTOS,UVA
2021-07-31,625725,428,F,2,0,A,113,LIMPEZA,TIRA MANCHA
2021-07-31,625786,679,F,3,3,B,108,LIMPEZA,REMOVEDOR
2021-07-31,625873,969,M,1,3,B,188,ALIMENTOS,HAMBUGUER
2021-07-31,625972,98,M,1,0,B,72,HIGIENE,CONDICIONADOR
2021-07-31,626052,900,F,3,0,B,4,ALIMENTOS,ABACAXI
2021-07-31,626094,772,F,2,0,B,227,ALIMENTOS,ARROZ
2021-07-31,626115,245,F,4,3,B,75,HIGIENE,ESCOVA DE DENTE
2021-07-31,626152,133,F,2,0,B,214,ALIMENTOS,CEBOLA
2021-07-31,626167,240,M,4,0,B,41,ALIMENTOS,MACARRAO
2021-07-31,626204,278,F,3,2,C,71,HIGIENE,ABSORVENTE
2021-07-31,626242,541,F,3,0,B,186,HIGIENE,HIDRATANTE
2021-07-31,626313,253,F,4,1,B,16,ALIMENTOS,BIFE DE COXAO MOLE
2021-07-31,626329,63,F,3,0,B,23,ALIMENTOS,COGUMELOS
2021-07-31,626338,358,F,3,0,C,202,LIMPEZA,DESENGORDURANTE
2021-07-31,626425,645,F,4,0,B,40,ALIMENTOS,LINGUICA
2021-07-31,626459,81,F,2,0,B,86,HIGIENE,PRESERVATIVO
2021-07-31,626468,222,F,4,0,B,117,PET,RACAO SECA PARA GATOS
2021-07-31,626478,21,M,3,0,B,79,HIGIENE,GEL
2021-07-31,626519,788,F,4,2,B,172,LIMPEZA,LUSTRA MOVEIS
2021-07-31,626609,926,M,1,0,B,47,ALIMENTOS,MORTADELA
2021-07-31,626690,222,F,4,0,B,27,ALIMENTOS,DANETTE
2021-07-31,626698,773,M,4,0,B,44,ALIMENTOS,MAMAO
2021-07-31,626787,807,M,1,3,B,74,HIGIENE,ENXAGUANTE BUCAL
2021-07-31,626810,456,M,1,4,B,54,ALIMENTOS,PRESUNTO COZIDO
2021-07-31,626852,258,F,1,0,B,95,LIMPEZA,AMACIANTE
2021-07-31,626916,815,F,2,4,B,48,ALIMENTOS,OVOS
2021-07-31,626922,380,M,3,4,B,207,ALIMENTOS,COPA SUINA
2021-07-31,626928,826,F,2,0,C,181,ALIMENTOS,LATA DE MILHO
2021-07-31,626949,852,M,2,3,B,82,HIGIENE,LENCO UMEDECIDO
2021-07-31,627015,334,M,3,0,C,219,ALIMENTOS,BATATA DOCE
2021-07-31,627070,880,M,3,2,B,132,HIGIENE,SABONETE
2021-07-31,627078,153,M,4,1,B,160,ALIMENTOS,PALMITO
2021-07-31,627104,484,M,3,2,C,133,LIMPEZA,SABAO EM PO
2021-07-31,627161,32,F,1,0,B,45,ALIMENTOS,MANGA
2021-07-31,627251,336,F,1,0,C,76,HIGIENE,FIO DENTAL
2021-07-31,627252,375,M,4,0,B,123,LIMPEZA,TIRA MANCHA
2021-07-08,627273,112,M,4,0,B,157,ALIMENTOS,PAPINHA INFANTIL
2021-07-08,627367,9,F,2,0,B,168,ALIMENTOS,MAMAO PAPAYA
2021-07-08,627424,427,M,3,0,B,227,ALIMENTOS,ARROZ
2021-07-08,627465,452,M,1,3,B,11,ALIMENTOS,AZEITE
2021-07-08,627531,529,M,1,2,B,104,LIMPEZA,LIMPADOR PERFUMADO
2021-07-08,627610,596,M,2,0,B,48,ALIMENTOS,OVOS
2021-07-08,627645,332,F,3,4,C,187,HIGIENE,HASTES FLEXIVEIS
2021-07-08,627720,135,M,3,0,B,188,ALIMENTOS,HAMBUGUER
2021-07-08,627751,349,M,3,0,B,4,ALIMENTOS,ABACAXI
2021-07-08,627838,597,M,3,0,C,105,LIMPEZA,LUSTRA MOVEIS
2021-07-08,627890,218,M,4,0,B,204,HIGIENE,CREME
2021-07-08,627955,474,M,2,0,B,6,ALIMENTOS,ALHO
2021-07-08,627957,678,F,3,0,C,188,ALIMENTOS,HAMBUGUER
2021-07-08,628007,509,F,2,3,C,91,HIGIENE,TALCO
2021-07-08,628032,822,M,2,3,B,9,ALIMENTOS,ARROZ INTEGRAL
2021-07-08,628097,993,M,5,1,B,104,LIMPEZA,LIMPADOR PERFUMADO
2021-07-08,628153,647,M,1,0,C,153,ALIMENTOS,PRESUNTO COZIDO
2021-07-08,628163,548,F,4,0,C,49,ALIMENTOS,PALMITO
2021-07-08,628219,213,M,2,4,B,70,BEBIDAS,REFRIGERANTE OUTROS
2021-07-08,628264,495,F,2,3,A,210,ACESSORIOS,CHUPETA
2021-07-08,628311,345,F,2,3,B,165,ALIMENTOS,MOLHO BARBECUE
2021-07-08,628339,688,M,1,1,A,186,HIGIENE,HIDRATANTE
2021-07-08,628364,70,F,4,0,B,72,HIGIENE,CONDICIONADOR
2021-07-08,628383,981,F,4,1,C,189,ALIMENTOS,GRANOLA
2021-07-08,628470,743,M,1,3,C,14,ALIMENTOS,BATATA
2021-07-08,628538,798,M,5,2,B,38,ALIMENTOS,LEITE CONDENSADO
2021-07-08,628624,590,M,4,3,B,214,ALIMENTOS,CEBOLA
2021-07-08,628653,617,F,4,3,C,173,ALIMENTOS,LINGUICA
2021-07-08,628751,565,F,1,2,B,158,HIGIENE,PAPEL HIGIENICO
2021-07-08,628803,919,F,2,0,C,88,HIGIENE,REPELENTE
2021-07-08,628813,250,F,4,1,B,119,PET,RACAO UMIDA PARA GATOS
2021-07-08,628848,909,M,3,0,B,94,LIMPEZA,ALCOOL
2021-07-08,628947,568,F,4,1,A,105,LIMPEZA,LUSTRA MOVEIS
2021-07-08,629025,234,M,3,4,B,151,HIGIENE,PROTETOR SOLAR
2021-07-08,629114,73,M,1,0,A,38,ALIMENTOS,LEITE CONDENSADO
2021-07-08,629137,804,F,4,3,B,108,LIMPEZA,REMOVEDOR
2021-07-08,629199,804,F,4,3,B,17,ALIMENTOS,BISCOITO
2021-07-08,629289,762,F,2,0,B,219,ALIMENTOS,BATATA DOCE
2021-07-08,629300,492,F,2,1,C,222,LIMPEZA,BALDE
2021-07-08,629350,70,F,4,0,B,195,ALIMENTOS,FEIJAO
2021-07-08,629401,506,F,4,3,B,180,ALIMENTOS,LEITE
2021-07-08,629475,173,F,1,0,B,121,ALIMENTOS,UVA
2021-07-08,629540,586,F,4,2,B,4,ALIMENTOS,ABACAXI
2021-07-08,629610,834,M,3,3,B,165,ALIMENTOS,MOLHO BARBECUE
2021-07-08,629667,607,F,2,0,B,47,ALIMENTOS,MORTADELA
2021-07-08,629739,623,F,3,0,C,43,ALIMENTOS,MAMAO PAPAYA
2021-07-08,629757,961,F,1,0,C,45,ALIMENTOS,MANGA
2021-07-08,629854,56,F,2,3,B,56,ALIMENTOS,QUEIJO MUSSARELA
2021-07-08,629888,801,M,1,4,B,15,ALIMENTOS,BATATA DOCE
2021-07-08,629918,179,F,2,0,B,222,LIMPEZA,BALDE
2021-07-08,629933,875,F,1,0,B,76,HIGIENE,FIO DENTAL
2021-12-08,629959,650,F,2,0,C,218,ALIMENTOS,BIFE DE COXAO MOLE
2021-12-08,629971,714,M,1,0,B,188,ALIMENTOS,HAMBUGUER
2021-12-08,629975,999,M,2,2,C,149,ALIMENTOS,QUEIJO MUSSARELA
2021-12-08,630005,680,F,3,0,C,5,ALIMENTOS,ACHOCOLATADO
2021-12-08,630060,772,F,2,0,B,174,LIMPEZA,LIMPADOR PERFUMADO
2021-12-08,630154,992,F,2,0,B,128,HIGIENE,SHAMPOO
2021-12-08,630196,258,F,1,0,B,103,LIMPEZA,LIMPADOR MULTIUSO
2021-12-08,630293,313,M,3,0,B,179,ALIMENTOS,LEITE CONDENSADO
2021-12-08,630336,891,F,3,2,B,133,LIMPEZA,SABAO EM PO
2021-12-08,630398,458,F,3,4,C,12,ALIMENTOS,AZEITONA
2021-12-08,630439,39,M,2,0,C,204,HIGIENE,CREME
2021-12-08,630533,634,F,2,0,C,55,ALIMENTOS,QUEIJO DE CABRA
2021-12-08,630628,608,F,3,0,C,198,BEBIDAS,ENERGETICO
2021-12-08,630684,329,F,3,0,B,93,LIMPEZA,AGUA SANITARIA
2021-12-08,630760,597,M,3,0,C,89,HIGIENE,SABONETE
2021-12-08,630813,3,F,4,0,B,192,HIGIENE,FIXADOR
2021-12-08,630833,65,M,4,0,B,189,ALIMENTOS,GRANOLA
2021-12-08,630876,244,M,4,0,B,183,ALIMENTOS,KETCHUP
2021-12-08,630943,468,M,3,1,C,198,BEBIDAS,ENERGETICO
2021-12-08,630955,516,M,1,0,C,108,LIMPEZA,REMOVEDOR
2021-12-08,630977,794,M,1,2,B,22,ALIMENTOS,CHA
2021-12-08,631028,851,F,2,0,B,47,ALIMENTOS,MORTADELA
2021-12-08,631103,638,M,3,1,B,224,ALIMENTOS,AZEITE
2021-12-08,631196,118,M,2,4,A,224,ALIMENTOS,AZEITE
2021-12-08,631283,969,M,1,3,B,31,ALIMENTOS,GRANOLA
2021-12-08,631290,159,M,1,0,C,160,ALIMENTOS,PALMITO
2021-12-08,631338,488,M,3,2,B,5,ALIMENTOS,ACHOCOLATADO
2021-12-08,631368,13,M,2,1,B,192,HIGIENE,FIXADOR
2021-12-08,631383,660,F,3,0,C,202,LIMPEZA,DESENGORDURANTE
2021-12-08,631420,709,F,3,0,B,32,ALIMENTOS,HAMBUGUER
2021-12-08,631496,867,M,2,3,B,192,HIGIENE,FIXADOR
2021-12-08,631513,255,M,4,0,B,220,ALIMENTOS,BATATA
2021-12-08,631590,988,F,2,0,C,24,ALIMENTOS,COPA SUINA
2021-12-08,631596,646,F,1,0,B,21,ALIMENTOS,CENOURA
2021-12-08,631637,715,F,3,4,B,116,PET,RACAO SECA PARA CAES
2021-12-08,631736,975,F,3,0,B,98,LIMPEZA,DESENGORDURANTE
2021-12-08,631808,336,F,1,0,C,171,ALIMENTOS,MACARRAO
2021-12-08,631893,655,M,2,0,B,199,ALIMENTOS,DOCE
2021-12-08,631929,738,M,1,0,C,58,ALIMENTOS,RICOTA
2021-12-08,631936,629,M,3,0,C,30,ALIMENTOS,FILE DE PEIXE
2021-12-08,631989,7,M,1,3,B,198,BEBIDAS,ENERGETICO
2021-12-08,632060,614,F,4,1,B,165,ALIMENTOS,MOLHO BARBECUE
2021-12-08,632073,858,F,4,2,C,16,ALIMENTOS,BIFE DE COXAO MOLE
2021-12-08,632083,690,F,1,3,B,218,ALIMENTOS,BIFE DE COXAO MOLE
2021-12-08,632148,239,M,4,2,C,202,LIMPEZA,DESENGORDURANTE
2021-12-08,632180,724,M,1,0,B,78,HIGIENE,FRALDA
2021-12-08,632245,500,M,3,2,C,19,ALIMENTOS,CAFE
2021-12-08,632266,735,F,4,0,B,181,ALIMENTOS,LATA DE MILHO
2021-12-08,632327,805,F,3,0,C,18,ALIMENTOS,BROCOLIS
2021-12-08,632389,334,M,3,0,C,4,ALIMENTOS,ABACAXI
2021-12-08,632447,53,M,1,1,B,12,ALIMENTOS,AZEITONA
2021-12-08,632457,248,M,3,0,C,12,ALIMENTOS,AZEITONA
2021-12-08,632526,510,F,4,0,B,213,ALIMENTOS,CENOURA
2021-12-08,632613,141,M,3,4,B,32,ALIMENTOS,HAMBUGUER
2021-12-08,632709,463,M,3,3,B,31,ALIMENTOS,GRANOLA
2021-12-08,632764,177,F,3,2,C,156,HIGIENE,PASTA DE DENTE
2021-12-08,632787,260,F,2,0,C,12,ALIMENTOS,AZEITONA
2021-12-08,632834,854,F,5,1,C,137,ALIMENTOS,REQUEIJAO
2021-12-08,632921,713,F,1,3,C,12,ALIMENTOS,AZEITONA
2021-12-08,633013,598,F,4,0,B,109,LIMPEZA,RODO
2021-12-08,633049,449,F,2,3,B,145,PET,RACAO UMIDA PARA GATOS
2021-12-08,633100,577,M,4,0,C,92,HIGIENE,TINTURAS
2021-12-08,633123,13,M,2,1,B,51,ALIMENTOS,PAPINHA INFANTIL
2021-12-08,633175,999,M,2,2,C,181,ALIMENTOS,LATA DE MILHO
2021-12-08,633186,566,F,4,0,B,25,ALIMENTOS,CORACAO DE FRANGO
2021-12-08,633259,978,F,3,0,C,216,ALIMENTOS,BROCOLIS
2021-12-08,633281,631,M,1,4,C,92,HIGIENE,TINTURAS
2021-12-08,633324,638,M,3,1,B,47,ALIMENTOS,MORTADELA
2021-12-08,633334,98,M,1,0,B,103,LIMPEZA,LIMPADOR MULTIUSO
2021-12-08,633398,73,M,1,0,A,104,LIMPEZA,LIMPADOR PERFUMADO
2021-12-08,633451,499,M,3,0,B,207,ALIMENTOS,COPA SUINA
2021-12-08,633480,160,F,3,4,B,63,ALIMENTOS,TOMATE
2021-08-15,633572,753,F,1,3,C,51,ALIMENTOS,PAPINHA INFANTIL
2021-08-15,633643,462,F,4,0,A,179,ALIMENTOS,LEITE CONDENSADO
2021-08-15,633695,743,M,1,3,C,44,ALIMENTOS,MAMAO
2021-08-15,633757,343,F,1,0,B,95,LIMPEZA,AMACIANTE
2021-08-15,633842,310,M,4,3,C,137,ALIMENTOS,REQUEIJAO
2021-08-15,633934,146,F,2,0,B,17,ALIMENTOS,BISCOITO
2021-08-15,634028,937,M,3,4,C,123,LIMPEZA,TIRA MANCHA
2021-08-15,634077,824,F,1,0,B,212,LIMPEZA,CERA
2021-08-15,634167,936,F,3,2,B,161,ALIMENTOS,OVOS
2021-08-15,634182,480,F,2,0,C,86,HIGIENE,PRESERVATIVO
2021-08-15,634223,881,F,5,1,C,83,HIGIENE,MODELADOR
2021-08-15,634268,999,M,2,2,C,115,PET,ALIMENTO PARA PASSARO
2021-08-15,634281,659,F,2,2,B,146,PET,RACAO UMIDA PARA CAES
2021-08-15,634324,913,M,3,4,C,46,ALIMENTOS,MOLHO BARBECUE
2021-08-15,634378,178,M,3,0,A,49,ALIMENTOS,PALMITO
2021-08-15,634441,890,M,3,0,C,23,ALIMENTOS,COGUMELOS
2021-08-15,634514,632,F,4,3,A,170,ALIMENTOS,MACARRAO INSTANTANEO
2021-08-15,634592,688,M,1,1,A,105,LIMPEZA,LUSTRA MOVEIS
2021-08-15,634642,765,F,5,1,B,33,ALIMENTOS,IOGURTE
2021-08-15,634675,187,M,2,1,B,59,ALIMENTOS,SALGADINHO
2021-08-15,634689,49,M,2,0,C,15,ALIMENTOS,BATATA DOCE
2021-08-15,634767,36,F,3,0,C,216,ALIMENTOS,BROCOLIS
2021-08-15,634853,31,F,1,0,C,107,#N/D,#N/D
2021-08-15,634870,855,M,4,1,C,164,ACESSORIOS,MORDEDOR
2021-08-15,634947,962,M,3,4,B,114,LIMPEZA,VASSOURA
2021-08-15,635032,689,M,2,0,C,109,LIMPEZA,RODO
2021-08-15,635128,221,F,1,0,B,37,ALIMENTOS,LEITE
2021-08-15,635226,587,M,1,0,B,116,PET,RACAO SECA PARA CAES
2021-08-15,635293,11,F,4,0,A,137,ALIMENTOS,REQUEIJAO
2021-08-15,635383,356,M,2,4,A,113,LIMPEZA,TIRA MANCHA
2021-08-15,635463,798,M,5,2,B,179,ALIMENTOS,LEITE CONDENSADO
2021-08-15,635492,620,M,2,0,B,143,BEBIDAS,REFRIGERANTE GUARANA
2021-08-15,635546,657,M,2,3,B,12,ALIMENTOS,AZEITONA
2021-08-15,635576,706,F,2,0,A,51,ALIMENTOS,PAPINHA INFANTIL
2021-08-15,635581,616,F,1,2,C,48,ALIMENTOS,OVOS
2021-08-15,635630,245,F,4,3,B,94,LIMPEZA,ALCOOL
2021-08-20,635656,439,F,3,0,B,208,HIGIENE,CONDICIONADOR
2021-08-20,635661,88,F,1,0,B,4,ALIMENTOS,ABACAXI
2021-08-20,635725,655,M,2,0,B,219,ALIMENTOS,BATATA DOCE
2021-08-20,635774,922,M,1,0,B,70,BEBIDAS,REFRIGERANTE OUTROS
2021-08-20,635830,130,F,1,0,B,76,HIGIENE,FIO DENTAL
2021-08-20,635885,764,F,3,1,B,182,ALIMENTOS,LATA DE ERVILHA
2021-08-20,635928,736,M,1,0,C,16,ALIMENTOS,BIFE DE COXAO MOLE
2021-08-20,636015,664,M,3,1,B,74,HIGIENE,ENXAGUANTE BUCAL
2021-08-20,636107,153,M,4,1,B,175,LIMPEZA,LIMPADOR MULTIUSO
2021-08-20,636135,589,F,3,2,C,115,PET,ALIMENTO PARA PASSARO
2021-08-20,636166,623,F,3,0,C,4,ALIMENTOS,ABACAXI
2021-08-20,636243,834,M,3,3,B,224,ALIMENTOS,AZEITE
2021-08-20,636274,560,M,2,0,B,192,HIGIENE,FIXADOR
2021-08-20,636303,682,F,2,2,B,34,ALIMENTOS,KETCHUP
2021-08-20,636394,902,F,2,1,B,91,HIGIENE,TALCO
2021-08-20,636432,169,F,1,1,B,104,LIMPEZA,LIMPADOR PERFUMADO
2021-08-20,636452,34,M,2,0,C,21,ALIMENTOS,CENOURA
2021-08-20,636515,319,M,1,4,B,53,ALIMENTOS,PRESUNTO COZIDO
2021-08-20,636533,301,F,3,0,C,27,ALIMENTOS,DANETTE
2021-08-20,636609,15,M,2,1,C,88,HIGIENE,REPELENTE
2021-08-20,636685,277,F,1,3,B,8,ALIMENTOS,ARROZ
2021-08-20,636697,122,M,3,3,B,49,ALIMENTOS,PALMITO
2021-08-20,636703,574,F,2,2,B,45,ALIMENTOS,MANGA
2021-08-20,636772,993,M,5,1,B,221,ALIMENTOS,BANANA
2021-08-20,636803,87,M,3,2,A,21,ALIMENTOS,CENOURA
2021-08-25,636878,931,M,2,0,A,34,ALIMENTOS,KETCHUP
2021-08-25,636953,718,F,3,2,B,167,ALIMENTOS,MANGA
2021-08-25,636999,148,M,3,4,A,35,ALIMENTOS,LATA DE ERVILHA
2021-08-25,637046,145,M,3,0,B,140,BEBIDAS,REFRIGERANTE OUTROS
2021-08-25,637084,967,F,1,0,B,120,LIMPEZA,VASSOURA
2021-08-25,637100,600,M,2,4,C,109,LIMPEZA,RODO
2021-08-25,637185,691,M,4,0,B,178,HIGIENE,LENCO UMEDECIDO
2021-08-25,637266,219,M,2,0,B,126,HIGIENE,TALCO
2021-08-25,637327,823,M,5,3,B,144,BEBIDAS,REFRIGERANTE COLA
2021-08-25,637421,730,F,2,0,B,17,ALIMENTOS,BISCOITO
2021-08-25,637427,514,M,4,0,C,127,ALIMENTOS,SNACKS
2021-08-25,637451,59,M,2,0,A,141,BEBIDAS,REFRIGERANTE LIMaO
2021-08-25,637464,623,F,3,0,C,43,ALIMENTOS,MAMAO PAPAYA
2021-08-25,637542,665,M,1,4,B,223,ALIMENTOS,AZEITONA
2021-08-25,637633,226,F,4,0,B,85,HIGIENE,PASTA DE DENTE
2021-08-25,637720,934,F,2,2,B,22,ALIMENTOS,CHA
2021-08-25,637783,474,M,2,0,B,211,ALIMENTOS,CHA
2021-08-25,637805,116,M,4,0,B,226,ALIMENTOS,ARROZ INTEGRAL
2021-08-25,637860,993,M,5,1,B,144,BEBIDAS,REFRIGERANTE COLA
2021-08-25,637902,665,M,1,4,B,110,LIMPEZA,SABAO
2021-08-25,637920,914,M,2,4,B,214,ALIMENTOS,CEBOLA
2021-08-25,638000,892,F,4,2,B,66,BEBIDAS,REFRIGERANTE COLA
2021-08-25,638036,643,F,4,0,C,95,LIMPEZA,AMACIANTE
2021-08-25,638047,220,M,1,0,B,123,LIMPEZA,TIRA MANCHA
2021-08-25,638084,754,F,3,4,B,99,LIMPEZA,DESINFETANTE
2021-08-25,638176,821,F,2,3,B,140,BEBIDAS,REFRIGERANTE OUTROS
2021-08-25,638198,303,M,3,4,B,50,ALIMENTOS,PAO DE FORMA
2021-08-25,638241,546,F,4,0,B,186,HIGIENE,HIDRATANTE
2021-08-25,638304,192,F,4,0,B,57,ALIMENTOS,REQUEIJAO
2021-08-25,638390,702,M,1,0,B,29,ALIMENTOS,FEIJAO
2021-08-25,638437,766,F,1,0,B,76,HIGIENE,FIO DENTAL
2021-08-25,638530,297,M,4,0,B,37,ALIMENTOS,LEITE
2021-08-25,638619,164,M,2,3,A,6,ALIMENTOS,ALHO
2021-08-25,638715,397,F,1,0,B,91,HIGIENE,TALCO
2021-08-25,638765,442,F,3,2,B,172,LIMPEZA,LUSTRA MOVEIS
2021-08-25,638855,234,M,3,4,B,146,PET,RACAO UMIDA PARA CAES
2021-08-25,638883,985,M,1,0,B,170,ALIMENTOS,MACARRAO INSTANTANEO
2021-08-25,638969,738,M,1,0,C,122,ALIMENTOS,TOMATE
2021-08-25,639018,971,F,1,2,A,142,BEBIDAS,REFRIGERANTE LARANJA
2021-08-25,639067,996,F,1,4,B,66,BEBIDAS,REFRIGERANTE COLA
2021-08-25,639122,438,F,1,0,B,4,ALIMENTOS,ABACAXI
2021-08-25,639123,150,M,1,4,B,164,ACESSORIOS,MORDEDOR
2021-08-25,639204,325,M,1,3,B,51,ALIMENTOS,PAPINHA INFANTIL
2021-08-25,639242,65,M,4,0,B,148,PET,RACAO SECA PARA CAES
2021-08-25,639324,425,F,3,0,B,45,ALIMENTOS,MANGA
2021-08-25,639364,813,F,4,0,C,75,HIGIENE,ESCOVA DE DENTE
2021-08-25,639441,19,F,2,2,C,175,LIMPEZA,LIMPADOR MULTIUSO
2021-08-25,639458,758,F,3,0,B,132,HIGIENE,SABONETE
2021-08-25,639472,773,M,4,0,B,9,ALIMENTOS,ARROZ INTEGRAL
2021-08-25,639483,818,F,2,0,B,94,LIMPEZA,ALCOOL
2021-08-25,639486,125,M,3,0,B,121,ALIMENTOS,UVA
2021-08-25,639568,254,F,5,2,B,5,ALIMENTOS,ACHOCOLATADO
2021-08-25,639606,791,F,1,0,B,40,ALIMENTOS,LINGUICA
2021-08-25,639686,419,F,2,1,B,177,ALIMENTOS,LIMAO
2021-08-25,639724,573,F,1,0,C,200,LIMPEZA,DETERGENTE
2021-08-25,639754,54,M,1,0,A,145,PET,RACAO UMIDA PARA GATOS
2021-08-25,639821,43,M,2,0,B,1,ACESSORIOS,CHUPETA
2021-08-25,639900,257,M,1,4,C,111,LIMPEZA,SABAO EM PO
2021-08-25,639923,696,M,2,0,B,201,LIMPEZA,DESINFETANTE
2021-08-25,639948,54,M,1,0,A,163,ALIMENTOS,MORTADELA
2021-08-25,639961,612,F,3,4,B,125,HIGIENE,TINTURAS
2021-08-25,640033,929,M,4,0,B,93,LIMPEZA,AGUA SANITARIA
2021-08-25,640086,166,F,1,0,B,184,ALIMENTOS,IOGURTE
2021-08-25,640103,960,F,4,2,B,188,ALIMENTOS,HAMBUGUER
2021-08-25,640124,294,F,4,0,C,128,HIGIENE,SHAMPOO
2021-08-25,640205,522,M,1,2,A,50,ALIMENTOS,PAO DE FORMA
2021-08-25,640304,931,M,2,0,A,63,ALIMENTOS,TOMATE
2021-08-25,640396,585,F,2,4,B,186,HIGIENE,HIDRATANTE
2021-08-25,640436,457,M,3,0,C,218,ALIMENTOS,BIFE DE COXAO MOLE
2021-08-25,640469,883,M,1,0,B,68,BEBIDAS,REFRIGERANTE LARANJA
2021-08-25,640504,865,F,1,0,B,129,ALIMENTOS,SARDINHA
2021-08-25,640524,113,F,3,0,B,181,ALIMENTOS,LATA DE MILHO
2021-08-25,640599,193,F,4,0,B,206,ALIMENTOS,CORACAO DE FRANGO
2021-08-25,640609,26,F,4,1,A,21,ALIMENTOS,CENOURA
2021-08-25,640678,658,F,1,1,B,54,ALIMENTOS,PRESUNTO COZIDO
2021-08-25,640765,556,F,4,0,B,80,HIGIENE,HASTES FLEXIVEIS
2021-08-25,640802,521,F,1,0,A,145,PET,RACAO UMIDA PARA GATOS
2021-08-25,640851,384,F,3,2,C,4,ALIMENTOS,ABACAXI
2021-08-25,640874,879,M,2,2,C,215,ALIMENTOS,CAFE
2021-08-25,640928,589,F,3,2,C,24,ALIMENTOS,COPA SUINA
2021-08-25,640992,967,F,1,0,B,166,HIGIENE,MODELADOR
2021-08-25,641058,439,F,3,0,B,6,ALIMENTOS,ALHO
2021-08-28,641157,517,F,3,1,B,170,ALIMENTOS,MACARRAO INSTANTANEO
2021-08-28,641168,753,F,1,3,C,80,HIGIENE,HASTES FLEXIVEIS
2021-08-28,641185,149,M,1,3,A,97,LIMPEZA,CERA
2021-08-28,641249,885,F,3,1,A,93,LIMPEZA,AGUA SANITARIA
2021-08-28,641315,282,M,2,0,B,180,ALIMENTOS,LEITE
2021-08-28,641362,952,F,3,4,C,215,ALIMENTOS,CAFE
2021-08-28,641412,92,M,4,1,B,208,HIGIENE,CONDICIONADOR
2021-08-28,641467,406,M,2,4,C,23,ALIMENTOS,COGUMELOS
2021-08-28,641496,583,F,2,0,B,150,ALIMENTOS,QUEIJO DE CABRA
2021-08-28,641544,735,F,4,0,B,3,ALIMENTOS,ABACATE
2021-08-28,641640,447,M,2,0,B,166,HIGIENE,MODELADOR
2021-08-28,641674,578,M,4,0,B,29,ALIMENTOS,FEIJAO
2021-08-28,641725,306,F,3,0,B,148,PET,RACAO SECA PARA CAES
2021-08-28,641803,926,M,1,0,B,49,ALIMENTOS,PALMITO
2021-08-28,641857,81,F,2,0,B,206,ALIMENTOS,CORACAO DE FRANGO
2021-08-28,641858,409,F,3,4,B,125,HIGIENE,TINTURAS
2021-08-28,641907,460,F,1,3,B,130,ALIMENTOS,SALGADINHOS DE MILHO
2021-08-28,641954,668,M,1,0,A,197,HIGIENE,ENXAGUANTE BUCAL
2021-08-28,641984,754,F,3,4,B,123,LIMPEZA,TIRA MANCHA
2021-08-28,642020,978,F,3,0,C,93,LIMPEZA,AGUA SANITARIA
2021-08-28,642028,696,M,2,0,B,158,HIGIENE,PAPEL HIGIENICO
2021-08-28,642089,573,F,1,0,C,58,ALIMENTOS,RICOTA
2021-08-28,642114,374,F,3,0,B,62,ALIMENTOS,SNACKS
2021-08-28,642183,57,M,2,0,B,208,HIGIENE,CONDICIONADOR
2021-08-28,642267,453,F,1,0,B,124,LIMPEZA,TIRA LIMO
2021-08-28,642346,507,F,3,2,B,173,ALIMENTOS,LINGUICA
2021-08-28,642431,199,M,3,3,B,28,ALIMENTOS,DOCE
2021-08-28,642464,872,M,3,4,A,21,ALIMENTOS,CENOURA
2021-08-28,642519,403,M,3,2,B,149,ALIMENTOS,QUEIJO MUSSARELA
2021-08-28,642578,266,F,3,3,B,20,ALIMENTOS,CEBOLA
2021-08-28,642621,442,F,3,2,B,83,HIGIENE,MODELADOR
2021-08-28,642717,990,F,1,4,B,40,ALIMENTOS,LINGUICA
2021-08-28,642727,963,M,3,0,B,59,ALIMENTOS,SALGADINHO
2021-08-28,642756,581,F,4,2,C,25,ALIMENTOS,CORACAO DE FRANGO
2021-08-28,642794,723,M,4,0,B,89,HIGIENE,SABONETE
2021-08-28,642865,69,M,4,3,A,186,HIGIENE,HIDRATANTE
2021-08-28,642917,169,F,1,1,B,70,BEBIDAS,REFRIGERANTE OUTROS
2021-08-28,642937,982,M,4,3,B,174,LIMPEZA,LIMPADOR PERFUMADO
2021-08-28,642988,370,M,1,4,B,101,LIMPEZA,INSETICIDA
2021-08-28,643067,970,M,2,4,B,220,ALIMENTOS,BATATA
2021-08-28,643097,210,M,2,2,C,69,BEBIDAS,REFRIGERANTE LIMaO
2021-08-28,643130,385,F,2,0,B,111,LIMPEZA,SABAO EM PO
2021-08-28,643216,145,M,3,0,B,48,ALIMENTOS,OVOS
2021-08-28,643237,34,M,2,0,C,69,BEBIDAS,REFRIGERANTE LIMaO
2021-08-28,643257,405,F,4,0,B,25,ALIMENTOS,CORACAO DE FRANGO
2021-08-28,643304,383,M,1,3,C,107,#N/D,#N/D
2021-08-28,643382,717,F,3,0,B,190,HIGIENE,GEL
2021-08-28,643425,931,M,2,0,A,211,ALIMENTOS,CHA
2021-08-28,643487,717,F,3,0,B,146,PET,RACAO UMIDA PARA CAES
2021-08-28,643505,530,F,1,0,A,143,BEBIDAS,REFRIGERANTE GUARANA
2021-08-28,643513,355,M,3,4,B,19,ALIMENTOS,CAFE
2021-08-28,643583,782,M,3,3,B,2,ACESSORIOS,MORDEDOR
2021-08-28,643603,129,M,2,0,A,16,ALIMENTOS,BIFE DE COXAO MOLE
2021-08-28,643651,140,F,1,0,C,19,ALIMENTOS,CAFE
2021-08-28,643679,111,M,2,4,C,24,ALIMENTOS,COPA SUINA
2021-08-28,643722,916,F,3,4,C,132,HIGIENE,SABONETE
2021-08-28,643786,367,F,1,0,A,146,PET,RACAO UMIDA PARA CAES
2021-08-28,643794,228,F,4,0,C,223,ALIMENTOS,AZEITONA
2021-08-28,643879,648,M,1,0,B,78,HIGIENE,FRALDA
2021-08-28,643973,737,F,2,1,C,212,LIMPEZA,CERA
2021-08-28,644020,968,F,1,0,B,107,#N/D,#N/D
2021-08-28,644038,295,F,1,3,B,18,ALIMENTOS,BROCOLIS
2021-08-28,644063,485,M,3,3,B,60,ALIMENTOS,SALGADINHOS DE MILHO
2021-08-28,644088,231,F,4,2,B,132,HIGIENE,SABONETE
2021-08-28,644173,903,M,1,0,B,5,ALIMENTOS,ACHOCOLATADO
2021-08-28,644175,375,M,4,0,B,199,ALIMENTOS,DOCE
2021-08-28,644211,911,F,2,0,B,143,BEBIDAS,REFRIGERANTE GUARANA
2021-08-28,644241,73,M,1,0,A,105,LIMPEZA,LUSTRA MOVEIS
2021-08-28,644245,458,F,3,4,C,94,LIMPEZA,ALCOOL
2021-08-28,644314,530,F,1,0,A,75,HIGIENE,ESCOVA DE DENTE
2021-08-28,644380,661,M,3,0,B,155,ALIMENTOS,PATE
2021-08-28,644407,804,F,4,3,B,81,HIGIENE,HIDRATANTE
2021-08-28,644440,817,M,3,0,B,170,ALIMENTOS,MACARRAO INSTANTANEO
2021-08-28,644491,135,M,3,0,B,128,HIGIENE,SHAMPOO
2021-08-28,644530,500,M,3,2,C,65,BEBIDAS,ENERGETICO
2021-08-28,644533,513,F,4,3,B,148,PET,RACAO SECA PARA CAES
2021-08-28,644613,290,F,1,0,B,67,BEBIDAS,REFRIGERANTE GUARANA
2021-08-28,644645,43,M,2,0,B,223,ALIMENTOS,AZEITONA
2021-08-28,644703,629,M,3,0,C,217,ALIMENTOS,BISCOITO
2021-08-28,644716,753,F,1,3,C,224,ALIMENTOS,AZEITE
2021-08-28,644771,916,F,3,4,C,114,LIMPEZA,VASSOURA
2021-08-28,644821,540,F,2,0,C,155,ALIMENTOS,PATE
2021-08-28,644850,682,F,2,2,B,165,ALIMENTOS,MOLHO BARBECUE
2021-08-28,644945,814,M,4,0,B,193,HIGIENE,FIO DENTAL
2021-08-28,644954,890,M,3,0,C,37,ALIMENTOS,LEITE
2021-08-28,645008,707,M,4,0,B,108,LIMPEZA,REMOVEDOR
2021-08-28,645048,983,F,4,0,C,153,ALIMENTOS,PRESUNTO COZIDO
2021-08-28,645057,412,M,2,0,B,96,LIMPEZA,BALDE
2021-08-28,645082,705,M,1,0,B,31,ALIMENTOS,GRANOLA
2021-08-28,645087,918,F,2,4,C,131,ALIMENTOS,SALGADINHO
2021-08-28,645177,69,M,4,3,A,141,BEBIDAS,REFRIGERANTE LIMaO
2021-08-28,645223,72,F,2,0,A,121,ALIMENTOS,UVA
2021-08-28,645301,575,M,1,4,B,159,ALIMENTOS,PAO DE FORMA
2021-08-29,645385,365,M,4,0,A,51,ALIMENTOS,PAPINHA INFANTIL
2021-08-29,645454,385,F,2,0,B,211,ALIMENTOS,CHA
2021-08-29,645476,903,M,1,0,B,140,BEBIDAS,REFRIGERANTE OUTROS
2021-08-29,645533,111,M,2,4,C,178,HIGIENE,LENCO UMEDECIDO
2021-08-29,645544,844,F,5,1,A,18,ALIMENTOS,BROCOLIS
2021-08-29,645584,345,F,2,3,B,146,PET,RACAO UMIDA PARA CAES
2021-08-29,645586,213,M,2,4,B,182,ALIMENTOS,LATA DE ERVILHA
2021-08-29,645616,171,F,3,1,B,198,BEBIDAS,ENERGETICO
2021-08-29,645653,859,M,1,0,B,37,ALIMENTOS,LEITE
2021-08-29,645703,918,F,2,4,C,170,ALIMENTOS,MACARRAO INSTANTANEO
2021-08-29,645764,588,F,1,4,C,220,ALIMENTOS,BATATA
2021-08-29,645810,266,F,3,3,B,48,ALIMENTOS,OVOS
2021-08-29,645830,299,F,3,1,C,179,ALIMENTOS,LEITE CONDENSADO
2021-08-29,645854,498,M,3,2,B,101,LIMPEZA,INSETICIDA
2021-08-29,645926,74,M,3,0,C,128,HIGIENE,SHAMPOO
2021-08-29,645941,848,F,5,3,A,11,ALIMENTOS,AZEITE
2021-08-29,645971,650,F,2,0,C,194,ALIMENTOS,FILE DE PEIXE
2021-08-29,646004,807,M,1,3,B,168,ALIMENTOS,MAMAO PAPAYA
2021-08-29,646077,267,F,4,2,B,138,HIGIENE,REPELENTE
2021-08-29,646098,885,F,3,1,A,45,ALIMENTOS,MANGA
2021-08-29,646170,48,M,4,1,B,90,HIGIENE,SHAMPOO
2021-08-29,646182,609,F,4,0,C,208,HIGIENE,CONDICIONADOR
2021-08-29,646222,773,M,4,0,B,197,HIGIENE,ENXAGUANTE BUCAL
2021-08-29,646228,887,F,3,0,B,90,HIGIENE,SHAMPOO
2021-08-29,646326,419,F,2,1,B,108,LIMPEZA,REMOVEDOR
2021-08-29,646403,470,M,3,1,B,205,ALIMENTOS,COXA E SOBRECOXA DE FRANGO
2021-08-29,646420,444,F,2,0,B,173,ALIMENTOS,LINGUICA
2021-08-29,646498,625,F,4,0,C,149,ALIMENTOS,QUEIJO MUSSARELA
2021-08-29,646504,308,M,4,0,B,154,HIGIENE,PRESERVATIVO
2021-08-29,646557,491,M,2,1,A,26,ALIMENTOS,COXA E SOBRECOXA DE FRANGO
2021-08-29,646654,417,M,4,1,B,173,ALIMENTOS,LINGUICA
2021-08-29,646733,460,F,1,3,B,165,ALIMENTOS,MOLHO BARBECUE
2021-08-29,646771,846,F,4,3,C,31,ALIMENTOS,GRANOLA
2021-08-29,646868,753,F,1,3,C,49,ALIMENTOS,PALMITO
2021-08-29,646928,92,M,4,1,B,211,ALIMENTOS,CHA
2021-08-29,646987,15,M,2,1,C,79,HIGIENE,GEL
2021-08-29,647081,174,M,4,3,C,115,PET,ALIMENTO PARA PASSARO
2021-08-29,647165,956,M,5,1,C,39,ALIMENTOS,LIMAO
2021-08-29,647219,893,F,1,0,B,10,ALIMENTOS,ATUM
2021-08-29,647293,706,F,2,0,A,146,PET,RACAO UMIDA PARA CAES
2021-08-29,647384,191,M,3,0,B,185,LIMPEZA,INSETICIDA
2021-08-29,647462,977,M,1,0,C,85,HIGIENE,PASTA DE DENTE
2021-08-29,647554,82,F,1,1,C,222,LIMPEZA,BALDE
2021-08-29,647578,572,M,1,0,C,163,ALIMENTOS,MORTADELA
2021-08-29,647636,452,M,1,3,B,60,ALIMENTOS,SALGADINHOS DE MILHO
2021-08-29,647733,534,M,4,1,C,69,BEBIDAS,REFRIGERANTE LIMaO
2021-08-29,647806,196,M,2,0,B,205,ALIMENTOS,COXA E SOBRECOXA DE FRANGO
2021-08-29,647855,269,F,3,3,B,39,ALIMENTOS,LIMAO
2021-08-29,647944,447,M,2,0,B,21,ALIMENTOS,CENOURA
2021-08-29,648017,558,F,5,2,C,93,LIMPEZA,AGUA SANITARIA
2021-08-29,648081,925,M,2,0,C,212,LIMPEZA,CERA
2021-08-29,648180,553,F,4,0,B,29,ALIMENTOS,FEIJAO
2021-08-29,648228,753,F,1,3,C,94,LIMPEZA,ALCOOL
2021-08-29,648317,210,M,2,2,C,32,ALIMENTOS,HAMBUGUER
2021-08-30,648378,957,M,2,3,B,223,ALIMENTOS,AZEITONA
2021-08-30,648436,674,M,4,1,B,177,ALIMENTOS,LIMAO
2021-08-30,648445,649,F,3,0,B,84,HIGIENE,PAPEL HIGIENICO
2021-08-30,648453,111,M,2,4,C,176,LIMPEZA,LIMPA VIDROS
2021-08-30,648487,339,F,4,0,C,173,ALIMENTOS,LINGUICA
2021-08-30,648532,824,F,1,0,B,61,ALIMENTOS,SARDINHA
2021-08-30,648610,737,F,2,1,C,51,ALIMENTOS,PAPINHA INFANTIL
2021-08-30,648645,874,F,3,3,B,155,ALIMENTOS,PATE
2021-08-30,648656,754,F,3,4,B,175,LIMPEZA,LIMPADOR MULTIUSO
2021-08-30,648683,784,F,1,3,B,104,LIMPEZA,LIMPADOR PERFUMADO
2021-08-30,648769,362,F,3,0,B,229,ALIMENTOS,ALMONDEGA
2021-08-30,648786,846,F,4,3,C,188,ALIMENTOS,HAMBUGUER
2021-08-30,648877,52,F,1,0,A,208,HIGIENE,CONDICIONADOR
2021-08-30,648963,600,M,2,4,C,59,ALIMENTOS,SALGADINHO
2021-08-30,648981,243,F,1,4,C,135,LIMPEZA,RODO
2021-08-30,649023,311,F,4,0,C,70,BEBIDAS,REFRIGERANTE OUTROS
2021-08-30,649051,670,M,4,0,C,226,ALIMENTOS,ARROZ INTEGRAL
2021-08-30,649071,209,F,4,0,B,191,HIGIENE,FRALDA
2021-08-30,649126,531,F,3,1,B,40,ALIMENTOS,LINGUICA
2021-08-30,649182,304,F,2,3,B,26,ALIMENTOS,COXA E SOBRECOXA DE FRANGO
2021-08-30,649266,296,F,1,3,B,149,ALIMENTOS,QUEIJO MUSSARELA
2021-08-30,649289,399,F,4,1,C,153,ALIMENTOS,PRESUNTO COZIDO
2021-08-30,649328,309,M,1,0,B,83,HIGIENE,MODELADOR
2021-08-30,649354,805,F,3,0,C,159,ALIMENTOS,PAO DE FORMA
2021-08-30,649395,177,F,3,2,C,41,ALIMENTOS,MACARRAO
2021-08-30,649399,605,M,4,2,B,32,ALIMENTOS,HAMBUGUER
2021-08-30,649441,697,M,3,0,C,204,HIGIENE,CREME
2021-08-30,649500,208,M,3,0,B,64,ALIMENTOS,UVA
2021-08-30,649536,146,F,2,0,B,108,LIMPEZA,REMOVEDOR
2021-01-09,649540,621,F,4,0,B,91,HIGIENE,TALCO
2021-01-09,649541,407,F,3,3,A,29,ALIMENTOS,FEIJAO
2021-01-09,649567,51,F,3,0,B,17,ALIMENTOS,BISCOITO
2021-01-09,649632,947,F,3,1,B,193,HIGIENE,FIO DENTAL
2021-01-09,649729,876,F,2,3,B,9,ALIMENTOS,ARROZ INTEGRAL
2021-01-09,649794,1,M,1,0,C,177,ALIMENTOS,LIMAO
2021-01-09,649887,723,M,4,0,B,175,LIMPEZA,LIMPADOR MULTIUSO
2021-01-09,649973,878,F,4,3,C,208,HIGIENE,CONDICIONADOR
2021-01-09,649978,38,M,3,0,B,107,#N/D,#N/D
2021-01-09,649996,311,F,4,0,C,75,HIGIENE,ESCOVA DE DENTE
2021-01-09,650078,940,F,1,3,B,23,ALIMENTOS,COGUMELOS
2021-01-09,650159,928,F,5,1,B,37,ALIMENTOS,LEITE
2021-01-09,650236,386,M,4,2,A,163,ALIMENTOS,MORTADELA
2021-01-09,650281,901,F,4,1,B,149,ALIMENTOS,QUEIJO MUSSARELA
2021-01-09,650372,31,F,1,0,C,96,LIMPEZA,BALDE
2021-01-09,650403,449,F,2,3,B,211,ALIMENTOS,CHA
2021-01-09,650412,264,F,4,1,B,9,ALIMENTOS,ARROZ INTEGRAL
2021-01-09,650420,887,F,3,0,B,50,ALIMENTOS,PAO DE FORMA
2021-01-09,650423,253,F,4,1,B,212,LIMPEZA,CERA
2021-01-09,650511,609,F,4,0,C,90,HIGIENE,SHAMPOO
2021-01-09,650571,743,M,1,3,C,34,ALIMENTOS,KETCHUP
2021-01-09,650664,787,F,3,0,A,13,ALIMENTOS,BANANA
2021-01-09,650702,224,M,4,0,B,152,ALIMENTOS,PRESUNTO COZIDO
2021-01-09,650794,269,F,3,3,B,86,HIGIENE,PRESERVATIVO
2021-01-09,650861,573,F,1,0,C,91,HIGIENE,TALCO
2021-01-09,650940,621,F,4,0,B,49,ALIMENTOS,PALMITO
2021-01-09,650952,669,F,4,0,B,116,PET,RACAO SECA PARA CAES
2021-01-09,650999,212,F,2,1,B,159,ALIMENTOS,PAO DE FORMA
2021-01-09,651034,196,M,2,0,B,219,ALIMENTOS,BATATA DOCE
2021-01-09,651105,398,F,4,1,B,187,HIGIENE,HASTES FLEXIVEIS
2021-05-09,651185,368,M,4,0,C,58,ALIMENTOS,RICOTA
2021-05-09,651223,664,M,3,1,B,103,LIMPEZA,LIMPADOR MULTIUSO
2021-05-09,651305,773,M,4,0,B,74,HIGIENE,ENXAGUANTE BUCAL
2021-05-09,651348,163,F,3,0,A,60,ALIMENTOS,SALGADINHOS DE MILHO
2021-05-09,651441,544,F,2,0,B,133,LIMPEZA,SABAO EM PO
2021-05-09,651536,298,F,4,0,C,76,HIGIENE,FIO DENTAL
2021-05-09,651629,971,F,1,2,A,89,HIGIENE,SABONETE
2021-05-09,651691,486,M,4,0,B,21,ALIMENTOS,CENOURA
2021-05-09,651766,999,M,2,2,C,117,PET,RACAO SECA PARA GATOS
2021-05-09,651811,930,F,4,1,B,101,LIMPEZA,INSETICIDA
2021-05-09,651835,297,M,4,0,B,79,HIGIENE,GEL
2021-05-09,651857,2,M,3,0,B,28,ALIMENTOS,DOCE
2021-05-09,651913,921,M,2,3,B,193,HIGIENE,FIO DENTAL
2021-05-09,651987,961,F,1,0,C,3,ALIMENTOS,ABACATE
2021-05-09,652044,534,M,4,1,C,40,ALIMENTOS,LINGUICA
2021-05-09,652131,67,M,1,0,B,202,LIMPEZA,DESENGORDURANTE
2021-05-09,652217,797,M,2,4,B,132,HIGIENE,SABONETE
2021-05-09,652308,327,M,4,2,A,227,ALIMENTOS,ARROZ
2021-05-09,652327,421,M,3,3,C,70,BEBIDAS,REFRIGERANTE OUTROS
2021-05-09,652381,65,M,4,0,B,140,BEBIDAS,REFRIGERANTE OUTROS
2021-05-09,652405,270,F,3,1,B,44,ALIMENTOS,MAMAO
2021-05-09,652468,107,F,2,0,C,103,LIMPEZA,LIMPADOR MULTIUSO
2021-05-09,652552,150,M,1,4,B,220,ALIMENTOS,BATATA
2021-05-09,652618,833,F,1,4,B,211,ALIMENTOS,CHA
2021-05-09,652678,468,M,3,1,C,206,ALIMENTOS,CORACAO DE FRANGO
2021-05-09,652741,920,F,5,3,B,96,LIMPEZA,BALDE
2021-05-09,652835,342,M,3,0,B,134,LIMPEZA,SABAO
2021-05-09,652861,398,F,4,1,B,64,ALIMENTOS,UVA
2021-05-09,652932,182,F,1,4,B,47,ALIMENTOS,MORTADELA
2021-05-09,653022,387,M,2,2,B,16,ALIMENTOS,BIFE DE COXAO MOLE
2021-05-09,653095,179,F,2,0,B,204,HIGIENE,CREME
2021-05-09,653161,76,M,3,0,A,95,LIMPEZA,AMACIANTE
2021-05-09,653192,725,M,4,0,C,94,LIMPEZA,ALCOOL
2021-05-09,653273,308,M,4,0,B,132,HIGIENE,SABONETE
2021-05-09,653305,453,F,1,0,B,56,ALIMENTOS,QUEIJO MUSSARELA
2021-05-09,653380,855,M,4,1,C,49,ALIMENTOS,PALMITO
2021-05-09,653463,914,M,2,4,B,189,ALIMENTOS,GRANOLA
2021-05-09,653506,860,M,1,0,B,24,ALIMENTOS,COPA SUINA
2021-05-09,653541,66,M,3,3,B,223,ALIMENTOS,AZEITONA
2021-05-09,653579,140,F,1,0,C,209,ALIMENTOS,COGUMELOS
2021-05-09,653639,765,F,5,1,B,84,HIGIENE,PAPEL HIGIENICO
2021-05-09,653661,820,M,1,4,B,117,PET,RACAO SECA PARA GATOS
2021-05-09,653705,362,F,3,0,B,127,ALIMENTOS,SNACKS
2021-05-09,653712,572,M,1,0,C,151,HIGIENE,PROTETOR SOLAR
2021-05-09,653766,657,M,2,3,B,60,ALIMENTOS,SALGADINHOS DE MILHO
2021-05-09,653782,775,F,2,3,B,23,ALIMENTOS,COGUMELOS
2021-05-09,653864,633,F,3,0,C,145,PET,RACAO UMIDA PARA GATOS
2021-05-09,653912,505,F,1,0,C,106,LIMPEZA,ODORIZADOR
2021-05-09,653980,925,M,2,0,C,213,ALIMENTOS,CENOURA
2021-05-09,654051,493,M,2,4,B,127,ALIMENTOS,SNACKS
2021-05-09,654098,803,F,2,0,A,15,ALIMENTOS,BATATA DOCE
2021-05-09,654130,243,F,1,4,C,65,BEBIDAS,ENERGETICO
2021-05-09,654172,445,M,2,0,B,40,ALIMENTOS,LINGUICA
2021-05-09,654176,869,F,3,0,B,122,ALIMENTOS,TOMATE
2021-05-09,654184,919,F,2,0,C,65,BEBIDAS,ENERGETICO
2021-05-09,654189,379,F,4,0,C,180,ALIMENTOS,LEITE
2021-05-09,654198,203,F,3,0,A,13,ALIMENTOS,BANANA
2021-05-09,654291,657,M,2,3,B,73,HIGIENE,CREME
2021-05-09,654385,368,M,4,0,C,7,ALIMENTOS,ALMONDEGA
2021-05-09,654438,161,M,5,2,B,118,PET,RACAO UMIDA PARA CAES
2021-05-09,654519,695,M,2,0,A,18,ALIMENTOS,BROCOLIS
2021-05-09,654520,423,F,5,2,A,57,ALIMENTOS,REQUEIJAO
2021-05-09,654546,343,F,1,0,B,99,LIMPEZA,DESINFETANTE
2021-05-09,654574,325,M,1,3,B,6,ALIMENTOS,ALHO
2021-05-09,654659,712,F,2,3,B,221,ALIMENTOS,BANANA
2021-05-09,654667,137,F,4,1,B,175,LIMPEZA,LIMPADOR MULTIUSO
2021-05-09,654675,322,M,2,0,B,8,ALIMENTOS,ARROZ
2021-05-09,654686,371,F,4,0,B,177,ALIMENTOS,LIMAO
2021-05-09,654771,527,F,4,1,B,152,ALIMENTOS,PRESUNTO COZIDO
2021-05-09,654869,814,M,4,0,B,166,HIGIENE,MODELADOR
2021-05-09,654909,596,M,2,0,B,72,HIGIENE,CONDICIONADOR
2021-05-09,655007,623,F,3,0,C,5,ALIMENTOS,ACHOCOLATADO
2021-05-09,655083,782,M,3,3,B,55,ALIMENTOS,QUEIJO DE CABRA
2021-05-09,655115,420,M,3,0,B,98,LIMPEZA,DESENGORDURANTE
2021-05-09,655132,445,M,2,0,B,207,ALIMENTOS,COPA SUINA
2021-05-09,655226,213,M,2,4,B,14,ALIMENTOS,BATATA
2021-05-09,655305,223,F,3,0,B,117,PET,RACAO SECA PARA GATOS
2021-05-09,655397,354,F,2,0,B,198,BEBIDAS,ENERGETICO
2021-05-09,655434,38,M,3,0,B,134,LIMPEZA,SABAO
2021-05-09,655466,249,F,4,0,B,227,ALIMENTOS,ARROZ
2021-05-09,655500,677,M,4,0,B,81,HIGIENE,HIDRATANTE
2021-05-09,655574,8,F,3,0,B,3,ALIMENTOS,ABACATE
2021-05-09,655598,411,F,2,0,B,110,LIMPEZA,SABAO
2021-05-09,655688,648,M,1,0,B,179,ALIMENTOS,LEITE CONDENSADO
2021-05-09,655735,521,F,1,0,A,212,LIMPEZA,CERA
2021-05-09,655740,638,M,3,1,B,41,ALIMENTOS,MACARRAO
2021-05-09,655757,950,M,3,0,C,62,ALIMENTOS,SNACKS
2021-05-09,655817,58,M,2,2,B,65,BEBIDAS,ENERGETICO
2021-05-09,655866,238,M,2,1,B,24,ALIMENTOS,COPA SUINA
2021-05-09,655944,241,M,4,1,B,145,PET,RACAO UMIDA PARA GATOS
2021-05-09,655984,602,M,3,0,B,205,ALIMENTOS,COXA E SOBRECOXA DE FRANGO
2021-05-09,655997,769,F,3,3,C,29,ALIMENTOS,FEIJAO
2021-05-09,656077,554,F,3,0,A,50,ALIMENTOS,PAO DE FORMA
2021-06-09,656117,999,M,2,2,C,159,ALIMENTOS,PAO DE FORMA
2021-06-09,656152,150,M,1,4,B,167,ALIMENTOS,MANGA
2021-06-09,656158,123,F,3,2,B,165,ALIMENTOS,MOLHO BARBECUE
2021-06-09,656165,137,F,4,1,B,150,ALIMENTOS,QUEIJO DE CABRA
2021-06-09,656192,445,M,2,0,B,13,ALIMENTOS,BANANA
2021-06-09,656282,70,F,4,0,B,89,HIGIENE,SABONETE
2021-06-09,656303,542,M,3,1,B,188,ALIMENTOS,HAMBUGUER
2021-06-09,656306,218,M,4,0,B,197,HIGIENE,ENXAGUANTE BUCAL
2021-06-09,656368,493,M,2,4,B,216,ALIMENTOS,BROCOLIS
2021-06-09,656374,483,M,1,0,C,103,LIMPEZA,LIMPADOR MULTIUSO
2021-06-09,656451,391,F,2,0,A,150,ALIMENTOS,QUEIJO DE CABRA
2021-06-09,656533,508,F,3,0,B,132,HIGIENE,SABONETE
2021-06-09,656573,767,F,1,0,B,107,#N/D,#N/D
2021-06-09,656647,30,M,4,0,B,186,HIGIENE,HIDRATANTE
2021-06-09,656732,935,F,2,0,B,45,ALIMENTOS,MANGA
2021-06-09,656821,485,M,3,3,B,127,ALIMENTOS,SNACKS
2021-06-09,656905,463,M,3,3,B,225,ALIMENTOS,ATUM
2021-06-09,656983,507,F,3,2,B,105,LIMPEZA,LUSTRA MOVEIS
2021-06-09,657020,317,M,3,0,B,84,HIGIENE,PAPEL HIGIENICO
2021-06-09,657067,579,F,3,0,B,67,BEBIDAS,REFRIGERANTE GUARANA
2021-06-09,657148,871,F,1,3,C,184,ALIMENTOS,IOGURTE
2021-06-09,657203,70,F,4,0,B,60,ALIMENTOS,SALGADINHOS DE MILHO
2021-06-09,657299,864,F,1,3,B,74,HIGIENE,ENXAGUANTE BUCAL
2021-06-09,657395,531,F,3,1,B,84,HIGIENE,PAPEL HIGIENICO
2021-06-09,657428,889,F,3,4,B,13,ALIMENTOS,BANANA
2021-06-09,657454,602,M,3,0,B,84,HIGIENE,PAPEL HIGIENICO
2021-06-09,657459,1,M,1,0,C,73,HIGIENE,CREME
2021-06-09,657555,76,M,3,0,A,90,HIGIENE,SHAMPOO
2021-06-09,657585,758,F,3,0,B,196,HIGIENE,ESCOVA DE DENTE
2021-06-09,657590,17,M,4,0,B,94,LIMPEZA,ALCOOL
2021-06-09,657593,31,F,1,0,C,1,ACESSORIOS,CHUPETA
2021-06-09,657596,250,F,4,1,B,9,ALIMENTOS,ARROZ INTEGRAL
2021-06-09,657678,254,F,5,2,B,21,ALIMENTOS,CENOURA
2021-06-09,657763,128,F,2,0,B,158,HIGIENE,PAPEL HIGIENICO
2021-06-09,657846,793,M,1,3,B,217,ALIMENTOS,BISCOITO
2021-06-09,657899,976,M,4,2,B,85,HIGIENE,PASTA DE DENTE
2021-06-09,657926,853,M,5,2,A,71,HIGIENE,ABSORVENTE
2021-06-09,658008,962,M,3,4,B,215,ALIMENTOS,CAFE
2021-06-09,658073,305,F,4,0,B,159,ALIMENTOS,PAO DE FORMA
2021-06-09,658116,341,M,2,0,C,14,ALIMENTOS,BATATA
2021-06-09,658184,290,F,1,0,B,19,ALIMENTOS,CAFE
2021-06-09,658277,635,F,4,0,B,19,ALIMENTOS,CAFE
2021-06-09,658280,102,F,1,2,C,54,ALIMENTOS,PRESUNTO COZIDO
2021-06-09,658354,882,F,4,1,B,166,HIGIENE,MODELADOR
2021-06-09,658361,810,M,1,0,B,93,LIMPEZA,AGUA SANITARIA
2021-06-09,658425,345,F,2,3,B,27,ALIMENTOS,DANETTE
2021-06-09,658480,149,M,1,3,A,59,ALIMENTOS,SALGADINHO
2021-06-09,658498,114,F,3,3,B,94,LIMPEZA,ALCOOL
2021-06-09,658505,779,M,3,4,A,37,ALIMENTOS,LEITE
2021-06-09,658557,966,F,4,2,B,213,ALIMENTOS,CENOURA
2021-06-09,658568,149,M,1,3,A,136,ALIMENTOS,RICOTA
2021-06-09,658653,504,M,3,0,B,77,HIGIENE,FIXADOR
2021-06-09,658674,101,F,1,0,C,28,ALIMENTOS,DOCE
2021-06-09,658689,326,F,1,0,B,183,ALIMENTOS,KETCHUP
2021-06-09,658761,270,F,3,1,B,10,ALIMENTOS,ATUM
2021-06-09,658798,814,M,4,0,B,120,LIMPEZA,VASSOURA
2021-06-09,658802,209,F,4,0,B,149,ALIMENTOS,QUEIJO MUSSARELA
2021-06-09,658818,597,M,3,0,C,212,LIMPEZA,CERA
2021-06-09,658905,564,M,3,2,B,102,LIMPEZA,LIMPA VIDROS
2021-06-09,658939,862,M,4,0,B,1,ACESSORIOS,CHUPETA
2021-06-09,659021,983,F,4,0,C,39,ALIMENTOS,LIMAO
2021-06-09,659048,165,F,4,0,C,160,ALIMENTOS,PALMITO
2021-06-09,659084,688,M,1,1,A,11,ALIMENTOS,AZEITE
2021-06-09,659120,740,F,1,4,C,199,ALIMENTOS,DOCE
2021-06-09,659210,260,F,2,0,C,187,HIGIENE,HASTES FLEXIVEIS
2021-06-09,659220,849,F,5,1,B,17,ALIMENTOS,BISCOITO
2021-06-09,659319,176,F,2,0,B,197,HIGIENE,ENXAGUANTE BUCAL
2021-06-09,659335,570,F,4,1,C,76,HIGIENE,FIO DENTAL
2021-06-09,659374,319,M,1,4,B,21,ALIMENTOS,CENOURA
2021-06-09,659465,245,F,4,3,B,80,HIGIENE,HASTES FLEXIVEIS
2021-06-09,659534,645,F,4,0,B,196,HIGIENE,ESCOVA DE DENTE
2021-06-09,659615,610,M,2,0,B,171,ALIMENTOS,MACARRAO
2021-06-09,659701,403,M,3,2,B,4,ALIMENTOS,ABACAXI
2021-06-09,659717,787,F,3,0,A,4,ALIMENTOS,ABACAXI
2021-06-09,659735,18,M,4,0,C,227,ALIMENTOS,ARROZ
2021-06-09,659804,656,M,2,0,C,182,ALIMENTOS,LATA DE ERVILHA
2021-06-09,659846,561,M,2,0,B,216,ALIMENTOS,BROCOLIS
2021-06-09,659933,159,M,1,0,C,94,LIMPEZA,ALCOOL
2021-06-09,659960,246,M,2,2,B,11,ALIMENTOS,AZEITE
2021-06-09,660024,695,M,2,0,A,37,ALIMENTOS,LEITE
2021-06-09,660047,948,M,4,0,C,80,HIGIENE,HASTES FLEXIVEIS
2021-09-13,660117,28,F,1,2,B,167,ALIMENTOS,MANGA
2021-09-13,660134,360,M,4,0,B,12,ALIMENTOS,AZEITONA
2021-09-13,660213,167,M,1,1,A,9,ALIMENTOS,ARROZ INTEGRAL
2021-09-13,660281,89,F,3,3,C,202,LIMPEZA,DESENGORDURANTE
2021-09-13,660297,756,F,1,4,B,171,ALIMENTOS,MACARRAO
2021-09-13,660363,931,M,2,0,A,228,LIMPEZA,AMACIANTE
2021-09-13,660452,871,F,1,3,C,134,LIMPEZA,SABAO
2021-09-13,660504,764,F,3,1,B,173,ALIMENTOS,LINGUICA
2021-09-13,660530,779,M,3,4,A,201,LIMPEZA,DESINFETANTE
2021-09-13,660583,893,F,1,0,B,113,LIMPEZA,TIRA MANCHA
2021-09-13,660606,399,F,4,1,C,109,LIMPEZA,RODO
2021-09-13,660681,918,F,2,4,C,118,PET,RACAO UMIDA PARA CAES
2021-09-13,660729,47,F,4,0,B,135,LIMPEZA,RODO
2021-09-13,660737,114,F,3,3,B,180,ALIMENTOS,LEITE
2021-09-13,660772,458,F,3,4,C,228,LIMPEZA,AMACIANTE
2021-09-13,660816,270,F,3,1,B,154,HIGIENE,PRESERVATIVO
2021-09-13,660825,563,M,3,0,B,131,ALIMENTOS,SALGADINHO
2021-09-13,660867,928,F,5,1,B,225,ALIMENTOS,ATUM
2021-09-13,660951,276,F,3,0,B,124,LIMPEZA,TIRA LIMO
2021-09-13,661003,711,M,4,2,B,107,#N/D,#N/D
2021-09-13,661066,528,M,2,2,C,206,ALIMENTOS,CORACAO DE FRANGO
2021-09-13,661101,91,M,3,0,B,17,ALIMENTOS,BISCOITO
2021-09-13,661146,88,F,1,0,B,75,HIGIENE,ESCOVA DE DENTE
2021-09-13,661151,657,M,2,3,B,118,PET,RACAO UMIDA PARA CAES
2021-09-13,661168,197,F,2,0,B,221,ALIMENTOS,BANANA
2021-09-13,661197,432,F,1,0,C,216,ALIMENTOS,BROCOLIS
2021-09-13,661241,193,F,4,0,B,118,PET,RACAO UMIDA PARA CAES
2021-09-13,661269,260,F,2,0,C,73,HIGIENE,CREME
2021-09-13,661277,271,F,4,0,B,79,HIGIENE,GEL
2021-09-13,661345,323,M,1,3,B,172,LIMPEZA,LUSTRA MOVEIS
2021-09-13,661416,894,F,4,3,C,24,ALIMENTOS,COPA SUINA
2021-09-13,661496,163,F,3,0,A,150,ALIMENTOS,QUEIJO DE CABRA
2021-09-13,661575,82,F,1,1,C,95,LIMPEZA,AMACIANTE
2021-09-13,661657,130,F,1,0,B,225,ALIMENTOS,ATUM
2021-09-18,661685,992,F,2,0,B,218,ALIMENTOS,BIFE DE COXAO MOLE
2021-09-18,661739,226,F,4,0,B,190,HIGIENE,GEL
2021-09-18,661818,321,M,2,0,B,178,HIGIENE,LENCO UMEDECIDO
2021-09-18,661872,917,M,1,0,A,213,ALIMENTOS,CENOURA
2021-09-18,661878,320,M,3,4,B,34,ALIMENTOS,KETCHUP
2021-09-18,661964,715,F,3,4,B,67,BEBIDAS,REFRIGERANTE GUARANA
2021-09-18,662038,710,F,3,1,C,135,LIMPEZA,RODO
2021-09-18,662121,548,F,4,0,C,127,ALIMENTOS,SNACKS
2021-09-18,662164,677,M,4,0,B,136,ALIMENTOS,RICOTA
2021-09-18,662221,303,M,3,4,B,137,ALIMENTOS,REQUEIJAO
2021-09-18,662317,657,M,2,3,B,34,ALIMENTOS,KETCHUP
2021-09-18,662385,121,F,1,2,B,201,LIMPEZA,DESINFETANTE
2021-09-18,662400,703,M,1,3,B,127,ALIMENTOS,SNACKS
2021-09-18,662496,707,M,4,0,B,61,ALIMENTOS,SARDINHA
2021-09-18,662540,685,F,4,0,B,141,BEBIDAS,REFRIGERANTE LIMaO
2021-09-18,662586,65,M,4,0,B,34,ALIMENTOS,KETCHUP
2021-09-18,662669,203,F,3,0,A,177,ALIMENTOS,LIMAO
2021-09-18,662699,744,M,4,0,A,42,ALIMENTOS,MACARRAO INSTANTANEO
2021-09-18,662767,494,F,5,1,C,88,HIGIENE,REPELENTE
2021-09-18,662862,813,F,4,0,C,84,HIGIENE,PAPEL HIGIENICO
2021-09-18,662890,108,M,1,0,B,148,PET,RACAO SECA PARA CAES
2021-09-18,662970,785,M,1,4,C,218,ALIMENTOS,BIFE DE COXAO MOLE
2021-09-18,663017,621,F,4,0,B,104,LIMPEZA,LIMPADOR PERFUMADO
2021-09-18,663050,872,M,3,4,A,66,BEBIDAS,REFRIGERANTE COLA
2021-09-18,663064,917,M,1,0,A,228,LIMPEZA,AMACIANTE
2021-09-18,663141,395,F,4,1,B,134,LIMPEZA,SABAO
2021-09-18,663187,453,F,1,0,B,170,ALIMENTOS,MACARRAO INSTANTANEO
2021-09-18,663277,407,F,3,3,A,107,#N/D,#N/D
2021-09-18,663309,542,M,3,1,B,50,ALIMENTOS,PAO DE FORMA
2021-09-18,663334,612,F,3,4,B,40,ALIMENTOS,LINGUICA
2021-09-18,663397,255,M,4,0,B,227,ALIMENTOS,ARROZ
2021-09-18,663406,8,F,3,0,B,153,ALIMENTOS,PRESUNTO COZIDO
2021-09-18,663491,612,F,3,4,B,147,PET,RACAO SECA PARA GATOS
2021-09-18,663505,144,M,1,0,B,50,ALIMENTOS,PAO DE FORMA
2021-09-18,663567,442,F,3,2,B,128,HIGIENE,SHAMPOO
2021-09-18,663625,311,F,4,0,C,12,ALIMENTOS,AZEITONA
2021-09-18,663629,180,M,3,4,B,151,HIGIENE,PROTETOR SOLAR
2021-09-18,663684,927,M,1,1,C,140,BEBIDAS,REFRIGERANTE OUTROS
2021-09-18,663759,630,M,1,2,C,158,HIGIENE,PAPEL HIGIENICO
2021-09-18,663797,171,F,3,1,B,83,HIGIENE,MODELADOR
2021-09-18,663820,701,M,3,0,B,32,ALIMENTOS,HAMBUGUER
2021-09-18,663894,868,M,4,0,B,151,HIGIENE,PROTETOR SOLAR
2021-09-18,663963,347,F,4,0,B,102,LIMPEZA,LIMPA VIDROS
2021-09-18,663989,618,M,4,3,B,66,BEBIDAS,REFRIGERANTE COLA
2021-09-18,664025,628,M,3,0,B,165,ALIMENTOS,MOLHO BARBECUE
2021-09-18,664105,583,F,2,0,B,159,ALIMENTOS,PAO DE FORMA
2021-09-18,664160,680,F,3,0,C,161,ALIMENTOS,OVOS
2021-09-18,664213,124,F,4,2,B,154,HIGIENE,PRESERVATIVO
2021-09-18,664262,922,M,1,0,B,37,ALIMENTOS,LEITE
2021-09-18,664284,199,M,3,3,B,102,LIMPEZA,LIMPA VIDROS
2021-09-18,664338,691,M,4,0,B,14,ALIMENTOS,BATATA
2021-09-18,664399,436,M,2,4,B,212,LIMPEZA,CERA
2021-09-18,664479,504,M,3,0,B,216,ALIMENTOS,BROCOLIS
2021-09-18,664557,576,M,3,0,B,8,ALIMENTOS,ARROZ
2021-09-18,664565,567,F,1,0,C,7,ALIMENTOS,ALMONDEGA
2021-09-25,664636,790,F,3,0,B,154,HIGIENE,PRESERVATIVO
2021-09-25,664682,127,F,4,2,C,143,BEBIDAS,REFRIGERANTE GUARANA
2021-09-25,664706,107,F,2,0,C,85,HIGIENE,PASTA DE DENTE
2021-09-25,664770,601,M,4,0,A,100,LIMPEZA,DETERGENTE
2021-09-25,664869,890,M,3,0,C,219,ALIMENTOS,BATATA DOCE
2021-09-25,664901,988,F,2,0,C,68,BEBIDAS,REFRIGERANTE LARANJA
2021-09-25,664929,634,F,2,0,C,26,ALIMENTOS,COXA E SOBRECOXA DE FRANGO
2021-09-25,664965,79,F,2,0,C,194,ALIMENTOS,FILE DE PEIXE
2021-09-25,664990,644,M,1,0,C,90,HIGIENE,SHAMPOO
2021-09-25,665076,209,F,4,0,B,141,BEBIDAS,REFRIGERANTE LIMaO
2021-09-25,665100,832,F,1,0,B,86,HIGIENE,PRESERVATIVO
2021-09-25,665164,235,F,4,0,B,69,BEBIDAS,REFRIGERANTE LIMaO
2021-09-25,665209,253,F,4,1,B,135,LIMPEZA,RODO
2021-09-25,665217,324,F,3,3,B,103,LIMPEZA,LIMPADOR MULTIUSO
2021-09-25,665263,563,M,3,0,B,153,ALIMENTOS,PRESUNTO COZIDO
2021-09-25,665310,747,M,1,0,B,44,ALIMENTOS,MAMAO
2021-09-25,665353,267,F,4,2,B,62,ALIMENTOS,SNACKS
2021-09-25,665362,392,M,2,2,C,109,LIMPEZA,RODO
2021-09-25,665437,219,M,2,0,B,200,LIMPEZA,DETERGENTE
2021-09-25,665464,96,F,1,1,C,194,ALIMENTOS,FILE DE PEIXE
2021-09-25,665562,709,F,3,0,B,195,ALIMENTOS,FEIJAO
2021-09-25,665603,714,M,1,0,B,58,ALIMENTOS,RICOTA
2021-09-25,665698,449,F,2,3,B,185,LIMPEZA,INSETICIDA
2021-09-25,665792,210,M,2,2,C,74,HIGIENE,ENXAGUANTE BUCAL
2021-09-25,665865,829,F,3,4,B,35,ALIMENTOS,LATA DE ERVILHA
2021-09-25,665951,185,F,3,0,C,151,HIGIENE,PROTETOR SOLAR
2021-09-25,666020,493,M,2,4,B,42,ALIMENTOS,MACARRAO INSTANTANEO
2021-09-25,666054,84,F,3,0,C,103,LIMPEZA,LIMPADOR MULTIUSO
2021-09-25,666078,807,M,1,3,B,142,BEBIDAS,REFRIGERANTE LARANJA
2021-09-25,666109,423,F,5,2,A,166,HIGIENE,MODELADOR
2021-09-25,666112,460,F,1,3,B,47,ALIMENTOS,MORTADELA
2021-09-25,666167,77,F,4,1,B,115,PET,ALIMENTO PARA PASSARO
2021-09-25,666233,90,F,2,2,B,191,HIGIENE,FRALDA
2021-09-25,666300,60,F,2,3,B,123,LIMPEZA,TIRA MANCHA
2021-09-25,666367,44,F,4,0,C,182,ALIMENTOS,LATA DE ERVILHA
2021-09-25,666458,626,M,3,1,C,74,HIGIENE,ENXAGUANTE BUCAL
2021-09-25,666531,654,M,1,1,B,90,HIGIENE,SHAMPOO
2021-09-25,666583,858,F,4,2,C,22,ALIMENTOS,CHA
2021-09-25,666614,945,F,2,3,B,225,ALIMENTOS,ATUM
2021-09-25,666684,981,F,4,1,C,8,ALIMENTOS,ARROZ
2021-09-25,666702,201,M,3,0,B,122,ALIMENTOS,TOMATE
2021-09-25,666720,383,M,1,3,C,151,HIGIENE,PROTETOR SOLAR
2021-09-25,666806,644,M,1,0,C,145,PET,RACAO UMIDA PARA GATOS
2021-09-25,666850,568,F,4,1,A,146,PET,RACAO UMIDA PARA CAES
2021-09-25,666866,38,M,3,0,B,113,LIMPEZA,TIRA MANCHA
2021-09-25,666869,435,F,2,0,C,167,ALIMENTOS,MANGA
2021-09-25,666909,127,F,4,2,C,34,ALIMENTOS,KETCHUP
2021-09-25,666963,303,M,3,4,B,6,ALIMENTOS,ALHO
2021-09-25,667049,134,F,3,0,B,154,HIGIENE,PRESERVATIVO
2021-09-25,667074,37,M,3,0,B,120,LIMPEZA,VASSOURA
2021-09-25,667170,425,F,3,0,B,37,ALIMENTOS,LEITE
2021-09-25,667193,108,M,1,0,B,190,HIGIENE,GEL
2021-09-25,667223,743,M,1,3,C,39,ALIMENTOS,LIMAO
2021-09-25,667317,535,M,4,0,A,39,ALIMENTOS,LIMAO
2021-09-25,667354,11,F,4,0,A,106,LIMPEZA,ODORIZADOR
2021-09-25,667450,675,M,4,0,B,127,ALIMENTOS,SNACKS
2021-09-25,667535,936,F,3,2,B,123,LIMPEZA,TIRA MANCHA
2021-09-25,667612,561,M,2,0,B,184,ALIMENTOS,IOGURTE
2021-09-28,667633,184,M,1,3,B,139,LIMPEZA,REMOVEDOR
2021-09-28,667722,895,M,3,0,B,152,ALIMENTOS,PRESUNTO COZIDO
2021-09-28,667753,527,F,4,1,B,167,ALIMENTOS,MANGA
2021-09-28,667838,359,F,1,0,B,47,ALIMENTOS,MORTADELA
2021-09-28,667877,532,F,2,3,B,107,#N/D,#N/D
2021-09-28,667970,636,M,2,2,B,10,ALIMENTOS,ATUM
2021-09-28,668052,603,M,3,0,B,144,BEBIDAS,REFRIGERANTE COLA
2021-09-28,668071,472,M,2,1,C,111,LIMPEZA,SABAO EM PO
2021-09-28,668156,37,M,3,0,B,214,ALIMENTOS,CEBOLA
2021-09-28,668187,664,M,3,1,B,122,ALIMENTOS,TOMATE
2021-09-28,668220,382,F,3,0,C,170,ALIMENTOS,MACARRAO INSTANTANEO
2021-09-28,668312,644,M,1,0,C,132,HIGIENE,SABONETE
2021-09-28,668387,642,M,2,3,B,67,BEBIDAS,REFRIGERANTE GUARANA
2021-09-28,668389,18,M,4,0,C,19,ALIMENTOS,CAFE
2021-09-28,668481,181,F,2,2,B,150,ALIMENTOS,QUEIJO DE CABRA
2021-09-28,668538,618,M,4,3,B,84,HIGIENE,PAPEL HIGIENICO
2021-09-28,668567,761,F,1,4,B,221,ALIMENTOS,BANANA
2021-09-28,668603,894,F,4,3,C,84,HIGIENE,PAPEL HIGIENICO
2021-09-28,668692,223,F,3,0,B,2,ACESSORIOS,MORDEDOR
2021-09-28,668757,114,F,3,3,B,185,LIMPEZA,INSETICIDA
2021-09-28,668773,514,M,4,0,C,56,ALIMENTOS,QUEIJO MUSSARELA
2021-09-28,668868,348,F,3,0,A,61,ALIMENTOS,SARDINHA
2021-09-28,668914,605,M,4,2,B,161,ALIMENTOS,OVOS
2021-09-28,668924,550,M,4,0,B,105,LIMPEZA,LUSTRA MOVEIS
2021-09-28,669019,802,M,1,1,B,162,LIMPEZA,ODORIZADOR
2021-09-28,669082,409,F,3,4,B,11,ALIMENTOS,AZEITE
2021-09-28,669088,14,M,1,3,B,149,ALIMENTOS,QUEIJO MUSSARELA
2021-09-28,669156,825,M,1,2,C,98,LIMPEZA,DESENGORDURANTE
2021-09-28,669217,860,M,1,0,B,32,ALIMENTOS,HAMBUGUER
2021-09-28,669250,275,M,4,0,B,166,HIGIENE,MODELADOR
2021-09-28,669316,597,M,3,0,C,164,ACESSORIOS,MORDEDOR
2021-09-28,669368,535,M,4,0,A,41,ALIMENTOS,MACARRAO
2021-09-28,669464,893,F,1,0,B,157,ALIMENTOS,PAPINHA INFANTIL
2021-09-28,669514,661,M,3,0,B,197,HIGIENE,ENXAGUANTE BUCAL
2021-05-10,669598,696,M,2,0,B,160,ALIMENTOS,PALMITO
2021-05-10,669621,92,M,4,1,B,49,ALIMENTOS,PALMITO
2021-05-10,669665,159,M,1,0,C,15,ALIMENTOS,BATATA DOCE
2021-05-10,669699,146,F,2,0,B,100,LIMPEZA,DETERGENTE
2021-05-10,669731,666,F,2,2,B,179,ALIMENTOS,LEITE CONDENSADO
2021-05-10,669773,818,F,2,0,B,193,HIGIENE,FIO DENTAL
2021-05-10,669784,330,F,1,0,B,108,LIMPEZA,REMOVEDOR
2021-05-10,669790,352,M,4,2,B,92,HIGIENE,TINTURAS
2021-05-10,669879,90,F,2,2,B,122,ALIMENTOS,TOMATE
2021-05-10,669887,677,M,4,0,B,163,ALIMENTOS,MORTADELA
2021-05-10,669913,479,F,1,0,B,219,ALIMENTOS,BATATA DOCE
2021-05-10,669962,254,F,5,2,B,125,HIGIENE,TINTURAS
2021-05-10,669975,572,M,1,0,C,228,LIMPEZA,AMACIANTE
2021-05-10,669986,678,F,3,0,C,89,HIGIENE,SABONETE
2021-05-10,670027,90,F,2,2,B,58,ALIMENTOS,RICOTA
2021-05-10,670039,573,F,1,0,C,165,ALIMENTOS,MOLHO BARBECUE
2021-05-10,670040,662,F,1,1,B,138,HIGIENE,REPELENTE
2021-05-10,670082,312,M,1,0,A,108,LIMPEZA,REMOVEDOR
2021-05-10,670096,251,F,2,0,C,166,HIGIENE,MODELADOR
2021-05-10,670117,425,F,3,0,B,142,BEBIDAS,REFRIGERANTE LARANJA
2021-05-10,670191,411,F,2,0,B,220,ALIMENTOS,BATATA
2021-05-10,670237,247,M,1,0,B,10,ALIMENTOS,ATUM
2021-05-10,670291,113,F,3,0,B,107,#N/D,#N/D
2021-05-10,670306,213,M,2,4,B,56,ALIMENTOS,QUEIJO MUSSARELA
2021-05-10,670359,991,F,2,2,C,84,HIGIENE,PAPEL HIGIENICO
2021-05-10,670424,314,F,1,1,A,180,ALIMENTOS,LEITE
2021-05-10,670471,353,M,1,2,B,200,LIMPEZA,DETERGENTE
2021-05-10,670529,204,F,3,3,B,84,HIGIENE,PAPEL HIGIENICO
2021-05-10,670546,950,M,3,0,C,51,ALIMENTOS,PAPINHA INFANTIL
2021-05-10,670586,890,M,3,0,C,205,ALIMENTOS,COXA E SOBRECOXA DE FRANGO
2021-05-10,670598,769,F,3,3,C,88,HIGIENE,REPELENTE
2021-05-10,670661,723,M,4,0,B,152,ALIMENTOS,PRESUNTO COZIDO
2021-05-10,670754,683,F,3,0,B,133,LIMPEZA,SABAO EM PO
2021-05-10,670851,922,M,1,0,B,137,ALIMENTOS,REQUEIJAO
2021-05-10,670928,959,M,5,1,B,196,HIGIENE,ESCOVA DE DENTE
2021-05-10,671002,995,M,3,1,B,33,ALIMENTOS,IOGURTE
2021-05-10,671022,674,M,4,1,B,148,PET,RACAO SECA PARA CAES
2021-05-10,671070,698,F,2,0,B,193,HIGIENE,FIO DENTAL
2021-05-10,671117,6,F,2,0,B,13,ALIMENTOS,BANANA
2021-05-10,671195,722,F,4,0,B,52,ALIMENTOS,PATE
2021-05-10,671263,443,F,4,0,C,6,ALIMENTOS,ALHO
2021-05-10,671279,135,M,3,0,B,31,ALIMENTOS,GRANOLA
2021-09-10,671374,739,F,2,3,B,132,HIGIENE,SABONETE
2021-09-10,671391,670,M,4,0,C,171,ALIMENTOS,MACARRAO
2021-09-10,671450,630,M,1,2,C,6,ALIMENTOS,ALHO
2021-09-10,671538,984,F,4,3,B,106,LIMPEZA,ODORIZADOR
2021-09-10,671578,917,M,1,0,A,32,ALIMENTOS,HAMBUGUER
2021-09-10,671612,124,F,4,2,B,178,HIGIENE,LENCO UMEDECIDO
2021-09-10,671672,902,F,2,1,B,35,ALIMENTOS,LATA DE ERVILHA
2021-09-10,671752,153,M,4,1,B,137,ALIMENTOS,REQUEIJAO
2021-09-10,671850,802,M,1,1,B,41,ALIMENTOS,MACARRAO
2021-09-10,671868,555,M,4,3,A,6,ALIMENTOS,ALHO
2021-09-10,671885,68,F,2,1,A,212,LIMPEZA,CERA
2021-09-10,671949,107,F,2,0,C,198,BEBIDAS,ENERGETICO
2021-09-10,672024,922,M,1,0,B,24,ALIMENTOS,COPA SUINA
2021-09-10,672115,268,M,4,0,B,127,ALIMENTOS,SNACKS
2021-09-10,672144,881,F,5,1,C,15,ALIMENTOS,BATATA DOCE
2021-09-10,672182,218,M,4,0,B,92,HIGIENE,TINTURAS
2021-09-10,672183,921,M,2,3,B,107,#N/D,#N/D
2021-09-10,672259,891,F,3,2,B,119,PET,RACAO UMIDA PARA GATOS
2021-09-10,672332,187,M,2,1,B,9,ALIMENTOS,ARROZ INTEGRAL
2021-09-10,672428,251,F,2,0,C,77,HIGIENE,FIXADOR
2021-09-10,672477,91,M,3,0,B,85,HIGIENE,PASTA DE DENTE
2021-09-10,672479,687,M,2,3,C,58,ALIMENTOS,RICOTA
2021-09-10,672575,552,M,4,0,B,103,LIMPEZA,LIMPADOR MULTIUSO
2021-09-10,672612,39,M,2,0,C,87,HIGIENE,PROTETOR SOLAR
2021-09-10,672684,624,M,4,0,B,45,ALIMENTOS,MANGA
2021-09-10,672760,905,M,1,0,B,229,ALIMENTOS,ALMONDEGA
2021-09-10,672833,930,F,4,1,B,59,ALIMENTOS,SALGADINHO
2021-09-10,672834,992,F,2,0,B,194,ALIMENTOS,FILE DE PEIXE
2021-09-10,672886,882,F,4,1,B,175,LIMPEZA,LIMPADOR MULTIUSO
2021-09-10,672906,678,F,3,0,C,32,ALIMENTOS,HAMBUGUER
2021-09-10,672940,532,F,2,3,B,167,ALIMENTOS,MANGA
2021-09-10,673030,103,M,3,4,B,169,ALIMENTOS,MAMAO
2021-09-10,673111,858,F,4,2,C,165,ALIMENTOS,MOLHO BARBECUE
2021-09-10,673156,646,F,1,0,B,140,BEBIDAS,REFRIGERANTE OUTROS
2021-09-10,673194,424,M,1,4,B,61,ALIMENTOS,SARDINHA
2021-09-10,673262,989,M,2,0,B,44,ALIMENTOS,MAMAO
2021-09-10,673283,382,F,3,0,C,170,ALIMENTOS,MACARRAO INSTANTANEO
2021-09-10,673340,909,M,3,0,B,205,ALIMENTOS,COXA E SOBRECOXA DE FRANGO
2021-09-10,673373,600,M,2,4,C,163,ALIMENTOS,MORTADELA
2021-09-10,673381,62,F,2,0,B,224,ALIMENTOS,AZEITE
2021-09-10,673383,110,M,3,0,C,150,ALIMENTOS,QUEIJO DE CABRA
2021-09-10,673467,522,M,1,2,A,101,LIMPEZA,INSETICIDA
2021-09-10,673541,813,F,4,0,C,146,PET,RACAO UMIDA PARA CAES
2021-09-10,673565,534,M,4,1,C,100,LIMPEZA,DETERGENTE
2021-09-10,673614,562,F,3,0,B,100,LIMPEZA,DETERGENTE
2021-09-10,673651,293,M,4,0,B,135,LIMPEZA,RODO
2021-09-10,673706,696,M,2,0,B,60,ALIMENTOS,SALGADINHOS DE MILHO
2021-09-10,673773,282,M,2,0,B,168,ALIMENTOS,MAMAO PAPAYA
2021-09-10,673844,488,M,3,2,B,97,LIMPEZA,CERA
2021-09-10,673859,953,M,1,1,B,216,ALIMENTOS,BROCOLIS
2021-09-10,673936,818,F,2,0,B,5,ALIMENTOS,ACHOCOLATADO
2021-09-10,673976,479,F,1,0,B,211,ALIMENTOS,CHA
2021-10-10,674014,905,M,1,0,B,1,ACESSORIOS,CHUPETA
2021-10-10,674088,556,F,4,0,B,69,BEBIDAS,REFRIGERANTE LIMaO
2021-10-10,674089,80,F,2,1,C,179,ALIMENTOS,LEITE CONDENSADO
2021-10-10,674090,79,F,2,0,C,222,LIMPEZA,BALDE
2021-10-10,674140,248,M,3,0,C,209,ALIMENTOS,COGUMELOS
2021-10-10,674213,869,F,3,0,B,158,HIGIENE,PAPEL HIGIENICO
2021-10-10,674260,740,F,1,4,C,10,ALIMENTOS,ATUM
2021-10-10,674338,819,M,4,0,B,161,ALIMENTOS,OVOS
2021-10-10,674380,924,F,2,2,B,74,HIGIENE,ENXAGUANTE BUCAL
2021-10-10,674465,729,M,3,0,B,41,ALIMENTOS,MACARRAO
2021-10-10,674525,661,M,3,0,B,134,LIMPEZA,SABAO
2021-10-10,674621,344,M,3,0,B,35,ALIMENTOS,LATA DE ERVILHA
2021-10-10,674661,280,M,4,3,B,168,ALIMENTOS,MAMAO PAPAYA
2021-10-10,674744,115,M,4,0,B,131,ALIMENTOS,SALGADINHO
2021-10-10,674800,749,F,4,1,B,131,ALIMENTOS,SALGADINHO
2021-10-10,674805,53,M,1,1,B,21,ALIMENTOS,CENOURA
2021-10-10,674881,452,M,1,3,B,111,LIMPEZA,SABAO EM PO
2021-10-10,674917,630,M,1,2,C,185,LIMPEZA,INSETICIDA
2021-10-10,674975,955,F,3,2,C,172,LIMPEZA,LUSTRA MOVEIS
2021-10-10,675027,950,M,3,0,C,144,BEBIDAS,REFRIGERANTE COLA
2021-10-10,675119,883,M,1,0,B,100,LIMPEZA,DETERGENTE
2021-10-10,675135,7,M,1,3,B,217,ALIMENTOS,BISCOITO
2021-10-10,675216,799,M,4,3,C,51,ALIMENTOS,PAPINHA INFANTIL
2021-10-10,675227,979,F,3,0,A,134,LIMPEZA,SABAO
2021-10-10,675277,439,F,3,0,B,98,LIMPEZA,DESENGORDURANTE
2021-10-10,675371,887,F,3,0,B,20,ALIMENTOS,CEBOLA
2021-10-10,675378,23,M,3,0,B,66,BEBIDAS,REFRIGERANTE COLA
2021-10-10,675386,122,M,3,3,B,94,LIMPEZA,ALCOOL
2021-10-10,675419,359,F,1,0,B,170,ALIMENTOS,MACARRAO INSTANTANEO
2021-10-10,675452,998,F,2,0,C,58,ALIMENTOS,RICOTA
2021-10-10,675497,640,M,4,0,C,220,ALIMENTOS,BATATA
2021-10-10,675586,372,M,1,4,B,115,PET,ALIMENTO PARA PASSARO
2021-10-10,675616,205,M,2,4,B,228,LIMPEZA,AMACIANTE
2021-10-10,675692,540,F,2,0,C,36,ALIMENTOS,LATA DE MILHO
2021-10-10,675724,797,M,2,4,B,173,ALIMENTOS,LINGUICA
2021-10-10,675808,738,M,1,0,C,17,ALIMENTOS,BISCOITO
2021-10-10,675895,101,F,1,0,C,48,ALIMENTOS,OVOS
2021-10-10,675930,185,F,3,0,C,31,ALIMENTOS,GRANOLA
2021-10-10,675962,486,M,4,0,B,175,LIMPEZA,LIMPADOR MULTIUSO
2021-10-10,676059,869,F,3,0,B,124,LIMPEZA,TIRA LIMO
2021-10-10,676091,281,F,2,0,B,56,ALIMENTOS,QUEIJO MUSSARELA
2021-10-10,676143,265,M,2,3,B,64,ALIMENTOS,UVA
2021-10-10,676154,434,M,1,4,B,47,ALIMENTOS,MORTADELA
2021-10-10,676229,451,M,3,0,C,221,ALIMENTOS,BANANA
2021-10-10,676258,602,M,3,0,B,138,HIGIENE,REPELENTE
2021-10-10,676261,140,F,1,0,C,155,ALIMENTOS,PATE
2021-10-10,676315,779,M,3,4,A,168,ALIMENTOS,MAMAO PAPAYA
2021-10-10,676334,622,F,3,0,B,100,LIMPEZA,DETERGENTE
2021-10-10,676371,839,F,1,3,B,201,LIMPEZA,DESINFETANTE
2021-10-10,676406,522,M,1,2,A,165,ALIMENTOS,MOLHO BARBECUE
2021-10-10,676439,430,F,4,1,B,169,ALIMENTOS,MAMAO
2021-10-10,676495,174,M,4,3,C,210,ACESSORIOS,CHUPETA
2021-10-10,676550,987,F,1,0,B,100,LIMPEZA,DETERGENTE
2021-10-10,676562,594,F,3,1,C,177,ALIMENTOS,LIMAO
2021-10-10,676608,585,F,2,4,B,118,PET,RACAO UMIDA PARA CAES
2021-10-10,676705,898,F,4,0,C,203,ALIMENTOS,DANETTE
2021-10-10,676730,698,F,2,0,B,175,LIMPEZA,LIMPADOR MULTIUSO
2021-10-10,676823,722,F,4,0,B,185,LIMPEZA,INSETICIDA
2021-10-10,676867,253,F,4,1,B,26,ALIMENTOS,COXA E SOBRECOXA DE FRANGO
2021-10-10,676936,596,M,2,0,B,14,ALIMENTOS,BATATA
2021-10-10,676970,391,F,2,0,A,167,ALIMENTOS,MANGA
2021-10-10,677014,730,F,2,0,B,24,ALIMENTOS,COPA SUINA
2021-10-10,677048,26,F,4,1,A,16,ALIMENTOS,BIFE DE COXAO MOLE
2021-10-10,677076,143,F,1,4,B,177,ALIMENTOS,LIMAO
2021-10-10,677163,51,F,3,0,B,24,ALIMENTOS,COPA SUINA
2021-10-13,677191,773,M,4,0,B,30,ALIMENTOS,FILE DE PEIXE
2021-10-13,677272,439,F,3,0,B,142,BEBIDAS,REFRIGERANTE LARANJA
2021-10-13,677290,247,M,1,0,B,175,LIMPEZA,LIMPADOR MULTIUSO
2021-10-13,677311,750,M,2,2,C,226,ALIMENTOS,ARROZ INTEGRAL
2021-10-13,677363,995,M,3,1,B,108,LIMPEZA,REMOVEDOR
2021-10-13,677408,777,F,1,0,B,5,ALIMENTOS,ACHOCOLATADO
2021-10-13,677449,203,F,3,0,A,9,ALIMENTOS,ARROZ INTEGRAL
2021-10-13,677483,360,M,4,0,B,36,ALIMENTOS,LATA DE MILHO
2021-10-13,677504,419,F,2,1,B,134,LIMPEZA,SABAO
2021-10-13,677594,983,F,4,0,C,210,ACESSORIOS,CHUPETA
2021-10-13,677651,112,M,4,0,B,10,ALIMENTOS,ATUM
2021-10-13,677713,769,F,3,3,C,113,LIMPEZA,TIRA MANCHA
2021-10-13,677807,122,M,3,3,B,149,ALIMENTOS,QUEIJO MUSSARELA
2021-10-13,677851,795,F,4,2,B,109,LIMPEZA,RODO
2021-10-13,677905,378,F,2,0,C,183,ALIMENTOS,KETCHUP
2021-10-13,677927,394,M,1,0,B,34,ALIMENTOS,KETCHUP
2021-10-13,678019,773,M,4,0,B,65,BEBIDAS,ENERGETICO
2021-10-13,678089,435,F,2,0,C,204,HIGIENE,CREME
2021-10-13,678114,268,M,4,0,B,197,HIGIENE,ENXAGUANTE BUCAL
2021-10-13,678206,213,M,2,4,B,87,HIGIENE,PROTETOR SOLAR
2021-10-13,678292,777,F,1,0,B,224,ALIMENTOS,AZEITE
2021-10-13,678376,43,M,2,0,B,183,ALIMENTOS,KETCHUP
2021-10-13,678387,768,F,4,0,B,78,HIGIENE,FRALDA
2021-10-13,678481,531,F,3,1,B,79,HIGIENE,GEL
2021-10-13,678523,420,M,3,0,B,50,ALIMENTOS,PAO DE FORMA
2021-10-13,678593,918,F,2,4,C,62,ALIMENTOS,SNACKS
2021-10-13,678613,544,F,2,0,B,181,ALIMENTOS,LATA DE MILHO
2021-10-13,678625,96,F,1,1,C,23,ALIMENTOS,COGUMELOS
2021-10-13,678678,414,F,1,0,B,35,ALIMENTOS,LATA DE ERVILHA
2021-10-13,678755,455,F,2,0,C,130,ALIMENTOS,SALGADINHOS DE MILHO
2021-10-13,678759,485,M,3,3,B,46,ALIMENTOS,MOLHO BARBECUE
2021-10-13,678782,587,M,1,0,B,81,HIGIENE,HIDRATANTE
2021-10-13,678831,945,F,2,3,B,109,LIMPEZA,RODO
2021-10-13,678883,846,F,4,3,C,165,ALIMENTOS,MOLHO BARBECUE
2021-10-13,678953,579,F,3,0,B,133,LIMPEZA,SABAO EM PO
2021-10-13,678976,653,M,2,0,C,9,ALIMENTOS,ARROZ INTEGRAL
2021-10-13,679062,53,M,1,1,B,188,ALIMENTOS,HAMBUGUER
2021-10-13,679097,462,F,4,0,A,102,LIMPEZA,LIMPA VIDROS
2021-10-13,679148,940,F,1,3,B,199,ALIMENTOS,DOCE
2021-10-13,679161,177,F,3,2,C,37,ALIMENTOS,LEITE
2021-10-13,679222,547,F,3,4,C,168,ALIMENTOS,MAMAO PAPAYA
2021-10-13,679265,160,F,3,4,B,98,LIMPEZA,DESENGORDURANTE
2021-10-13,679305,105,F,4,0,C,44,ALIMENTOS,MAMAO
2021-10-13,679321,204,F,3,3,B,42,ALIMENTOS,MACARRAO INSTANTANEO
2021-10-13,679395,531,F,3,1,B,123,LIMPEZA,TIRA MANCHA
2021-10-13,679478,75,M,1,0,B,16,ALIMENTOS,BIFE DE COXAO MOLE
2021-10-13,679512,128,F,2,0,B,106,LIMPEZA,ODORIZADOR
2021-10-13,679539,421,M,3,3,C,140,BEBIDAS,REFRIGERANTE OUTROS
2021-10-13,679544,964,M,2,0,B,65,BEBIDAS,ENERGETICO
2021-10-13,679560,119,F,3,2,B,203,ALIMENTOS,DANETTE
2021-10-13,679603,93,F,2,0,C,184,ALIMENTOS,IOGURTE
2021-10-13,679626,600,M,2,4,C,7,ALIMENTOS,ALMONDEGA
2021-10-13,679709,703,M,1,3,B,204,HIGIENE,CREME
2021-10-13,679808,925,M,2,0,C,24,ALIMENTOS,COPA SUINA
2021-10-13,679863,414,F,1,0,B,35,ALIMENTOS,LATA DE ERVILHA
2021-10-13,679954,180,M,3,4,B,188,ALIMENTOS,HAMBUGUER
2021-10-13,680043,430,F,4,1,B,190,HIGIENE,GEL
2021-10-13,680105,584,M,3,0,B,37,ALIMENTOS,LEITE
2021-10-13,680182,245,F,4,3,B,210,ACESSORIOS,CHUPETA
2021-10-13,680244,124,F,4,2,B,140,BEBIDAS,REFRIGERANTE OUTROS
2021-10-13,680328,908,M,3,2,C,153,ALIMENTOS,PRESUNTO COZIDO
2021-10-13,680410,550,M,4,0,B,5,ALIMENTOS,ACHOCOLATADO
2021-10-13,680485,262,M,1,2,B,68,BEBIDAS,REFRIGERANTE LARANJA
2021-10-13,680487,657,M,2,3,B,31,ALIMENTOS,GRANOLA
2021-10-13,680528,166,F,1,0,B,191,HIGIENE,FRALDA
2021-10-13,680599,949,M,1,0,B,210,ACESSORIOS,CHUPETA
2021-10-13,680605,91,M,3,0,B,216,ALIMENTOS,BROCOLIS
2021-10-15,680691,726,M,2,0,B,223,ALIMENTOS,AZEITONA
2021-10-15,680767,873,F,3,0,B,34,ALIMENTOS,KETCHUP
2021-10-15,680835,330,F,1,0,B,187,HIGIENE,HASTES FLEXIVEIS
2021-10-15,680916,93,F,2,0,C,126,HIGIENE,TALCO
2021-10-15,680982,622,F,3,0,B,72,HIGIENE,CONDICIONADOR
2021-10-15,680990,969,M,1,3,B,228,LIMPEZA,AMACIANTE
2021-10-15,681029,431,F,4,3,B,111,LIMPEZA,SABAO EM PO
2021-10-15,681050,409,F,3,4,B,125,HIGIENE,TINTURAS
2021-10-15,681100,74,M,3,0,C,211,ALIMENTOS,CHA
2021-10-15,681198,781,M,4,0,B,159,ALIMENTOS,PAO DE FORMA
2021-10-15,681253,990,F,1,4,B,226,ALIMENTOS,ARROZ INTEGRAL
2021-10-15,681336,571,F,2,0,B,107,#N/D,#N/D
2021-10-15,681432,317,M,3,0,B,198,BEBIDAS,ENERGETICO
2021-10-15,681490,301,F,3,0,C,141,BEBIDAS,REFRIGERANTE LIMaO
2021-10-15,681506,439,F,3,0,B,103,LIMPEZA,LIMPADOR MULTIUSO
2021-10-15,681578,153,M,4,1,B,99,LIMPEZA,DESINFETANTE
2021-10-15,681669,127,F,4,2,C,194,ALIMENTOS,FILE DE PEIXE
2021-10-15,681740,565,F,1,2,B,174,LIMPEZA,LIMPADOR PERFUMADO
2021-10-15,681780,283,M,4,1,B,102,LIMPEZA,LIMPA VIDROS
2021-10-15,681838,436,M,2,4,B,127,ALIMENTOS,SNACKS
2021-10-15,681928,571,F,2,0,B,48,ALIMENTOS,OVOS
2021-10-15,682009,585,F,2,4,B,86,HIGIENE,PRESERVATIVO
2021-10-15,682014,791,F,1,0,B,60,ALIMENTOS,SALGADINHOS DE MILHO
2021-10-15,682036,772,F,2,0,B,165,ALIMENTOS,MOLHO BARBECUE
2021-10-15,682107,390,F,2,0,B,188,ALIMENTOS,HAMBUGUER
2021-10-15,682150,714,M,1,0,B,164,ACESSORIOS,MORDEDOR
2021-10-15,682154,797,M,2,4,B,13,ALIMENTOS,BANANA
2021-10-15,682177,79,F,2,0,C,138,HIGIENE,REPELENTE
2021-10-15,682179,794,M,1,2,B,59,ALIMENTOS,SALGADINHO
2021-10-15,682229,839,F,1,3,B,82,HIGIENE,LENCO UMEDECIDO
2021-10-15,682305,945,F,2,3,B,79,HIGIENE,GEL
2021-10-15,682381,370,M,1,4,B,228,LIMPEZA,AMACIANTE
2021-10-15,682392,708,F,2,2,B,195,ALIMENTOS,FEIJAO
2021-10-15,682400,30,M,4,0,B,95,LIMPEZA,AMACIANTE
2021-10-15,682426,772,F,2,0,B,159,ALIMENTOS,PAO DE FORMA
2021-10-15,682468,838,F,1,0,C,159,ALIMENTOS,PAO DE FORMA
2021-10-15,682541,947,F,3,1,B,220,ALIMENTOS,BATATA
2021-10-15,682544,553,F,4,0,B,129,ALIMENTOS,SARDINHA
2021-10-15,682581,898,F,4,0,C,50,ALIMENTOS,PAO DE FORMA
2021-10-15,682671,926,M,1,0,B,43,ALIMENTOS,MAMAO PAPAYA
2021-10-15,682696,966,F,4,2,B,130,ALIMENTOS,SALGADINHOS DE MILHO
2021-10-15,682737,45,M,2,0,A,110,LIMPEZA,SABAO
2021-10-15,682755,207,F,3,0,B,213,ALIMENTOS,CENOURA
2021-10-15,682820,847,M,4,2,A,42,ALIMENTOS,MACARRAO INSTANTANEO
2021-10-15,682858,137,F,4,1,B,154,HIGIENE,PRESERVATIVO
2021-10-15,682899,730,F,2,0,B,68,BEBIDAS,REFRIGERANTE LARANJA
2021-10-15,682922,484,M,3,2,C,153,ALIMENTOS,PRESUNTO COZIDO
2021-10-15,682943,37,M,3,0,B,68,BEBIDAS,REFRIGERANTE LARANJA
2021-10-15,682969,425,F,3,0,B,12,ALIMENTOS,AZEITONA
2021-10-15,683067,990,F,1,4,B,32,ALIMENTOS,HAMBUGUER
2021-10-15,683149,173,F,1,0,B,174,LIMPEZA,LIMPADOR PERFUMADO
2021-10-15,683247,992,F,2,0,B,121,ALIMENTOS,UVA
2021-10-15,683256,938,M,1,4,B,106,LIMPEZA,ODORIZADOR
2021-10-15,683328,471,F,4,0,A,143,BEBIDAS,REFRIGERANTE GUARANA
2021-10-15,683365,990,F,1,4,B,66,BEBIDAS,REFRIGERANTE COLA
2021-10-15,683447,360,M,4,0,B,107,#N/D,#N/D
2021-10-15,683488,306,F,3,0,B,74,HIGIENE,ENXAGUANTE BUCAL
2021-10-15,683540,460,F,1,3,B,103,LIMPEZA,LIMPADOR MULTIUSO
2021-10-15,683636,248,M,3,0,C,148,PET,RACAO SECA PARA CAES
2021-10-17,683724,156,F,2,0,B,105,LIMPEZA,LUSTRA MOVEIS
2021-10-17,683782,131,F,2,0,C,151,HIGIENE,PROTETOR SOLAR
2021-10-17,683840,84,F,3,0,C,20,ALIMENTOS,CEBOLA
2021-10-17,683892,260,F,2,0,C,2,ACESSORIOS,MORDEDOR
2021-10-17,683948,514,M,4,0,C,227,ALIMENTOS,ARROZ
2021-10-17,683979,4,M,4,0,B,121,ALIMENTOS,UVA
2021-10-17,684073,603,M,3,0,B,218,ALIMENTOS,BIFE DE COXAO MOLE
2021-10-17,684158,904,M,1,2,B,170,ALIMENTOS,MACARRAO INSTANTANEO
2021-10-17,684171,925,M,2,0,C,178,HIGIENE,LENCO UMEDECIDO
2021-10-17,684244,60,F,2,3,B,136,ALIMENTOS,RICOTA
2021-10-17,684329,60,F,2,3,B,65,BEBIDAS,ENERGETICO
2021-10-17,684425,667,F,4,0,C,208,HIGIENE,CONDICIONADOR
2021-10-17,684523,973,F,4,0,B,62,ALIMENTOS,SNACKS
2021-10-17,684567,248,M,3,0,C,55,ALIMENTOS,QUEIJO DE CABRA
2021-10-17,684661,780,M,3,2,B,35,ALIMENTOS,LATA DE ERVILHA
2021-10-17,684738,126,M,1,0,C,165,ALIMENTOS,MOLHO BARBECUE
2021-10-17,684757,773,M,4,0,B,204,HIGIENE,CREME
2021-10-17,684849,363,F,1,0,B,228,LIMPEZA,AMACIANTE
2021-10-17,684894,458,F,3,4,C,216,ALIMENTOS,BROCOLIS
2021-10-17,684920,146,F,2,0,B,114,LIMPEZA,VASSOURA
2021-10-17,684936,647,M,1,0,C,47,ALIMENTOS,MORTADELA
2021-10-17,684992,605,M,4,2,B,58,ALIMENTOS,RICOTA
2021-10-17,685052,330,F,1,0,B,32,ALIMENTOS,HAMBUGUER
2021-10-17,685095,873,F,3,0,B,51,ALIMENTOS,PAPINHA INFANTIL
2021-10-17,685105,132,M,2,0,A,229,ALIMENTOS,ALMONDEGA
2021-10-17,685164,658,F,1,1,B,201,LIMPEZA,DESINFETANTE
2021-10-17,685169,308,M,4,0,B,206,ALIMENTOS,CORACAO DE FRANGO
2021-10-17,685227,115,M,4,0,B,56,ALIMENTOS,QUEIJO MUSSARELA
2021-10-17,685315,914,M,2,4,B,53,ALIMENTOS,PRESUNTO COZIDO
2021-10-17,685391,648,M,1,0,B,172,LIMPEZA,LUSTRA MOVEIS
2021-10-17,685404,469,M,4,2,C,223,ALIMENTOS,AZEITONA
2021-10-17,685450,193,F,4,0,B,79,HIGIENE,GEL
2021-10-17,685540,576,M,3,0,B,158,HIGIENE,PAPEL HIGIENICO
2021-10-17,685566,397,F,1,0,B,191,HIGIENE,FRALDA
2021-10-17,685648,725,M,4,0,C,108,LIMPEZA,REMOVEDOR
2021-10-17,685660,427,M,3,0,B,141,BEBIDAS,REFRIGERANTE LIMaO
2021-10-17,685733,321,M,2,0,B,25,ALIMENTOS,CORACAO DE FRANGO
2021-10-17,685789,662,F,1,1,B,227,ALIMENTOS,ARROZ
2021-10-17,685808,541,F,3,0,B,56,ALIMENTOS,QUEIJO MUSSARELA
2021-10-17,685812,889,F,3,4,B,95,LIMPEZA,AMACIANTE
2021-10-17,685874,345,F,2,3,B,75,HIGIENE,ESCOVA DE DENTE
2021-10-17,685971,579,F,3,0,B,179,ALIMENTOS,LEITE CONDENSADO
2021-10-17,686066,756,F,1,4,B,227,ALIMENTOS,ARROZ
2021-10-17,686082,519,M,2,4,B,140,BEBIDAS,REFRIGERANTE OUTROS
2021-10-17,686091,507,F,3,2,B,216,ALIMENTOS,BROCOLIS
2021-10-17,686115,705,M,1,0,B,85,HIGIENE,PASTA DE DENTE
2021-10-17,686180,339,F,4,0,C,76,HIGIENE,FIO DENTAL
2021-10-17,686188,992,F,2,0,B,140,BEBIDAS,REFRIGERANTE OUTROS
2021-10-17,686257,113,F,3,0,B,196,HIGIENE,ESCOVA DE DENTE
2021-10-17,686343,908,M,3,2,C,126,HIGIENE,TALCO
2021-10-17,686382,101,F,1,0,C,103,LIMPEZA,LIMPADOR MULTIUSO
2021-10-17,686396,504,M,3,0,B,220,ALIMENTOS,BATATA
2021-10-17,686456,140,F,1,0,C,60,ALIMENTOS,SALGADINHOS DE MILHO
2021-10-17,686480,85,M,1,0,B,92,HIGIENE,TINTURAS
2021-10-17,686494,861,M,3,0,B,11,ALIMENTOS,AZEITE
2021-10-17,686509,262,M,1,2,B,85,HIGIENE,PASTA DE DENTE
2021-10-17,686537,446,M,1,4,B,99,LIMPEZA,DESINFETANTE
2021-10-17,686629,771,F,4,0,B,12,ALIMENTOS,AZEITONA
2021-10-17,686634,752,M,3,0,C,197,HIGIENE,ENXAGUANTE BUCAL
2021-10-17,686665,833,F,1,4,B,227,ALIMENTOS,ARROZ
2021-10-17,686703,298,F,4,0,C,25,ALIMENTOS,CORACAO DE FRANGO
2021-10-17,686793,437,F,2,1,C,108,LIMPEZA,REMOVEDOR
2021-10-17,686830,562,F,3,0,B,181,ALIMENTOS,LATA DE MILHO
2021-10-17,686929,728,M,2,0,A,58,ALIMENTOS,RICOTA
2021-10-17,686977,698,F,2,0,B,51,ALIMENTOS,PAPINHA INFANTIL
2021-10-17,687070,314,F,1,1,A,187,HIGIENE,HASTES FLEXIVEIS
2021-10-17,687077,866,M,2,2,C,100,LIMPEZA,DETERGENTE
2021-10-17,687127,900,F,3,0,B,85,HIGIENE,PASTA DE DENTE
2021-10-17,687208,397,F,1,0,B,8,ALIMENTOS,ARROZ
2021-10-17,687214,644,M,1,0,C,35,ALIMENTOS,LATA DE ERVILHA
2021-10-17,687220,703,M,1,3,B,32,ALIMENTOS,HAMBUGUER
2021-10-17,687293,703,M,1,3,B,56,ALIMENTOS,QUEIJO MUSSARELA
2021-10-17,687392,892,F,4,2,B,67,BEBIDAS,REFRIGERANTE GUARANA
2021-10-17,687411,640,M,4,0,C,162,LIMPEZA,ODORIZADOR
2021-10-17,687491,416,M,3,2,C,179,ALIMENTOS,LEITE CONDENSADO
2021-10-17,687573,341,M,2,0,C,141,BEBIDAS,REFRIGERANTE LIMaO
2021-10-20,687579,423,F,5,2,A,134,LIMPEZA,SABAO
2021-10-20,687613,518,F,1,0,B,37,ALIMENTOS,LEITE
2021-10-20,687699,637,F,1,0,B,58,ALIMENTOS,RICOTA
2021-10-20,687718,268,M,4,0,B,170,ALIMENTOS,MACARRAO INSTANTANEO
2021-10-20,687757,29,M,2,0,B,152,ALIMENTOS,PRESUNTO COZIDO
2021-10-20,687810,571,F,2,0,B,148,PET,RACAO SECA PARA CAES
2021-10-20,687866,422,F,2,4,C,38,ALIMENTOS,LEITE CONDENSADO
2021-10-20,687919,265,M,2,3,B,88,HIGIENE,REPELENTE
2021-10-20,687958,598,F,4,0,B,188,ALIMENTOS,HAMBUGUER
2021-10-20,688051,582,F,2,0,B,196,HIGIENE,ESCOVA DE DENTE
2021-10-20,688089,286,M,4,0,B,116,PET,RACAO SECA PARA CAES
2021-10-20,688154,654,M,1,1,B,144,BEBIDAS,REFRIGERANTE COLA
2021-10-20,688214,841,M,1,0,B,57,ALIMENTOS,REQUEIJAO
2021-10-20,688305,935,F,2,0,B,127,ALIMENTOS,SNACKS
2021-10-20,688401,810,M,1,0,B,141,BEBIDAS,REFRIGERANTE LIMaO
2021-10-20,688493,886,F,5,1,B,193,HIGIENE,FIO DENTAL
2021-10-20,688504,462,F,4,0,A,186,HIGIENE,HIDRATANTE
2021-10-20,688546,899,F,4,0,C,60,ALIMENTOS,SALGADINHOS DE MILHO
2021-10-20,688617,94,M,1,2,C,56,ALIMENTOS,QUEIJO MUSSARELA
2021-10-20,688631,750,M,2,2,C,115,PET,ALIMENTO PARA PASSARO
2021-10-20,688697,27,F,1,0,B,105,LIMPEZA,LUSTRA MOVEIS
2021-10-20,688739,303,M,3,4,B,158,HIGIENE,PAPEL HIGIENICO
2021-10-20,688754,963,M,3,0,B,190,HIGIENE,GEL
2021-10-20,688850,724,M,1,0,B,193,HIGIENE,FIO DENTAL
2021-10-20,688920,962,M,3,4,B,224,ALIMENTOS,AZEITE
2021-10-20,688927,220,M,1,0,B,97,LIMPEZA,CERA
2021-10-20,688937,278,F,3,2,C,41,ALIMENTOS,MACARRAO
2021-10-20,688969,70,F,4,0,B,175,LIMPEZA,LIMPADOR MULTIUSO
2021-10-20,688989,580,M,3,0,B,9,ALIMENTOS,ARROZ INTEGRAL
2021-10-20,689018,396,F,1,0,B,61,ALIMENTOS,SARDINHA
2021-10-20,689096,231,F,4,2,B,209,ALIMENTOS,COGUMELOS
2021-10-20,689148,62,F,2,0,B,93,LIMPEZA,AGUA SANITARIA
2021-10-20,689228,106,M,1,0,B,137,ALIMENTOS,REQUEIJAO
2021-10-20,689256,660,F,3,0,C,172,LIMPEZA,LUSTRA MOVEIS
2021-10-20,689291,921,M,2,3,B,47,ALIMENTOS,MORTADELA
2021-10-20,689358,233,M,3,0,B,67,BEBIDAS,REFRIGERANTE GUARANA
2021-10-20,689449,635,F,4,0,B,128,HIGIENE,SHAMPOO
2021-10-20,689459,186,M,2,4,C,108,LIMPEZA,REMOVEDOR
2021-10-20,689531,43,M,2,0,B,95,LIMPEZA,AMACIANTE
2021-10-20,689549,713,F,1,3,C,7,ALIMENTOS,ALMONDEGA
2021-10-20,689560,67,M,1,0,B,35,ALIMENTOS,LATA DE ERVILHA
2021-10-20,689568,119,F,3,2,B,9,ALIMENTOS,ARROZ INTEGRAL
2021-10-20,689606,962,M,3,4,B,137,ALIMENTOS,REQUEIJAO
2021-10-20,689693,912,F,4,0,C,207,ALIMENTOS,COPA SUINA
2021-10-20,689771,409,F,3,4,B,208,HIGIENE,CONDICIONADOR
2021-10-20,689834,39,M,2,0,C,162,LIMPEZA,ODORIZADOR
2021-10-20,689927,156,F,2,0,B,62,ALIMENTOS,SNACKS
2021-10-20,690026,249,F,4,0,B,155,ALIMENTOS,PATE
2021-10-20,690100,718,F,3,2,B,179,ALIMENTOS,LEITE CONDENSADO
2021-10-20,690127,415,F,3,0,B,167,ALIMENTOS,MANGA
2021-10-20,690132,340,M,3,4,B,123,LIMPEZA,TIRA MANCHA
2021-10-20,690159,129,M,2,0,A,33,ALIMENTOS,IOGURTE
2021-10-20,690208,338,M,2,0,B,159,ALIMENTOS,PAO DE FORMA
2021-10-20,690285,170,F,4,2,B,215,ALIMENTOS,CAFE
2021-10-20,690289,195,M,4,0,B,177,ALIMENTOS,LIMAO
2021-10-20,690380,998,F,2,0,C,52,ALIMENTOS,PATE
2021-10-20,690385,17,M,4,0,B,206,ALIMENTOS,CORACAO DE FRANGO
2021-10-20,690410,617,F,4,3,C,32,ALIMENTOS,HAMBUGUER
2021-10-20,690453,246,M,2,2,B,3,ALIMENTOS,ABACATE
2021-10-20,690520,23,M,3,0,B,217,ALIMENTOS,BISCOITO
2021-10-20,690541,972,M,4,0,C,56,ALIMENTOS,QUEIJO MUSSARELA
2021-10-20,690637,943,F,1,0,C,99,LIMPEZA,DESINFETANTE
2021-10-20,690672,482,M,4,2,B,87,HIGIENE,PROTETOR SOLAR
2021-10-20,690683,997,M,5,2,C,111,LIMPEZA,SABAO EM PO
2021-10-20,690752,129,M,2,0,A,107,#N/D,#N/D
2021-10-20,690756,719,M,1,0,B,176,LIMPEZA,LIMPA VIDROS
2021-10-20,690843,234,M,3,4,B,89,HIGIENE,SABONETE
2021-10-20,690942,307,M,1,0,B,83,HIGIENE,MODELADOR
2021-10-20,690998,677,M,4,0,B,118,PET,RACAO UMIDA PARA CAES
2021-10-20,691015,10,M,1,0,B,43,ALIMENTOS,MAMAO PAPAYA
2021-10-20,691092,914,M,2,4,B,76,HIGIENE,FIO DENTAL
2021-10-20,691112,128,F,2,0,B,106,LIMPEZA,ODORIZADOR
2021-10-20,691129,319,M,1,4,B,108,LIMPEZA,REMOVEDOR
2021-10-20,691226,741,M,3,0,B,180,ALIMENTOS,LEITE
2021-10-20,691279,790,F,3,0,B,187,HIGIENE,HASTES FLEXIVEIS
2021-10-20,691355,565,F,1,2,B,76,HIGIENE,FIO DENTAL
2021-10-20,691366,750,M,2,2,C,69,BEBIDAS,REFRIGERANTE LIMaO
2021-10-20,691458,140,F,1,0,C,93,LIMPEZA,AGUA SANITARIA
2021-10-20,691553,301,F,3,0,C,8,ALIMENTOS,ARROZ
2021-10-20,691634,205,M,2,4,B,204,HIGIENE,CREME
2021-10-20,691660,615,M,1,4,C,118,PET,RACAO UMIDA PARA CAES
2021-10-20,691739,244,M,4,0,B,216,ALIMENTOS,BROCOLIS
2021-10-20,691758,81,F,2,0,B,81,HIGIENE,HIDRATANTE
2021-10-20,691845,821,F,2,3,B,49,ALIMENTOS,PALMITO
2021-10-20,691941,801,M,1,4,B,221,ALIMENTOS,BANANA
2021-10-20,691976,173,F,1,0,B,79,HIGIENE,GEL
2021-10-20,691982,383,M,1,3,C,27,ALIMENTOS,DANETTE
2021-10-23,692000,784,F,1,3,B,186,HIGIENE,HIDRATANTE
2021-10-23,692032,898,F,4,0,C,35,ALIMENTOS,LATA DE ERVILHA
2021-10-23,692068,936,F,3,2,B,99,LIMPEZA,DESINFETANTE
2021-10-23,692103,765,F,5,1,B,176,LIMPEZA,LIMPA VIDROS
2021-10-23,692150,488,M,3,2,B,27,ALIMENTOS,DANETTE
2021-10-23,692188,774,F,2,0,B,14,ALIMENTOS,BATATA
2021-10-23,692231,388,F,4,3,B,152,ALIMENTOS,PRESUNTO COZIDO
2021-10-23,692288,351,F,2,2,B,172,LIMPEZA,LUSTRA MOVEIS
2021-10-23,692338,420,M,3,0,B,167,ALIMENTOS,MANGA
2021-10-23,692374,471,F,4,0,A,21,ALIMENTOS,CENOURA
2021-10-23,692375,226,F,4,0,B,137,ALIMENTOS,REQUEIJAO
2021-10-23,692419,727,M,4,2,C,218,ALIMENTOS,BIFE DE COXAO MOLE
2021-10-23,692457,783,F,1,0,B,197,HIGIENE,ENXAGUANTE BUCAL
2021-10-23,692526,954,F,4,2,B,47,ALIMENTOS,MORTADELA
2021-10-23,692537,467,F,2,2,B,212,LIMPEZA,CERA
2021-10-23,692610,948,M,4,0,C,113,LIMPEZA,TIRA MANCHA
2021-10-23,692638,508,F,3,0,B,119,PET,RACAO UMIDA PARA GATOS
2021-10-23,692721,924,F,2,2,B,206,ALIMENTOS,CORACAO DE FRANGO
2021-10-23,692820,652,F,4,0,B,121,ALIMENTOS,UVA
2021-10-23,692841,129,M,2,0,A,73,HIGIENE,CREME
2021-10-23,692867,923,F,2,4,C,93,LIMPEZA,AGUA SANITARIA
2021-10-23,692961,531,F,3,1,B,211,ALIMENTOS,CHA
2021-10-23,692980,115,M,4,0,B,224,ALIMENTOS,AZEITE
2021-10-23,693033,953,M,1,1,B,61,ALIMENTOS,SARDINHA
2021-10-23,693040,752,M,3,0,C,121,ALIMENTOS,UVA
2021-10-23,693096,643,F,4,0,C,192,HIGIENE,FIXADOR
2021-10-23,693131,458,F,3,4,C,29,ALIMENTOS,FEIJAO
2021-10-23,693181,384,F,3,2,C,126,HIGIENE,TALCO
2021-10-23,693256,446,M,1,4,B,20,ALIMENTOS,CEBOLA
2021-10-23,693267,702,M,1,0,B,62,ALIMENTOS,SNACKS
2021-10-23,693277,427,M,3,0,B,137,ALIMENTOS,REQUEIJAO
2021-10-23,693365,184,M,1,3,B,207,ALIMENTOS,COPA SUINA
2021-10-23,693384,722,F,4,0,B,43,ALIMENTOS,MAMAO PAPAYA
2021-10-23,693403,48,M,4,1,B,73,HIGIENE,CREME
2021-10-23,693502,31,F,1,0,C,227,ALIMENTOS,ARROZ
2021-10-23,693546,747,M,1,0,B,39,ALIMENTOS,LIMAO
2021-10-23,693555,161,M,5,2,B,103,LIMPEZA,LIMPADOR MULTIUSO
2021-10-23,693634,575,M,1,4,B,99,LIMPEZA,DESINFETANTE
2021-10-23,693662,384,F,3,2,C,57,ALIMENTOS,REQUEIJAO
2021-10-23,693731,612,F,3,4,B,220,ALIMENTOS,BATATA
2021-10-23,693801,750,M,2,2,C,151,HIGIENE,PROTETOR SOLAR
2021-10-23,693874,952,F,3,4,C,173,ALIMENTOS,LINGUICA
2021-10-23,693943,654,M,1,1,B,218,ALIMENTOS,BIFE DE COXAO MOLE
2021-10-23,693946,150,M,1,4,B,124,LIMPEZA,TIRA LIMO
2021-10-23,694044,32,F,1,0,B,168,ALIMENTOS,MAMAO PAPAYA
2021-10-23,694078,759,F,3,0,B,211,ALIMENTOS,CHA
2021-10-23,694089,496,F,2,0,B,215,ALIMENTOS,CAFE
2021-10-23,694121,671,M,2,0,C,28,ALIMENTOS,DOCE
2021-10-23,694130,113,F,3,0,B,28,ALIMENTOS,DOCE
2021-10-23,694179,860,M,1,0,B,37,ALIMENTOS,LEITE
2021-10-23,694253,609,F,4,0,C,78,HIGIENE,FRALDA
2021-10-23,694343,30,M,4,0,B,73,HIGIENE,CREME
2021-10-23,694442,822,M,2,3,B,80,HIGIENE,HASTES FLEXIVEIS
2021-10-23,694538,780,M,3,2,B,76,HIGIENE,FIO DENTAL
2021-10-23,694613,67,M,1,0,B,170,ALIMENTOS,MACARRAO INSTANTANEO
2021-10-23,694636,866,M,2,2,C,163,ALIMENTOS,MORTADELA
2021-10-23,694640,556,F,4,0,B,3,ALIMENTOS,ABACATE
2021-10-23,694692,408,F,4,0,B,27,ALIMENTOS,DANETTE
2021-10-23,694744,877,M,2,0,C,173,ALIMENTOS,LINGUICA
2021-10-23,694762,906,M,2,0,A,152,ALIMENTOS,PRESUNTO COZIDO
2021-10-23,694820,623,F,3,0,C,179,ALIMENTOS,LEITE CONDENSADO
2021-10-23,694918,655,M,2,0,B,67,BEBIDAS,REFRIGERANTE GUARANA
2021-10-23,694937,68,F,2,1,A,147,PET,RACAO SECA PARA GATOS
2021-10-23,695023,574,F,2,2,B,141,BEBIDAS,REFRIGERANTE LIMaO
2021-10-23,695108,522,M,1,2,A,130,ALIMENTOS,SALGADINHOS DE MILHO
2021-10-23,695135,467,F,2,2,B,135,LIMPEZA,RODO
2021-10-23,695187,355,M,3,4,B,86,HIGIENE,PRESERVATIVO
2021-10-23,695197,436,M,2,4,B,22,ALIMENTOS,CHA
2021-10-23,695241,180,M,3,4,B,66,BEBIDAS,REFRIGERANTE COLA
2021-10-23,695340,174,M,4,3,C,129,ALIMENTOS,SARDINHA
2021-10-23,695363,378,F,2,0,C,99,LIMPEZA,DESINFETANTE
2021-10-23,695448,88,F,1,0,B,107,#N/D,#N/D
2021-10-23,695454,406,M,2,4,C,176,LIMPEZA,LIMPA VIDROS
2021-10-23,695459,970,M,2,4,B,110,LIMPEZA,SABAO
2021-10-23,695539,58,M,2,2,B,28,ALIMENTOS,DOCE
2021-10-23,695546,894,F,4,3,C,44,ALIMENTOS,MAMAO
2021-10-23,695629,48,M,4,1,B,229,ALIMENTOS,ALMONDEGA
2021-10-23,695653,592,F,2,0,C,10,ALIMENTOS,ATUM
2021-10-23,695690,526,M,2,2,B,160,ALIMENTOS,PALMITO
2021-10-23,695726,267,F,4,2,B,198,BEBIDAS,ENERGETICO
2021-10-23,695800,690,F,1,3,B,170,ALIMENTOS,MACARRAO INSTANTANEO
2021-10-23,695829,205,M,2,4,B,196,HIGIENE,ESCOVA DE DENTE
2021-10-23,695885,232,M,3,1,B,29,ALIMENTOS,FEIJAO
2021-10-23,695975,61,M,1,2,B,109,LIMPEZA,RODO
2021-10-23,696054,9,F,2,0,B,129,ALIMENTOS,SARDINHA
2021-10-23,696065,740,F,1,4,C,90,HIGIENE,SHAMPOO
2021-10-23,696144,275,M,4,0,B,6,ALIMENTOS,ALHO
2021-10-23,696198,481,M,3,0,B,70,BEBIDAS,REFRIGERANTE OUTROS
2021-10-23,696239,748,M,4,0,B,48,ALIMENTOS,OVOS
2021-10-23,696250,368,M,4,0,C,83,HIGIENE,MODELADOR
2021-10-23,696259,281,F,2,0,B,2,ACESSORIOS,MORDEDOR
2021-10-23,696293,795,F,4,2,B,3,ALIMENTOS,ABACATE
2021-10-23,696366,822,M,2,3,B,112,LIMPEZA,TIRA LIMO
2021-10-23,696462,473,F,4,3,B,101,LIMPEZA,INSETICIDA
2021-10-23,696473,728,M,2,0,A,145,PET,RACAO UMIDA PARA GATOS
2021-10-23,696513,601,M,4,0,A,222,LIMPEZA,BALDE
2021-10-23,696550,417,M,4,1,B,26,ALIMENTOS,COXA E SOBRECOXA DE FRANGO
2021-10-23,696630,887,F,3,0,B,144,BEBIDAS,REFRIGERANTE COLA
2021-10-23,696698,460,F,1,3,B,91,HIGIENE,TALCO
2021-10-24,696707,316,F,3,2,B,22,ALIMENTOS,CHA
2021-10-24,696762,202,M,1,0,B,160,ALIMENTOS,PALMITO
2021-10-24,696780,35,M,3,0,B,6,ALIMENTOS,ALHO
2021-10-24,696865,189,F,3,4,C,132,HIGIENE,SABONETE
2021-10-24,696918,129,M,2,0,A,77,HIGIENE,FIXADOR
2021-10-24,696943,623,F,3,0,C,225,ALIMENTOS,ATUM
2021-10-24,696970,613,F,3,0,B,27,ALIMENTOS,DANETTE
2021-10-24,697057,445,M,2,0,B,163,ALIMENTOS,MORTADELA
2021-10-24,697084,122,M,3,3,B,220,ALIMENTOS,BATATA
2021-10-24,697152,145,M,3,0,B,142,BEBIDAS,REFRIGERANTE LARANJA
2021-10-24,697200,648,M,1,0,B,184,ALIMENTOS,IOGURTE
2021-10-24,697246,454,F,1,0,B,124,LIMPEZA,TIRA LIMO
2021-10-24,697314,27,F,1,0,B,125,HIGIENE,TINTURAS
2021-10-24,697370,127,F,4,2,C,113,LIMPEZA,TIRA MANCHA
2021-10-24,697420,903,M,1,0,B,99,LIMPEZA,DESINFETANTE
2021-10-24,697439,439,F,3,0,B,71,HIGIENE,ABSORVENTE
2021-10-24,697447,438,F,1,0,B,71,HIGIENE,ABSORVENTE
2021-10-24,697469,886,F,5,1,B,60,ALIMENTOS,SALGADINHOS DE MILHO
2021-10-24,697538,738,M,1,0,C,16,ALIMENTOS,BIFE DE COXAO MOLE
2021-10-24,697589,213,M,2,4,B,89,HIGIENE,SABONETE
2021-10-24,697658,758,F,3,0,B,157,ALIMENTOS,PAPINHA INFANTIL
2021-10-24,697700,755,M,3,4,B,28,ALIMENTOS,DOCE
2021-10-24,697742,953,M,1,1,B,229,ALIMENTOS,ALMONDEGA
2021-10-24,697827,816,M,4,0,C,59,ALIMENTOS,SALGADINHO
2021-10-24,697849,81,F,2,0,B,126,HIGIENE,TALCO
2021-10-24,697924,133,F,2,0,B,95,LIMPEZA,AMACIANTE
2021-10-24,697953,627,M,3,1,B,37,ALIMENTOS,LEITE
2021-10-24,698028,193,F,4,0,B,138,HIGIENE,REPELENTE
2021-10-24,698075,10,M,1,0,B,46,ALIMENTOS,MOLHO BARBECUE
2021-10-24,698140,98,M,1,0,B,4,ALIMENTOS,ABACAXI
2021-10-24,698171,634,F,2,0,C,148,PET,RACAO SECA PARA CAES
2021-10-24,698184,41,M,3,0,C,118,PET,RACAO UMIDA PARA CAES
2021-10-24,698197,430,F,4,1,B,19,ALIMENTOS,CAFE
2021-10-24,698211,695,M,2,0,A,128,HIGIENE,SHAMPOO
2021-10-24,698222,917,M,1,0,A,181,ALIMENTOS,LATA DE MILHO
2021-10-24,698305,422,F,2,4,C,139,LIMPEZA,REMOVEDOR
2021-10-24,698393,715,F,3,4,B,201,LIMPEZA,DESINFETANTE
2021-10-24,698465,804,F,4,3,B,139,LIMPEZA,REMOVEDOR
2021-10-24,698559,86,F,4,3,C,66,BEBIDAS,REFRIGERANTE COLA
2021-10-24,698636,115,M,4,0,B,33,ALIMENTOS,IOGURTE
2021-10-24,698727,861,M,3,0,B,21,ALIMENTOS,CENOURA
2021-10-24,698748,694,M,4,0,C,192,HIGIENE,FIXADOR
2021-10-24,698775,743,M,1,3,C,15,ALIMENTOS,BATATA DOCE
2021-10-24,698868,301,F,3,0,C,4,ALIMENTOS,ABACAXI
2021-10-24,698952,572,M,1,0,C,80,HIGIENE,HASTES FLEXIVEIS
2021-10-24,698963,911,F,2,0,B,81,HIGIENE,HIDRATANTE
2021-10-24,699025,404,M,4,0,B,105,LIMPEZA,LUSTRA MOVEIS
2021-10-24,699110,602,M,3,0,B,136,ALIMENTOS,RICOTA
2021-10-24,699119,44,F,4,0,C,228,LIMPEZA,AMACIANTE
2021-10-24,699130,861,M,3,0,B,98,LIMPEZA,DESENGORDURANTE
2021-10-24,699168,374,F,3,0,B,82,HIGIENE,LENCO UMEDECIDO
2021-10-24,699187,134,F,3,0,B,67,BEBIDAS,REFRIGERANTE GUARANA
2021-10-24,699269,370,M,1,4,B,68,BEBIDAS,REFRIGERANTE LARANJA
2021-10-24,699352,129,M,2,0,A,72,HIGIENE,CONDICIONADOR
2021-10-24,699374,554,F,3,0,A,8,ALIMENTOS,ARROZ
2021-10-24,699431,156,F,2,0,B,62,ALIMENTOS,SNACKS
2021-10-24,699449,250,F,4,1,B,141,BEBIDAS,REFRIGERANTE LIMaO
2021-10-24,699461,835,F,1,0,A,41,ALIMENTOS,MACARRAO
2021-10-24,699466,416,M,3,2,C,47,ALIMENTOS,MORTADELA
2021-10-24,699532,338,M,2,0,B,182,ALIMENTOS,LATA DE ERVILHA
2021-10-24,699609,28,F,1,2,B,35,ALIMENTOS,LATA DE ERVILHA
2021-10-24,699616,381,F,1,1,B,110,LIMPEZA,SABAO
2021-10-24,699640,649,F,3,0,B,218,ALIMENTOS,BIFE DE COXAO MOLE
2021-10-24,699675,100,F,2,3,C,120,LIMPEZA,VASSOURA
2021-10-24,699677,842,M,5,2,B,170,ALIMENTOS,MACARRAO INSTANTANEO
2021-10-24,699750,173,F,1,0,B,44,ALIMENTOS,MAMAO
2021-10-24,699794,409,F,3,4,B,135,LIMPEZA,RODO
2021-10-24,699868,989,M,2,0,B,9,ALIMENTOS,ARROZ INTEGRAL
2021-10-24,699917,148,M,3,4,A,147,PET,RACAO SECA PARA GATOS
2021-10-24,699937,86,F,4,3,C,81,HIGIENE,HIDRATANTE
2021-10-24,700000,289,F,3,4,C,24,ALIMENTOS,COPA SUINA
2021-10-24,700040,148,M,3,4,A,12,ALIMENTOS,AZEITONA
2021-10-24,700076,920,F,5,3,B,10,ALIMENTOS,ATUM
2021-10-24,700170,363,F,1,0,B,100,LIMPEZA,DETERGENTE
2021-10-24,700207,220,M,1,0,B,20,ALIMENTOS,CEBOLA
2021-10-24,700226,400,F,4,1,C,131,ALIMENTOS,SALGADINHO
2021-10-24,700305,778,F,2,2,A,144,BEBIDAS,REFRIGERANTE COLA
2021-10-24,700349,987,F,1,0,B,139,LIMPEZA,REMOVEDOR
2021-10-24,700410,917,M,1,0,A,87,HIGIENE,PROTETOR SOLAR
2021-10-24,700452,584,M,3,0,B,112,LIMPEZA,TIRA LIMO
2021-10-24,700482,22,M,1,0,B,179,ALIMENTOS,LEITE CONDENSADO
2021-10-24,700555,138,F,3,2,B,63,ALIMENTOS,TOMATE
2021-10-24,700612,592,F,2,0,C,135,LIMPEZA,RODO
2021-10-24,700628,177,F,3,2,C,208,HIGIENE,CONDICIONADOR
2021-10-24,700710,191,M,3,0,B,208,HIGIENE,CONDICIONADOR
2021-10-24,700799,137,F,4,1,B,166,HIGIENE,MODELADOR
2021-10-24,700852,511,F,1,0,B,99,LIMPEZA,DESINFETANTE
2021-10-24,700893,629,M,3,0,C,15,ALIMENTOS,BATATA DOCE
2021-10-24,700915,72,F,2,0,A,123,LIMPEZA,TIRA MANCHA
2021-10-24,700982,641,F,4,0,C,198,BEBIDAS,ENERGETICO
2021-10-24,701070,217,F,3,0,B,130,ALIMENTOS,SALGADINHOS DE MILHO
2021-10-26,701108,876,F,2,3,B,57,ALIMENTOS,REQUEIJAO
2021-10-26,701197,310,M,4,3,C,105,LIMPEZA,LUSTRA MOVEIS
2021-10-26,701235,875,F,1,0,B,165,ALIMENTOS,MOLHO BARBECUE
2021-10-26,701268,630,M,1,2,C,172,LIMPEZA,LUSTRA MOVEIS
2021-10-26,701362,263,M,3,0,B,118,PET,RACAO UMIDA PARA CAES
2021-10-26,701375,376,F,3,0,B,15,ALIMENTOS,BATATA DOCE
2021-10-26,701468,657,M,2,3,B,174,LIMPEZA,LIMPADOR PERFUMADO
2021-10-26,701560,328,M,2,0,B,19,ALIMENTOS,CAFE
2021-10-26,701641,866,M,2,2,C,113,LIMPEZA,TIRA MANCHA
2021-10-26,701708,463,M,3,3,B,157,ALIMENTOS,PAPINHA INFANTIL
2021-10-26,701771,27,F,1,0,B,98,LIMPEZA,DESENGORDURANTE
2021-10-26,701847,664,M,3,1,B,202,LIMPEZA,DESENGORDURANTE
2021-10-26,701915,18,M,4,0,C,124,LIMPEZA,TIRA LIMO
2021-10-26,701979,757,F,4,3,C,165,ALIMENTOS,MOLHO BARBECUE
2021-10-26,701988,788,F,4,2,B,100,LIMPEZA,DETERGENTE
2021-10-26,702049,928,F,5,1,B,80,HIGIENE,HASTES FLEXIVEIS
2021-10-26,702070,889,F,3,4,B,49,ALIMENTOS,PALMITO
2021-10-26,702090,693,F,4,0,B,30,ALIMENTOS,FILE DE PEIXE
2021-10-26,702123,435,F,2,0,C,190,HIGIENE,GEL
2021-10-26,702138,597,M,3,0,C,228,LIMPEZA,AMACIANTE
2021-10-26,702157,964,M,2,0,B,93,LIMPEZA,AGUA SANITARIA
2021-10-26,702213,995,M,3,1,B,72,HIGIENE,CONDICIONADOR
2021-10-26,702298,80,F,2,1,C,31,ALIMENTOS,GRANOLA
2021-10-26,702308,608,F,3,0,C,108,LIMPEZA,REMOVEDOR
2021-10-26,702339,369,F,3,4,C,38,ALIMENTOS,LEITE CONDENSADO
2021-10-26,702405,884,F,3,2,C,216,ALIMENTOS,BROCOLIS
2021-10-26,702489,786,F,1,4,C,125,HIGIENE,TINTURAS
2021-10-26,702551,921,M,2,3,B,106,LIMPEZA,ODORIZADOR
2021-10-26,702609,558,F,5,2,C,161,ALIMENTOS,OVOS
2021-10-26,702679,779,M,3,4,A,55,ALIMENTOS,QUEIJO DE CABRA
2021-10-26,702729,122,M,3,3,B,17,ALIMENTOS,BISCOITO
2021-10-26,702740,491,M,2,1,A,181,ALIMENTOS,LATA DE MILHO
2021-10-26,702781,305,F,4,0,B,84,HIGIENE,PAPEL HIGIENICO
2021-10-26,702858,686,F,3,2,A,153,ALIMENTOS,PRESUNTO COZIDO
2021-10-26,702899,46,F,4,1,B,163,ALIMENTOS,MORTADELA
2021-10-26,702904,213,M,2,4,B,163,ALIMENTOS,MORTADELA
2021-10-26,702979,759,F,3,0,B,116,PET,RACAO SECA PARA CAES
2021-10-31,703038,279,M,1,2,B,34,ALIMENTOS,KETCHUP
2021-10-31,703048,24,F,4,0,C,107,#N/D,#N/D
2021-10-31,703049,456,M,1,4,B,98,LIMPEZA,DESENGORDURANTE
2021-10-31,703094,731,M,3,4,B,136,ALIMENTOS,RICOTA
2021-10-31,703120,942,M,1,0,B,80,HIGIENE,HASTES FLEXIVEIS
2021-10-31,703144,910,M,2,2,B,34,ALIMENTOS,KETCHUP
2021-10-31,703154,151,F,1,0,B,111,LIMPEZA,SABAO EM PO
2021-10-31,703220,174,M,4,3,C,202,LIMPEZA,DESENGORDURANTE
2021-10-31,703272,332,F,3,4,C,171,ALIMENTOS,MACARRAO
2021-10-31,703356,879,M,2,2,C,5,ALIMENTOS,ACHOCOLATADO
2021-10-31,703410,453,F,1,0,B,72,HIGIENE,CONDICIONADOR
2021-05-11,703429,757,F,4,3,C,33,ALIMENTOS,IOGURTE
2021-05-11,703489,55,F,3,0,B,14,ALIMENTOS,BATATA
2021-05-11,703561,580,M,3,0,B,83,HIGIENE,MODELADOR
2021-05-11,703609,586,F,4,2,B,24,ALIMENTOS,COPA SUINA
2021-05-11,703660,605,M,4,2,B,145,PET,RACAO UMIDA PARA GATOS
2021-05-11,703759,287,F,1,0,B,30,ALIMENTOS,FILE DE PEIXE
2021-05-11,703847,980,F,1,0,B,175,LIMPEZA,LIMPADOR MULTIUSO
2021-05-11,703882,153,M,4,1,B,54,ALIMENTOS,PRESUNTO COZIDO
2021-05-11,703889,842,M,5,2,B,194,ALIMENTOS,FILE DE PEIXE
2021-05-11,703932,818,F,2,0,B,130,ALIMENTOS,SALGADINHOS DE MILHO
2021-05-11,703978,510,F,4,0,B,228,LIMPEZA,AMACIANTE
2021-05-11,703996,828,F,2,4,B,48,ALIMENTOS,OVOS
2021-05-11,704044,934,F,2,2,B,198,BEBIDAS,ENERGETICO
2021-05-11,704116,930,F,4,1,B,54,ALIMENTOS,PRESUNTO COZIDO
2021-05-11,704117,223,F,3,0,B,97,LIMPEZA,CERA
2021-05-11,704146,185,F,3,0,C,227,ALIMENTOS,ARROZ
2021-05-11,704188,631,M,1,4,C,172,LIMPEZA,LUSTRA MOVEIS
2021-05-11,704274,859,M,1,0,B,24,ALIMENTOS,COPA SUINA
2021-05-11,704301,227,F,3,0,C,140,BEBIDAS,REFRIGERANTE OUTROS
2021-05-11,704357,750,M,2,2,C,15,ALIMENTOS,BATATA DOCE
2021-05-11,704448,434,M,1,4,B,81,HIGIENE,HIDRATANTE
2021-05-11,704477,767,F,1,0,B,166,HIGIENE,MODELADOR
2021-05-11,704483,840,F,3,3,C,191,HIGIENE,FRALDA
2021-05-11,704562,329,F,3,0,B,179,ALIMENTOS,LEITE CONDENSADO
2021-11-11,704571,7,M,1,3,B,167,ALIMENTOS,MANGA
2021-11-11,704625,354,F,2,0,B,136,ALIMENTOS,RICOTA
2021-11-11,704635,745,F,1,2,B,220,ALIMENTOS,BATATA
2021-11-11,704663,301,F,3,0,C,160,ALIMENTOS,PALMITO
2021-11-11,704752,451,M,3,0,C,162,LIMPEZA,ODORIZADOR
2021-11-11,704782,551,M,1,0,C,192,HIGIENE,FIXADOR
2021-11-11,704828,614,F,4,1,B,194,ALIMENTOS,FILE DE PEIXE
2021-11-11,704907,28,F,1,2,B,54,ALIMENTOS,PRESUNTO COZIDO
2021-11-11,705004,143,F,1,4,B,4,ALIMENTOS,ABACAXI
2021-11-11,705093,608,F,3,0,C,71,HIGIENE,ABSORVENTE
2021-11-11,705173,299,F,3,1,C,154,HIGIENE,PRESERVATIVO
2021-11-11,705191,694,M,4,0,C,97,LIMPEZA,CERA
2021-11-11,705282,336,F,1,0,C,212,LIMPEZA,CERA
2021-11-11,705331,715,F,3,4,B,199,ALIMENTOS,DOCE
2021-11-11,705428,575,M,1,4,B,103,LIMPEZA,LIMPADOR MULTIUSO
2021-11-11,705464,259,M,1,1,B,52,ALIMENTOS,PATE
2021-11-11,705517,462,F,4,0,A,212,LIMPEZA,CERA
2021-11-11,705615,157,M,1,1,C,142,BEBIDAS,REFRIGERANTE LARANJA
2021-11-11,705682,129,M,2,0,A,149,ALIMENTOS,QUEIJO MUSSARELA
2021-11-11,705777,940,F,1,3,B,5,ALIMENTOS,ACHOCOLATADO
2021-11-11,705813,15,M,2,1,C,46,ALIMENTOS,MOLHO BARBECUE
2021-11-11,705848,732,F,3,4,B,19,ALIMENTOS,CAFE
2021-11-11,705938,482,M,4,2,B,173,ALIMENTOS,LINGUICA
2021-11-11,706001,627,M,3,1,B,186,HIGIENE,HIDRATANTE
2021-11-11,706054,617,F,4,3,C,210,ACESSORIOS,CHUPETA
2021-11-11,706120,1000,F,4,1,B,174,LIMPEZA,LIMPADOR PERFUMADO
2021-11-11,706142,442,F,3,2,B,54,ALIMENTOS,PRESUNTO COZIDO
2021-11-11,706216,599,F,1,4,C,138,HIGIENE,REPELENTE
2021-11-11,706275,870,F,1,0,B,117,PET,RACAO SECA PARA GATOS
2021-11-11,706339,315,F,3,0,B,103,LIMPEZA,LIMPADOR MULTIUSO
2021-11-11,706385,795,F,4,2,B,151,HIGIENE,PROTETOR SOLAR
2021-11-11,706405,110,M,3,0,C,210,ACESSORIOS,CHUPETA
2021-11-11,706498,540,F,2,0,C,169,ALIMENTOS,MAMAO
2021-11-11,706499,728,M,2,0,A,143,BEBIDAS,REFRIGERANTE GUARANA
2021-11-11,706596,794,M,1,2,B,94,LIMPEZA,ALCOOL
2021-11-11,706648,906,M,2,0,A,145,PET,RACAO UMIDA PARA GATOS
2021-11-11,706699,902,F,2,1,B,100,LIMPEZA,DETERGENTE
2021-11-11,706786,723,M,4,0,B,65,BEBIDAS,ENERGETICO
2021-11-11,706790,961,F,1,0,C,156,HIGIENE,PASTA DE DENTE
2021-11-11,706879,175,M,1,0,B,19,ALIMENTOS,CAFE
2021-11-11,706905,376,F,3,0,B,59,ALIMENTOS,SALGADINHO
2021-11-11,706975,114,F,3,3,B,177,ALIMENTOS,LIMAO
2021-11-11,707000,589,F,3,2,C,134,LIMPEZA,SABAO
2021-11-11,707010,363,F,1,0,B,172,LIMPEZA,LUSTRA MOVEIS
2021-11-11,707020,608,F,3,0,C,28,ALIMENTOS,DOCE
2021-11-11,707117,894,F,4,3,C,159,ALIMENTOS,PAO DE FORMA
2021-11-11,707135,493,M,2,4,B,219,ALIMENTOS,BATATA DOCE
2021-11-11,707200,652,F,4,0,B,41,ALIMENTOS,MACARRAO
2021-11-11,707213,442,F,3,2,B,128,HIGIENE,SHAMPOO
2021-11-11,707259,666,F,2,2,B,105,LIMPEZA,LUSTRA MOVEIS
2021-11-11,707314,400,F,4,1,C,168,ALIMENTOS,MAMAO PAPAYA
2021-11-11,707374,650,F,2,0,C,8,ALIMENTOS,ARROZ
2021-11-11,707457,747,M,1,0,B,81,HIGIENE,HIDRATANTE
2021-11-11,707535,79,F,2,0,C,27,ALIMENTOS,DANETTE
2021-11-11,707563,897,M,2,1,C,204,HIGIENE,CREME
2021-11-11,707652,900,F,3,0,B,70,BEBIDAS,REFRIGERANTE OUTROS
2021-11-11,707733,343,F,1,0,B,145,PET,RACAO UMIDA PARA GATOS
2021-11-11,707775,409,F,3,4,B,139,LIMPEZA,REMOVEDOR
2021-11-11,707843,814,M,4,0,B,100,LIMPEZA,DETERGENTE
2021-11-11,707845,860,M,1,0,B,171,ALIMENTOS,MACARRAO
2021-11-11,707914,405,F,4,0,B,182,ALIMENTOS,LATA DE ERVILHA
2021-11-11,707977,396,F,1,0,B,213,ALIMENTOS,CENOURA
2021-11-11,708030,521,F,1,0,A,136,ALIMENTOS,RICOTA
2021-11-11,708092,735,F,4,0,B,82,HIGIENE,LENCO UMEDECIDO
2021-11-11,708185,144,M,1,0,B,126,HIGIENE,TALCO
2021-11-11,708211,831,F,4,2,B,12,ALIMENTOS,AZEITONA
2021-11-11,708300,402,M,2,0,C,60,ALIMENTOS,SALGADINHOS DE MILHO
2021-11-11,708363,880,M,3,2,B,57,ALIMENTOS,REQUEIJAO
2021-11-11,708433,501,M,1,0,B,204,HIGIENE,CREME
2021-11-11,708520,528,M,2,2,C,62,ALIMENTOS,SNACKS
2021-11-11,708600,368,M,4,0,C,22,ALIMENTOS,CHA
2021-11-11,708639,354,F,2,0,B,114,LIMPEZA,VASSOURA
2021-11-11,708715,811,M,2,1,B,63,ALIMENTOS,TOMATE
2021-11-11,708792,6,F,2,0,B,9,ALIMENTOS,ARROZ INTEGRAL
2021-11-11,708831,244,M,4,0,B,66,BEBIDAS,REFRIGERANTE COLA
2021-11-11,708899,410,F,3,3,B,38,ALIMENTOS,LEITE CONDENSADO
2021-11-11,708952,382,F,3,0,C,213,ALIMENTOS,CENOURA
2021-11-11,708955,1000,F,4,1,B,192,HIGIENE,FIXADOR
2021-11-14,708959,676,M,2,3,B,26,ALIMENTOS,COXA E SOBRECOXA DE FRANGO
2021-11-14,708969,941,M,2,3,B,140,BEBIDAS,REFRIGERANTE OUTROS
2021-11-14,709048,432,F,1,0,C,106,LIMPEZA,ODORIZADOR
2021-11-14,709093,145,M,3,0,B,56,ALIMENTOS,QUEIJO MUSSARELA
2021-11-14,709128,893,F,1,0,B,35,ALIMENTOS,LATA DE ERVILHA
2021-11-14,709153,321,M,2,0,B,110,LIMPEZA,SABAO
2021-11-14,709191,421,M,3,3,C,15,ALIMENTOS,BATATA DOCE
2021-11-14,709286,892,F,4,2,B,74,HIGIENE,ENXAGUANTE BUCAL
2021-11-14,709308,619,M,4,1,B,182,ALIMENTOS,LATA DE ERVILHA
2021-11-14,709320,461,M,3,4,C,66,BEBIDAS,REFRIGERANTE COLA
2021-11-14,709357,290,F,1,0,B,20,ALIMENTOS,CEBOLA
2021-11-14,709405,283,M,4,1,B,214,ALIMENTOS,CEBOLA
2021-11-14,709469,278,F,3,2,C,223,ALIMENTOS,AZEITONA
2021-11-14,709546,49,M,2,0,C,210,ACESSORIOS,CHUPETA
2021-11-14,709583,156,F,2,0,B,25,ALIMENTOS,CORACAO DE FRANGO
2021-11-14,709647,177,F,3,2,C,97,LIMPEZA,CERA
2021-11-14,709723,760,F,2,0,A,57,ALIMENTOS,REQUEIJAO
2021-11-14,709770,427,M,3,0,B,202,LIMPEZA,DESENGORDURANTE
2021-11-14,709842,420,M,3,0,B,162,LIMPEZA,ODORIZADOR
2021-11-14,709878,887,F,3,0,B,106,LIMPEZA,ODORIZADOR
2021-11-14,709963,762,F,2,0,B,16,ALIMENTOS,BIFE DE COXAO MOLE
2021-11-14,710013,977,M,1,0,C,106,LIMPEZA,ODORIZADOR
2021-11-14,710047,874,F,3,3,B,135,LIMPEZA,RODO
2021-11-14,710073,661,M,3,0,B,6,ALIMENTOS,ALHO
2021-11-14,710141,574,F,2,2,B,77,HIGIENE,FIXADOR
2021-11-14,710186,766,F,1,0,B,166,HIGIENE,MODELADOR
2021-11-14,710201,553,F,4,0,B,4,ALIMENTOS,ABACAXI
2021-11-14,710233,134,F,3,0,B,198,BEBIDAS,ENERGETICO
2021-11-14,710247,963,M,3,0,B,21,ALIMENTOS,CENOURA
2021-11-14,710323,930,F,4,1,B,84,HIGIENE,PAPEL HIGIENICO
2021-11-14,710368,992,F,2,0,B,165,ALIMENTOS,MOLHO BARBECUE
2021-11-14,710457,224,M,4,0,B,106,LIMPEZA,ODORIZADOR
2021-11-14,710536,520,M,1,0,B,72,HIGIENE,CONDICIONADOR
2021-11-14,710582,568,F,4,1,A,23,ALIMENTOS,COGUMELOS
2021-11-14,710609,929,M,4,0,B,50,ALIMENTOS,PAO DE FORMA
2021-11-14,710654,173,F,1,0,B,72,HIGIENE,CONDICIONADOR
2021-11-14,710676,54,M,1,0,A,107,#N/D,#N/D
2021-11-14,710690,364,F,4,2,C,103,LIMPEZA,LIMPADOR MULTIUSO
2021-11-14,710729,267,F,4,2,B,93,LIMPEZA,AGUA SANITARIA
2021-11-14,710792,118,M,2,4,A,229,ALIMENTOS,ALMONDEGA
2021-11-14,710851,86,F,4,3,C,101,LIMPEZA,INSETICIDA
2021-11-14,710942,187,M,2,1,B,72,HIGIENE,CONDICIONADOR
2021-11-14,711010,562,F,3,0,B,113,LIMPEZA,TIRA MANCHA
2021-11-14,711102,345,F,2,3,B,208,HIGIENE,CONDICIONADOR
2021-11-14,711196,620,M,2,0,B,206,ALIMENTOS,CORACAO DE FRANGO
2021-11-14,711290,498,M,3,2,B,164,ACESSORIOS,MORDEDOR
2021-11-14,711340,732,F,3,4,B,41,ALIMENTOS,MACARRAO
2021-11-14,711360,41,M,3,0,C,12,ALIMENTOS,AZEITONA
2021-11-14,711456,705,M,1,0,B,147,PET,RACAO SECA PARA GATOS
2021-11-14,711531,560,M,2,0,B,82,HIGIENE,LENCO UMEDECIDO
2021-11-14,711593,931,M,2,0,A,2,ACESSORIOS,MORDEDOR
2021-11-14,711625,206,F,3,1,C,30,ALIMENTOS,FILE DE PEIXE
2021-11-14,711626,570,F,4,1,C,222,LIMPEZA,BALDE
2021-11-14,711645,168,F,4,3,B,100,LIMPEZA,DETERGENTE
2021-11-14,711696,300,F,1,3,C,173,ALIMENTOS,LINGUICA
2021-11-14,711747,267,F,4,2,B,9,ALIMENTOS,ARROZ INTEGRAL
2021-11-14,711782,346,F,2,4,C,79,HIGIENE,GEL
2021-11-14,711841,813,F,4,0,C,132,HIGIENE,SABONETE
2021-11-14,711861,709,F,3,0,B,207,ALIMENTOS,COPA SUINA
2021-11-14,711912,45,M,2,0,A,70,BEBIDAS,REFRIGERANTE OUTROS
2021-11-14,711966,869,F,3,0,B,185,LIMPEZA,INSETICIDA
2021-11-14,711996,110,M,3,0,C,148,PET,RACAO SECA PARA CAES
2021-11-14,712063,369,F,3,4,C,146,PET,RACAO UMIDA PARA CAES
2021-11-14,712105,134,F,3,0,B,229,ALIMENTOS,ALMONDEGA
2021-11-14,712187,158,M,3,0,B,54,ALIMENTOS,PRESUNTO COZIDO
2021-11-14,712191,352,M,4,2,B,116,PET,RACAO SECA PARA CAES
2021-11-14,712204,258,F,1,0,B,16,ALIMENTOS,BIFE DE COXAO MOLE
2021-11-14,712246,523,M,3,0,B,225,ALIMENTOS,ATUM
2021-11-14,712331,711,M,4,2,B,115,PET,ALIMENTO PARA PASSARO
2021-11-14,712393,502,M,4,0,C,228,LIMPEZA,AMACIANTE
2021-11-14,712408,330,F,1,0,B,206,ALIMENTOS,CORACAO DE FRANGO
2021-11-14,712498,822,M,2,3,B,49,ALIMENTOS,PALMITO
2021-11-17,712508,943,F,1,0,C,93,LIMPEZA,AGUA SANITARIA
2021-11-17,712587,838,F,1,0,C,34,ALIMENTOS,KETCHUP
2021-11-17,712678,375,M,4,0,B,145,PET,RACAO UMIDA PARA GATOS
2021-11-17,712717,455,F,2,0,C,213,ALIMENTOS,CENOURA
2021-11-17,712779,696,M,2,0,B,139,LIMPEZA,REMOVEDOR
2021-11-17,712829,554,F,3,0,A,84,HIGIENE,PAPEL HIGIENICO
2021-11-17,712918,270,F,3,1,B,51,ALIMENTOS,PAPINHA INFANTIL
2021-11-17,712943,680,F,3,0,C,169,ALIMENTOS,MAMAO
2021-11-17,712958,167,M,1,1,A,62,ALIMENTOS,SNACKS
2021-11-17,713002,760,F,2,0,A,163,ALIMENTOS,MORTADELA
2021-11-17,713100,451,M,3,0,C,188,ALIMENTOS,HAMBUGUER
2021-11-17,713114,180,M,3,4,B,113,LIMPEZA,TIRA MANCHA
2021-11-17,713144,611,M,4,0,B,40,ALIMENTOS,LINGUICA
2021-11-17,713147,852,M,2,3,B,209,ALIMENTOS,COGUMELOS
2021-11-17,713187,203,F,3,0,A,42,ALIMENTOS,MACARRAO INSTANTANEO
2021-11-17,713284,30,M,4,0,B,100,LIMPEZA,DETERGENTE
2021-11-17,713313,321,M,2,0,B,38,ALIMENTOS,LEITE CONDENSADO
2021-11-17,713396,728,M,2,0,A,127,ALIMENTOS,SNACKS
2021-11-17,713470,753,F,1,3,C,54,ALIMENTOS,PRESUNTO COZIDO
2021-11-17,713555,114,F,3,3,B,109,LIMPEZA,RODO
2021-11-17,713621,510,F,4,0,B,157,ALIMENTOS,PAPINHA INFANTIL
2021-11-17,713632,157,M,1,1,C,212,LIMPEZA,CERA
2021-11-17,713673,34,M,2,0,C,223,ALIMENTOS,AZEITONA
2021-11-17,713772,886,F,5,1,B,27,ALIMENTOS,DANETTE
2021-11-17,713844,987,F,1,0,B,76,HIGIENE,FIO DENTAL
2021-11-17,713904,827,M,4,0,B,117,PET,RACAO SECA PARA GATOS
2021-11-17,713916,65,M,4,0,B,106,LIMPEZA,ODORIZADOR
2021-11-17,713962,80,F,2,1,C,210,ACESSORIOS,CHUPETA
2021-11-17,713976,426,F,3,0,C,3,ALIMENTOS,ABACATE
2021-11-17,714064,848,F,5,3,A,62,ALIMENTOS,SNACKS
2021-11-24,714137,99,F,1,4,C,153,ALIMENTOS,PRESUNTO COZIDO
2021-11-24,714234,872,M,3,4,A,61,ALIMENTOS,SARDINHA
2021-11-24,714300,18,M,4,0,C,132,HIGIENE,SABONETE
2021-11-24,714323,197,F,2,0,B,130,ALIMENTOS,SALGADINHOS DE MILHO
2021-11-24,714327,120,F,4,3,A,82,HIGIENE,LENCO UMEDECIDO
2021-11-24,714377,226,F,4,0,B,88,HIGIENE,REPELENTE
2021-11-24,714401,161,M,5,2,B,28,ALIMENTOS,DOCE
2021-11-24,714448,505,F,1,0,C,33,ALIMENTOS,IOGURTE
2021-11-24,714455,181,F,2,2,B,156,HIGIENE,PASTA DE DENTE
2021-11-24,714515,484,M,3,2,C,123,LIMPEZA,TIRA MANCHA
2021-11-24,714609,820,M,1,4,B,158,HIGIENE,PAPEL HIGIENICO
2021-11-24,714679,417,M,4,1,B,38,ALIMENTOS,LEITE CONDENSADO
2021-11-24,714684,700,F,4,2,C,20,ALIMENTOS,CEBOLA
2021-11-24,714763,29,M,2,0,B,34,ALIMENTOS,KETCHUP
2021-11-24,714847,642,M,2,3,B,52,ALIMENTOS,PATE
2021-11-24,714910,812,F,2,0,A,102,LIMPEZA,LIMPA VIDROS
2021-11-24,715004,602,M,3,0,B,117,PET,RACAO SECA PARA GATOS
2021-11-24,715017,908,M,3,2,C,157,ALIMENTOS,PAPINHA INFANTIL
2021-11-24,715091,746,M,3,0,C,3,ALIMENTOS,ABACATE
2021-11-24,715116,319,M,1,4,B,145,PET,RACAO UMIDA PARA GATOS
2021-11-24,715196,191,M,3,0,B,94,LIMPEZA,ALCOOL
2021-11-24,715295,730,F,2,0,B,221,ALIMENTOS,BANANA
2021-11-24,715351,248,M,3,0,C,46,ALIMENTOS,MOLHO BARBECUE
2021-11-24,715411,553,F,4,0,B,8,ALIMENTOS,ARROZ
2021-11-24,715453,281,F,2,0,B,171,ALIMENTOS,MACARRAO
2021-11-24,715522,955,F,3,2,C,227,ALIMENTOS,ARROZ
2021-11-24,715589,462,F,4,0,A,102,LIMPEZA,LIMPA VIDROS
2021-11-24,715684,947,F,3,1,B,87,HIGIENE,PROTETOR SOLAR
2021-11-24,715759,19,F,2,2,C,175,LIMPEZA,LIMPADOR MULTIUSO
2021-11-24,715786,604,M,4,0,B,168,ALIMENTOS,MAMAO PAPAYA
2021-11-24,715796,635,F,4,0,B,210,ACESSORIOS,CHUPETA
2021-11-24,715892,837,F,2,0,C,198,BEBIDAS,ENERGETICO
2021-11-24,715920,41,M,3,0,C,154,HIGIENE,PRESERVATIVO
2021-11-27,715934,520,M,1,0,B,213,ALIMENTOS,CENOURA
2021-11-27,715952,658,F,1,1,B,227,ALIMENTOS,ARROZ
2021-11-27,716029,327,M,4,2,A,9,ALIMENTOS,ARROZ INTEGRAL
2021-11-27,716083,583,F,2,0,B,88,HIGIENE,REPELENTE
2021-11-27,716178,80,F,2,1,C,190,HIGIENE,GEL
2021-11-27,716185,814,M,4,0,B,166,HIGIENE,MODELADOR
2021-11-27,716223,143,F,1,4,B,18,ALIMENTOS,BROCOLIS
2021-11-27,716256,959,M,5,1,B,150,ALIMENTOS,QUEIJO DE CABRA
2021-11-27,716308,649,F,3,0,B,212,LIMPEZA,CERA
2021-11-27,716360,552,M,4,0,B,143,BEBIDAS,REFRIGERANTE GUARANA
2021-11-27,716432,458,F,3,4,C,184,ALIMENTOS,IOGURTE
2021-11-27,716511,618,M,4,3,B,203,ALIMENTOS,DANETTE
2021-11-27,716566,126,M,1,0,C,35,ALIMENTOS,LATA DE ERVILHA
2021-11-27,716570,901,F,4,1,B,211,ALIMENTOS,CHA
2021-11-27,716574,922,M,1,0,B,184,ALIMENTOS,IOGURTE
2021-11-27,716576,462,F,4,0,A,133,LIMPEZA,SABAO EM PO
2021-11-27,716672,466,F,1,0,C,145,PET,RACAO UMIDA PARA GATOS
2021-11-27,716723,508,F,3,0,B,13,ALIMENTOS,BANANA
2021-04-12,716795,204,F,3,3,B,65,BEBIDAS,ENERGETICO
2021-04-12,716837,303,M,3,4,B,41,ALIMENTOS,MACARRAO
2021-04-12,716839,18,M,4,0,C,72,HIGIENE,CONDICIONADOR
2021-04-12,716857,777,F,1,0,B,183,ALIMENTOS,KETCHUP
2021-04-12,716952,325,M,1,3,B,135,LIMPEZA,RODO
2021-04-12,716987,424,M,1,4,B,3,ALIMENTOS,ABACATE
2021-04-12,717078,945,F,2,3,B,219,ALIMENTOS,BATATA DOCE
2021-04-12,717144,955,F,3,2,C,52,ALIMENTOS,PATE
2021-04-12,717164,386,M,4,2,A,143,BEBIDAS,REFRIGERANTE GUARANA
2021-04-12,717226,183,M,4,1,B,178,HIGIENE,LENCO UMEDECIDO
2021-04-12,717283,629,M,3,0,C,10,ALIMENTOS,ATUM
2021-04-12,717305,233,M,3,0,B,128,HIGIENE,SHAMPOO
2021-04-12,717398,547,F,3,4,C,171,ALIMENTOS,MACARRAO
2021-04-12,717475,536,M,4,0,B,217,ALIMENTOS,BISCOITO
2021-04-12,717484,146,F,2,0,B,138,HIGIENE,REPELENTE
2021-04-12,717538,946,M,3,0,B,157,ALIMENTOS,PAPINHA INFANTIL
2021-04-12,717565,505,F,1,0,C,121,ALIMENTOS,UVA
2021-04-12,717643,254,F,5,2,B,55,ALIMENTOS,QUEIJO DE CABRA
2021-04-12,717645,961,F,1,0,C,170,ALIMENTOS,MACARRAO INSTANTANEO
2021-04-12,717685,422,F,2,4,C,161,ALIMENTOS,OVOS
2021-04-12,717747,5,F,4,3,C,216,ALIMENTOS,BROCOLIS
2021-04-12,717809,119,F,3,2,B,226,ALIMENTOS,ARROZ INTEGRAL
2021-04-12,717888,937,M,3,4,C,141,BEBIDAS,REFRIGERANTE LIMaO
2021-04-12,717922,251,F,2,0,C,51,ALIMENTOS,PAPINHA INFANTIL
2021-04-12,717981,810,M,1,0,B,177,ALIMENTOS,LIMAO
2021-04-12,718066,191,M,3,0,B,229,ALIMENTOS,ALMONDEGA
2021-04-12,718124,360,M,4,0,B,215,ALIMENTOS,CAFE
2021-04-12,718168,382,F,3,0,C,75,HIGIENE,ESCOVA DE DENTE
2021-04-12,718244,132,M,2,0,A,176,LIMPEZA,LIMPA VIDROS
2021-04-12,718297,254,F,5,2,B,30,ALIMENTOS,FILE DE PEIXE
2021-04-12,718329,552,M,4,0,B,180,ALIMENTOS,LEITE
2021-04-12,718423,582,F,2,0,B,212,LIMPEZA,CERA
2021-04-12,718439,115,M,4,0,B,43,ALIMENTOS,MAMAO PAPAYA
2021-04-12,718487,39,M,2,0,C,95,LIMPEZA,AMACIANTE
2021-07-12,718550,303,M,3,4,B,41,ALIMENTOS,MACARRAO
2021-07-12,718565,564,M,3,2,B,91,HIGIENE,TALCO
2021-07-12,718658,487,F,3,0,C,115,PET,ALIMENTO PARA PASSARO
2021-07-12,718756,774,F,2,0,B,84,HIGIENE,PAPEL HIGIENICO
2021-07-12,718843,547,F,3,4,C,6,ALIMENTOS,ALHO
2021-07-12,718873,103,M,3,4,B,202,LIMPEZA,DESENGORDURANTE
2021-07-12,718922,426,F,3,0,C,14,ALIMENTOS,BATATA
2021-07-12,719001,550,M,4,0,B,174,LIMPEZA,LIMPADOR PERFUMADO
2021-07-12,719057,495,F,2,3,A,192,HIGIENE,FIXADOR
2021-07-12,719151,122,M,3,3,B,123,LIMPEZA,TIRA MANCHA
2021-07-12,719192,845,F,3,3,C,229,ALIMENTOS,ALMONDEGA
2021-07-12,719258,405,F,4,0,B,169,ALIMENTOS,MAMAO
2021-07-12,719265,759,F,3,0,B,208,HIGIENE,CONDICIONADOR
2021-07-12,719326,514,M,4,0,C,68,BEBIDAS,REFRIGERANTE LARANJA
2021-07-12,719421,334,M,3,0,C,153,ALIMENTOS,PRESUNTO COZIDO
2021-07-12,719430,99,F,1,4,C,80,HIGIENE,HASTES FLEXIVEIS
2021-07-12,719505,395,F,4,1,B,34,ALIMENTOS,KETCHUP
2021-07-12,719510,785,M,1,4,C,161,ALIMENTOS,OVOS
2021-07-12,719524,315,F,3,0,B,9,ALIMENTOS,ARROZ INTEGRAL
2021-07-12,719528,735,F,4,0,B,132,HIGIENE,SABONETE
2021-07-12,719608,900,F,3,0,B,116,PET,RACAO SECA PARA CAES
2021-07-12,719651,672,F,4,0,B,97,LIMPEZA,CERA
2021-07-12,719704,164,M,2,3,A,158,HIGIENE,PAPEL HIGIENICO
2021-07-12,719710,477,F,4,0,B,15,ALIMENTOS,BATATA DOCE
2021-07-12,719769,918,F,2,4,C,39,ALIMENTOS,LIMAO
2021-07-12,719771,596,M,2,0,B,194,ALIMENTOS,FILE DE PEIXE
2021-07-12,719830,26,F,4,1,A,219,ALIMENTOS,BATATA DOCE
2021-07-12,719901,152,F,3,1,C,52,ALIMENTOS,PATE
2021-07-12,719906,127,F,4,2,C,173,ALIMENTOS,LINGUICA
2021-07-12,719928,61,M,1,2,B,77,HIGIENE,FIXADOR
2021-07-12,719965,692,F,4,0,B,20,ALIMENTOS,CEBOLA
2021-07-12,719977,352,M,4,2,B,118,PET,RACAO UMIDA PARA CAES
2021-07-12,720026,836,F,2,0,B,123,LIMPEZA,TIRA MANCHA
2021-07-12,720059,920,F,5,3,B,137,ALIMENTOS,REQUEIJAO
2021-07-12,720089,819,M,4,0,B,177,ALIMENTOS,LIMAO
2021-07-12,720112,926,M,1,0,B,119,PET,RACAO UMIDA PARA GATOS
2021-07-12,720191,244,M,4,0,B,68,BEBIDAS,REFRIGERANTE LARANJA
2021-07-12,720235,325,M,1,3,B,202,LIMPEZA,DESENGORDURANTE
2021-07-12,720333,279,M,1,2,B,98,LIMPEZA,DESENGORDURANTE
2021-07-12,720411,585,F,2,4,B,222,LIMPEZA,BALDE
2021-07-12,720450,357,M,2,2,C,94,LIMPEZA,ALCOOL
2021-07-12,720495,315,F,3,0,B,58,ALIMENTOS,RICOTA
2021-07-12,720550,135,M,3,0,B,194,ALIMENTOS,FILE DE PEIXE
2021-07-12,720552,221,F,1,0,B,69,BEBIDAS,REFRIGERANTE LIMaO
2021-07-12,720565,420,M,3,0,B,94,LIMPEZA,ALCOOL
2021-07-12,720598,634,F,2,0,C,124,LIMPEZA,TIRA LIMO
2021-07-12,720696,654,M,1,1,B,189,ALIMENTOS,GRANOLA
2021-07-12,720784,94,M,1,2,C,186,HIGIENE,HIDRATANTE
2021-07-12,720851,220,M,1,0,B,196,HIGIENE,ESCOVA DE DENTE
2021-07-12,720898,739,F,2,3,B,151,HIGIENE,PROTETOR SOLAR
2021-07-12,720996,908,M,3,2,C,116,PET,RACAO SECA PARA CAES
2021-07-12,721072,223,F,3,0,B,148,PET,RACAO SECA PARA CAES
2021-10-12,721153,844,F,5,1,A,62,ALIMENTOS,SNACKS
2021-10-12,721239,394,M,1,0,B,171,ALIMENTOS,MACARRAO
2021-10-12,721276,361,F,1,0,C,74,HIGIENE,ENXAGUANTE BUCAL
2021-10-12,721328,910,M,2,2,B,73,HIGIENE,CREME
2021-10-12,721386,714,M,1,0,B,23,ALIMENTOS,COGUMELOS
2021-10-12,721449,277,F,1,3,B,225,ALIMENTOS,ATUM
2021-10-12,721502,861,M,3,0,B,49,ALIMENTOS,PALMITO
2021-10-12,721523,223,F,3,0,B,127,ALIMENTOS,SNACKS
2021-10-12,721617,38,M,3,0,B,116,PET,RACAO SECA PARA CAES
2021-10-12,721711,233,M,3,0,B,32,ALIMENTOS,HAMBUGUER
2021-10-12,721756,93,F,2,0,C,93,LIMPEZA,AGUA SANITARIA
2021-10-12,721830,267,F,4,2,B,39,ALIMENTOS,LIMAO
2021-10-12,721856,174,M,4,3,C,7,ALIMENTOS,ALMONDEGA
2021-10-12,721905,523,M,3,0,B,87,HIGIENE,PROTETOR SOLAR
2021-10-12,721972,990,F,1,4,B,58,ALIMENTOS,RICOTA
2021-10-12,721992,215,M,2,4,B,93,LIMPEZA,AGUA SANITARIA
2021-10-12,721997,67,M,1,0,B,178,HIGIENE,LENCO UMEDECIDO
2021-10-12,722065,977,M,1,0,C,179,ALIMENTOS,LEITE CONDENSADO
2021-10-12,722118,441,M,4,2,B,200,LIMPEZA,DETERGENTE
2021-10-12,722146,916,F,3,4,C,157,ALIMENTOS,PAPINHA INFANTIL
2021-10-12,722222,271,F,4,0,B,136,ALIMENTOS,RICOTA
2021-10-12,722271,437,F,2,1,C,102,LIMPEZA,LIMPA VIDROS
2021-10-12,722353,795,F,4,2,B,220,ALIMENTOS,BATATA
2021-10-12,722394,130,F,1,0,B,144,BEBIDAS,REFRIGERANTE COLA
2021-10-12,722483,957,M,2,3,B,203,ALIMENTOS,DANETTE
2021-10-12,722532,885,F,3,1,A,1,ACESSORIOS,CHUPETA
2021-10-12,722570,503,F,2,1,B,163,ALIMENTOS,MORTADELA
2021-10-12,722669,917,M,1,0,A,111,LIMPEZA,SABAO EM PO
2021-10-12,722757,822,M,2,3,B,129,ALIMENTOS,SARDINHA
2021-10-12,722816,394,M,1,0,B,8,ALIMENTOS,ARROZ
2021-10-12,722876,629,M,3,0,C,153,ALIMENTOS,PRESUNTO COZIDO
2021-10-12,722936,682,F,2,2,B,82,HIGIENE,LENCO UMEDECIDO
2021-10-12,722938,942,M,1,0,B,131,ALIMENTOS,SALGADINHO
2021-10-12,723005,339,F,4,0,C,186,HIGIENE,HIDRATANTE
2021-10-12,723089,731,M,3,4,B,152,ALIMENTOS,PRESUNTO COZIDO
2021-10-12,723183,225,M,4,0,C,49,ALIMENTOS,PALMITO
2021-10-12,723239,962,M,3,4,B,102,LIMPEZA,LIMPA VIDROS
2021-10-12,723301,621,F,4,0,B,75,HIGIENE,ESCOVA DE DENTE
2021-10-12,723310,579,F,3,0,B,169,ALIMENTOS,MAMAO
2021-10-12,723314,653,M,2,0,C,23,ALIMENTOS,COGUMELOS
2021-10-12,723340,409,F,3,4,B,64,ALIMENTOS,UVA
2021-10-12,723363,435,F,2,0,C,43,ALIMENTOS,MAMAO PAPAYA
2021-10-12,723459,622,F,3,0,B,212,LIMPEZA,CERA
2021-12-16,723485,876,F,2,3,B,70,BEBIDAS,REFRIGERANTE OUTROS
2021-12-16,723513,61,M,1,2,B,3,ALIMENTOS,ABACATE
2021-12-16,723559,731,M,3,4,B,163,ALIMENTOS,MORTADELA
2021-12-16,723578,310,M,4,3,C,226,ALIMENTOS,ARROZ INTEGRAL
2021-12-16,723657,38,M,3,0,B,215,ALIMENTOS,CAFE
2021-12-16,723688,493,M,2,4,B,128,HIGIENE,SHAMPOO
2021-12-16,723752,188,M,2,2,B,209,ALIMENTOS,COGUMELOS
2021-12-16,723778,365,M,4,0,A,201,LIMPEZA,DESINFETANTE
2021-12-16,723836,576,M,3,0,B,123,LIMPEZA,TIRA MANCHA
2021-12-16,723837,906,M,2,0,A,212,LIMPEZA,CERA
2021-12-16,723930,746,M,3,0,C,214,ALIMENTOS,CEBOLA
2021-12-16,723979,234,M,3,4,B,84,HIGIENE,PAPEL HIGIENICO
2021-12-16,723992,351,F,2,2,B,61,ALIMENTOS,SARDINHA
2021-12-16,724043,576,M,3,0,B,152,ALIMENTOS,PRESUNTO COZIDO
2021-12-16,724086,99,F,1,4,C,116,PET,RACAO SECA PARA CAES
2021-12-16,724102,150,M,1,4,B,112,LIMPEZA,TIRA LIMO
2021-12-16,724178,309,M,1,0,B,218,ALIMENTOS,BIFE DE COXAO MOLE
2021-12-16,724269,206,F,3,1,C,109,LIMPEZA,RODO
2021-12-16,724284,407,F,3,3,A,148,PET,RACAO SECA PARA CAES
2021-12-16,724372,181,F,2,2,B,83,HIGIENE,MODELADOR
2021-12-16,724418,957,M,2,3,B,43,ALIMENTOS,MAMAO PAPAYA
2021-12-16,724481,759,F,3,0,B,209,ALIMENTOS,COGUMELOS
2021-12-16,724559,35,M,3,0,B,130,ALIMENTOS,SALGADINHOS DE MILHO
2021-12-16,724579,767,F,1,0,B,111,LIMPEZA,SABAO EM PO
2021-12-16,724593,779,M,3,4,A,122,ALIMENTOS,TOMATE
2021-12-16,724609,590,M,4,3,B,93,LIMPEZA,AGUA SANITARIA
2021-12-16,724706,406,M,2,4,C,22,ALIMENTOS,CHA
2021-12-16,724726,478,M,1,4,A,47,ALIMENTOS,MORTADELA
2021-12-16,724823,103,M,3,4,B,135,LIMPEZA,RODO
2021-12-16,724902,914,M,2,4,B,108,LIMPEZA,REMOVEDOR
2021-12-16,724907,703,M,1,3,B,95,LIMPEZA,AMACIANTE
2021-12-16,724954,97,F,4,1,B,170,ALIMENTOS,MACARRAO INSTANTANEO
2021-12-16,725041,873,F,3,0,B,77,HIGIENE,FIXADOR
2021-12-16,725085,771,F,4,0,B,165,ALIMENTOS,MOLHO BARBECUE
2021-12-16,725086,443,F,4,0,C,194,ALIMENTOS,FILE DE PEIXE
2021-12-16,725102,451,M,3,0,C,11,ALIMENTOS,AZEITE
2021-12-16,725171,782,M,3,3,B,153,ALIMENTOS,PRESUNTO COZIDO
2021-12-16,725225,591,M,4,1,B,88,HIGIENE,REPELENTE
2021-12-16,725293,738,M,1,0,C,118,PET,RACAO UMIDA PARA CAES
2021-12-16,725373,118,M,2,4,A,129,ALIMENTOS,SARDINHA
2021-12-16,725440,898,F,4,0,C,15,ALIMENTOS,BATATA DOCE
2021-12-16,725494,111,M,2,4,C,193,HIGIENE,FIO DENTAL
2021-12-16,725544,672,F,4,0,B,162,LIMPEZA,ODORIZADOR
2021-12-16,725597,977,M,1,0,C,75,HIGIENE,ESCOVA DE DENTE
2021-12-16,725683,516,M,1,0,C,131,ALIMENTOS,SALGADINHO
2021-12-16,725758,927,M,1,1,C,169,ALIMENTOS,MAMAO
2021-12-16,725771,853,M,5,2,A,71,HIGIENE,ABSORVENTE
2021-12-16,725840,755,M,3,4,B,10,ALIMENTOS,ATUM
2021-12-16,725917,762,F,2,0,B,90,HIGIENE,SHAMPOO
2021-12-16,725995,347,F,4,0,B,161,ALIMENTOS,OVOS
2021-12-16,726006,721,M,3,2,C,18,ALIMENTOS,BROCOLIS
2021-12-16,726091,877,M,2,0,C,191,HIGIENE,FRALDA
2021-12-22,726153,786,F,1,4,C,82,HIGIENE,LENCO UMEDECIDO
2021-12-22,726174,51,F,3,0,B,4,ALIMENTOS,ABACAXI
2021-12-22,726250,858,F,4,2,C,72,HIGIENE,CONDICIONADOR
2021-12-22,726305,37,M,3,0,B,32,ALIMENTOS,HAMBUGUER
2021-12-22,726329,822,M,2,3,B,141,BEBIDAS,REFRIGERANTE LIMaO
2021-12-22,726394,757,F,4,3,C,179,ALIMENTOS,LEITE CONDENSADO
2021-12-22,726428,706,F,2,0,A,48,ALIMENTOS,OVOS
2021-12-22,726440,720,M,2,3,B,84,HIGIENE,PAPEL HIGIENICO
2021-12-22,726461,429,M,4,0,C,30,ALIMENTOS,FILE DE PEIXE
2021-12-22,726495,825,M,1,2,C,37,ALIMENTOS,LEITE
2021-12-22,726594,837,F,2,0,C,95,LIMPEZA,AMACIANTE
2021-12-22,726691,344,M,3,0,B,98,LIMPEZA,DESENGORDURANTE
2021-12-22,726692,671,M,2,0,C,153,ALIMENTOS,PRESUNTO COZIDO
2021-12-22,726789,720,M,2,3,B,56,ALIMENTOS,QUEIJO MUSSARELA
2021-12-22,726867,518,F,1,0,B,180,ALIMENTOS,LEITE
2021-12-22,726962,341,M,2,0,C,128,HIGIENE,SHAMPOO
2021-12-22,727006,489,F,4,3,B,75,HIGIENE,ESCOVA DE DENTE
2021-12-22,727025,17,M,4,0,B,94,LIMPEZA,ALCOOL
2021-12-22,727100,91,M,3,0,B,36,ALIMENTOS,LATA DE MILHO
2021-12-22,727128,116,M,4,0,B,112,LIMPEZA,TIRA LIMO
2021-12-22,727150,647,M,1,0,C,79,HIGIENE,GEL
2021-12-22,727193,387,M,2,2,B,5,ALIMENTOS,ACHOCOLATADO
2021-12-22,727259,112,M,4,0,B,116,PET,RACAO SECA PARA CAES
2021-12-22,727292,681,M,1,0,C,173,ALIMENTOS,LINGUICA
2021-12-22,727303,120,F,4,3,A,89,HIGIENE,SABONETE
2021-12-22,727365,956,M,5,1,C,122,ALIMENTOS,TOMATE
2021-12-22,727444,722,F,4,0,B,154,HIGIENE,PRESERVATIVO
2021-12-22,727511,78,M,1,0,B,186,HIGIENE,HIDRATANTE
2021-12-22,727531,97,F,4,1,B,87,HIGIENE,PROTETOR SOLAR
2021-12-22,727586,606,M,1,0,B,144,BEBIDAS,REFRIGERANTE COLA
2021-12-22,727627,146,F,2,0,B,41,ALIMENTOS,MACARRAO
2021-12-22,727717,473,F,4,3,B,103,LIMPEZA,LIMPADOR MULTIUSO
2021-12-22,727750,699,F,1,0,C,167,ALIMENTOS,MANGA
2021-12-22,727801,570,F,4,1,C,13,ALIMENTOS,BANANA
2021-12-22,727856,49,M,2,0,C,212,LIMPEZA,CERA
2021-12-22,727892,346,F,2,4,C,135,LIMPEZA,RODO
2021-12-22,727955,792,F,2,0,B,117,PET,RACAO SECA PARA GATOS
2021-12-22,727967,147,M,1,0,A,23,ALIMENTOS,COGUMELOS
2021-12-22,728048,159,M,1,0,C,17,ALIMENTOS,BISCOITO
2021-12-22,728128,737,F,2,1,C,204,HIGIENE,CREME
2021-12-22,728221,325,M,1,3,B,222,LIMPEZA,BALDE
2021-12-22,728306,19,F,2,2,C,21,ALIMENTOS,CENOURA
2021-12-22,728316,523,M,3,0,B,2,ACESSORIOS,MORDEDOR
2021-12-22,728355,988,F,2,0,C,18,ALIMENTOS,BROCOLIS
2021-12-22,728426,511,F,1,0,B,169,ALIMENTOS,MAMAO
2021-12-22,728465,282,M,2,0,B,61,ALIMENTOS,SARDINHA
2021-12-22,728529,574,F,2,2,B,228,LIMPEZA,AMACIANTE
2021-12-22,728565,737,F,2,1,C,100,LIMPEZA,DETERGENTE
2021-12-22,728609,854,F,5,1,C,221,ALIMENTOS,BANANA
2021-12-22,728677,414,F,1,0,B,192,HIGIENE,FIXADOR
2021-12-22,728774,800,M,1,0,C,182,ALIMENTOS,LATA DE ERVILHA
2021-12-22,728839,296,F,1,3,B,88,HIGIENE,REPELENTE
2021-12-22,728891,444,F,2,0,B,149,ALIMENTOS,QUEIJO MUSSARELA
2021-12-22,728929,943,F,1,0,C,34,ALIMENTOS,KETCHUP
2021-12-22,728938,819,M,4,0,B,127,ALIMENTOS,SNACKS
2021-12-22,728996,133,F,2,0,B,155,ALIMENTOS,PATE
2021-12-24,729000,638,M,3,1,B,60,ALIMENTOS,SALGADINHOS DE MILHO
2021-12-24,729031,548,F,4,0,C,210,ACESSORIOS,CHUPETA
2021-12-24,729081,319,M,1,4,B,38,ALIMENTOS,LEITE CONDENSADO
2021-12-24,729110,331,F,4,0,B,130,ALIMENTOS,SALGADINHOS DE MILHO
2021-12-24,729148,860,M,1,0,B,22,ALIMENTOS,CHA
2021-12-24,729171,595,M,1,0,B,29,ALIMENTOS,FEIJAO
2021-12-24,729189,919,F,2,0,C,164,ACESSORIOS,MORDEDOR
2021-12-24,729213,531,F,3,1,B,105,LIMPEZA,LUSTRA MOVEIS
2021-12-24,729222,284,M,4,1,B,121,ALIMENTOS,UVA
2021-12-24,729255,990,F,1,4,B,133,LIMPEZA,SABAO EM PO
2021-12-24,729294,447,M,2,0,B,107,#N/D,#N/D
2021-12-24,729298,655,M,2,0,B,125,HIGIENE,TINTURAS
2021-12-24,729375,206,F,3,1,C,109,LIMPEZA,RODO
2021-12-24,729463,916,F,3,4,C,121,ALIMENTOS,UVA
2021-12-24,729532,369,F,3,4,C,42,ALIMENTOS,MACARRAO INSTANTANEO
2021-12-24,729599,783,F,1,0,B,16,ALIMENTOS,BIFE DE COXAO MOLE
2021-12-24,729642,420,M,3,0,B,227,ALIMENTOS,ARROZ
2021-12-24,729692,554,F,3,0,A,44,ALIMENTOS,MAMAO
2021-12-24,729788,247,M,1,0,B,42,ALIMENTOS,MACARRAO INSTANTANEO
2021-12-24,729882,306,F,3,0,B,124,LIMPEZA,TIRA LIMO
2021-12-24,729981,111,M,2,4,C,58,ALIMENTOS,RICOTA
2021-12-24,730042,220,M,1,0,B,159,ALIMENTOS,PAO DE FORMA
2021-12-24,730097,533,F,4,0,A,6,ALIMENTOS,ALHO
2021-12-24,730158,589,F,3,2,C,126,HIGIENE,TALCO
2021-12-24,730200,813,F,4,0,C,152,ALIMENTOS,PRESUNTO COZIDO
2021-12-24,730278,748,M,4,0,B,167,ALIMENTOS,MANGA
2021-12-24,730374,860,M,1,0,B,12,ALIMENTOS,AZEITONA
2021-12-24,730409,296,F,1,3,B,224,ALIMENTOS,AZEITE
2021-12-24,730423,837,F,2,0,C,109,LIMPEZA,RODO
2021-12-24,730508,961,F,1,0,C,170,ALIMENTOS,MACARRAO INSTANTANEO
2021-12-24,730514,695,M,2,0,A,52,ALIMENTOS,PATE
2021-12-24,730554,628,M,3,0,B,130,ALIMENTOS,SALGADINHOS DE MILHO
2021-12-24,730607,775,F,2,3,B,221,ALIMENTOS,BANANA
2021-12-24,730685,938,M,1,4,B,218,ALIMENTOS,BIFE DE COXAO MOLE
2021-12-24,730727,535,M,4,0,A,46,ALIMENTOS,MOLHO BARBECUE
2021-12-24,730808,272,M,4,3,C,117,PET,RACAO SECA PARA GATOS
2021-12-24,730855,108,M,1,0,B,88,HIGIENE,REPELENTE
2021-12-24,730898,69,M,4,3,A,202,LIMPEZA,DESENGORDURANTE
2021-12-24,730977,371,F,4,0,B,126,HIGIENE,TALCO
2021-12-24,731047,820,M,1,4,B,80,HIGIENE,HASTES FLEXIVEIS
2021-12-24,731130,26,F,4,1,A,179,ALIMENTOS,LEITE CONDENSADO
2021-12-24,731165,472,M,2,1,C,7,ALIMENTOS,ALMONDEGA
2021-12-24,731184,528,M,2,2,C,146,PET,RACAO UMIDA PARA CAES
2021-12-24,731274,544,F,2,0,B,69,BEBIDAS,REFRIGERANTE LIMaO
2021-12-24,731364,37,M,3,0,B,229,ALIMENTOS,ALMONDEGA
2021-12-24,731455,336,F,1,0,C,28,ALIMENTOS,DOCE
2021-12-24,731460,503,F,2,1,B,24,ALIMENTOS,COPA SUINA
2021-12-24,731545,765,F,5,1,B,204,HIGIENE,CREME
2021-12-24,731607,294,F,4,0,C,215,ALIMENTOS,CAFE
2021-12-24,731692,848,F,5,3,A,149,ALIMENTOS,QUEIJO MUSSARELA
2021-12-24,731730,883,M,1,0,B,198,BEBIDAS,ENERGETICO
2021-12-24,731780,406,M,2,4,C,47,ALIMENTOS,MORTADELA
2021-12-24,731869,130,F,1,0,B,156,HIGIENE,PASTA DE DENTE
2021-12-24,731920,628,M,3,0,B,213,ALIMENTOS,CENOURA
2021-12-24,731945,801,M,1,4,B,153,ALIMENTOS,PRESUNTO COZIDO
2021-12-24,731975,508,F,3,0,B,183,ALIMENTOS,KETCHUP
2021-12-24,732028,64,F,4,0,B,211,ALIMENTOS,CHA
2021-12-24,732112,300,F,1,3,C,68,BEBIDAS,REFRIGERANTE LARANJA
2021-12-24,732164,231,F,4,2,B,73,HIGIENE,CREME
2021-12-24,732252,109,M,2,1,B,129,ALIMENTOS,SARDINHA
2021-12-24,732262,950,M,3,0,C,2,ACESSORIOS,MORDEDOR
2021-12-24,732329,865,F,1,0,B,176,LIMPEZA,LIMPA VIDROS
2021-12-24,732419,351,F,2,2,B,122,ALIMENTOS,TOMATE
2021-12-24,732476,822,M,2,3,B,201,LIMPEZA,DESINFETANTE
2021-12-24,732479,311,F,4,0,C,71,HIGIENE,ABSORVENTE
2021-12-24,732555,638,M,3,1,B,98,LIMPEZA,DESENGORDURANTE
2021-12-24,732580,256,F,4,0,B,23,ALIMENTOS,COGUMELOS
2021-12-24,732639,77,F,4,1,B,70,BEBIDAS,REFRIGERANTE OUTROS
2021-12-24,732684,852,M,2,3,B,184,ALIMENTOS,IOGURTE
2021-12-24,732708,355,M,3,4,B,192,HIGIENE,FIXADOR
2021-12-24,732793,243,F,1,4,C,96,LIMPEZA,BALDE
2021-12-24,732832,285,M,3,0,B,22,ALIMENTOS,CHA
2021-12-24,732874,694,M,4,0,C,202,LIMPEZA,DESENGORDURANTE
2021-12-24,732919,589,F,3,2,C,115,PET,ALIMENTO PARA PASSARO
2021-12-24,732938,670,M,4,0,C,211,ALIMENTOS,CHA
2021-12-24,733011,660,F,3,0,C,191,HIGIENE,FRALDA
2021-12-24,733102,827,M,4,0,B,177,ALIMENTOS,LIMAO
2021-12-24,733153,854,F,5,1,C,169,ALIMENTOS,MAMAO
2021-12-24,733171,345,F,2,3,B,129,ALIMENTOS,SARDINHA
2021-12-24,733194,309,M,1,0,B,197,HIGIENE,ENXAGUANTE BUCAL
2021-12-24,733249,514,M,4,0,C,216,ALIMENTOS,BROCOLIS
2021-12-24,733277,758,F,3,0,B,194,ALIMENTOS,FILE DE PEIXE
2021-12-24,733281,501,M,1,0,B,191,HIGIENE,FRALDA
2021-12-24,733344,107,F,2,0,C,179,ALIMENTOS,LEITE CONDENSADO
2021-12-24,733359,945,F,2,3,B,36,ALIMENTOS,LATA DE MILHO
2021-12-24,733385,797,M,2,4,B,179,ALIMENTOS,LEITE CONDENSADO
2021-12-30,733421,544,F,2,0,B,1,ACESSORIOS,CHUPETA
2021-12-30,733482,275,M,4,0,B,56,ALIMENTOS,QUEIJO MUSSARELA
2021-12-30,733491,248,M,3,0,C,72,HIGIENE,CONDICIONADOR
2021-12-30,733518,309,M,1,0,B,162,LIMPEZA,ODORIZADOR
2021-12-30,733559,252,M,2,2,B,55,ALIMENTOS,QUEIJO DE CABRA
2021-12-30,733649,399,F,4,1,C,30,ALIMENTOS,FILE DE PEIXE
2021-12-30,733675,668,M,1,0,A,217,ALIMENTOS,BISCOITO
2021-12-30,733711,885,F,3,1,A,183,ALIMENTOS,KETCHUP
2021-12-30,733774,647,M,1,0,C,139,LIMPEZA,REMOVEDOR
2021-12-30,733793,924,F,2,2,B,138,HIGIENE,REPELENTE
2021-12-30,733805,351,F,2,2,B,164,ACESSORIOS,MORDEDOR
2021-12-30,733887,569,M,1,1,A,219,ALIMENTOS,BATATA DOCE
2021-12-30,733890,84,F,3,0,C,205,ALIMENTOS,COXA E SOBRECOXA DE FRANGO
2021-12-30,733936,547,F,3,4,C,76,HIGIENE,FIO DENTAL
2021-12-30,733965,447,M,2,0,B,175,LIMPEZA,LIMPADOR MULTIUSO
2021-12-30,733995,210,M,2,2,C,215,ALIMENTOS,CAFE
2021-12-30,734092,439,F,3,0,B,58,ALIMENTOS,RICOTA
2021-12-30,734104,616,F,1,2,C,57,ALIMENTOS,REQUEIJAO
2021-12-30,734116,718,F,3,2,B,229,ALIMENTOS,ALMONDEGA
2021-12-30,734158,76,M,3,0,A,210,ACESSORIOS,CHUPETA
2021-12-30,734227,909,M,3,0,B,99,LIMPEZA,DESINFETANTE
2021-12-30,734229,142,F,1,0,B,123,LIMPEZA,TIRA MANCHA
2021-12-30,734275,127,F,4,2,C,152,ALIMENTOS,PRESUNTO COZIDO
2021-12-30,734324,438,F,1,0,B,11,ALIMENTOS,AZEITE
2021-12-30,734330,1000,F,4,1,B,107,#N/D,#N/D
2021-12-30,734382,892,F,4,2,B,180,ALIMENTOS,LEITE
2021-12-30,734426,414,F,1,0,B,158,HIGIENE,PAPEL HIGIENICO
2021-12-30,734476,312,M,1,0,A,178,HIGIENE,LENCO UMEDECIDO
2021-12-30,734517,403,M,3,2,B,103,LIMPEZA,LIMPADOR MULTIUSO
2021-12-30,734545,438,F,1,0,B,172,LIMPEZA,LUSTRA MOVEIS
2021-12-30,734608,434,M,1,4,B,46,ALIMENTOS,MOLHO BARBECUE
2021-12-30,734632,150,M,1,4,B,112,LIMPEZA,TIRA LIMO
2021-12-30,734662,823,M,5,3,B,133,LIMPEZA,SABAO EM PO
2021-12-30,734731,287,F,1,0,B,118,PET,RACAO UMIDA PARA CAES
2021-12-30,734743,486,M,4,0,B,190,HIGIENE,GEL
2021-12-30,734754,374,F,3,0,B,28,ALIMENTOS,DOCE
2021-12-30,734827,421,M,3,3,C,174,LIMPEZA,LIMPADOR PERFUMADO
2021-12-30,734852,438,F,1,0,B,167,ALIMENTOS,MANGA
2021-12-30,734924,593,M,4,1,B,92,HIGIENE,TINTURAS
2021-12-30,734970,991,F,2,2,C,67,BEBIDAS,REFRIGERANTE GUARANA
2021-12-30,735056,970,M,2,4,B,126,HIGIENE,TALCO
2021-12-30,735144,292,F,2,0,C,81,HIGIENE,HIDRATANTE
2021-12-30,735169,152,F,3,1,C,185,LIMPEZA,INSETICIDA
2021-12-30,735231,642,M,2,3,B,175,LIMPEZA,LIMPADOR MULTIUSO
2021-12-30,735310,811,M,2,1,B,120,LIMPEZA,VASSOURA
2021-12-30,735355,389,F,3,0,C,29,ALIMENTOS,FEIJAO
2021-12-30,735454,508,F,3,0,B,75,HIGIENE,ESCOVA DE DENTE
2021-12-30,735512,406,M,2,4,C,12,ALIMENTOS,AZEITONA
2021-12-30,735557,782,M,3,3,B,117,PET,RACAO SECA PARA GATOS
2021-12-30,735583,886,F,5,1,B,98,LIMPEZA,DESENGORDURANTE
2021-12-30,735660,95,M,1,0,B,1,ACESSORIOS,CHUPETA
2021-12-30,735667,189,F,3,4,C,153,ALIMENTOS,PRESUNTO COZIDO
2021-12-30,735698,407,F,3,3,A,136,ALIMENTOS,RICOTA
2021-12-30,735785,973,F,4,0,B,163,ALIMENTOS,MORTADELA
2021-12-30,735808,756,F,1,4,B,109,LIMPEZA,RODO
2021-12-30,735853,553,F,4,0,B,3,ALIMENTOS,ABACATE
2021-12-30,735928,383,M,1,3,C,4,ALIMENTOS,ABACAXI
2021-12-30,735955,52,F,1,0,A,223,ALIMENTOS,AZEITONA
2021-12-30,735965,626,M,3,1,C,106,LIMPEZA,ODORIZADOR
2021-12-30,736041,375,M,4,0,B,65,BEBIDAS,ENERGETICO
2021-12-30,736119,885,F,3,1,A,157,ALIMENTOS,PAPINHA INFANTIL
2021-12-30,736163,114,F,3,3,B,95,LIMPEZA,AMACIANTE
2022-05-01,736227,383,M,1,3,C,156,HIGIENE,PASTA DE DENTE
2022-05-01,736315,926,M,1,0,B,15,ALIMENTOS,BATATA DOCE
2022-05-01,736343,879,M,2,2,C,43,ALIMENTOS,MAMAO PAPAYA
2022-05-01,736442,166,F,1,0,B,140,BEBIDAS,REFRIGERANTE OUTROS
2022-05-01,736529,569,M,1,1,A,127,ALIMENTOS,SNACKS
2022-05-01,736568,340,M,3,4,B,180,ALIMENTOS,LEITE
2022-05-01,736648,543,M,2,2,B,196,HIGIENE,ESCOVA DE DENTE
2022-05-01,736721,378,F,2,0,C,126,HIGIENE,TALCO
2022-05-01,736810,916,F,3,4,C,134,LIMPEZA,SABAO
2022-05-01,736835,131,F,2,0,C,182,ALIMENTOS,LATA DE ERVILHA
2022-05-01,736858,494,F,5,1,C,156,HIGIENE,PASTA DE DENTE
2022-05-01,736903,289,F,3,4,C,148,PET,RACAO SECA PARA CAES
2022-05-01,736914,24,F,4,0,C,93,LIMPEZA,AGUA SANITARIA
2022-05-01,736955,692,F,4,0,B,94,LIMPEZA,ALCOOL
2022-05-01,736980,642,M,2,3,B,140,BEBIDAS,REFRIGERANTE OUTROS
2022-05-01,737008,339,F,4,0,C,19,ALIMENTOS,CAFE
2022-05-01,737035,938,M,1,4,B,73,HIGIENE,CREME
2022-05-01,737051,532,F,2,3,B,93,LIMPEZA,AGUA SANITARIA
2022-05-01,737054,259,M,1,1,B,109,LIMPEZA,RODO
2022-05-01,737146,265,M,2,3,B,62,ALIMENTOS,SNACKS
2022-05-01,737245,885,F,3,1,A,152,ALIMENTOS,PRESUNTO COZIDO
2022-05-01,737337,485,M,3,3,B,104,LIMPEZA,LIMPADOR PERFUMADO
2022-05-01,737365,672,F,4,0,B,170,ALIMENTOS,MACARRAO INSTANTANEO
2022-05-01,737420,875,F,1,0,B,65,BEBIDAS,ENERGETICO
2022-05-01,737506,538,M,3,0,B,55,ALIMENTOS,QUEIJO DE CABRA
2022-05-01,737557,245,F,4,3,B,103,LIMPEZA,LIMPADOR MULTIUSO
2022-05-01,737594,316,F,3,2,B,198,BEBIDAS,ENERGETICO
2022-05-01,737639,608,F,3,0,C,77,HIGIENE,FIXADOR
2022-05-01,737698,789,F,5,1,B,187,HIGIENE,HASTES FLEXIVEIS
2022-05-01,737745,413,M,3,2,B,115,PET,ALIMENTO PARA PASSARO
2022-05-01,737838,477,F,4,0,B,216,ALIMENTOS,BROCOLIS
2022-05-01,737841,582,F,2,0,B,206,ALIMENTOS,CORACAO DE FRANGO
2022-05-01,737843,593,M,4,1,B,36,ALIMENTOS,LATA DE MILHO
2022-05-01,737849,891,F,3,2,B,51,ALIMENTOS,PAPINHA INFANTIL
2022-05-01,737873,821,F,2,3,B,183,ALIMENTOS,KETCHUP
2022-05-01,737887,315,F,3,0,B,14,ALIMENTOS,BATATA
2022-05-01,737936,137,F,4,1,B,224,ALIMENTOS,AZEITE
2022-05-01,738022,109,M,2,1,B,217,ALIMENTOS,BISCOITO
2022-05-01,738083,640,M,4,0,C,168,ALIMENTOS,MAMAO PAPAYA
2022-05-01,738125,480,F,2,0,C,169,ALIMENTOS,MAMAO
2022-05-01,738142,586,F,4,2,B,129,ALIMENTOS,SARDINHA
2022-05-01,738193,59,M,2,0,A,24,ALIMENTOS,COPA SUINA
2022-05-01,738241,305,F,4,0,B,99,LIMPEZA,DESINFETANTE
2022-09-01,738297,546,F,4,0,B,134,LIMPEZA,SABAO
2022-09-01,738365,6,F,2,0,B,186,HIGIENE,HIDRATANTE
2022-09-01,738451,708,F,2,2,B,126,HIGIENE,TALCO
2022-09-01,738519,940,F,1,3,B,88,HIGIENE,REPELENTE
2022-09-01,738611,95,M,1,0,B,127,ALIMENTOS,SNACKS
2022-09-01,738652,793,M,1,3,B,74,HIGIENE,ENXAGUANTE BUCAL
2022-09-01,738727,141,M,3,4,B,107,#N/D,#N/D
2022-09-01,738800,568,F,4,1,A,227,ALIMENTOS,ARROZ
2022-09-01,738818,412,M,2,0,B,36,ALIMENTOS,LATA DE MILHO
2022-09-01,738902,954,F,4,2,B,212,LIMPEZA,CERA
2022-09-01,739000,213,M,2,4,B,84,HIGIENE,PAPEL HIGIENICO
2022-09-01,739086,781,M,4,0,B,171,ALIMENTOS,MACARRAO
2022-09-01,739158,372,M,1,4,B,218,ALIMENTOS,BIFE DE COXAO MOLE
2022-09-01,739202,544,F,2,0,B,37,ALIMENTOS,LEITE
2022-09-01,739280,793,M,1,3,B,2,ACESSORIOS,MORDEDOR
2022-09-01,739356,912,F,4,0,C,111,LIMPEZA,SABAO EM PO
2022-09-01,739404,502,M,4,0,C,7,ALIMENTOS,ALMONDEGA
2022-09-01,739459,980,F,1,0,B,50,ALIMENTOS,PAO DE FORMA
2022-09-01,739530,327,M,4,2,A,153,ALIMENTOS,PRESUNTO COZIDO
2022-09-01,739550,506,F,4,3,B,5,ALIMENTOS,ACHOCOLATADO
2022-09-01,739585,1,M,1,0,C,225,ALIMENTOS,ATUM
2022-09-01,739642,145,M,3,0,B,26,ALIMENTOS,COXA E SOBRECOXA DE FRANGO
2022-09-01,739719,806,F,2,3,B,201,LIMPEZA,DESINFETANTE
2022-09-01,739809,579,F,3,0,B,81,HIGIENE,HIDRATANTE
2022-09-01,739908,554,F,3,0,A,59,ALIMENTOS,SALGADINHO
2022-09-01,739966,298,F,4,0,C,134,LIMPEZA,SABAO
2022-09-01,740002,545,M,2,2,B,193,HIGIENE,FIO DENTAL
2022-09-01,740036,519,M,2,4,B,152,ALIMENTOS,PRESUNTO COZIDO
2022-09-01,740114,901,F,4,1,B,69,BEBIDAS,REFRIGERANTE LIMaO
2022-09-01,740154,754,F,3,4,B,153,ALIMENTOS,PRESUNTO COZIDO
2022-09-01,740155,254,F,5,2,B,137,ALIMENTOS,REQUEIJAO
2022-09-01,740183,244,M,4,0,B,212,LIMPEZA,CERA
2022-09-01,740200,334,M,3,0,C,218,ALIMENTOS,BIFE DE COXAO MOLE
2022-09-01,740212,690,F,1,3,B,106,LIMPEZA,ODORIZADOR
2022-09-01,740259,453,F,1,0,B,144,BEBIDAS,REFRIGERANTE COLA
2022-01-15,740292,929,M,4,0,B,14,ALIMENTOS,BATATA
2022-01-15,740348,617,F,4,3,C,10,ALIMENTOS,ATUM
2022-01-15,740367,770,M,2,3,B,45,ALIMENTOS,MANGA
2022-01-15,740432,529,M,1,2,B,128,HIGIENE,SHAMPOO
2022-01-15,740441,256,F,4,0,B,177,ALIMENTOS,LIMAO
2022-01-15,740449,759,F,3,0,B,42,ALIMENTOS,MACARRAO INSTANTANEO
2022-01-15,740529,797,M,2,4,B,128,HIGIENE,SHAMPOO
2022-01-15,740609,159,M,1,0,C,117,PET,RACAO SECA PARA GATOS
2022-01-15,740624,297,M,4,0,B,94,LIMPEZA,ALCOOL
2022-01-15,740672,186,M,2,4,C,145,PET,RACAO UMIDA PARA GATOS
2022-01-15,740771,570,F,4,1,C,77,HIGIENE,FIXADOR
2022-01-15,740792,740,F,1,4,C,91,HIGIENE,TALCO
2022-01-15,740819,895,M,3,0,B,12,ALIMENTOS,AZEITONA
2022-01-15,740822,613,F,3,0,B,110,LIMPEZA,SABAO
2022-01-15,740909,106,M,1,0,B,66,BEBIDAS,REFRIGERANTE COLA
2022-01-15,740982,346,F,2,4,C,44,ALIMENTOS,MAMAO
2022-01-15,740983,59,M,2,0,A,193,HIGIENE,FIO DENTAL
2022-01-15,741007,504,M,3,0,B,29,ALIMENTOS,FEIJAO
2022-01-15,741097,422,F,2,4,C,177,ALIMENTOS,LIMAO
2022-01-15,741140,383,M,1,3,C,122,ALIMENTOS,TOMATE
2022-01-15,741154,114,F,3,3,B,135,LIMPEZA,RODO
2022-01-15,741155,834,M,3,3,B,161,ALIMENTOS,OVOS
2022-01-15,741184,187,M,2,1,B,3,ALIMENTOS,ABACATE
2022-01-15,741257,987,F,1,0,B,205,ALIMENTOS,COXA E SOBRECOXA DE FRANGO
2022-01-15,741277,177,F,3,2,C,67,BEBIDAS,REFRIGERANTE GUARANA
2022-01-15,741372,882,F,4,1,B,134,LIMPEZA,SABAO
2022-01-15,741392,289,F,3,4,C,154,HIGIENE,PRESERVATIVO
2022-01-15,741466,959,M,5,1,B,15,ALIMENTOS,BATATA DOCE
2022-01-15,741506,864,F,1,3,B,84,HIGIENE,PAPEL HIGIENICO
2022-01-15,741548,862,M,4,0,B,140,BEBIDAS,REFRIGERANTE OUTROS
2022-01-15,741619,138,F,3,2,B,203,ALIMENTOS,DANETTE
2022-01-15,741680,338,M,2,0,B,122,ALIMENTOS,TOMATE
2022-01-15,741726,573,F,1,0,C,129,ALIMENTOS,SARDINHA
2022-01-15,741762,131,F,2,0,C,192,HIGIENE,FIXADOR
2022-01-15,741786,913,M,3,4,C,81,HIGIENE,HIDRATANTE
2022-01-15,741869,655,M,2,0,B,11,ALIMENTOS,AZEITE
2022-01-15,741940,952,F,3,4,C,185,LIMPEZA,INSETICIDA
2022-01-15,741993,894,F,4,3,C,208,HIGIENE,CONDICIONADOR
2022-01-15,742007,245,F,4,3,B,82,HIGIENE,LENCO UMEDECIDO
2022-01-15,742052,204,F,3,3,B,36,ALIMENTOS,LATA DE MILHO
2022-01-15,742066,88,F,1,0,B,30,ALIMENTOS,FILE DE PEIXE
2022-01-15,742125,665,M,1,4,B,208,HIGIENE,CONDICIONADOR
2022-01-15,742218,867,M,2,3,B,143,BEBIDAS,REFRIGERANTE GUARANA
2022-01-15,742268,14,M,1,3,B,54,ALIMENTOS,PRESUNTO COZIDO
2022-01-15,742318,747,M,1,0,B,145,PET,RACAO UMIDA PARA GATOS
2022-01-15,742367,652,F,4,0,B,206,ALIMENTOS,CORACAO DE FRANGO
2022-01-15,742420,895,M,3,0,B,123,LIMPEZA,TIRA MANCHA
2022-01-15,742519,725,M,4,0,C,36,ALIMENTOS,LATA DE MILHO
2022-01-15,742573,602,M,3,0,B,155,ALIMENTOS,PATE
2022-01-15,742646,244,M,4,0,B,94,LIMPEZA,ALCOOL
2022-01-15,742720,469,M,4,2,C,82,HIGIENE,LENCO UMEDECIDO
2022-01-15,742741,299,F,3,1,C,184,ALIMENTOS,IOGURTE
2022-01-15,742764,456,M,1,4,B,170,ALIMENTOS,MACARRAO INSTANTANEO
2022-01-15,742817,610,M,2,0,B,143,BEBIDAS,REFRIGERANTE GUARANA
2022-01-15,742916,358,F,3,0,C,88,HIGIENE,REPELENTE
2022-01-15,742943,879,M,2,2,C,187,HIGIENE,HASTES FLEXIVEIS
2022-01-15,742977,208,M,3,0,B,35,ALIMENTOS,LATA DE ERVILHA
2022-01-15,743050,332,F,3,4,C,188,ALIMENTOS,HAMBUGUER
2022-01-15,743093,633,F,3,0,C,100,LIMPEZA,DETERGENTE
2022-01-15,743131,822,M,2,3,B,97,LIMPEZA,CERA
2022-01-15,743168,674,M,4,1,B,88,HIGIENE,REPELENTE
2022-01-15,743201,505,F,1,0,C,17,ALIMENTOS,BISCOITO
2022-01-15,743277,749,F,4,1,B,203,ALIMENTOS,DANETTE
2022-01-15,743375,316,F,3,2,B,169,ALIMENTOS,MAMAO
2022-01-15,743469,688,M,1,1,A,26,ALIMENTOS,COXA E SOBRECOXA DE FRANGO
2022-01-15,743560,366,M,3,4,B,10,ALIMENTOS,ATUM
2022-01-15,743639,505,F,1,0,C,106,LIMPEZA,ODORIZADOR
2022-01-15,743653,619,M,4,1,B,116,PET,RACAO SECA PARA CAES
2022-01-15,743675,694,M,4,0,C,81,HIGIENE,HIDRATANTE
2022-01-15,743708,334,M,3,0,C,207,ALIMENTOS,COPA SUINA
2022-01-15,743744,49,M,2,0,C,125,HIGIENE,TINTURAS
2022-01-15,743814,544,F,2,0,B,224,ALIMENTOS,AZEITE
2022-01-15,743867,181,F,2,2,B,220,ALIMENTOS,BATATA
2022-01-15,743887,83,M,1,4,B,146,PET,RACAO UMIDA PARA CAES
2022-01-15,743957,692,F,4,0,B,181,ALIMENTOS,LATA DE MILHO
2022-01-15,744001,327,M,4,2,A,146,PET,RACAO UMIDA PARA CAES
2022-01-15,744096,178,M,3,0,A,209,ALIMENTOS,COGUMELOS
2022-01-15,744153,84,F,3,0,C,52,ALIMENTOS,PATE
2022-01-15,744225,336,F,1,0,C,120,LIMPEZA,VASSOURA
2022-01-15,744249,935,F,2,0,B,122,ALIMENTOS,TOMATE
2022-01-18,744264,12,M,1,1,A,117,PET,RACAO SECA PARA GATOS
2022-01-18,744317,42,M,2,2,B,210,ACESSORIOS,CHUPETA
2022-01-18,744400,638,M,3,1,B,24,ALIMENTOS,COPA SUINA
2022-01-18,744408,769,F,3,3,C,4,ALIMENTOS,ABACAXI
2022-01-18,744419,821,F,2,3,B,187,HIGIENE,HASTES FLEXIVEIS
2022-01-18,744434,496,F,2,0,B,220,ALIMENTOS,BATATA
2022-01-18,744493,557,F,2,0,A,32,ALIMENTOS,HAMBUGUER
2022-01-18,744589,702,M,1,0,B,216,ALIMENTOS,BROCOLIS
2022-01-18,744621,432,F,1,0,C,212,LIMPEZA,CERA
2022-01-18,744678,141,M,3,4,B,147,PET,RACAO SECA PARA GATOS
2022-01-18,744766,810,M,1,0,B,140,BEBIDAS,REFRIGERANTE OUTROS
2022-01-18,744857,712,F,2,3,B,23,ALIMENTOS,COGUMELOS
2022-01-18,744925,257,M,1,4,C,65,BEBIDAS,ENERGETICO
2022-01-18,744970,749,F,4,1,B,104,LIMPEZA,LIMPADOR PERFUMADO
2022-01-18,745031,689,M,2,0,C,152,ALIMENTOS,PRESUNTO COZIDO
2022-01-18,745048,573,F,1,0,C,226,ALIMENTOS,ARROZ INTEGRAL
2022-01-18,745133,460,F,1,3,B,226,ALIMENTOS,ARROZ INTEGRAL
2022-01-18,745147,208,M,3,0,B,38,ALIMENTOS,LEITE CONDENSADO
2022-01-21,745152,870,F,1,0,B,204,HIGIENE,CREME
2022-01-21,745198,643,F,4,0,C,78,HIGIENE,FRALDA
2022-01-21,745261,813,F,4,0,C,96,LIMPEZA,BALDE
2022-01-21,745326,424,M,1,4,B,180,ALIMENTOS,LEITE
2022-01-21,745384,475,F,4,3,B,17,ALIMENTOS,BISCOITO
2022-01-21,745388,111,M,2,4,C,213,ALIMENTOS,CENOURA
2022-01-21,745442,976,M,4,2,B,70,BEBIDAS,REFRIGERANTE OUTROS
2022-01-21,745531,539,M,2,0,C,61,ALIMENTOS,SARDINHA
2022-01-21,745621,264,F,4,1,B,99,LIMPEZA,DESINFETANTE
2022-01-21,745657,6,F,2,0,B,187,HIGIENE,HASTES FLEXIVEIS
2022-01-21,745675,610,M,2,0,B,198,BEBIDAS,ENERGETICO
2022-01-21,745688,781,M,4,0,B,202,LIMPEZA,DESENGORDURANTE
2022-01-21,745743,658,F,1,1,B,124,LIMPEZA,TIRA LIMO
2022-01-21,745817,783,F,1,0,B,80,HIGIENE,HASTES FLEXIVEIS
2022-01-21,745868,366,M,3,4,B,116,PET,RACAO SECA PARA CAES
2022-01-21,745919,591,M,4,1,B,100,LIMPEZA,DETERGENTE
2022-01-21,745926,589,F,3,2,C,25,ALIMENTOS,CORACAO DE FRANGO
2022-01-21,745929,351,F,2,2,B,219,ALIMENTOS,BATATA DOCE
2022-01-21,746011,285,M,3,0,B,117,PET,RACAO SECA PARA GATOS
2022-01-21,746035,707,M,4,0,B,196,HIGIENE,ESCOVA DE DENTE
2022-01-21,746100,468,M,3,1,C,33,ALIMENTOS,IOGURTE
2022-01-21,746162,428,F,2,0,A,95,LIMPEZA,AMACIANTE
2022-01-21,746170,638,M,3,1,B,218,ALIMENTOS,BIFE DE COXAO MOLE
2022-01-21,746194,311,F,4,0,C,47,ALIMENTOS,MORTADELA
2022-01-21,746284,458,F,3,4,C,2,ACESSORIOS,MORDEDOR
2022-01-21,746336,888,F,4,2,B,39,ALIMENTOS,LIMAO
2022-01-21,746341,605,M,4,2,B,157,ALIMENTOS,PAPINHA INFANTIL
2022-01-21,746342,458,F,3,4,C,114,LIMPEZA,VASSOURA
2022-01-21,746420,601,M,4,0,A,92,HIGIENE,TINTURAS
2022-01-21,746455,828,F,2,4,B,16,ALIMENTOS,BIFE DE COXAO MOLE
2022-01-21,746504,672,F,4,0,B,187,HIGIENE,HASTES FLEXIVEIS
2022-01-21,746580,872,M,3,4,A,116,PET,RACAO SECA PARA CAES
2022-01-21,746646,243,F,1,4,C,106,LIMPEZA,ODORIZADOR
2022-01-21,746732,945,F,2,3,B,30,ALIMENTOS,FILE DE PEIXE
2022-01-21,746809,412,M,2,0,B,197,HIGIENE,ENXAGUANTE BUCAL
2022-01-21,746904,315,F,3,0,B,154,HIGIENE,PRESERVATIVO
2022-01-21,746938,127,F,4,2,C,75,HIGIENE,ESCOVA DE DENTE
2022-01-21,746981,899,F,4,0,C,206,ALIMENTOS,CORACAO DE FRANGO
2022-01-21,747049,38,M,3,0,B,152,ALIMENTOS,PRESUNTO COZIDO
2022-01-21,747090,142,F,1,0,B,130,ALIMENTOS,SALGADINHOS DE MILHO
2022-01-21,747148,238,M,2,1,B,194,ALIMENTOS,FILE DE PEIXE
2022-01-21,747217,760,F,2,0,A,39,ALIMENTOS,LIMAO
2022-01-21,747237,91,M,3,0,B,74,HIGIENE,ENXAGUANTE BUCAL
2022-01-21,747323,433,M,3,3,B,62,ALIMENTOS,SNACKS
2022-01-21,747363,16,M,1,4,C,158,HIGIENE,PAPEL HIGIENICO
2022-01-21,747410,998,F,2,0,C,92,HIGIENE,TINTURAS
2022-01-21,747450,482,M,4,2,B,149,ALIMENTOS,QUEIJO MUSSARELA
2022-01-21,747463,77,F,4,1,B,159,ALIMENTOS,PAO DE FORMA
2022-01-21,747560,134,F,3,0,B,89,HIGIENE,SABONETE
2022-01-21,747574,710,F,3,1,C,112,LIMPEZA,TIRA LIMO
2022-01-21,747629,351,F,2,2,B,184,ALIMENTOS,IOGURTE
2022-01-21,747695,49,M,2,0,C,196,HIGIENE,ESCOVA DE DENTE
2022-01-21,747746,400,F,4,1,C,91,HIGIENE,TALCO
2022-01-21,747800,317,M,3,0,B,135,LIMPEZA,RODO
2022-01-21,747813,320,M,3,4,B,216,ALIMENTOS,BROCOLIS
2022-01-21,747892,232,M,3,1,B,76,HIGIENE,FIO DENTAL
2022-01-21,747988,438,F,1,0,B,167,ALIMENTOS,MANGA
2022-01-21,748009,219,M,2,0,B,58,ALIMENTOS,RICOTA
2022-01-21,748103,80,F,2,1,C,29,ALIMENTOS,FEIJAO
2022-01-21,748117,268,M,4,0,B,190,HIGIENE,GEL
2022-01-21,748168,322,M,2,0,B,209,ALIMENTOS,COGUMELOS
2022-01-21,748228,685,F,4,0,B,139,LIMPEZA,REMOVEDOR
2022-01-21,748244,23,M,3,0,B,12,ALIMENTOS,AZEITONA
2022-01-21,748341,435,F,2,0,C,69,BEBIDAS,REFRIGERANTE LIMaO
2022-01-21,748369,238,M,2,1,B,144,BEBIDAS,REFRIGERANTE COLA
2022-01-21,748454,677,M,4,0,B,190,HIGIENE,GEL
2022-01-21,748471,973,F,4,0,B,47,ALIMENTOS,MORTADELA
2022-01-21,748504,182,F,1,4,B,65,BEBIDAS,ENERGETICO
2022-01-21,748547,269,F,3,3,B,228,LIMPEZA,AMACIANTE
2022-01-21,748594,298,F,4,0,C,108,LIMPEZA,REMOVEDOR
2022-01-21,748600,963,M,3,0,B,62,ALIMENTOS,SNACKS
2022-01-21,748693,611,M,4,0,B,148,PET,RACAO SECA PARA CAES
2022-01-21,748785,509,F,2,3,C,201,LIMPEZA,DESINFETANTE
2022-01-21,748852,88,F,1,0,B,80,HIGIENE,HASTES FLEXIVEIS
2022-01-21,748912,896,M,3,0,B,98,LIMPEZA,DESENGORDURANTE
2022-01-21,748954,401,M,1,4,C,218,ALIMENTOS,BIFE DE COXAO MOLE
2022-01-21,749044,3,F,4,0,B,49,ALIMENTOS,PALMITO
2022-01-21,749129,953,M,1,1,B,86,HIGIENE,PRESERVATIVO
2022-01-21,749156,840,F,3,3,C,211,ALIMENTOS,CHA
2022-01-21,749226,218,M,4,0,B,4,ALIMENTOS,ABACAXI
2022-01-22,749309,88,F,1,0,B,3,ALIMENTOS,ABACATE
2022-01-22,749400,785,M,1,4,C,194,ALIMENTOS,FILE DE PEIXE
2022-01-22,749468,302,F,4,3,C,217,ALIMENTOS,BISCOITO
2022-01-22,749548,391,F,2,0,A,204,HIGIENE,CREME
2022-01-22,749631,328,M,2,0,B,109,LIMPEZA,RODO
2022-01-22,749690,792,F,2,0,B,204,HIGIENE,CREME
2022-01-22,749758,125,M,3,0,B,20,ALIMENTOS,CEBOLA
2022-01-22,749829,639,M,2,0,C,24,ALIMENTOS,COPA SUINA
2022-01-22,749903,106,M,1,0,B,58,ALIMENTOS,RICOTA
2022-01-22,749974,760,F,2,0,A,222,LIMPEZA,BALDE
2022-01-22,750020,10,M,1,0,B,135,LIMPEZA,RODO
2022-01-22,750053,346,F,2,4,C,86,HIGIENE,PRESERVATIVO
2022-01-22,750074,904,M,1,2,B,77,HIGIENE,FIXADOR
2022-01-22,750125,409,F,3,4,B,222,LIMPEZA,BALDE
2022-01-22,750212,63,F,3,0,B,142,BEBIDAS,REFRIGERANTE LARANJA
2022-01-22,750252,577,M,4,0,C,7,ALIMENTOS,ALMONDEGA
2022-01-22,750341,554,F,3,0,A,165,ALIMENTOS,MOLHO BARBECUE
2022-01-22,750382,519,M,2,4,B,193,HIGIENE,FIO DENTAL
2022-01-22,750420,700,F,4,2,C,97,LIMPEZA,CERA
2022-01-22,750506,21,M,3,0,B,203,ALIMENTOS,DANETTE
2022-01-22,750527,253,F,4,1,B,104,LIMPEZA,LIMPADOR PERFUMADO
2022-01-22,750545,751,F,2,0,B,197,HIGIENE,ENXAGUANTE BUCAL
2022-01-22,750593,306,F,3,0,B,165,ALIMENTOS,MOLHO BARBECUE
2022-01-22,750665,898,F,4,0,C,183,ALIMENTOS,KETCHUP
2022-01-22,750706,300,F,1,3,C,95,LIMPEZA,AMACIANTE
2022-01-22,750800,785,M,1,4,C,82,HIGIENE,LENCO UMEDECIDO
2022-01-22,750845,325,M,1,3,B,19,ALIMENTOS,CAFE
2022-01-22,750916,858,F,4,2,C,196,HIGIENE,ESCOVA DE DENTE
2022-01-22,750926,513,F,4,3,B,102,LIMPEZA,LIMPA VIDROS
2022-01-22,750984,731,M,3,4,B,42,ALIMENTOS,MACARRAO INSTANTANEO
2022-01-22,751037,187,M,2,1,B,32,ALIMENTOS,HAMBUGUER
2022-01-22,751050,710,F,3,1,C,212,LIMPEZA,CERA
2022-01-22,751080,736,M,1,0,C,9,ALIMENTOS,ARROZ INTEGRAL
2022-01-22,751119,920,F,5,3,B,187,HIGIENE,HASTES FLEXIVEIS
2022-01-22,751210,135,M,3,0,B,228,LIMPEZA,AMACIANTE
2022-01-22,751279,431,F,4,3,B,9,ALIMENTOS,ARROZ INTEGRAL
2022-01-22,751358,476,M,3,0,C,57,ALIMENTOS,REQUEIJAO
2022-01-22,751424,717,F,3,0,B,224,ALIMENTOS,AZEITE
2022-01-22,751456,728,M,2,0,A,45,ALIMENTOS,MANGA
2022-01-22,751529,587,M,1,0,B,20,ALIMENTOS,CEBOLA
2022-01-22,751594,604,M,4,0,B,125,HIGIENE,TINTURAS
2022-01-22,751626,971,F,1,2,A,54,ALIMENTOS,PRESUNTO COZIDO
2022-01-22,751666,326,F,1,0,B,195,ALIMENTOS,FEIJAO
2022-01-22,751745,175,M,1,0,B,12,ALIMENTOS,AZEITONA
2022-01-22,751750,194,F,4,0,B,91,HIGIENE,TALCO
2022-01-22,751810,427,M,3,0,B,180,ALIMENTOS,LEITE
2022-01-22,751840,244,M,4,0,B,87,HIGIENE,PROTETOR SOLAR
2022-01-22,751895,211,M,2,1,B,110,LIMPEZA,SABAO
2022-01-22,751943,968,F,1,0,B,148,PET,RACAO SECA PARA CAES
2022-01-22,752036,459,F,3,2,B,155,ALIMENTOS,PATE
2022-01-22,752042,848,F,5,3,A,29,ALIMENTOS,FEIJAO
2022-01-22,752069,310,M,4,3,C,107,#N/D,#N/D
2022-01-22,752092,752,M,3,0,C,77,HIGIENE,FIXADOR
2022-01-22,752121,997,M,5,2,C,144,BEBIDAS,REFRIGERANTE COLA
2022-01-22,752157,38,M,3,0,B,56,ALIMENTOS,QUEIJO MUSSARELA
2022-01-22,752159,816,M,4,0,C,201,LIMPEZA,DESINFETANTE
2022-01-22,752240,105,F,4,0,C,75,HIGIENE,ESCOVA DE DENTE
2022-01-22,752287,614,F,4,1,B,30,ALIMENTOS,FILE DE PEIXE
2022-01-22,752294,660,F,3,0,C,84,HIGIENE,PAPEL HIGIENICO
2022-01-22,752386,424,M,1,4,B,81,HIGIENE,HIDRATANTE
2022-01-22,752450,104,F,3,2,B,148,PET,RACAO SECA PARA CAES
2022-01-22,752483,914,M,2,4,B,41,ALIMENTOS,MACARRAO
2022-01-22,752534,589,F,3,2,C,132,HIGIENE,SABONETE
2022-01-22,752621,133,F,2,0,B,221,ALIMENTOS,BANANA
2022-01-22,752707,181,F,2,2,B,108,LIMPEZA,REMOVEDOR
2022-01-22,752785,360,M,4,0,B,182,ALIMENTOS,LATA DE ERVILHA
2022-01-22,752814,59,M,2,0,A,107,#N/D,#N/D
2022-01-22,752851,951,M,2,0,B,162,LIMPEZA,ODORIZADOR
2022-01-22,752913,856,F,5,1,B,161,ALIMENTOS,OVOS
2022-01-22,752972,455,F,2,0,C,163,ALIMENTOS,MORTADELA
2022-01-22,753019,167,M,1,1,A,32,ALIMENTOS,HAMBUGUER
2022-01-22,753061,679,F,3,3,B,175,LIMPEZA,LIMPADOR MULTIUSO
2022-01-22,753080,617,F,4,3,C,218,ALIMENTOS,BIFE DE COXAO MOLE
2022-01-22,753082,807,M,1,3,B,146,PET,RACAO UMIDA PARA CAES
2022-01-22,753179,459,F,3,2,B,203,ALIMENTOS,DANETTE
2022-01-22,753240,937,M,3,4,C,107,#N/D,#N/D
2022-01-22,753294,592,F,2,0,C,228,LIMPEZA,AMACIANTE
2022-01-22,753374,735,F,4,0,B,163,ALIMENTOS,MORTADELA
2022-01-22,753414,511,F,1,0,B,193,HIGIENE,FIO DENTAL
2022-01-22,753432,205,M,2,4,B,160,ALIMENTOS,PALMITO
2022-01-22,753507,241,M,4,1,B,137,ALIMENTOS,REQUEIJAO
2022-01-22,753561,113,F,3,0,B,75,HIGIENE,ESCOVA DE DENTE
2022-01-22,753606,280,M,4,3,B,82,HIGIENE,LENCO UMEDECIDO
2022-01-22,753643,500,M,3,2,C,214,ALIMENTOS,CEBOLA
2022-01-22,753658,269,F,3,3,B,125,HIGIENE,TINTURAS
2022-01-22,753675,236,M,2,2,C,200,LIMPEZA,DETERGENTE
2022-01-22,753689,721,M,3,2,C,41,ALIMENTOS,MACARRAO
2022-01-22,753736,693,F,4,0,B,120,LIMPEZA,VASSOURA
2022-01-22,753763,117,M,2,3,B,14,ALIMENTOS,BATATA
2022-01-22,753769,120,F,4,3,A,46,ALIMENTOS,MOLHO BARBECUE
2022-01-22,753789,87,M,3,2,A,155,ALIMENTOS,PATE
2022-01-22,753855,877,M,2,0,C,129,ALIMENTOS,SARDINHA
2022-01-22,753873,267,F,4,2,B,73,HIGIENE,CREME
2022-01-22,753885,11,F,4,0,A,129,ALIMENTOS,SARDINHA
2022-01-22,753965,19,F,2,2,C,124,LIMPEZA,TIRA LIMO
2022-01-22,753967,678,F,3,0,C,159,ALIMENTOS,PAO DE FORMA
2022-01-29,754028,114,F,3,3,B,48,ALIMENTOS,OVOS
2022-01-29,754060,555,M,4,3,A,38,ALIMENTOS,LEITE CONDENSADO
2022-01-29,754082,608,F,3,0,C,220,ALIMENTOS,BATATA
2022-01-29,754179,711,M,4,2,B,158,HIGIENE,PAPEL HIGIENICO
2022-01-29,754190,833,F,1,4,B,84,HIGIENE,PAPEL HIGIENICO
2022-01-29,754193,845,F,3,3,C,156,HIGIENE,PASTA DE DENTE
2022-01-29,754248,492,F,2,1,C,212,LIMPEZA,CERA
2022-01-29,754323,333,F,2,0,C,170,ALIMENTOS,MACARRAO INSTANTANEO
2022-01-29,754403,958,M,2,3,B,167,ALIMENTOS,MANGA
2022-01-29,754424,197,F,2,0,B,69,BEBIDAS,REFRIGERANTE LIMaO
2022-01-29,754428,90,F,2,2,B,153,ALIMENTOS,PRESUNTO COZIDO
2022-01-29,754453,611,M,4,0,B,94,LIMPEZA,ALCOOL
2022-01-29,754513,781,M,4,0,B,229,ALIMENTOS,ALMONDEGA
2022-01-29,754590,191,M,3,0,B,190,HIGIENE,GEL
2022-01-29,754622,254,F,5,2,B,145,PET,RACAO UMIDA PARA GATOS
2022-01-29,754687,238,M,2,1,B,128,HIGIENE,SHAMPOO
2022-01-29,754749,475,F,4,3,B,144,BEBIDAS,REFRIGERANTE COLA
2022-01-29,754789,546,F,4,0,B,136,ALIMENTOS,RICOTA
2022-01-29,754841,77,F,4,1,B,210,ACESSORIOS,CHUPETA
2022-01-29,754882,642,M,2,3,B,74,HIGIENE,ENXAGUANTE BUCAL
2022-01-29,754937,992,F,2,0,B,111,LIMPEZA,SABAO EM PO
2022-01-29,755012,495,F,2,3,A,168,ALIMENTOS,MAMAO PAPAYA
2022-01-29,755069,169,F,1,1,B,76,HIGIENE,FIO DENTAL
2022-01-29,755142,946,M,3,0,B,209,ALIMENTOS,COGUMELOS
2022-01-29,755201,2,M,3,0,B,165,ALIMENTOS,MOLHO BARBECUE
2022-01-29,755266,1000,F,4,1,B,74,HIGIENE,ENXAGUANTE BUCAL
2022-01-29,755331,74,M,3,0,C,178,HIGIENE,LENCO UMEDECIDO
2022-01-29,755364,724,M,1,0,B,109,LIMPEZA,RODO
2022-01-29,755419,192,F,4,0,B,227,ALIMENTOS,ARROZ
2022-01-29,755428,83,M,1,4,B,175,LIMPEZA,LIMPADOR MULTIUSO
2022-01-29,755448,67,M,1,0,B,5,ALIMENTOS,ACHOCOLATADO
2022-01-29,755535,265,M,2,3,B,141,BEBIDAS,REFRIGERANTE LIMaO
2022-01-29,755597,457,M,3,0,C,123,LIMPEZA,TIRA MANCHA
2022-01-29,755654,312,M,1,0,A,98,LIMPEZA,DESENGORDURANTE
2022-01-29,755724,137,F,4,1,B,34,ALIMENTOS,KETCHUP
2022-01-29,755821,1000,F,4,1,B,58,ALIMENTOS,RICOTA
2022-01-31,755872,960,F,4,2,B,178,HIGIENE,LENCO UMEDECIDO
2022-01-31,755968,608,F,3,0,C,46,ALIMENTOS,MOLHO BARBECUE
2022-01-31,756062,727,M,4,2,C,203,ALIMENTOS,DANETTE
2022-01-31,756114,274,M,1,1,B,126,HIGIENE,TALCO
2022-01-31,756192,429,M,4,0,C,117,PET,RACAO SECA PARA GATOS
2022-01-31,756208,287,F,1,0,B,61,ALIMENTOS,SARDINHA
2022-01-31,756240,298,F,4,0,C,23,ALIMENTOS,COGUMELOS
2022-01-31,756283,540,F,2,0,C,97,LIMPEZA,CERA
2022-01-31,756313,2,M,3,0,B,121,ALIMENTOS,UVA
2022-01-31,756323,3,F,4,0,B,30,ALIMENTOS,FILE DE PEIXE
2022-01-31,756324,663,F,4,0,B,204,HIGIENE,CREME
2022-01-31,756398,915,F,3,0,B,158,HIGIENE,PAPEL HIGIENICO
2022-01-31,756400,488,M,3,2,B,132,HIGIENE,SABONETE
2022-01-31,756480,191,M,3,0,B,130,ALIMENTOS,SALGADINHOS DE MILHO
2022-01-31,756546,153,M,4,1,B,146,PET,RACAO UMIDA PARA CAES
2022-01-31,756611,106,M,1,0,B,76,HIGIENE,FIO DENTAL
2022-01-31,756628,855,M,4,1,C,196,HIGIENE,ESCOVA DE DENTE
2022-01-31,756668,802,M,1,1,B,80,HIGIENE,HASTES FLEXIVEIS
2022-01-31,756694,901,F,4,1,B,85,HIGIENE,PASTA DE DENTE
2022-01-31,756760,308,M,4,0,B,193,HIGIENE,FIO DENTAL
2022-01-31,756807,203,F,3,0,A,104,LIMPEZA,LIMPADOR PERFUMADO
2022-01-31,756832,130,F,1,0,B,25,ALIMENTOS,CORACAO DE FRANGO
2022-01-31,756912,902,F,2,1,B,143,BEBIDAS,REFRIGERANTE GUARANA
2022-01-31,756925,983,F,4,0,C,139,LIMPEZA,REMOVEDOR
2022-01-31,756994,496,F,2,0,B,89,HIGIENE,SABONETE
2022-01-31,757025,764,F,3,1,B,189,ALIMENTOS,GRANOLA
2022-01-31,757044,698,F,2,0,B,64,ALIMENTOS,UVA
2022-01-31,757074,516,M,1,0,C,176,LIMPEZA,LIMPA VIDROS
2022-01-31,757080,986,M,4,0,B,123,LIMPEZA,TIRA MANCHA
2022-01-31,757129,988,F,2,0,C,13,ALIMENTOS,BANANA
2022-01-31,757148,561,M,2,0,B,180,ALIMENTOS,LEITE
2022-01-31,757159,819,M,4,0,B,167,ALIMENTOS,MANGA
2022-01-31,757191,179,F,2,0,B,118,PET,RACAO UMIDA PARA CAES
2022-01-31,757194,148,M,3,4,A,221,ALIMENTOS,BANANA
2022-01-31,757227,279,M,1,2,B,206,ALIMENTOS,CORACAO DE FRANGO
2022-01-31,757254,268,M,4,0,B,54,ALIMENTOS,PRESUNTO COZIDO
2022-01-31,757352,209,F,4,0,B,121,ALIMENTOS,UVA
2022-01-31,757401,589,F,3,2,C,15,ALIMENTOS,BATATA DOCE
2022-01-31,757408,413,M,3,2,B,206,ALIMENTOS,CORACAO DE FRANGO
2022-01-31,757504,635,F,4,0,B,13,ALIMENTOS,BANANA
2022-01-31,757574,984,F,4,3,B,73,HIGIENE,CREME
2022-01-31,757618,347,F,4,0,B,80,HIGIENE,HASTES FLEXIVEIS
2022-01-31,757711,762,F,2,0,B,119,PET,RACAO UMIDA PARA GATOS
2022-01-31,757797,269,F,3,3,B,14,ALIMENTOS,BATATA
2022-01-31,757861,647,M,1,0,C,86,HIGIENE,PRESERVATIVO
2022-01-31,757887,620,M,2,0,B,206,ALIMENTOS,CORACAO DE FRANGO
2022-01-31,757924,592,F,2,0,C,212,LIMPEZA,CERA
2022-01-31,757974,22,M,1,0,B,54,ALIMENTOS,PRESUNTO COZIDO
2022-01-31,758051,425,F,3,0,B,165,ALIMENTOS,MOLHO BARBECUE
2022-01-31,758115,696,M,2,0,B,136,ALIMENTOS,RICOTA
2022-01-31,758155,695,M,2,0,A,4,ALIMENTOS,ABACAXI
2022-01-31,758226,464,M,2,2,B,224,ALIMENTOS,AZEITE
2022-01-31,758243,403,M,3,2,B,221,ALIMENTOS,BANANA
2022-01-31,758323,705,M,1,0,B,16,ALIMENTOS,BIFE DE COXAO MOLE
2022-01-31,758417,714,M,1,0,B,99,LIMPEZA,DESINFETANTE
2022-01-31,758437,822,M,2,3,B,72,HIGIENE,CONDICIONADOR
2022-01-31,758485,151,F,1,0,B,221,ALIMENTOS,BANANA
2022-01-31,758582,397,F,1,0,B,7,ALIMENTOS,ALMONDEGA
2022-01-31,758653,212,F,2,1,B,129,ALIMENTOS,SARDINHA
2022-01-31,758720,661,M,3,0,B,221,ALIMENTOS,BANANA
2022-01-31,758792,981,F,4,1,C,209,ALIMENTOS,COGUMELOS
2022-01-31,758879,882,F,4,1,B,16,ALIMENTOS,BIFE DE COXAO MOLE
2022-01-31,758954,930,F,4,1,B,31,ALIMENTOS,GRANOLA
2022-01-31,759017,668,M,1,0,A,210,ACESSORIOS,CHUPETA
2022-01-31,759096,921,M,2,3,B,42,ALIMENTOS,MACARRAO INSTANTANEO
2022-01-31,759173,420,M,3,0,B,33,ALIMENTOS,IOGURTE
2022-01-31,759206,902,F,2,1,B,23,ALIMENTOS,COGUMELOS
2022-01-31,759282,483,M,1,0,C,14,ALIMENTOS,BATATA
2022-01-31,759345,299,F,3,1,C,61,ALIMENTOS,SARDINHA
2022-01-31,759417,88,F,1,0,B,161,ALIMENTOS,OVOS
2022-01-31,759452,547,F,3,4,C,185,LIMPEZA,INSETICIDA
2022-01-31,759487,708,F,2,2,B,8,ALIMENTOS,ARROZ
2022-01-31,759529,40,M,2,1,B,139,LIMPEZA,REMOVEDOR
2022-01-31,759606,892,F,4,2,B,219,ALIMENTOS,BATATA DOCE
2022-01-31,759638,277,F,1,3,B,209,ALIMENTOS,COGUMELOS
2022-01-31,759684,66,M,3,3,B,98,LIMPEZA,DESENGORDURANTE
2022-01-31,759745,710,F,3,1,C,132,HIGIENE,SABONETE
2022-01-31,759781,755,M,3,4,B,220,ALIMENTOS,BATATA
2022-01-31,759846,859,M,1,0,B,199,ALIMENTOS,DOCE
2022-01-31,759878,791,F,1,0,B,3,ALIMENTOS,ABACATE
2022-01-31,759879,72,F,2,0,A,106,LIMPEZA,ODORIZADOR
2022-01-31,759962,16,M,1,4,C,164,ACESSORIOS,MORDEDOR
2022-01-31,759999,19,F,2,2,C,190,HIGIENE,GEL
2022-01-31,760051,879,M,2,2,C,162,LIMPEZA,ODORIZADOR
2022-01-31,760061,813,F,4,0,C,14,ALIMENTOS,BATATA
2022-01-31,760100,854,F,5,1,C,98,LIMPEZA,DESENGORDURANTE
2022-01-31,760199,870,F,1,0,B,149,ALIMENTOS,QUEIJO MUSSARELA
2022-01-31,760265,566,F,4,0,B,107,#N/D,#N/D
2022-01-31,760338,148,M,3,4,A,105,LIMPEZA,LUSTRA MOVEIS
2022-01-31,760429,496,F,2,0,B,117,PET,RACAO SECA PARA GATOS
2022-01-31,760432,984,F,4,3,B,126,HIGIENE,TALCO
2022-01-31,760449,186,M,2,4,C,105,LIMPEZA,LUSTRA MOVEIS
2022-01-31,760452,37,M,3,0,B,196,HIGIENE,ESCOVA DE DENTE
2022-01-31,760529,982,M,4,3,B,92,HIGIENE,TINTURAS
2022-01-31,760623,833,F,1,4,B,220,ALIMENTOS,BATATA
2022-01-31,760711,727,M,4,2,C,222,LIMPEZA,BALDE
2022-05-02,760743,861,M,3,0,B,111,LIMPEZA,SABAO EM PO
2022-05-02,760769,86,F,4,3,C,97,LIMPEZA,CERA
2022-05-02,760823,889,F,3,4,B,14,ALIMENTOS,BATATA
2022-05-02,760911,971,F,1,2,A,2,ACESSORIOS,MORDEDOR
2022-05-02,761006,372,M,1,4,B,32,ALIMENTOS,HAMBUGUER
2022-05-02,761028,398,F,4,1,B,24,ALIMENTOS,COPA SUINA
2022-05-02,761065,173,F,1,0,B,7,ALIMENTOS,ALMONDEGA
2022-05-02,761137,41,M,3,0,C,36,ALIMENTOS,LATA DE MILHO
2022-05-02,761151,96,F,1,1,C,220,ALIMENTOS,BATATA
2022-05-02,761198,783,F,1,0,B,136,ALIMENTOS,RICOTA
2022-05-02,761212,528,M,2,2,C,57,ALIMENTOS,REQUEIJAO
2022-05-02,761277,889,F,3,4,B,30,ALIMENTOS,FILE DE PEIXE
2022-05-02,761358,653,M,2,0,C,172,LIMPEZA,LUSTRA MOVEIS
2022-05-02,761439,857,F,2,2,B,139,LIMPEZA,REMOVEDOR
2022-05-02,761534,435,F,2,0,C,29,ALIMENTOS,FEIJAO
2022-05-02,761594,406,M,2,4,C,205,ALIMENTOS,COXA E SOBRECOXA DE FRANGO
2022-05-02,761643,565,F,1,2,B,226,ALIMENTOS,ARROZ INTEGRAL
2022-05-02,761690,451,M,3,0,C,178,HIGIENE,LENCO UMEDECIDO
2022-05-02,761774,569,M,1,1,A,1,ACESSORIOS,CHUPETA
2022-05-02,761791,358,F,3,0,C,157,ALIMENTOS,PAPINHA INFANTIL
2022-05-02,761877,449,F,2,3,B,104,LIMPEZA,LIMPADOR PERFUMADO
2022-05-02,761947,737,F,2,1,C,170,ALIMENTOS,MACARRAO INSTANTANEO
2022-05-02,761949,155,F,2,0,B,21,ALIMENTOS,CENOURA
2022-05-02,762035,247,M,1,0,B,91,HIGIENE,TALCO
2022-05-02,762048,208,M,3,0,B,174,LIMPEZA,LIMPADOR PERFUMADO
2022-05-02,762074,133,F,2,0,B,214,ALIMENTOS,CEBOLA
2022-05-02,762076,845,F,3,3,C,91,HIGIENE,TALCO
2022-05-02,762158,411,F,2,0,B,116,PET,RACAO SECA PARA CAES
2022-05-02,762236,400,F,4,1,C,117,PET,RACAO SECA PARA GATOS
2022-05-02,762295,617,F,4,3,C,183,ALIMENTOS,KETCHUP
2022-05-02,762320,993,M,5,1,B,215,ALIMENTOS,CAFE
2022-05-02,762328,307,M,1,0,B,47,ALIMENTOS,MORTADELA
2022-05-02,762425,535,M,4,0,A,132,HIGIENE,SABONETE
2022-05-02,762524,687,M,2,3,C,10,ALIMENTOS,ATUM
2022-05-02,762530,51,F,3,0,B,113,LIMPEZA,TIRA MANCHA
2022-05-02,762549,207,F,3,0,B,84,HIGIENE,PAPEL HIGIENICO
2022-05-02,762570,897,M,2,1,C,126,HIGIENE,TALCO
2022-05-02,762623,363,F,1,0,B,59,ALIMENTOS,SALGADINHO
2022-05-02,762650,52,F,1,0,A,188,ALIMENTOS,HAMBUGUER
2022-05-02,762747,614,F,4,1,B,86,HIGIENE,PRESERVATIVO
2022-05-02,762751,36,F,3,0,C,74,HIGIENE,ENXAGUANTE BUCAL
2022-05-02,762808,159,M,1,0,C,224,ALIMENTOS,AZEITE
2022-05-02,762824,729,M,3,0,B,180,ALIMENTOS,LEITE
2022-05-02,762841,700,F,4,2,C,204,HIGIENE,CREME
2022-05-02,762869,105,F,4,0,C,41,ALIMENTOS,MACARRAO
2022-05-02,762885,806,F,2,3,B,54,ALIMENTOS,PRESUNTO COZIDO
2022-05-02,762955,901,F,4,1,B,203,ALIMENTOS,DANETTE
2022-05-02,763031,262,M,1,2,B,77,HIGIENE,FIXADOR
2022-05-02,763034,216,F,1,2,B,22,ALIMENTOS,CHA
2022-05-02,763043,968,F,1,0,B,95,LIMPEZA,AMACIANTE
2022-05-02,763097,880,M,3,2,B,65,BEBIDAS,ENERGETICO
2022-05-02,763162,821,F,2,3,B,9,ALIMENTOS,ARROZ INTEGRAL
2022-05-02,763240,65,M,4,0,B,92,HIGIENE,TINTURAS
2022-05-02,763317,722,F,4,0,B,3,ALIMENTOS,ABACATE
2022-05-02,763396,384,F,3,2,C,65,BEBIDAS,ENERGETICO
2022-05-02,763448,177,F,3,2,C,130,ALIMENTOS,SALGADINHOS DE MILHO
2022-05-02,763491,511,F,1,0,B,173,ALIMENTOS,LINGUICA
2022-05-02,763547,793,M,1,3,B,205,ALIMENTOS,COXA E SOBRECOXA DE FRANGO
2022-05-02,763568,364,F,4,2,C,165,ALIMENTOS,MOLHO BARBECUE
2022-05-02,763579,451,M,3,0,C,33,ALIMENTOS,IOGURTE
2022-05-02,763643,236,M,2,2,C,92,HIGIENE,TINTURAS
2022-05-02,763650,55,F,3,0,B,49,ALIMENTOS,PALMITO
2022-05-02,763664,579,F,3,0,B,59,ALIMENTOS,SALGADINHO
2022-05-02,763695,63,F,3,0,B,180,ALIMENTOS,LEITE
2022-05-02,763771,993,M,5,1,B,165,ALIMENTOS,MOLHO BARBECUE
2022-05-02,763772,192,F,4,0,B,223,ALIMENTOS,AZEITONA
2022-05-02,763828,773,M,4,0,B,221,ALIMENTOS,BANANA
2022-11-02,763844,170,F,4,2,B,92,HIGIENE,TINTURAS
2022-11-02,763879,445,M,2,0,B,46,ALIMENTOS,MOLHO BARBECUE
2022-11-02,763970,244,M,4,0,B,207,ALIMENTOS,COPA SUINA
2022-11-02,764052,465,F,3,0,B,204,HIGIENE,CREME
2022-11-02,764104,574,F,2,2,B,137,ALIMENTOS,REQUEIJAO
2022-11-02,764124,56,F,2,3,B,47,ALIMENTOS,MORTADELA
2022-11-02,764191,599,F,1,4,C,205,ALIMENTOS,COXA E SOBRECOXA DE FRANGO
2022-11-02,764228,934,F,2,2,B,2,ACESSORIOS,MORDEDOR
2022-11-02,764302,930,F,4,1,B,55,ALIMENTOS,QUEIJO DE CABRA
2022-11-02,764373,963,M,3,0,B,103,LIMPEZA,LIMPADOR MULTIUSO
2022-11-02,764444,941,M,2,3,B,189,ALIMENTOS,GRANOLA
2022-11-02,764494,762,F,2,0,B,80,HIGIENE,HASTES FLEXIVEIS
2022-11-02,764506,193,F,4,0,B,118,PET,RACAO UMIDA PARA CAES
2022-11-02,764605,712,F,2,3,B,141,BEBIDAS,REFRIGERANTE LIMaO
2022-11-02,764639,816,M,4,0,C,136,ALIMENTOS,RICOTA
2022-11-02,764663,465,F,3,0,B,214,ALIMENTOS,CEBOLA
2022-11-02,764757,191,M,3,0,B,94,LIMPEZA,ALCOOL
2022-11-02,764849,239,M,4,2,C,134,LIMPEZA,SABAO
2022-11-02,764882,328,M,2,0,B,223,ALIMENTOS,AZEITONA
2022-11-02,764948,415,F,3,0,B,142,BEBIDAS,REFRIGERANTE LARANJA
2022-11-02,764962,264,F,4,1,B,150,ALIMENTOS,QUEIJO DE CABRA
2022-11-02,764967,119,F,3,2,B,185,LIMPEZA,INSETICIDA
2022-11-02,764988,330,F,1,0,B,24,ALIMENTOS,COPA SUINA
2022-11-02,765071,91,M,3,0,B,205,ALIMENTOS,COXA E SOBRECOXA DE FRANGO
2022-11-02,765118,315,F,3,0,B,127,ALIMENTOS,SNACKS
2022-11-02,765180,66,M,3,3,B,206,ALIMENTOS,CORACAO DE FRANGO
2022-11-02,765242,240,M,4,0,B,131,ALIMENTOS,SALGADINHO
2022-11-02,765323,694,M,4,0,C,100,LIMPEZA,DETERGENTE
2022-11-02,765331,143,F,1,4,B,218,ALIMENTOS,BIFE DE COXAO MOLE
2022-11-02,765337,923,F,2,4,C,64,ALIMENTOS,UVA
2022-11-02,765394,786,F,1,4,C,151,HIGIENE,PROTETOR SOLAR
2022-11-02,765443,195,M,4,0,B,47,ALIMENTOS,MORTADELA
2022-11-02,765513,444,F,2,0,B,226,ALIMENTOS,ARROZ INTEGRAL
2022-11-02,765560,500,M,3,2,C,136,ALIMENTOS,RICOTA
2022-11-02,765600,291,F,3,0,C,100,LIMPEZA,DETERGENTE
2022-02-13,765662,530,F,1,0,A,1,ACESSORIOS,CHUPETA
2022-02-13,765758,810,M,1,0,B,150,ALIMENTOS,QUEIJO DE CABRA
2022-02-13,765807,395,F,4,1,B,119,PET,RACAO UMIDA PARA GATOS
2022-02-13,765864,871,F,1,3,C,183,ALIMENTOS,KETCHUP
2022-02-13,765927,382,F,3,0,C,176,LIMPEZA,LIMPA VIDROS
2022-02-13,765981,16,M,1,4,C,31,ALIMENTOS,GRANOLA
2022-02-13,766062,858,F,4,2,C,9,ALIMENTOS,ARROZ INTEGRAL
2022-02-13,766144,174,M,4,3,C,156,HIGIENE,PASTA DE DENTE
2022-02-13,766158,571,F,2,0,B,70,BEBIDAS,REFRIGERANTE OUTROS
2022-02-13,766190,964,M,2,0,B,40,ALIMENTOS,LINGUICA
2022-02-13,766268,947,F,3,1,B,96,LIMPEZA,BALDE
2022-02-13,766328,964,M,2,0,B,119,PET,RACAO UMIDA PARA GATOS
2022-02-13,766410,800,M,1,0,C,2,ACESSORIOS,MORDEDOR
2022-02-13,766476,402,M,2,0,C,25,ALIMENTOS,CORACAO DE FRANGO
2022-02-13,766494,300,F,1,3,C,197,HIGIENE,ENXAGUANTE BUCAL
2022-02-13,766567,259,M,1,1,B,68,BEBIDAS,REFRIGERANTE LARANJA
2022-02-13,766596,720,M,2,3,B,184,ALIMENTOS,IOGURTE
2022-02-13,766597,503,F,2,1,B,188,ALIMENTOS,HAMBUGUER
2022-02-13,766657,186,M,2,4,C,107,#N/D,#N/D
2022-02-13,766699,223,F,3,0,B,224,ALIMENTOS,AZEITE
2022-02-13,766729,411,F,2,0,B,51,ALIMENTOS,PAPINHA INFANTIL
2022-02-13,766756,432,F,1,0,C,31,ALIMENTOS,GRANOLA
2022-02-13,766776,721,M,3,2,C,11,ALIMENTOS,AZEITE
2022-02-13,766860,603,M,3,0,B,108,LIMPEZA,REMOVEDOR
2022-02-13,766897,9,F,2,0,B,105,LIMPEZA,LUSTRA MOVEIS
2022-02-13,766987,719,M,1,0,B,197,HIGIENE,ENXAGUANTE BUCAL
2022-02-13,767035,960,F,4,2,B,15,ALIMENTOS,BATATA DOCE
2022-02-13,767106,29,M,2,0,B,216,ALIMENTOS,BROCOLIS
2022-02-13,767152,141,M,3,4,B,125,HIGIENE,TINTURAS
2022-02-13,767190,665,M,1,4,B,90,HIGIENE,SHAMPOO
2022-02-13,767238,402,M,2,0,C,46,ALIMENTOS,MOLHO BARBECUE
2022-02-13,767293,260,F,2,0,C,207,ALIMENTOS,COPA SUINA
2022-02-13,767368,996,F,1,4,B,179,ALIMENTOS,LEITE CONDENSADO
2022-02-13,767445,703,M,1,3,B,229,ALIMENTOS,ALMONDEGA
2022-02-13,767494,320,M,3,4,B,2,ACESSORIOS,MORDEDOR
2022-02-13,767581,469,M,4,2,C,174,LIMPEZA,LIMPADOR PERFUMADO
2022-02-13,767642,824,F,1,0,B,168,ALIMENTOS,MAMAO PAPAYA
2022-02-13,767667,143,F,1,4,B,166,HIGIENE,MODELADOR
2022-02-13,767704,756,F,1,4,B,145,PET,RACAO UMIDA PARA GATOS
2022-02-13,767779,493,M,2,4,B,229,ALIMENTOS,ALMONDEGA
2022-02-13,767783,696,M,2,0,B,118,PET,RACAO UMIDA PARA CAES
2022-02-13,767807,577,M,4,0,C,52,ALIMENTOS,PATE
2022-02-13,767874,567,F,1,0,C,163,ALIMENTOS,MORTADELA
2022-02-13,767897,278,F,3,2,C,141,BEBIDAS,REFRIGERANTE LIMaO
2022-02-13,767995,684,F,3,0,C,182,ALIMENTOS,LATA DE ERVILHA
2022-02-13,768022,695,M,2,0,A,100,LIMPEZA,DETERGENTE
2022-02-13,768038,839,F,1,3,B,45,ALIMENTOS,MANGA
2022-02-13,768132,85,M,1,0,B,127,ALIMENTOS,SNACKS
2022-02-13,768136,601,M,4,0,A,182,ALIMENTOS,LATA DE ERVILHA
2022-02-13,768192,78,M,1,0,B,165,ALIMENTOS,MOLHO BARBECUE
2022-02-13,768222,340,M,3,4,B,65,BEBIDAS,ENERGETICO
2022-02-13,768262,368,M,4,0,C,22,ALIMENTOS,CHA
2022-02-13,768306,949,M,1,0,B,79,HIGIENE,GEL
2022-02-13,768350,977,M,1,0,C,24,ALIMENTOS,COPA SUINA
2022-02-13,768440,439,F,3,0,B,41,ALIMENTOS,MACARRAO
2022-02-13,768495,47,F,4,0,B,145,PET,RACAO UMIDA PARA GATOS
2022-02-13,768529,723,M,4,0,B,20,ALIMENTOS,CEBOLA
2022-02-13,768608,745,F,1,2,B,32,ALIMENTOS,HAMBUGUER
2022-02-13,768621,350,F,5,1,B,43,ALIMENTOS,MAMAO PAPAYA
2022-02-13,768675,639,M,2,0,C,203,ALIMENTOS,DANETTE
2022-02-13,768703,216,F,1,2,B,147,PET,RACAO SECA PARA GATOS
2022-02-13,768739,871,F,1,3,C,198,BEBIDAS,ENERGETICO
2022-02-13,768781,717,F,3,0,B,113,LIMPEZA,TIRA MANCHA
2022-02-13,768858,472,M,2,1,C,226,ALIMENTOS,ARROZ INTEGRAL
2022-02-13,768955,34,M,2,0,C,168,ALIMENTOS,MAMAO PAPAYA
2022-02-13,769038,132,M,2,0,A,153,ALIMENTOS,PRESUNTO COZIDO
2022-02-13,769076,792,F,2,0,B,82,HIGIENE,LENCO UMEDECIDO
2022-02-13,769127,92,M,4,1,B,152,ALIMENTOS,PRESUNTO COZIDO
2022-02-13,769176,180,M,3,4,B,7,ALIMENTOS,ALMONDEGA
2022-02-13,769256,845,F,3,3,C,197,HIGIENE,ENXAGUANTE BUCAL
2022-02-13,769328,241,M,4,1,B,221,ALIMENTOS,BANANA
2022-02-13,769337,540,F,2,0,C,144,BEBIDAS,REFRIGERANTE COLA
2022-02-13,769379,394,M,1,0,B,184,ALIMENTOS,IOGURTE
2022-02-13,769405,296,F,1,3,B,90,HIGIENE,SHAMPOO
2022-02-13,769457,412,M,2,0,B,212,LIMPEZA,CERA
2022-02-13,769474,322,M,2,0,B,61,ALIMENTOS,SARDINHA
2022-02-13,769475,584,M,3,0,B,69,BEBIDAS,REFRIGERANTE LIMaO
2022-02-13,769499,132,M,2,0,A,137,ALIMENTOS,REQUEIJAO
2022-02-13,769589,27,F,1,0,B,111,LIMPEZA,SABAO EM PO
2022-02-13,769649,6,F,2,0,B,61,ALIMENTOS,SARDINHA
2022-02-13,769667,977,M,1,0,C,208,HIGIENE,CONDICIONADOR
2022-02-13,769759,138,F,3,2,B,97,LIMPEZA,CERA
2022-02-13,769798,419,F,2,1,B,203,ALIMENTOS,DANETTE
2022-02-13,769868,510,F,4,0,B,74,HIGIENE,ENXAGUANTE BUCAL
2022-02-13,769920,660,F,3,0,C,10,ALIMENTOS,ATUM
2022-02-13,770006,14,M,1,3,B,44,ALIMENTOS,MAMAO
2022-02-13,770020,802,M,1,1,B,190,HIGIENE,GEL
2022-02-13,770034,353,M,1,2,B,148,PET,RACAO SECA PARA CAES
2022-02-13,770075,703,M,1,3,B,97,LIMPEZA,CERA
2022-02-13,770159,31,F,1,0,C,22,ALIMENTOS,CHA
2022-02-13,770233,643,F,4,0,C,194,ALIMENTOS,FILE DE PEIXE
2022-02-13,770266,2,M,3,0,B,210,ACESSORIOS,CHUPETA
2022-02-13,770328,266,F,3,3,B,42,ALIMENTOS,MACARRAO INSTANTANEO
2022-02-13,770401,394,M,1,0,B,159,ALIMENTOS,PAO DE FORMA
2022-02-20,770426,185,F,3,0,C,192,HIGIENE,FIXADOR
2022-02-20,770492,726,M,2,0,B,173,ALIMENTOS,LINGUICA
2022-02-20,770572,466,F,1,0,C,114,LIMPEZA,VASSOURA
2022-02-20,770600,393,F,4,0,B,3,ALIMENTOS,ABACATE
2022-02-20,770643,360,M,4,0,B,123,LIMPEZA,TIRA MANCHA
2022-02-20,770696,358,F,3,0,C,224,ALIMENTOS,AZEITE
2022-02-20,770722,263,M,3,0,B,74,HIGIENE,ENXAGUANTE BUCAL
2022-02-20,770726,397,F,1,0,B,178,HIGIENE,LENCO UMEDECIDO
2022-02-20,770809,195,M,4,0,B,188,ALIMENTOS,HAMBUGUER
2022-02-20,770819,577,M,4,0,C,90,HIGIENE,SHAMPOO
2022-02-20,770912,775,F,2,3,B,177,ALIMENTOS,LIMAO
2022-02-20,770993,848,F,5,3,A,68,BEBIDAS,REFRIGERANTE LARANJA
2022-02-20,771067,643,F,4,0,C,188,ALIMENTOS,HAMBUGUER
2022-02-20,771069,264,F,4,1,B,156,HIGIENE,PASTA DE DENTE
2022-02-20,771156,520,M,1,0,B,98,LIMPEZA,DESENGORDURANTE
2022-02-20,771252,610,M,2,0,B,5,ALIMENTOS,ACHOCOLATADO
2022-02-20,771273,792,F,2,0,B,203,ALIMENTOS,DANETTE
2022-02-20,771327,31,F,1,0,C,199,ALIMENTOS,DOCE
2022-02-20,771350,173,F,1,0,B,69,BEBIDAS,REFRIGERANTE LIMaO
2022-02-20,771411,144,M,1,0,B,145,PET,RACAO UMIDA PARA GATOS
2022-02-20,771461,597,M,3,0,C,60,ALIMENTOS,SALGADINHOS DE MILHO
2022-02-20,771538,637,F,1,0,B,76,HIGIENE,FIO DENTAL
2022-02-20,771579,515,M,4,0,A,126,HIGIENE,TALCO
2022-02-20,771630,796,M,2,3,B,10,ALIMENTOS,ATUM
2022-02-20,771656,305,F,4,0,B,193,HIGIENE,FIO DENTAL
2022-02-20,771753,763,F,4,0,B,28,ALIMENTOS,DOCE
2022-02-20,771826,442,F,3,2,B,187,HIGIENE,HASTES FLEXIVEIS
2022-02-20,771835,463,M,3,3,B,219,ALIMENTOS,BATATA DOCE
2022-02-20,771862,530,F,1,0,A,136,ALIMENTOS,RICOTA
2022-02-20,771939,314,F,1,1,A,215,ALIMENTOS,CAFE
2022-02-20,771944,69,M,4,3,A,137,ALIMENTOS,REQUEIJAO
2022-02-20,771999,531,F,3,1,B,178,HIGIENE,LENCO UMEDECIDO
2022-02-20,772086,305,F,4,0,B,8,ALIMENTOS,ARROZ
2022-02-20,772126,926,M,1,0,B,124,LIMPEZA,TIRA LIMO
2022-02-20,772143,469,M,4,2,C,225,ALIMENTOS,ATUM
2022-02-20,772195,531,F,3,1,B,137,ALIMENTOS,REQUEIJAO
2022-02-20,772273,382,F,3,0,C,135,LIMPEZA,RODO
2022-02-20,772306,136,F,2,1,B,70,BEBIDAS,REFRIGERANTE OUTROS
2022-02-20,772327,853,M,5,2,A,177,ALIMENTOS,LIMAO
2022-02-20,772358,325,M,1,3,B,43,ALIMENTOS,MAMAO PAPAYA
2022-02-20,772389,344,M,3,0,B,106,LIMPEZA,ODORIZADOR
2022-02-20,772460,347,F,4,0,B,143,BEBIDAS,REFRIGERANTE GUARANA
2022-02-20,772476,96,F,1,1,C,140,BEBIDAS,REFRIGERANTE OUTROS
2022-02-20,772479,878,F,4,3,C,48,ALIMENTOS,OVOS
2022-02-20,772494,222,F,4,0,B,224,ALIMENTOS,AZEITE
2022-02-22,772587,830,F,5,1,B,168,ALIMENTOS,MAMAO PAPAYA
2022-02-22,772666,291,F,3,0,C,196,HIGIENE,ESCOVA DE DENTE
2022-02-22,772739,613,F,3,0,B,58,ALIMENTOS,RICOTA
2022-02-22,772797,631,M,1,4,C,19,ALIMENTOS,CAFE
2022-02-22,772805,957,M,2,3,B,208,HIGIENE,CONDICIONADOR
2022-02-22,772882,150,M,1,4,B,5,ALIMENTOS,ACHOCOLATADO
2022-02-22,772940,685,F,4,0,B,56,ALIMENTOS,QUEIJO MUSSARELA
2022-02-22,773038,897,M,2,1,C,74,HIGIENE,ENXAGUANTE BUCAL
2022-02-22,773094,887,F,3,0,B,10,ALIMENTOS,ATUM
2022-02-22,773139,83,M,1,4,B,125,HIGIENE,TINTURAS
2022-02-22,773207,937,M,3,4,C,88,HIGIENE,REPELENTE
2022-02-22,773295,397,F,1,0,B,108,LIMPEZA,REMOVEDOR
2022-02-22,773339,602,M,3,0,B,117,PET,RACAO SECA PARA GATOS
2022-02-22,773340,406,M,2,4,C,31,ALIMENTOS,GRANOLA
2022-02-22,773384,854,F,5,1,C,200,LIMPEZA,DETERGENTE
2022-02-22,773437,434,M,1,4,B,197,HIGIENE,ENXAGUANTE BUCAL
2022-02-22,773461,770,M,2,3,B,222,LIMPEZA,BALDE
2022-02-22,773533,325,M,1,3,B,201,LIMPEZA,DESINFETANTE
2022-02-22,773568,149,M,1,3,A,137,ALIMENTOS,REQUEIJAO
2022-02-22,773622,975,F,3,0,B,43,ALIMENTOS,MAMAO PAPAYA
2022-02-22,773642,176,F,2,0,B,222,LIMPEZA,BALDE
2022-02-22,773645,867,M,2,3,B,202,LIMPEZA,DESENGORDURANTE
2022-02-22,773656,755,M,3,4,B,97,LIMPEZA,CERA
2022-02-22,773724,194,F,4,0,B,62,ALIMENTOS,SNACKS
2022-02-22,773814,210,M,2,2,C,124,LIMPEZA,TIRA LIMO
2022-02-22,773865,39,M,2,0,C,7,ALIMENTOS,ALMONDEGA
2022-02-22,773949,659,F,2,2,B,60,ALIMENTOS,SALGADINHOS DE MILHO
2022-02-22,773957,61,M,1,2,B,146,PET,RACAO UMIDA PARA CAES
2022-02-22,773980,478,M,1,4,A,205,ALIMENTOS,COXA E SOBRECOXA DE FRANGO
2022-02-22,774005,769,F,3,3,C,141,BEBIDAS,REFRIGERANTE LIMaO
2022-02-22,774094,473,F,4,3,B,134,LIMPEZA,SABAO
2022-02-22,774119,873,F,3,0,B,210,ACESSORIOS,CHUPETA
2022-02-22,774151,90,F,2,2,B,123,LIMPEZA,TIRA MANCHA
2022-02-22,774226,966,F,4,2,B,115,PET,ALIMENTO PARA PASSARO
2022-02-22,774276,980,F,1,0,B,117,PET,RACAO SECA PARA GATOS
2022-02-22,774322,333,F,2,0,C,123,LIMPEZA,TIRA MANCHA
2022-02-22,774335,303,M,3,4,B,161,ALIMENTOS,OVOS
2022-02-22,774424,933,M,2,2,B,113,LIMPEZA,TIRA MANCHA
2022-02-22,774522,674,M,4,1,B,51,ALIMENTOS,PAPINHA INFANTIL
2022-02-22,774555,430,F,4,1,B,171,ALIMENTOS,MACARRAO
2022-02-22,774649,390,F,2,0,B,172,LIMPEZA,LUSTRA MOVEIS
2022-02-22,774710,278,F,3,2,C,177,ALIMENTOS,LIMAO
2022-02-22,774755,561,M,2,0,B,189,ALIMENTOS,GRANOLA
2022-02-22,774838,460,F,1,3,B,162,LIMPEZA,ODORIZADOR
2022-02-22,774878,861,M,3,0,B,49,ALIMENTOS,PALMITO
2022-02-22,774973,302,F,4,3,C,180,ALIMENTOS,LEITE
2022-02-22,774991,358,F,3,0,C,204,HIGIENE,CREME
2022-02-22,775065,82,F,1,1,C,77,HIGIENE,FIXADOR
2022-02-22,775113,80,F,2,1,C,174,LIMPEZA,LIMPADOR PERFUMADO
2022-02-22,775149,896,M,3,0,B,93,LIMPEZA,AGUA SANITARIA
2022-02-22,775171,738,M,1,0,C,183,ALIMENTOS,KETCHUP
2022-02-22,775248,114,F,3,3,B,2,ACESSORIOS,MORDEDOR
2022-02-22,775252,351,F,2,2,B,101,LIMPEZA,INSETICIDA
2022-02-22,775273,426,F,3,0,C,209,ALIMENTOS,COGUMELOS
2022-02-22,775329,501,M,1,0,B,104,LIMPEZA,LIMPADOR PERFUMADO
2022-02-22,775345,261,F,4,0,B,183,ALIMENTOS,KETCHUP
2022-02-22,775443,677,M,4,0,B,65,BEBIDAS,ENERGETICO
2022-02-22,775497,614,F,4,1,B,159,ALIMENTOS,PAO DE FORMA
2022-02-22,775593,349,M,3,0,B,24,ALIMENTOS,COPA SUINA
2022-02-22,775673,420,M,3,0,B,215,ALIMENTOS,CAFE
2022-02-22,775707,364,F,4,2,C,177,ALIMENTOS,LIMAO
2022-02-22,775774,757,F,4,3,C,102,LIMPEZA,LIMPA VIDROS
2022-02-22,775861,631,M,1,4,C,175,LIMPEZA,LIMPADOR MULTIUSO
2022-02-22,775925,195,M,4,0,B,139,LIMPEZA,REMOVEDOR
2022-02-22,775937,356,M,2,4,A,126,HIGIENE,TALCO
2022-02-22,776000,117,M,2,3,B,46,ALIMENTOS,MOLHO BARBECUE
2022-02-24,776010,645,F,4,0,B,2,ACESSORIOS,MORDEDOR
2022-02-24,776045,608,F,3,0,C,35,ALIMENTOS,LATA DE ERVILHA
2022-02-24,776121,4,M,4,0,B,117,PET,RACAO SECA PARA GATOS
2022-02-24,776151,850,M,1,0,C,198,BEBIDAS,ENERGETICO
2022-02-24,776224,582,F,2,0,B,71,HIGIENE,ABSORVENTE
2022-02-24,776281,455,F,2,0,C,137,ALIMENTOS,REQUEIJAO
2022-02-24,776366,968,F,1,0,B,19,ALIMENTOS,CAFE
2022-02-24,776455,502,M,4,0,C,145,PET,RACAO UMIDA PARA GATOS
2022-02-24,776531,232,M,3,1,B,210,ACESSORIOS,CHUPETA
2022-02-24,776541,311,F,4,0,C,197,HIGIENE,ENXAGUANTE BUCAL
2022-02-24,776637,453,F,1,0,B,178,HIGIENE,LENCO UMEDECIDO
2022-02-24,776685,975,F,3,0,B,43,ALIMENTOS,MAMAO PAPAYA
2022-02-24,776710,521,F,1,0,A,70,BEBIDAS,REFRIGERANTE OUTROS
2022-02-24,776760,158,M,3,0,B,24,ALIMENTOS,COPA SUINA
2022-02-24,776772,944,F,3,1,B,170,ALIMENTOS,MACARRAO INSTANTANEO
2022-02-24,776838,878,F,4,3,C,11,ALIMENTOS,AZEITE
2022-02-24,776897,656,M,2,0,C,104,LIMPEZA,LIMPADOR PERFUMADO
2022-02-24,776973,342,M,3,0,B,86,HIGIENE,PRESERVATIVO
2022-02-24,777051,60,F,2,3,B,156,HIGIENE,PASTA DE DENTE
2022-02-24,777117,38,M,3,0,B,200,LIMPEZA,DETERGENTE
2022-02-24,777197,517,F,3,1,B,224,ALIMENTOS,AZEITE
2022-02-24,777283,547,F,3,4,C,151,HIGIENE,PROTETOR SOLAR
2022-02-24,777344,512,M,4,0,B,43,ALIMENTOS,MAMAO PAPAYA
2022-02-24,777359,795,F,4,2,B,96,LIMPEZA,BALDE
2022-02-24,777421,122,M,3,3,B,92,HIGIENE,TINTURAS
2022-02-24,777500,307,M,1,0,B,53,ALIMENTOS,PRESUNTO COZIDO
2022-02-24,777557,809,F,3,3,B,167,ALIMENTOS,MANGA
2022-02-24,777615,605,M,4,2,B,199,ALIMENTOS,DOCE
2022-02-24,777685,77,F,4,1,B,129,ALIMENTOS,SARDINHA
2022-02-24,777693,362,F,3,0,B,170,ALIMENTOS,MACARRAO INSTANTANEO
2022-02-24,777772,464,M,2,2,B,1,ACESSORIOS,CHUPETA
2022-02-24,777841,67,M,1,0,B,181,ALIMENTOS,LATA DE MILHO
2022-02-24,777890,747,M,1,0,B,177,ALIMENTOS,LIMAO
2022-02-24,777936,377,F,1,0,B,123,LIMPEZA,TIRA MANCHA
2022-02-24,778001,971,F,1,2,A,25,ALIMENTOS,CORACAO DE FRANGO
2022-02-24,778069,546,F,4,0,B,58,ALIMENTOS,RICOTA
2022-02-24,778143,692,F,4,0,B,54,ALIMENTOS,PRESUNTO COZIDO
2022-02-24,778160,880,M,3,2,B,63,ALIMENTOS,TOMATE
2022-02-24,778201,272,M,4,3,C,44,ALIMENTOS,MAMAO
2022-02-24,778267,595,M,1,0,B,188,ALIMENTOS,HAMBUGUER
2022-02-24,778349,972,M,4,0,C,224,ALIMENTOS,AZEITE
2022-02-24,778431,365,M,4,0,A,50,ALIMENTOS,PAO DE FORMA
2022-02-24,778470,987,F,1,0,B,20,ALIMENTOS,CEBOLA
2022-02-24,778516,514,M,4,0,C,75,HIGIENE,ESCOVA DE DENTE
2022-02-24,778522,442,F,3,2,B,223,ALIMENTOS,AZEITONA
2022-02-24,778583,813,F,4,0,C,19,ALIMENTOS,CAFE
2022-02-24,778659,666,F,2,2,B,224,ALIMENTOS,AZEITE
2022-02-24,778693,579,F,3,0,B,99,LIMPEZA,DESINFETANTE
2022-02-24,778765,786,F,1,4,C,210,ACESSORIOS,CHUPETA
2022-02-24,778795,717,F,3,0,B,47,ALIMENTOS,MORTADELA
2022-02-24,778845,291,F,3,0,C,202,LIMPEZA,DESENGORDURANTE
2022-02-24,778935,886,F,5,1,B,118,PET,RACAO UMIDA PARA CAES
2022-02-24,778962,298,F,4,0,C,43,ALIMENTOS,MAMAO PAPAYA
2022-02-24,778987,967,F,1,0,B,84,HIGIENE,PAPEL HIGIENICO
2022-02-24,779073,947,F,3,1,B,62,ALIMENTOS,SNACKS
2022-02-24,779101,137,F,4,1,B,179,ALIMENTOS,LEITE CONDENSADO
2022-02-24,779149,904,M,1,2,B,48,ALIMENTOS,OVOS
2022-02-24,779163,836,F,2,0,B,40,ALIMENTOS,LINGUICA
2022-02-24,779206,799,M,4,3,C,200,LIMPEZA,DETERGENTE
2022-02-24,779293,671,M,2,0,C,29,ALIMENTOS,FEIJAO
2022-02-24,779369,127,F,4,2,C,65,BEBIDAS,ENERGETICO
2022-02-24,779394,121,F,1,2,B,159,ALIMENTOS,PAO DE FORMA
2022-02-24,779452,680,F,3,0,C,84,HIGIENE,PAPEL HIGIENICO
2022-02-24,779453,830,F,5,1,B,84,HIGIENE,PAPEL HIGIENICO
2022-02-24,779543,504,M,3,0,B,106,LIMPEZA,ODORIZADOR
2022-02-24,779570,265,M,2,3,B,86,HIGIENE,PRESERVATIVO
2022-02-03,779604,405,F,4,0,B,129,ALIMENTOS,SARDINHA
2022-02-03,779628,782,M,3,3,B,214,ALIMENTOS,CEBOLA
2022-02-03,779691,212,F,2,1,B,170,ALIMENTOS,MACARRAO INSTANTANEO
2022-02-03,779699,714,M,1,0,B,148,PET,RACAO SECA PARA CAES
2022-02-03,779793,840,F,3,3,C,127,ALIMENTOS,SNACKS
2022-02-03,779874,758,F,3,0,B,51,ALIMENTOS,PAPINHA INFANTIL
2022-02-03,779878,751,F,2,0,B,41,ALIMENTOS,MACARRAO
2022-02-03,779957,357,M,2,2,C,156,HIGIENE,PASTA DE DENTE
2022-02-03,780036,206,F,3,1,C,109,LIMPEZA,RODO
2022-02-03,780096,356,M,2,4,A,190,HIGIENE,GEL
2022-02-03,780107,688,M,1,1,A,69,BEBIDAS,REFRIGERANTE LIMaO
2022-02-03,780164,539,M,2,0,C,174,LIMPEZA,LIMPADOR PERFUMADO
2022-02-03,780181,494,F,5,1,C,113,LIMPEZA,TIRA MANCHA
2022-02-03,780271,800,M,1,0,C,47,ALIMENTOS,MORTADELA
2022-02-03,780308,605,M,4,2,B,81,HIGIENE,HIDRATANTE
2022-02-03,780397,290,F,1,0,B,157,ALIMENTOS,PAPINHA INFANTIL
2022-02-03,780450,835,F,1,0,A,15,ALIMENTOS,BATATA DOCE
2022-02-03,780460,742,M,1,1,C,206,ALIMENTOS,CORACAO DE FRANGO
2022-02-03,780522,960,F,4,2,B,42,ALIMENTOS,MACARRAO INSTANTANEO
2022-02-03,780608,139,F,3,3,B,130,ALIMENTOS,SALGADINHOS DE MILHO
2022-02-03,780635,218,M,4,0,B,65,BEBIDAS,ENERGETICO
2022-02-03,780697,51,F,3,0,B,87,HIGIENE,PROTETOR SOLAR
2022-02-03,780733,821,F,2,3,B,1,ACESSORIOS,CHUPETA
2022-02-03,780786,378,F,2,0,C,206,ALIMENTOS,CORACAO DE FRANGO
2022-02-03,780870,163,F,3,0,A,83,HIGIENE,MODELADOR
2022-02-03,780909,330,F,1,0,B,200,LIMPEZA,DETERGENTE
2022-02-03,780928,888,F,4,2,B,85,HIGIENE,PASTA DE DENTE
2022-02-03,780960,176,F,2,0,B,186,HIGIENE,HIDRATANTE
2022-02-03,781053,82,F,1,1,C,131,ALIMENTOS,SALGADINHO
2022-02-03,781077,75,M,1,0,B,42,ALIMENTOS,MACARRAO INSTANTANEO
2022-02-03,781163,371,F,4,0,B,221,ALIMENTOS,BANANA
2022-02-03,781242,51,F,3,0,B,118,PET,RACAO UMIDA PARA CAES
2022-02-03,781243,555,M,4,3,A,66,BEBIDAS,REFRIGERANTE COLA
2022-02-03,781245,458,F,3,4,C,169,ALIMENTOS,MAMAO
2022-02-03,781330,255,M,4,0,B,24,ALIMENTOS,COPA SUINA
2022-02-03,781359,902,F,2,1,B,23,ALIMENTOS,COGUMELOS
2022-02-03,781447,237,F,4,3,C,191,HIGIENE,FRALDA
2022-02-03,781545,519,M,2,4,B,91,HIGIENE,TALCO
2022-02-03,781556,139,F,3,3,B,132,HIGIENE,SABONETE
2022-02-03,781586,939,M,2,1,C,111,LIMPEZA,SABAO EM PO
2022-02-03,781620,548,F,4,0,C,220,ALIMENTOS,BATATA
2022-02-03,781625,870,F,1,0,B,83,HIGIENE,MODELADOR
2022-02-03,781705,310,M,4,3,C,119,PET,RACAO UMIDA PARA GATOS
2022-02-03,781780,336,F,1,0,C,180,ALIMENTOS,LEITE
2022-02-03,781807,522,M,1,2,A,16,ALIMENTOS,BIFE DE COXAO MOLE
2022-02-03,781872,101,F,1,0,C,82,HIGIENE,LENCO UMEDECIDO
2022-02-03,781892,962,M,3,4,B,40,ALIMENTOS,LINGUICA
2022-02-03,781950,361,F,1,0,C,128,HIGIENE,SHAMPOO
2022-02-03,782007,743,M,1,3,C,167,ALIMENTOS,MANGA
2022-02-03,782069,60,F,2,3,B,141,BEBIDAS,REFRIGERANTE LIMaO
2022-02-03,782164,771,F,4,0,B,173,ALIMENTOS,LINGUICA
2022-02-03,782179,833,F,1,4,B,94,LIMPEZA,ALCOOL
2022-02-03,782184,220,M,1,0,B,220,ALIMENTOS,BATATA
2022-02-03,782225,140,F,1,0,C,81,HIGIENE,HIDRATANTE
2022-02-03,782227,803,F,2,0,A,218,ALIMENTOS,BIFE DE COXAO MOLE
2022-02-03,782246,884,F,3,2,C,63,ALIMENTOS,TOMATE
2022-02-03,782322,415,F,3,0,B,184,ALIMENTOS,IOGURTE
2022-02-03,782380,385,F,2,0,B,124,LIMPEZA,TIRA LIMO
2022-02-03,782434,298,F,4,0,C,129,ALIMENTOS,SARDINHA
2022-02-03,782516,552,M,4,0,B,208,HIGIENE,CONDICIONADOR
2022-02-03,782603,621,F,4,0,B,97,LIMPEZA,CERA
2022-02-03,782625,629,M,3,0,C,123,LIMPEZA,TIRA MANCHA
2022-02-03,782636,464,M,2,2,B,205,ALIMENTOS,COXA E SOBRECOXA DE FRANGO
2022-02-03,782640,350,F,5,1,B,139,LIMPEZA,REMOVEDOR
2022-02-03,782679,380,M,3,4,B,151,HIGIENE,PROTETOR SOLAR
2022-02-03,782692,784,F,1,3,B,99,LIMPEZA,DESINFETANTE
2022-02-03,782773,853,M,5,2,A,103,LIMPEZA,LIMPADOR MULTIUSO
2022-02-03,782818,292,F,2,0,C,142,BEBIDAS,REFRIGERANTE LARANJA
2022-02-03,782887,4,M,4,0,B,15,ALIMENTOS,BATATA DOCE
2022-02-03,782980,7,M,1,3,B,30,ALIMENTOS,FILE DE PEIXE
2022-02-03,782996,851,F,2,0,B,76,HIGIENE,FIO DENTAL
2022-02-03,783013,831,F,4,2,B,110,LIMPEZA,SABAO
2022-02-03,783086,753,F,1,3,C,75,HIGIENE,ESCOVA DE DENTE
2022-02-03,783165,976,M,4,2,B,19,ALIMENTOS,CAFE
2022-07-03,783256,627,M,3,1,B,117,PET,RACAO SECA PARA GATOS
2022-07-03,783337,691,M,4,0,B,58,ALIMENTOS,RICOTA
2022-07-03,783426,620,M,2,0,B,69,BEBIDAS,REFRIGERANTE LIMaO
2022-07-03,783478,833,F,1,4,B,211,ALIMENTOS,CHA
2022-07-03,783504,789,F,5,1,B,98,LIMPEZA,DESENGORDURANTE
2022-07-03,783582,241,M,4,1,B,154,HIGIENE,PRESERVATIVO
2022-07-03,783587,430,F,4,1,B,221,ALIMENTOS,BANANA
2022-07-03,783670,123,F,3,2,B,193,HIGIENE,FIO DENTAL
2022-07-03,783702,321,M,2,0,B,16,ALIMENTOS,BIFE DE COXAO MOLE
2022-07-03,783712,989,M,2,0,B,69,BEBIDAS,REFRIGERANTE LIMaO
2022-07-03,783784,48,M,4,1,B,2,ACESSORIOS,MORDEDOR
2022-07-03,783850,870,F,1,0,B,142,BEBIDAS,REFRIGERANTE LARANJA
2022-07-03,783854,669,F,4,0,B,210,ACESSORIOS,CHUPETA
2022-07-03,783948,355,M,3,4,B,35,ALIMENTOS,LATA DE ERVILHA
2022-07-03,784008,310,M,4,3,C,204,HIGIENE,CREME
2022-07-03,784054,206,F,3,1,C,171,ALIMENTOS,MACARRAO
2022-07-03,784102,868,M,4,0,B,81,HIGIENE,HIDRATANTE
2022-07-03,784176,611,M,4,0,B,26,ALIMENTOS,COXA E SOBRECOXA DE FRANGO
2022-07-03,784211,193,F,4,0,B,221,ALIMENTOS,BANANA
2022-07-03,784218,407,F,3,3,A,181,ALIMENTOS,LATA DE MILHO
2022-07-03,784309,550,M,4,0,B,62,ALIMENTOS,SNACKS
2022-07-03,784382,564,M,3,2,B,154,HIGIENE,PRESERVATIVO
2022-07-03,784473,274,M,1,1,B,216,ALIMENTOS,BROCOLIS
2022-07-03,784571,834,M,3,3,B,153,ALIMENTOS,PRESUNTO COZIDO
2022-07-03,784642,968,F,1,0,B,134,LIMPEZA,SABAO
2022-07-03,784740,779,M,3,4,A,42,ALIMENTOS,MACARRAO INSTANTANEO
2022-07-03,784830,359,F,1,0,B,34,ALIMENTOS,KETCHUP
2022-07-03,784884,3,F,4,0,B,173,ALIMENTOS,LINGUICA
2022-07-03,784966,282,M,2,0,B,150,ALIMENTOS,QUEIJO DE CABRA
2022-07-03,785014,202,M,1,0,B,141,BEBIDAS,REFRIGERANTE LIMaO
2022-07-03,785047,336,F,1,0,C,106,LIMPEZA,ODORIZADOR
2022-07-03,785091,336,F,1,0,C,57,ALIMENTOS,REQUEIJAO
2022-07-03,785184,56,F,2,3,B,85,HIGIENE,PASTA DE DENTE
2022-07-03,785275,377,F,1,0,B,101,LIMPEZA,INSETICIDA
2022-07-03,785278,117,M,2,3,B,211,ALIMENTOS,CHA
2022-12-03,785308,278,F,3,2,C,117,PET,RACAO SECA PARA GATOS
2022-12-03,785354,339,F,4,0,C,213,ALIMENTOS,CENOURA
2022-12-03,785424,743,M,1,3,C,121,ALIMENTOS,UVA
2022-12-03,785520,335,F,3,0,C,88,HIGIENE,REPELENTE
2022-12-03,785578,675,M,4,0,B,54,ALIMENTOS,PRESUNTO COZIDO
2022-12-03,785614,964,M,2,0,B,8,ALIMENTOS,ARROZ
2022-12-03,785619,701,M,3,0,B,38,ALIMENTOS,LEITE CONDENSADO
2022-12-03,785715,572,M,1,0,C,91,HIGIENE,TALCO
2022-12-03,785752,184,M,1,3,B,114,LIMPEZA,VASSOURA
2022-12-03,785785,506,F,4,3,B,184,ALIMENTOS,IOGURTE
2022-12-03,785786,787,F,3,0,A,76,HIGIENE,FIO DENTAL
2022-12-03,785858,819,M,4,0,B,50,ALIMENTOS,PAO DE FORMA
2022-12-03,785859,92,M,4,1,B,156,HIGIENE,PASTA DE DENTE
2022-12-03,785957,821,F,2,3,B,141,BEBIDAS,REFRIGERANTE LIMaO
2022-12-03,786047,647,M,1,0,C,116,PET,RACAO SECA PARA CAES
2022-12-03,786146,218,M,4,0,B,91,HIGIENE,TALCO
2022-12-03,786172,637,F,1,0,B,149,ALIMENTOS,QUEIJO MUSSARELA
2022-12-03,786181,721,M,3,2,C,61,ALIMENTOS,SARDINHA
2022-12-03,786249,630,M,1,2,C,168,ALIMENTOS,MAMAO PAPAYA
2022-12-03,786298,221,F,1,0,B,124,LIMPEZA,TIRA LIMO
2022-12-03,786341,137,F,4,1,B,183,ALIMENTOS,KETCHUP
2022-12-03,786407,740,F,1,4,C,214,ALIMENTOS,CEBOLA
2022-12-03,786463,175,M,1,0,B,37,ALIMENTOS,LEITE
2022-12-03,786472,348,F,3,0,A,221,ALIMENTOS,BANANA
2022-12-03,786571,29,M,2,0,B,41,ALIMENTOS,MACARRAO
2022-12-03,786658,671,M,2,0,C,150,ALIMENTOS,QUEIJO DE CABRA
2022-12-03,786749,425,F,3,0,B,27,ALIMENTOS,DANETTE
2022-12-03,786842,922,M,1,0,B,75,HIGIENE,ESCOVA DE DENTE
2022-12-03,786868,550,M,4,0,B,98,LIMPEZA,DESENGORDURANTE
2022-12-03,786888,58,M,2,2,B,142,BEBIDAS,REFRIGERANTE LARANJA
2022-12-03,786969,361,F,1,0,C,185,LIMPEZA,INSETICIDA
2022-12-03,786994,544,F,2,0,B,133,LIMPEZA,SABAO EM PO
2022-12-03,786999,249,F,4,0,B,205,ALIMENTOS,COXA E SOBRECOXA DE FRANGO
2022-12-03,787031,59,M,2,0,A,135,LIMPEZA,RODO
2022-12-03,787115,105,F,4,0,C,228,LIMPEZA,AMACIANTE
2022-12-03,787154,97,F,4,1,B,204,HIGIENE,CREME
2022-12-03,787181,327,M,4,2,A,163,ALIMENTOS,MORTADELA
2022-12-03,787222,12,M,1,1,A,29,ALIMENTOS,FEIJAO
2022-12-03,787259,945,F,2,3,B,150,ALIMENTOS,QUEIJO DE CABRA
2022-12-03,787355,952,F,3,4,C,192,HIGIENE,FIXADOR
2022-12-03,787374,114,F,3,3,B,197,HIGIENE,ENXAGUANTE BUCAL
2022-12-03,787396,213,M,2,4,B,143,BEBIDAS,REFRIGERANTE GUARANA
2022-12-03,787444,411,F,2,0,B,73,HIGIENE,CREME
2022-12-03,787466,130,F,1,0,B,160,ALIMENTOS,PALMITO
2022-12-03,787547,690,F,1,3,B,191,HIGIENE,FRALDA
2022-03-14,787609,910,M,2,2,B,80,HIGIENE,HASTES FLEXIVEIS
2022-03-14,787656,787,F,3,0,A,174,LIMPEZA,LIMPADOR PERFUMADO
2022-03-14,787738,329,F,3,0,B,79,HIGIENE,GEL
2022-03-14,787829,53,M,1,1,B,125,HIGIENE,TINTURAS
2022-03-14,787846,811,M,2,1,B,52,ALIMENTOS,PATE
2022-03-14,787865,697,M,3,0,C,115,PET,ALIMENTO PARA PASSARO
2022-03-14,787959,349,M,3,0,B,220,ALIMENTOS,BATATA
2022-03-14,788026,560,M,2,0,B,229,ALIMENTOS,ALMONDEGA
2022-03-14,788063,936,F,3,2,B,50,ALIMENTOS,PAO DE FORMA
2022-03-14,788117,998,F,2,0,C,147,PET,RACAO SECA PARA GATOS
2022-03-14,788188,47,F,4,0,B,105,LIMPEZA,LUSTRA MOVEIS
2022-03-14,788225,521,F,1,0,A,181,ALIMENTOS,LATA DE MILHO
2022-03-14,788242,535,M,4,0,A,228,LIMPEZA,AMACIANTE
2022-03-14,788243,749,F,4,1,B,165,ALIMENTOS,MOLHO BARBECUE
2022-03-14,788284,463,M,3,3,B,54,ALIMENTOS,PRESUNTO COZIDO
2022-03-14,788356,634,F,2,0,C,97,LIMPEZA,CERA
2022-03-14,788417,754,F,3,4,B,171,ALIMENTOS,MACARRAO
2022-03-14,788512,223,F,3,0,B,47,ALIMENTOS,MORTADELA
2022-03-14,788573,325,M,1,3,B,37,ALIMENTOS,LEITE
2022-03-14,788598,622,F,3,0,B,101,LIMPEZA,INSETICIDA
2022-03-14,788632,344,M,3,0,B,118,PET,RACAO UMIDA PARA CAES
2022-03-14,788660,777,F,1,0,B,157,ALIMENTOS,PAPINHA INFANTIL
2022-03-14,788699,496,F,2,0,B,141,BEBIDAS,REFRIGERANTE LIMaO
2022-03-14,788798,372,M,1,4,B,40,ALIMENTOS,LINGUICA
2022-03-14,788897,315,F,3,0,B,87,HIGIENE,PROTETOR SOLAR
2022-03-14,788962,648,M,1,0,B,194,ALIMENTOS,FILE DE PEIXE
2022-03-14,789040,993,M,5,1,B,51,ALIMENTOS,PAPINHA INFANTIL
2022-03-14,789110,822,M,2,3,B,20,ALIMENTOS,CEBOLA
2022-03-14,789181,993,M,5,1,B,102,LIMPEZA,LIMPA VIDROS
2022-03-14,789246,839,F,1,3,B,90,HIGIENE,SHAMPOO
2022-03-14,789310,195,M,4,0,B,55,ALIMENTOS,QUEIJO DE CABRA
2022-03-14,789378,918,F,2,4,C,166,HIGIENE,MODELADOR
2022-03-14,789423,570,F,4,1,C,171,ALIMENTOS,MACARRAO
2022-03-14,789519,824,F,1,0,B,107,#N/D,#N/D
2022-03-14,789611,191,M,3,0,B,206,ALIMENTOS,CORACAO DE FRANGO
2022-03-14,789684,899,F,4,0,C,51,ALIMENTOS,PAPINHA INFANTIL
2022-03-14,789713,492,F,2,1,C,107,#N/D,#N/D
2022-03-14,789779,352,M,4,2,B,119,PET,RACAO UMIDA PARA GATOS
2022-03-14,789849,106,M,1,0,B,57,ALIMENTOS,REQUEIJAO
2022-03-14,789921,863,F,1,4,B,5,ALIMENTOS,ACHOCOLATADO
2022-03-14,789970,561,M,2,0,B,65,BEBIDAS,ENERGETICO
2022-03-14,790053,278,F,3,2,C,39,ALIMENTOS,LIMAO
2022-03-14,790101,36,F,3,0,C,132,HIGIENE,SABONETE
2022-03-14,790160,492,F,2,1,C,94,LIMPEZA,ALCOOL
2022-03-14,790204,162,F,1,1,B,50,ALIMENTOS,PAO DE FORMA
2022-03-14,790260,776,F,2,0,B,41,ALIMENTOS,MACARRAO
2022-03-14,790359,909,M,3,0,B,90,HIGIENE,SHAMPOO
2022-03-14,790455,42,M,2,2,B,27,ALIMENTOS,DANETTE
2022-03-14,790523,508,F,3,0,B,210,ACESSORIOS,CHUPETA
2022-03-14,790552,468,M,3,1,C,52,ALIMENTOS,PATE
2022-03-14,790604,592,F,2,0,C,85,HIGIENE,PASTA DE DENTE
2022-03-14,790635,122,M,3,3,B,157,ALIMENTOS,PAPINHA INFANTIL
2022-03-14,790693,347,F,4,0,B,94,LIMPEZA,ALCOOL
2022-03-14,790723,182,F,1,4,B,229,ALIMENTOS,ALMONDEGA
2022-03-14,790803,510,F,4,0,B,44,ALIMENTOS,MAMAO
2022-03-14,790820,69,M,4,3,A,85,HIGIENE,PASTA DE DENTE
2022-03-14,790859,216,F,1,2,B,85,HIGIENE,PASTA DE DENTE
2022-03-14,790911,433,M,3,3,B,163,ALIMENTOS,MORTADELA
2022-03-14,791006,497,M,3,0,B,145,PET,RACAO UMIDA PARA GATOS
2022-03-14,791086,391,F,2,0,A,203,ALIMENTOS,DANETTE
2022-03-14,791117,499,M,3,0,B,106,LIMPEZA,ODORIZADOR
2022-03-14,791147,456,M,1,4,B,113,LIMPEZA,TIRA MANCHA
2022-03-14,791154,962,M,3,4,B,2,ACESSORIOS,MORDEDOR
2022-03-14,791198,948,M,4,0,C,129,ALIMENTOS,SARDINHA
2022-03-14,791239,157,M,1,1,C,96,LIMPEZA,BALDE
2022-03-14,791261,473,F,4,3,B,17,ALIMENTOS,BISCOITO
2022-03-14,791275,83,M,1,4,B,39,ALIMENTOS,LIMAO
2022-03-14,791340,308,M,4,0,B,43,ALIMENTOS,MAMAO PAPAYA
2022-03-14,791427,112,M,4,0,B,21,ALIMENTOS,CENOURA
2022-03-14,791499,21,M,3,0,B,142,BEBIDAS,REFRIGERANTE LARANJA
2022-03-14,791580,116,M,4,0,B,158,HIGIENE,PAPEL HIGIENICO
2022-03-14,791648,873,F,3,0,B,217,ALIMENTOS,BISCOITO
2022-03-14,791669,24,F,4,0,C,213,ALIMENTOS,CENOURA
2022-03-14,791767,160,F,3,4,B,100,LIMPEZA,DETERGENTE
2022-03-14,791825,453,F,1,0,B,29,ALIMENTOS,FEIJAO
2022-03-14,791885,629,M,3,0,C,108,LIMPEZA,REMOVEDOR
2022-03-14,791976,271,F,4,0,B,90,HIGIENE,SHAMPOO
2022-03-14,792024,362,F,3,0,B,15,ALIMENTOS,BATATA DOCE
2022-03-14,792056,591,M,4,1,B,200,LIMPEZA,DETERGENTE
2022-03-14,792097,262,M,1,2,B,199,ALIMENTOS,DOCE
2022-03-14,792173,116,M,4,0,B,216,ALIMENTOS,BROCOLIS
2022-03-14,792190,575,M,1,4,B,158,HIGIENE,PAPEL HIGIENICO
2022-03-14,792201,638,M,3,1,B,54,ALIMENTOS,PRESUNTO COZIDO
2022-03-14,792258,551,M,1,0,C,99,LIMPEZA,DESINFETANTE
2022-03-14,792350,990,F,1,4,B,147,PET,RACAO SECA PARA GATOS
2022-03-14,792372,238,M,2,1,B,38,ALIMENTOS,LEITE CONDENSADO
2022-03-14,792460,601,M,4,0,A,45,ALIMENTOS,MANGA
2022-03-14,792473,867,M,2,3,B,75,HIGIENE,ESCOVA DE DENTE
2022-03-14,792490,14,M,1,3,B,204,HIGIENE,CREME
2022-03-14,792524,666,F,2,2,B,37,ALIMENTOS,LEITE
2022-03-14,792551,896,M,3,0,B,155,ALIMENTOS,PATE
2022-03-14,792599,460,F,1,3,B,142,BEBIDAS,REFRIGERANTE LARANJA
2022-03-14,792617,834,M,3,3,B,208,HIGIENE,CONDICIONADOR
2022-03-14,792627,745,F,1,2,B,179,ALIMENTOS,LEITE CONDENSADO
2022-03-14,792682,309,M,1,0,B,115,PET,ALIMENTO PARA PASSARO
2022-03-14,792770,467,F,2,2,B,143,BEBIDAS,REFRIGERANTE GUARANA
2022-03-14,792857,406,M,2,4,C,208,HIGIENE,CONDICIONADOR
2022-03-14,792904,111,M,2,4,C,106,LIMPEZA,ODORIZADOR
2022-03-14,792943,64,F,4,0,B,48,ALIMENTOS,OVOS
2022-03-16,793012,12,M,1,1,A,75,HIGIENE,ESCOVA DE DENTE
2022-03-16,793079,101,F,1,0,C,206,ALIMENTOS,CORACAO DE FRANGO
2022-03-16,793127,911,F,2,0,B,214,ALIMENTOS,CEBOLA
2022-03-16,793160,265,M,2,3,B,163,ALIMENTOS,MORTADELA
2022-03-16,793179,94,M,1,2,C,88,HIGIENE,REPELENTE
2022-03-16,793245,891,F,3,2,B,118,PET,RACAO UMIDA PARA CAES
2022-03-16,793316,944,F,3,1,B,76,HIGIENE,FIO DENTAL
2022-03-16,793347,580,M,3,0,B,116,PET,RACAO SECA PARA CAES
2022-03-16,793423,734,F,4,2,B,166,HIGIENE,MODELADOR
2022-03-16,793444,296,F,1,3,B,102,LIMPEZA,LIMPA VIDROS
2022-03-16,793524,587,M,1,0,B,206,ALIMENTOS,CORACAO DE FRANGO
2022-03-16,793608,964,M,2,0,B,164,ACESSORIOS,MORDEDOR
2022-03-16,793629,811,M,2,1,B,122,ALIMENTOS,TOMATE
2022-03-16,793644,160,F,3,4,B,71,HIGIENE,ABSORVENTE
2022-03-16,793734,157,M,1,1,C,175,LIMPEZA,LIMPADOR MULTIUSO
2022-03-16,793805,265,M,2,3,B,226,ALIMENTOS,ARROZ INTEGRAL
2022-03-16,793904,922,M,1,0,B,21,ALIMENTOS,CENOURA
2022-03-16,793921,397,F,1,0,B,209,ALIMENTOS,COGUMELOS
2022-03-16,793992,650,F,2,0,C,51,ALIMENTOS,PAPINHA INFANTIL
2022-03-16,794059,133,F,2,0,B,3,ALIMENTOS,ABACATE
2022-03-16,794146,92,M,4,1,B,137,ALIMENTOS,REQUEIJAO
2022-03-16,794217,869,F,3,0,B,53,ALIMENTOS,PRESUNTO COZIDO
2022-03-16,794228,860,M,1,0,B,221,ALIMENTOS,BANANA
2022-03-16,794315,989,M,2,0,B,173,ALIMENTOS,LINGUICA
2022-03-16,794336,161,M,5,2,B,18,ALIMENTOS,BROCOLIS
2022-03-16,794384,201,M,3,0,B,216,ALIMENTOS,BROCOLIS
2022-03-16,794466,158,M,3,0,B,120,LIMPEZA,VASSOURA
2022-03-16,794494,477,F,4,0,B,79,HIGIENE,GEL
2022-03-16,794545,305,F,4,0,B,195,ALIMENTOS,FEIJAO
2022-03-16,794560,574,F,2,2,B,56,ALIMENTOS,QUEIJO MUSSARELA
2022-03-16,794609,472,M,2,1,C,37,ALIMENTOS,LEITE
2022-03-16,794694,873,F,3,0,B,190,HIGIENE,GEL
2022-03-16,794707,84,F,3,0,C,134,LIMPEZA,SABAO
2022-03-16,794797,271,F,4,0,B,167,ALIMENTOS,MANGA
2022-03-16,794802,798,M,5,2,B,6,ALIMENTOS,ALHO
2022-03-16,794823,174,M,4,3,C,34,ALIMENTOS,KETCHUP
2022-03-16,794902,897,M,2,1,C,148,PET,RACAO SECA PARA CAES
2022-03-16,794993,817,M,3,0,B,156,HIGIENE,PASTA DE DENTE
2022-03-16,794994,150,M,1,4,B,136,ALIMENTOS,RICOTA
2022-03-16,795093,559,F,3,1,A,85,HIGIENE,PASTA DE DENTE
2022-03-16,795099,461,M,3,4,C,100,LIMPEZA,DETERGENTE
2022-03-16,795105,732,F,3,4,B,118,PET,RACAO UMIDA PARA CAES
2022-03-16,795146,219,M,2,0,B,18,ALIMENTOS,BROCOLIS
2022-03-16,795245,466,F,1,0,C,93,LIMPEZA,AGUA SANITARIA
2022-03-16,795331,70,F,4,0,B,55,ALIMENTOS,QUEIJO DE CABRA
2022-03-16,795357,789,F,5,1,B,222,LIMPEZA,BALDE
2022-03-16,795394,814,M,4,0,B,55,ALIMENTOS,QUEIJO DE CABRA
2022-03-16,795435,291,F,3,0,C,28,ALIMENTOS,DOCE
2022-03-16,795490,910,M,2,2,B,151,HIGIENE,PROTETOR SOLAR
2022-03-16,795501,62,F,2,0,B,100,LIMPEZA,DETERGENTE
2022-03-16,795525,927,M,1,1,C,165,ALIMENTOS,MOLHO BARBECUE
2022-03-16,795614,538,M,3,0,B,185,LIMPEZA,INSETICIDA
2022-03-16,795708,801,M,1,4,B,163,ALIMENTOS,MORTADELA
2022-03-16,795756,172,M,2,0,B,3,ALIMENTOS,ABACATE
2022-03-16,795852,289,F,3,4,C,108,LIMPEZA,REMOVEDOR
2022-03-16,795898,962,M,3,4,B,147,PET,RACAO SECA PARA GATOS
2022-03-17,795968,59,M,2,0,A,82,HIGIENE,LENCO UMEDECIDO
2022-03-17,795973,378,F,2,0,C,103,LIMPEZA,LIMPADOR MULTIUSO
2022-03-17,795985,498,M,3,2,B,94,LIMPEZA,ALCOOL
2022-03-17,796046,591,M,4,1,B,70,BEBIDAS,REFRIGERANTE OUTROS
2022-03-17,796082,740,F,1,4,C,220,ALIMENTOS,BATATA
2022-03-17,796153,719,M,1,0,B,193,HIGIENE,FIO DENTAL
2022-03-17,796180,63,F,3,0,B,223,ALIMENTOS,AZEITONA
2022-03-17,796218,494,F,5,1,C,32,ALIMENTOS,HAMBUGUER
2022-03-17,796296,217,F,3,0,B,97,LIMPEZA,CERA
2022-03-17,796364,953,M,1,1,B,49,ALIMENTOS,PALMITO
2022-03-17,796399,740,F,1,4,C,98,LIMPEZA,DESENGORDURANTE
2022-03-17,796413,693,F,4,0,B,180,ALIMENTOS,LEITE
2022-03-17,796435,122,M,3,3,B,15,ALIMENTOS,BATATA DOCE
2022-03-17,796444,323,M,1,3,B,17,ALIMENTOS,BISCOITO
2022-03-17,796457,364,F,4,2,C,26,ALIMENTOS,COXA E SOBRECOXA DE FRANGO
2022-03-17,796544,265,M,2,3,B,80,HIGIENE,HASTES FLEXIVEIS
2022-03-17,796585,736,M,1,0,C,205,ALIMENTOS,COXA E SOBRECOXA DE FRANGO
2022-03-17,796624,944,F,3,1,B,120,LIMPEZA,VASSOURA
2022-03-17,796723,194,F,4,0,B,117,PET,RACAO SECA PARA GATOS
2022-03-17,796725,846,F,4,3,C,50,ALIMENTOS,PAO DE FORMA
2022-03-17,796802,152,F,3,1,C,65,BEBIDAS,ENERGETICO
2022-03-17,796822,634,F,2,0,C,64,ALIMENTOS,UVA
2022-03-17,796870,478,M,1,4,A,29,ALIMENTOS,FEIJAO
2022-03-17,796910,396,F,1,0,B,124,LIMPEZA,TIRA LIMO
2022-03-17,796980,629,M,3,0,C,220,ALIMENTOS,BATATA
2022-03-17,797045,603,M,3,0,B,200,LIMPEZA,DETERGENTE
2022-03-17,797053,127,F,4,2,C,191,HIGIENE,FRALDA
2022-03-17,797097,774,F,2,0,B,19,ALIMENTOS,CAFE
2022-03-17,797153,25,M,4,1,C,171,ALIMENTOS,MACARRAO
2022-03-17,797155,760,F,2,0,A,31,ALIMENTOS,GRANOLA
2022-03-17,797189,74,M,3,0,C,167,ALIMENTOS,MANGA
2022-03-17,797207,423,F,5,2,A,75,HIGIENE,ESCOVA DE DENTE
2022-03-17,797236,431,F,4,3,B,9,ALIMENTOS,ARROZ INTEGRAL
2022-03-17,797245,954,F,4,2,B,90,HIGIENE,SHAMPOO
2022-03-17,797316,665,M,1,4,B,138,HIGIENE,REPELENTE
2022-03-17,797355,993,M,5,1,B,146,PET,RACAO UMIDA PARA CAES
2022-03-17,797419,490,F,2,4,C,139,LIMPEZA,REMOVEDOR
2022-03-17,797488,195,M,4,0,B,84,HIGIENE,PAPEL HIGIENICO
2022-03-17,797523,439,F,3,0,B,147,PET,RACAO SECA PARA GATOS
2022-03-17,797567,347,F,4,0,B,92,HIGIENE,TINTURAS
2022-03-17,797606,361,F,1,0,C,79,HIGIENE,GEL
2022-03-17,797628,449,F,2,3,B,224,ALIMENTOS,AZEITE
2022-03-17,797715,5,F,4,3,C,207,ALIMENTOS,COPA SUINA
2022-03-17,797764,875,F,1,0,B,156,HIGIENE,PASTA DE DENTE
2022-03-17,797798,865,F,1,0,B,193,HIGIENE,FIO DENTAL
2022-03-17,797863,651,F,2,0,B,55,ALIMENTOS,QUEIJO DE CABRA
2022-03-17,797892,755,M,3,4,B,53,ALIMENTOS,PRESUNTO COZIDO
2022-03-17,797936,366,M,3,4,B,91,HIGIENE,TALCO
2022-03-17,797983,338,M,2,0,B,203,ALIMENTOS,DANETTE
2022-03-17,798050,274,M,1,1,B,58,ALIMENTOS,RICOTA
2022-03-17,798103,371,F,4,0,B,168,ALIMENTOS,MAMAO PAPAYA
2022-03-17,798125,374,F,3,0,B,34,ALIMENTOS,KETCHUP
2022-03-17,798150,497,M,3,0,B,84,HIGIENE,PAPEL HIGIENICO
2022-03-17,798225,369,F,3,4,C,189,ALIMENTOS,GRANOLA
2022-03-17,798247,638,M,3,1,B,214,ALIMENTOS,CEBOLA
2022-03-17,798329,906,M,2,0,A,105,LIMPEZA,LUSTRA MOVEIS
2022-03-17,798374,582,F,2,0,B,11,ALIMENTOS,AZEITE
2022-03-17,798394,401,M,1,4,C,116,PET,RACAO SECA PARA CAES
2022-03-17,798454,374,F,3,0,B,115,PET,ALIMENTO PARA PASSARO
2022-03-17,798481,677,M,4,0,B,18,ALIMENTOS,BROCOLIS
2022-03-17,798575,729,M,3,0,B,95,LIMPEZA,AMACIANTE
2022-03-17,798592,851,F,2,0,B,207,ALIMENTOS,COPA SUINA
2022-03-17,798674,258,F,1,0,B,158,HIGIENE,PAPEL HIGIENICO
2022-03-18,798688,349,M,3,0,B,223,ALIMENTOS,AZEITONA
2022-03-18,798706,20,M,4,0,B,120,LIMPEZA,VASSOURA
2022-03-18,798732,987,F,1,0,B,122,ALIMENTOS,TOMATE
2022-03-18,798744,163,F,3,0,A,21,ALIMENTOS,CENOURA
2022-03-18,798758,60,F,2,3,B,45,ALIMENTOS,MANGA
2022-03-18,798767,465,F,3,0,B,78,HIGIENE,FRALDA
2022-03-18,798778,983,F,4,0,C,61,ALIMENTOS,SARDINHA
2022-03-18,798841,826,F,2,0,C,195,ALIMENTOS,FEIJAO
2022-03-18,798852,842,M,5,2,B,123,LIMPEZA,TIRA MANCHA
2022-03-18,798915,928,F,5,1,B,89,HIGIENE,SABONETE
2022-03-18,799009,254,F,5,2,B,197,HIGIENE,ENXAGUANTE BUCAL
2022-03-18,799020,499,M,3,0,B,214,ALIMENTOS,CEBOLA
2022-03-18,799065,769,F,3,3,C,13,ALIMENTOS,BANANA
2022-03-18,799147,834,M,3,3,B,56,ALIMENTOS,QUEIJO MUSSARELA
2022-03-18,799246,74,M,3,0,C,70,BEBIDAS,REFRIGERANTE OUTROS
2022-03-18,799254,231,F,4,2,B,220,ALIMENTOS,BATATA
2022-03-18,799346,77,F,4,1,B,83,HIGIENE,MODELADOR
2022-03-18,799439,372,M,1,4,B,172,LIMPEZA,LUSTRA MOVEIS
2022-03-18,799504,506,F,4,3,B,136,ALIMENTOS,RICOTA
2022-03-18,799552,131,F,2,0,C,123,LIMPEZA,TIRA MANCHA
2022-03-18,799613,196,M,2,0,B,60,ALIMENTOS,SALGADINHOS DE MILHO
2022-03-18,799629,880,M,3,2,B,1,ACESSORIOS,CHUPETA
2022-03-18,799681,880,M,3,2,B,100,LIMPEZA,DETERGENTE
2022-03-18,799777,354,F,2,0,B,191,HIGIENE,FRALDA
2022-03-18,799830,422,F,2,4,C,176,LIMPEZA,LIMPA VIDROS
2022-03-18,799887,373,F,4,2,B,229,ALIMENTOS,ALMONDEGA
2022-03-18,799924,226,F,4,0,B,137,ALIMENTOS,REQUEIJAO
2022-03-18,799963,292,F,2,0,C,40,ALIMENTOS,LINGUICA
2022-03-18,800034,758,F,3,0,B,4,ALIMENTOS,ABACAXI
2022-03-18,800035,194,F,4,0,B,134,LIMPEZA,SABAO
2022-03-18,800123,594,F,3,1,C,43,ALIMENTOS,MAMAO PAPAYA
2022-03-18,800136,402,M,2,0,C,56,ALIMENTOS,QUEIJO MUSSARELA
2022-03-18,800146,753,F,1,3,C,172,LIMPEZA,LUSTRA MOVEIS
2022-03-18,800235,900,F,3,0,B,77,HIGIENE,FIXADOR
2022-03-18,800322,232,M,3,1,B,57,ALIMENTOS,REQUEIJAO
2022-03-18,800344,492,F,2,1,C,205,ALIMENTOS,COXA E SOBRECOXA DE FRANGO
2022-03-18,800347,88,F,1,0,B,136,ALIMENTOS,RICOTA
2022-03-18,800414,2,M,3,0,B,206,ALIMENTOS,CORACAO DE FRANGO
2022-03-18,800459,568,F,4,1,A,78,HIGIENE,FRALDA
2022-03-18,800462,429,M,4,0,C,6,ALIMENTOS,ALHO
2022-03-18,800526,232,M,3,1,B,84,HIGIENE,PAPEL HIGIENICO
2022-03-18,800589,706,F,2,0,A,131,ALIMENTOS,SALGADINHO
2022-03-18,800686,633,F,3,0,C,36,ALIMENTOS,LATA DE MILHO
2022-03-18,800767,25,M,4,1,C,117,PET,RACAO SECA PARA GATOS
2022-03-18,800863,80,F,2,1,C,18,ALIMENTOS,BROCOLIS
2022-03-18,800882,292,F,2,0,C,31,ALIMENTOS,GRANOLA
2022-03-18,800919,578,M,4,0,B,158,HIGIENE,PAPEL HIGIENICO
2022-03-18,800924,554,F,3,0,A,145,PET,RACAO UMIDA PARA GATOS
2022-03-18,800939,469,M,4,2,C,193,HIGIENE,FIO DENTAL
2022-03-25,800982,253,F,4,1,B,29,ALIMENTOS,FEIJAO
2022-03-25,801010,734,F,4,2,B,181,ALIMENTOS,LATA DE MILHO
2022-03-25,801042,248,M,3,0,C,193,HIGIENE,FIO DENTAL
2022-03-25,801101,636,M,2,2,B,134,LIMPEZA,SABAO
2022-03-25,801128,798,M,5,2,B,217,ALIMENTOS,BISCOITO
2022-03-25,801160,926,M,1,0,B,93,LIMPEZA,AGUA SANITARIA
2022-03-25,801186,562,F,3,0,B,82,HIGIENE,LENCO UMEDECIDO
2022-03-25,801197,979,F,3,0,A,104,LIMPEZA,LIMPADOR PERFUMADO
2022-03-25,801284,150,M,1,4,B,200,LIMPEZA,DETERGENTE
2022-03-25,801368,660,F,3,0,C,6,ALIMENTOS,ALHO
2022-03-25,801375,799,M,4,3,C,50,ALIMENTOS,PAO DE FORMA
2022-03-25,801471,240,M,4,0,B,163,ALIMENTOS,MORTADELA
2022-03-25,801521,898,F,4,0,C,37,ALIMENTOS,LEITE
2022-03-25,801540,888,F,4,2,B,201,LIMPEZA,DESINFETANTE
2022-03-25,801598,352,M,4,2,B,9,ALIMENTOS,ARROZ INTEGRAL
2022-03-25,801652,9,F,2,0,B,139,LIMPEZA,REMOVEDOR
2022-03-25,801726,420,M,3,0,B,141,BEBIDAS,REFRIGERANTE LIMaO
2022-03-25,801758,652,F,4,0,B,177,ALIMENTOS,LIMAO
2022-03-25,801775,380,M,3,4,B,37,ALIMENTOS,LEITE
2022-03-25,801820,203,F,3,0,A,82,HIGIENE,LENCO UMEDECIDO
2022-03-25,801866,684,F,3,0,C,82,HIGIENE,LENCO UMEDECIDO
2022-03-25,801913,589,F,3,2,C,130,ALIMENTOS,SALGADINHOS DE MILHO
2022-03-25,802008,48,M,4,1,B,71,HIGIENE,ABSORVENTE
2022-03-25,802022,260,F,2,0,C,125,HIGIENE,TINTURAS
2022-03-25,802061,418,M,2,2,A,181,ALIMENTOS,LATA DE MILHO
2022-03-25,802132,220,M,1,0,B,152,ALIMENTOS,PRESUNTO COZIDO
2022-03-25,802163,250,F,4,1,B,201,LIMPEZA,DESINFETANTE
2022-03-25,802177,56,F,2,3,B,13,ALIMENTOS,BANANA
2022-03-25,802202,263,M,3,0,B,217,ALIMENTOS,BISCOITO
2022-03-25,802300,659,F,2,2,B,220,ALIMENTOS,BATATA
2022-03-25,802303,260,F,2,0,C,58,ALIMENTOS,RICOTA
2022-03-25,802308,363,F,1,0,B,110,LIMPEZA,SABAO
2022-03-25,802373,685,F,4,0,B,202,LIMPEZA,DESENGORDURANTE
2022-03-25,802424,594,F,3,1,C,62,ALIMENTOS,SNACKS
2022-03-25,802454,685,F,4,0,B,112,LIMPEZA,TIRA LIMO
2022-03-25,802552,249,F,4,0,B,59,ALIMENTOS,SALGADINHO
2022-03-25,802630,328,M,2,0,B,49,ALIMENTOS,PALMITO
2022-03-25,802672,761,F,1,4,B,40,ALIMENTOS,LINGUICA
2022-03-25,802735,556,F,4,0,B,195,ALIMENTOS,FEIJAO
2022-03-25,802756,766,F,1,0,B,118,PET,RACAO UMIDA PARA CAES
2022-03-25,802850,38,M,3,0,B,63,ALIMENTOS,TOMATE
2022-03-25,802923,362,F,3,0,B,209,ALIMENTOS,COGUMELOS
2022-03-25,802981,69,M,4,3,A,173,ALIMENTOS,LINGUICA
2022-03-25,803075,935,F,2,0,B,148,PET,RACAO SECA PARA CAES
2022-03-25,803127,843,F,5,1,C,114,LIMPEZA,VASSOURA
2022-03-25,803202,75,M,1,0,B,99,LIMPEZA,DESINFETANTE
2022-03-25,803239,853,M,5,2,A,103,LIMPEZA,LIMPADOR MULTIUSO
2022-03-25,803321,119,F,3,2,B,228,LIMPEZA,AMACIANTE
2022-03-25,803398,306,F,3,0,B,224,ALIMENTOS,AZEITE
2022-03-25,803480,160,F,3,4,B,39,ALIMENTOS,LIMAO
2022-03-25,803570,859,M,1,0,B,213,ALIMENTOS,CENOURA
2022-03-25,803669,362,F,3,0,B,180,ALIMENTOS,LEITE
2022-03-25,803739,734,F,4,2,B,3,ALIMENTOS,ABACATE
2022-03-25,803775,938,M,1,4,B,4,ALIMENTOS,ABACAXI
2022-03-25,803823,317,M,3,0,B,96,LIMPEZA,BALDE
2022-03-25,803824,985,M,1,0,B,72,HIGIENE,CONDICIONADOR
2022-03-25,803867,70,F,4,0,B,121,ALIMENTOS,UVA
2022-03-25,803882,144,M,1,0,B,34,ALIMENTOS,KETCHUP
2022-03-25,803960,544,F,2,0,B,34,ALIMENTOS,KETCHUP
2022-03-25,803994,468,M,3,1,C,182,ALIMENTOS,LATA DE ERVILHA
2022-03-25,804031,982,M,4,3,B,37,ALIMENTOS,LEITE
2022-03-25,804079,311,F,4,0,C,162,LIMPEZA,ODORIZADOR
2022-03-25,804107,862,M,4,0,B,113,LIMPEZA,TIRA MANCHA
2022-03-25,804136,577,M,4,0,C,97,LIMPEZA,CERA
2022-03-29,804218,9,F,2,0,B,79,HIGIENE,GEL
2022-03-29,804288,740,F,1,4,C,60,ALIMENTOS,SALGADINHOS DE MILHO
2022-03-29,804337,229,M,2,2,C,74,HIGIENE,ENXAGUANTE BUCAL
2022-03-29,804436,776,F,2,0,B,37,ALIMENTOS,LEITE
2022-03-29,804456,180,M,3,4,B,185,LIMPEZA,INSETICIDA
2022-03-29,804503,602,M,3,0,B,58,ALIMENTOS,RICOTA
2022-03-29,804519,270,F,3,1,B,86,HIGIENE,PRESERVATIVO
2022-03-29,804582,695,M,2,0,A,56,ALIMENTOS,QUEIJO MUSSARELA
2022-03-29,804610,469,M,4,2,C,120,LIMPEZA,VASSOURA
2022-03-29,804696,691,M,4,0,B,227,ALIMENTOS,ARROZ
2022-03-29,804785,566,F,4,0,B,177,ALIMENTOS,LIMAO
2022-03-29,804797,225,M,4,0,C,201,LIMPEZA,DESINFETANTE
2022-03-29,804831,778,F,2,2,A,141,BEBIDAS,REFRIGERANTE LIMaO
2022-03-29,804901,362,F,3,0,B,120,LIMPEZA,VASSOURA
2022-03-29,804972,870,F,1,0,B,74,HIGIENE,ENXAGUANTE BUCAL
2022-03-29,805003,395,F,4,1,B,112,LIMPEZA,TIRA LIMO
2022-03-29,805102,598,F,4,0,B,98,LIMPEZA,DESENGORDURANTE
2022-03-29,805104,149,M,1,3,A,133,LIMPEZA,SABAO EM PO
2022-03-29,805143,800,M,1,0,C,119,PET,RACAO UMIDA PARA GATOS
2022-03-29,805241,779,M,3,4,A,143,BEBIDAS,REFRIGERANTE GUARANA
2022-03-29,805298,805,F,3,0,C,33,ALIMENTOS,IOGURTE
2022-03-29,805303,405,F,4,0,B,93,LIMPEZA,AGUA SANITARIA
2022-03-29,805368,993,M,5,1,B,96,LIMPEZA,BALDE
2022-03-29,805446,826,F,2,0,C,47,ALIMENTOS,MORTADELA
2022-03-29,805534,742,M,1,1,C,189,ALIMENTOS,GRANOLA
2022-03-29,805566,384,F,3,2,C,104,LIMPEZA,LIMPADOR PERFUMADO
2022-03-29,805655,76,M,3,0,A,76,HIGIENE,FIO DENTAL
2022-03-29,805689,406,M,2,4,C,55,ALIMENTOS,QUEIJO DE CABRA
2022-03-29,805771,589,F,3,2,C,204,HIGIENE,CREME
2022-03-29,805775,363,F,1,0,B,17,ALIMENTOS,BISCOITO
2022-03-29,805809,372,M,1,4,B,133,LIMPEZA,SABAO EM PO
2022-03-29,805865,823,M,5,3,B,50,ALIMENTOS,PAO DE FORMA
2022-03-29,805931,393,F,4,0,B,224,ALIMENTOS,AZEITE
2022-05-04,805956,250,F,4,1,B,190,HIGIENE,GEL
2022-05-04,806035,999,M,2,2,C,180,ALIMENTOS,LEITE
2022-05-04,806119,891,F,3,2,B,65,BEBIDAS,ENERGETICO
2022-05-04,806159,703,M,1,3,B,188,ALIMENTOS,HAMBUGUER
2022-05-04,806215,556,F,4,0,B,90,HIGIENE,SHAMPOO
2022-05-04,806299,213,M,2,4,B,134,LIMPEZA,SABAO
2022-05-04,806377,117,M,2,3,B,214,ALIMENTOS,CEBOLA
2022-05-04,806442,519,M,2,4,B,46,ALIMENTOS,MOLHO BARBECUE
2022-05-04,806533,566,F,4,0,B,82,HIGIENE,LENCO UMEDECIDO
2022-05-04,806541,61,M,1,2,B,70,BEBIDAS,REFRIGERANTE OUTROS
2022-05-04,806568,602,M,3,0,B,225,ALIMENTOS,ATUM
2022-05-04,806569,330,F,1,0,B,171,ALIMENTOS,MACARRAO
2022-05-04,806613,626,M,3,1,C,18,ALIMENTOS,BROCOLIS
2022-05-04,806635,330,F,1,0,B,78,HIGIENE,FRALDA
2022-05-04,806703,581,F,4,2,C,183,ALIMENTOS,KETCHUP
2022-05-04,806728,317,M,3,0,B,161,ALIMENTOS,OVOS
2022-05-04,806816,808,F,3,0,B,52,ALIMENTOS,PATE
2022-05-04,806819,105,F,4,0,C,111,LIMPEZA,SABAO EM PO
2022-05-04,806872,429,M,4,0,C,15,ALIMENTOS,BATATA DOCE
2022-05-04,806899,876,F,2,3,B,218,ALIMENTOS,BIFE DE COXAO MOLE
2022-05-04,806931,217,F,3,0,B,133,LIMPEZA,SABAO EM PO
2022-05-04,806957,125,M,3,0,B,222,LIMPEZA,BALDE
2022-05-04,807052,67,M,1,0,B,50,ALIMENTOS,PAO DE FORMA
2022-05-04,807087,5,F,4,3,C,218,ALIMENTOS,BIFE DE COXAO MOLE
2022-05-04,807149,336,F,1,0,C,201,LIMPEZA,DESINFETANTE
2022-05-04,807191,423,F,5,2,A,28,ALIMENTOS,DOCE
2022-05-04,807239,681,M,1,0,C,174,LIMPEZA,LIMPADOR PERFUMADO
2022-05-04,807315,747,M,1,0,B,176,LIMPEZA,LIMPA VIDROS
2022-05-04,807384,291,F,3,0,C,222,LIMPEZA,BALDE
2022-05-04,807473,404,M,4,0,B,163,ALIMENTOS,MORTADELA
2022-05-04,807483,908,M,3,2,C,26,ALIMENTOS,COXA E SOBRECOXA DE FRANGO
2022-05-04,807542,30,M,4,0,B,214,ALIMENTOS,CEBOLA
2022-05-04,807607,152,F,3,1,C,104,LIMPEZA,LIMPADOR PERFUMADO
2022-05-04,807697,25,M,4,1,C,15,ALIMENTOS,BATATA DOCE
2022-05-04,807705,94,M,1,2,C,151,HIGIENE,PROTETOR SOLAR
2022-05-04,807793,912,F,4,0,C,154,HIGIENE,PRESERVATIVO
2022-05-04,807824,308,M,4,0,B,211,ALIMENTOS,CHA
2022-05-04,807852,91,M,3,0,B,31,ALIMENTOS,GRANOLA
2022-05-04,807918,355,M,3,4,B,157,ALIMENTOS,PAPINHA INFANTIL
2022-05-04,807948,951,M,2,0,B,107,#N/D,#N/D
2022-05-04,807997,394,M,1,0,B,186,HIGIENE,HIDRATANTE
2022-05-04,808091,374,F,3,0,B,68,BEBIDAS,REFRIGERANTE LARANJA
2022-05-04,808098,272,M,4,3,C,212,LIMPEZA,CERA
2022-05-04,808137,426,F,3,0,C,20,ALIMENTOS,CEBOLA
2022-05-04,808194,491,M,2,1,A,215,ALIMENTOS,CAFE
2022-05-04,808286,731,M,3,4,B,190,HIGIENE,GEL
2022-05-04,808311,114,F,3,3,B,7,ALIMENTOS,ALMONDEGA
2022-05-04,808343,772,F,2,0,B,73,HIGIENE,CREME
2022-05-04,808420,745,F,1,2,B,217,ALIMENTOS,BISCOITO
2022-05-04,808439,99,F,1,4,C,199,ALIMENTOS,DOCE
2022-05-04,808513,121,F,1,2,B,25,ALIMENTOS,CORACAO DE FRANGO
2022-05-04,808590,434,M,1,4,B,94,LIMPEZA,ALCOOL
2022-05-04,808610,727,M,4,2,C,101,LIMPEZA,INSETICIDA
2022-05-04,808695,692,F,4,0,B,49,ALIMENTOS,PALMITO
2022-05-04,808715,878,F,4,3,C,133,LIMPEZA,SABAO EM PO
2022-05-04,808784,492,F,2,1,C,53,ALIMENTOS,PRESUNTO COZIDO
2022-05-04,808869,211,M,2,1,B,24,ALIMENTOS,COPA SUINA
2022-05-04,808896,944,F,3,1,B,86,HIGIENE,PRESERVATIVO
2022-05-04,808898,709,F,3,0,B,216,ALIMENTOS,BROCOLIS
2022-05-04,808990,312,M,1,0,A,176,LIMPEZA,LIMPA VIDROS
2022-05-04,809040,514,M,4,0,C,76,HIGIENE,FIO DENTAL
2022-05-04,809044,741,M,3,0,B,145,PET,RACAO UMIDA PARA GATOS
2022-05-04,809076,987,F,1,0,B,122,ALIMENTOS,TOMATE
2022-05-04,809099,806,F,2,3,B,208,HIGIENE,CONDICIONADOR
2022-05-04,809125,987,F,1,0,B,70,BEBIDAS,REFRIGERANTE OUTROS
2022-05-04,809176,463,M,3,3,B,96,LIMPEZA,BALDE
2022-05-04,809260,765,F,5,1,B,226,ALIMENTOS,ARROZ INTEGRAL
2022-05-04,809306,298,F,4,0,C,31,ALIMENTOS,GRANOLA
2022-05-04,809399,398,F,4,1,B,180,ALIMENTOS,LEITE
2022-05-04,809474,706,F,2,0,A,163,ALIMENTOS,MORTADELA
2022-05-04,809497,819,M,4,0,B,74,HIGIENE,ENXAGUANTE BUCAL
2022-05-04,809592,321,M,2,0,B,106,LIMPEZA,ODORIZADOR
2022-05-04,809652,675,M,4,0,B,44,ALIMENTOS,MAMAO
2022-05-04,809726,486,M,4,0,B,177,ALIMENTOS,LIMAO
2022-05-04,809800,781,M,4,0,B,25,ALIMENTOS,CORACAO DE FRANGO
2022-05-04,809898,84,F,3,0,C,18,ALIMENTOS,BROCOLIS
2022-05-04,809934,221,F,1,0,B,206,ALIMENTOS,CORACAO DE FRANGO
2022-05-04,809958,79,F,2,0,C,2,ACESSORIOS,MORDEDOR
2022-05-04,809998,305,F,4,0,B,184,ALIMENTOS,IOGURTE
2022-05-04,810061,34,M,2,0,C,96,LIMPEZA,BALDE
2022-05-04,810085,427,M,3,0,B,115,PET,ALIMENTO PARA PASSARO
2022-05-04,810150,907,M,3,1,B,73,HIGIENE,CREME
2022-05-04,810248,839,F,1,3,B,69,BEBIDAS,REFRIGERANTE LIMaO
2022-10-04,810292,680,F,3,0,C,89,HIGIENE,SABONETE
2022-10-04,810344,749,F,4,1,B,158,HIGIENE,PAPEL HIGIENICO
2022-10-04,810387,463,M,3,3,B,13,ALIMENTOS,BANANA
2022-10-04,810439,476,M,3,0,C,15,ALIMENTOS,BATATA DOCE
2022-10-04,810532,495,F,2,3,A,172,LIMPEZA,LUSTRA MOVEIS
2022-10-04,810612,7,M,1,3,B,135,LIMPEZA,RODO
2022-10-04,810630,336,F,1,0,C,211,ALIMENTOS,CHA
2022-10-04,810632,911,F,2,0,B,180,ALIMENTOS,LEITE
2022-10-04,810714,428,F,2,0,A,167,ALIMENTOS,MANGA
2022-10-04,810743,97,F,4,1,B,69,BEBIDAS,REFRIGERANTE LIMaO
2022-10-04,810802,287,F,1,0,B,185,LIMPEZA,INSETICIDA
2022-10-04,810849,663,F,4,0,B,15,ALIMENTOS,BATATA DOCE
2022-10-04,810883,883,M,1,0,B,33,ALIMENTOS,IOGURTE
2022-10-04,810923,905,M,1,0,B,88,HIGIENE,REPELENTE
2022-10-04,810952,170,F,4,2,B,224,ALIMENTOS,AZEITE
2022-10-04,811034,54,M,1,0,A,170,ALIMENTOS,MACARRAO INSTANTANEO
2022-10-04,811058,613,F,3,0,B,214,ALIMENTOS,CEBOLA
2022-10-04,811150,503,F,2,1,B,152,ALIMENTOS,PRESUNTO COZIDO
2022-10-04,811239,688,M,1,1,A,198,BEBIDAS,ENERGETICO
2022-10-04,811334,101,F,1,0,C,201,LIMPEZA,DESINFETANTE
2022-10-04,811385,639,M,2,0,C,134,LIMPEZA,SABAO
2022-10-04,811427,421,M,3,3,C,203,ALIMENTOS,DANETTE
2022-10-04,811444,648,M,1,0,B,165,ALIMENTOS,MOLHO BARBECUE
2022-10-04,811488,859,M,1,0,B,211,ALIMENTOS,CHA
2022-10-04,811518,680,F,3,0,C,162,LIMPEZA,ODORIZADOR
2022-10-04,811536,611,M,4,0,B,69,BEBIDAS,REFRIGERANTE LIMaO
2022-10-04,811615,913,M,3,4,C,18,ALIMENTOS,BROCOLIS
2022-10-04,811644,801,M,1,4,B,192,HIGIENE,FIXADOR
2022-10-04,811704,117,M,2,3,B,210,ACESSORIOS,CHUPETA
2022-10-04,811788,851,F,2,0,B,208,HIGIENE,CONDICIONADOR
2022-10-04,811860,605,M,4,2,B,85,HIGIENE,PASTA DE DENTE
2022-10-04,811867,279,M,1,2,B,59,ALIMENTOS,SALGADINHO
2022-10-04,811914,231,F,4,2,B,118,PET,RACAO UMIDA PARA CAES
2022-10-04,811955,674,M,4,1,B,160,ALIMENTOS,PALMITO
2022-10-04,812029,965,M,3,0,B,184,ALIMENTOS,IOGURTE
2022-10-04,812087,159,M,1,0,C,161,ALIMENTOS,OVOS
2022-10-04,812152,327,M,4,2,A,155,ALIMENTOS,PATE
2022-10-04,812209,500,M,3,2,C,126,HIGIENE,TALCO
2022-10-04,812244,909,M,3,0,B,107,#N/D,#N/D
2022-10-04,812279,298,F,4,0,C,89,HIGIENE,SABONETE
2022-10-04,812325,27,F,1,0,B,168,ALIMENTOS,MAMAO PAPAYA
2022-10-04,812379,187,M,2,1,B,140,BEBIDAS,REFRIGERANTE OUTROS
2022-10-04,812431,41,M,3,0,C,94,LIMPEZA,ALCOOL
2022-10-04,812508,661,M,3,0,B,107,#N/D,#N/D
2022-10-04,812558,561,M,2,0,B,18,ALIMENTOS,BROCOLIS
2022-10-04,812638,327,M,4,2,A,95,LIMPEZA,AMACIANTE
2022-10-04,812689,662,F,1,1,B,138,HIGIENE,REPELENTE
2022-10-04,812747,164,M,2,3,A,178,HIGIENE,LENCO UMEDECIDO
2022-10-04,812821,315,F,3,0,B,222,LIMPEZA,BALDE
2022-10-04,812860,757,F,4,3,C,183,ALIMENTOS,KETCHUP
2022-10-04,812875,189,F,3,4,C,144,BEBIDAS,REFRIGERANTE COLA
2022-10-04,812926,981,F,4,1,C,27,ALIMENTOS,DANETTE
2022-10-04,813011,114,F,3,3,B,141,BEBIDAS,REFRIGERANTE LIMaO
2022-10-04,813030,598,F,4,0,B,70,BEBIDAS,REFRIGERANTE OUTROS
2022-10-04,813031,859,M,1,0,B,59,ALIMENTOS,SALGADINHO
2022-10-04,813042,63,F,3,0,B,118,PET,RACAO UMIDA PARA CAES
2022-10-04,813079,404,M,4,0,B,99,LIMPEZA,DESINFETANTE
2022-10-04,813130,382,F,3,0,C,52,ALIMENTOS,PATE
2022-10-04,813146,789,F,5,1,B,227,ALIMENTOS,ARROZ
2022-11-04,813174,395,F,4,1,B,21,ALIMENTOS,CENOURA
2022-11-04,813220,399,F,4,1,C,200,LIMPEZA,DETERGENTE
2022-11-04,813249,499,M,3,0,B,140,BEBIDAS,REFRIGERANTE OUTROS
2022-11-04,813279,365,M,4,0,A,207,ALIMENTOS,COPA SUINA
2022-11-04,813292,628,M,3,0,B,147,PET,RACAO SECA PARA GATOS
2022-11-04,813304,337,M,3,0,B,48,ALIMENTOS,OVOS
2022-11-04,813369,453,F,1,0,B,224,ALIMENTOS,AZEITE
2022-11-04,813450,387,M,2,2,B,78,HIGIENE,FRALDA
2022-11-04,813464,567,F,1,0,C,157,ALIMENTOS,PAPINHA INFANTIL
2022-11-04,813480,240,M,4,0,B,100,LIMPEZA,DETERGENTE
2022-11-04,813549,918,F,2,4,C,115,PET,ALIMENTO PARA PASSARO
2022-11-04,813643,94,M,1,2,C,183,ALIMENTOS,KETCHUP
2022-11-04,813666,567,F,1,0,C,48,ALIMENTOS,OVOS
2022-11-04,813735,230,M,1,4,A,209,ALIMENTOS,COGUMELOS
2022-11-04,813805,205,M,2,4,B,222,LIMPEZA,BALDE
2022-11-04,813834,780,M,3,2,B,129,ALIMENTOS,SARDINHA
2022-11-04,813867,787,F,3,0,A,175,LIMPEZA,LIMPADOR MULTIUSO
2022-11-04,813924,436,M,2,4,B,69,BEBIDAS,REFRIGERANTE LIMaO
2022-11-04,813932,300,F,1,3,C,155,ALIMENTOS,PATE
2022-11-04,814030,49,M,2,0,C,154,HIGIENE,PRESERVATIVO
2022-11-04,814047,344,M,3,0,B,23,ALIMENTOS,COGUMELOS
2022-11-04,814053,395,F,4,1,B,129,ALIMENTOS,SARDINHA
2022-11-04,814126,705,M,1,0,B,23,ALIMENTOS,COGUMELOS
2022-11-04,814150,637,F,1,0,B,31,ALIMENTOS,GRANOLA
2022-11-04,814163,304,F,2,3,B,68,BEBIDAS,REFRIGERANTE LARANJA
2022-11-04,814256,701,M,3,0,B,116,PET,RACAO SECA PARA CAES
2022-11-04,814342,648,M,1,0,B,169,ALIMENTOS,MAMAO
2022-11-04,814365,422,F,2,4,C,210,ACESSORIOS,CHUPETA
2022-11-04,814457,331,F,4,0,B,18,ALIMENTOS,BROCOLIS
2022-11-04,814510,407,F,3,3,A,13,ALIMENTOS,BANANA
2022-11-04,814518,204,F,3,3,B,88,HIGIENE,REPELENTE
2022-11-04,814592,977,M,1,0,C,5,ALIMENTOS,ACHOCOLATADO
2022-11-04,814664,750,M,2,2,C,48,ALIMENTOS,OVOS
2022-11-04,814670,45,M,2,0,A,132,HIGIENE,SABONETE
2022-11-04,814709,944,F,3,1,B,124,LIMPEZA,TIRA LIMO
2022-11-04,814754,901,F,4,1,B,21,ALIMENTOS,CENOURA
2022-11-04,814793,838,F,1,0,C,154,HIGIENE,PRESERVATIVO
2022-11-04,814874,575,M,1,4,B,175,LIMPEZA,LIMPADOR MULTIUSO
2022-11-04,814935,355,M,3,4,B,151,HIGIENE,PROTETOR SOLAR
2022-11-04,815013,317,M,3,0,B,83,HIGIENE,MODELADOR
2022-11-04,815035,411,F,2,0,B,195,ALIMENTOS,FEIJAO
2022-11-04,815039,863,F,1,4,B,69,BEBIDAS,REFRIGERANTE LIMaO
2022-11-04,815093,517,F,3,1,B,53,ALIMENTOS,PRESUNTO COZIDO
2022-11-04,815183,936,F,3,2,B,20,ALIMENTOS,CEBOLA
2022-11-04,815227,260,F,2,0,C,228,LIMPEZA,AMACIANTE
2022-11-04,815263,453,F,1,0,B,32,ALIMENTOS,HAMBUGUER
2022-11-04,815332,593,M,4,1,B,108,LIMPEZA,REMOVEDOR
2022-11-04,815424,130,F,1,0,B,192,HIGIENE,FIXADOR
2022-11-04,815483,104,F,3,2,B,58,ALIMENTOS,RICOTA
2022-04-14,815558,985,M,1,0,B,36,ALIMENTOS,LATA DE MILHO
2022-04-14,815647,446,M,1,4,B,139,LIMPEZA,REMOVEDOR
2022-04-14,815709,513,F,4,3,B,210,ACESSORIOS,CHUPETA
2022-04-14,815710,487,F,3,0,C,123,LIMPEZA,TIRA MANCHA
2022-04-14,815799,422,F,2,4,C,45,ALIMENTOS,MANGA
2022-04-14,815833,801,M,1,4,B,95,LIMPEZA,AMACIANTE
2022-04-14,815891,990,F,1,4,B,187,HIGIENE,HASTES FLEXIVEIS
2022-04-14,815911,854,F,5,1,C,196,HIGIENE,ESCOVA DE DENTE
2022-04-14,815930,666,F,2,2,B,106,LIMPEZA,ODORIZADOR
2022-04-14,815971,663,F,4,0,B,167,ALIMENTOS,MANGA
2022-04-14,816005,758,F,3,0,B,44,ALIMENTOS,MAMAO
2022-04-14,816058,811,M,2,1,B,117,PET,RACAO SECA PARA GATOS
2022-04-14,816135,470,M,3,1,B,213,ALIMENTOS,CENOURA
2022-04-14,816159,710,F,3,1,C,41,ALIMENTOS,MACARRAO
2022-04-14,816256,399,F,4,1,C,207,ALIMENTOS,COPA SUINA
2022-04-14,816342,234,M,3,4,B,226,ALIMENTOS,ARROZ INTEGRAL
2022-04-14,816347,507,F,3,2,B,139,LIMPEZA,REMOVEDOR
2022-04-14,816355,154,M,2,3,B,222,LIMPEZA,BALDE
2022-04-14,816379,417,M,4,1,B,135,LIMPEZA,RODO
2022-04-14,816400,413,M,3,2,B,150,ALIMENTOS,QUEIJO DE CABRA
2022-04-14,816494,202,M,1,0,B,141,BEBIDAS,REFRIGERANTE LIMaO
2022-04-14,816554,156,F,2,0,B,46,ALIMENTOS,MOLHO BARBECUE
2022-04-14,816555,382,F,3,0,C,174,LIMPEZA,LIMPADOR PERFUMADO
2022-04-14,816640,967,F,1,0,B,103,LIMPEZA,LIMPADOR MULTIUSO
2022-04-14,816643,193,F,4,0,B,213,ALIMENTOS,CENOURA
2022-04-14,816685,271,F,4,0,B,38,ALIMENTOS,LEITE CONDENSADO
2022-04-14,816694,952,F,3,4,C,125,HIGIENE,TINTURAS
2022-04-14,816755,625,F,4,0,C,60,ALIMENTOS,SALGADINHOS DE MILHO
2022-04-14,816775,375,M,4,0,B,119,PET,RACAO UMIDA PARA GATOS
2022-04-14,816786,518,F,1,0,B,132,HIGIENE,SABONETE
2022-04-14,816878,289,F,3,4,C,156,HIGIENE,PASTA DE DENTE
2022-04-14,816951,518,F,1,0,B,59,ALIMENTOS,SALGADINHO
2022-04-14,817024,269,F,3,3,B,105,LIMPEZA,LUSTRA MOVEIS
2022-04-14,817106,816,M,4,0,C,192,HIGIENE,FIXADOR
2022-04-14,817191,393,F,4,0,B,5,ALIMENTOS,ACHOCOLATADO
2022-04-14,817216,724,M,1,0,B,184,ALIMENTOS,IOGURTE
2022-04-14,817240,131,F,2,0,C,149,ALIMENTOS,QUEIJO MUSSARELA
2022-04-14,817328,282,M,2,0,B,221,ALIMENTOS,BANANA
2022-04-14,817417,927,M,1,1,C,171,ALIMENTOS,MACARRAO
2022-04-14,817457,158,M,3,0,B,108,LIMPEZA,REMOVEDOR
2022-04-14,817532,926,M,1,0,B,60,ALIMENTOS,SALGADINHOS DE MILHO
2022-04-14,817595,596,M,2,0,B,52,ALIMENTOS,PATE
2022-04-14,817688,873,F,3,0,B,228,LIMPEZA,AMACIANTE
2022-04-14,817708,19,F,2,2,C,21,ALIMENTOS,CENOURA
2022-04-14,817722,711,M,4,2,B,114,LIMPEZA,VASSOURA
2022-04-14,817794,222,F,4,0,B,226,ALIMENTOS,ARROZ INTEGRAL
2022-04-17,817859,15,M,2,1,C,103,LIMPEZA,LIMPADOR MULTIUSO
2022-04-17,817949,582,F,2,0,B,62,ALIMENTOS,SNACKS
2022-04-17,817965,640,M,4,0,C,81,HIGIENE,HIDRATANTE
2022-04-17,818018,85,M,1,0,B,143,BEBIDAS,REFRIGERANTE GUARANA
2022-04-17,818071,183,M,4,1,B,161,ALIMENTOS,OVOS
2022-04-17,818119,577,M,4,0,C,191,HIGIENE,FRALDA
2022-04-17,818192,907,M,3,1,B,120,LIMPEZA,VASSOURA
2022-04-17,818285,514,M,4,0,C,169,ALIMENTOS,MAMAO
2022-04-17,818333,990,F,1,4,B,40,ALIMENTOS,LINGUICA
2022-04-17,818360,430,F,4,1,B,206,ALIMENTOS,CORACAO DE FRANGO
2022-04-17,818408,495,F,2,3,A,154,HIGIENE,PRESERVATIVO
2022-04-17,818455,938,M,1,4,B,102,LIMPEZA,LIMPA VIDROS
2022-04-17,818543,897,M,2,1,C,124,LIMPEZA,TIRA LIMO
2022-04-17,818589,992,F,2,0,B,170,ALIMENTOS,MACARRAO INSTANTANEO
2022-04-17,818600,265,M,2,3,B,228,LIMPEZA,AMACIANTE
2022-04-17,818644,609,F,4,0,C,131,ALIMENTOS,SALGADINHO
2022-04-17,818689,842,M,5,2,B,139,LIMPEZA,REMOVEDOR
2022-04-17,818769,800,M,1,0,C,170,ALIMENTOS,MACARRAO INSTANTANEO
2022-04-17,818805,303,M,3,4,B,16,ALIMENTOS,BIFE DE COXAO MOLE
2022-04-17,818848,929,M,4,0,B,42,ALIMENTOS,MACARRAO INSTANTANEO
2022-04-17,818904,919,F,2,0,C,37,ALIMENTOS,LEITE
2022-04-17,818990,295,F,1,3,B,164,ACESSORIOS,MORDEDOR
2022-04-17,819080,189,F,3,4,C,221,ALIMENTOS,BANANA
2022-04-17,819163,104,F,3,2,B,15,ALIMENTOS,BATATA DOCE
2022-04-17,819228,741,M,3,0,B,101,LIMPEZA,INSETICIDA
2022-04-17,819245,574,F,2,2,B,96,LIMPEZA,BALDE
2022-04-17,819286,805,F,3,0,C,131,ALIMENTOS,SALGADINHO
2022-04-17,819375,342,M,3,0,B,76,HIGIENE,FIO DENTAL
2022-04-17,819445,184,M,1,3,B,46,ALIMENTOS,MOLHO BARBECUE
2022-04-17,819489,928,F,5,1,B,228,LIMPEZA,AMACIANTE
2022-04-17,819561,861,M,3,0,B,1,ACESSORIOS,CHUPETA
2022-04-17,819574,519,M,2,4,B,61,ALIMENTOS,SARDINHA
2022-04-17,819583,993,M,5,1,B,49,ALIMENTOS,PALMITO
2022-04-17,819645,318,M,1,2,B,4,ALIMENTOS,ABACAXI
2022-04-17,819701,385,F,2,0,B,40,ALIMENTOS,LINGUICA
2022-04-17,819715,95,M,1,0,B,17,ALIMENTOS,BISCOITO
2022-04-17,819814,771,F,4,0,B,102,LIMPEZA,LIMPA VIDROS
2022-04-17,819839,327,M,4,2,A,57,ALIMENTOS,REQUEIJAO
2022-04-17,819884,130,F,1,0,B,225,ALIMENTOS,ATUM
2022-04-17,819927,387,M,2,2,B,81,HIGIENE,HIDRATANTE
2022-04-17,819929,393,F,4,0,B,79,HIGIENE,GEL
2022-04-17,819939,330,F,1,0,B,168,ALIMENTOS,MAMAO PAPAYA
2022-04-17,820024,895,M,3,0,B,155,ALIMENTOS,PATE
2022-04-17,820095,448,F,2,0,A,91,HIGIENE,TALCO
2022-04-17,820112,999,M,2,2,C,17,ALIMENTOS,BISCOITO
2022-04-17,820137,103,M,3,4,B,85,HIGIENE,PASTA DE DENTE
2022-04-17,820185,817,M,3,0,B,185,LIMPEZA,INSETICIDA
2022-04-17,820224,552,M,4,0,B,194,ALIMENTOS,FILE DE PEIXE
2022-04-17,820257,329,F,3,0,B,60,ALIMENTOS,SALGADINHOS DE MILHO
2022-04-17,820292,967,F,1,0,B,39,ALIMENTOS,LIMAO
2022-04-17,820388,206,F,3,1,C,21,ALIMENTOS,CENOURA
2022-04-17,820422,601,M,4,0,A,144,BEBIDAS,REFRIGERANTE COLA
2022-04-17,820473,602,M,3,0,B,30,ALIMENTOS,FILE DE PEIXE
2022-04-17,820487,571,F,2,0,B,182,ALIMENTOS,LATA DE ERVILHA
2022-04-17,820556,473,F,4,3,B,24,ALIMENTOS,COPA SUINA
2022-04-17,820643,101,F,1,0,C,54,ALIMENTOS,PRESUNTO COZIDO
2022-04-17,820730,311,F,4,0,C,55,ALIMENTOS,QUEIJO DE CABRA
2022-04-17,820734,9,F,2,0,B,158,HIGIENE,PAPEL HIGIENICO
2022-04-17,820764,455,F,2,0,C,166,HIGIENE,MODELADOR
2022-04-17,820792,479,F,1,0,B,220,ALIMENTOS,BATATA
2022-04-17,820805,164,M,2,3,A,146,PET,RACAO UMIDA PARA CAES
2022-04-17,820856,294,F,4,0,C,39,ALIMENTOS,LIMAO
2022-04-17,820915,498,M,3,2,B,74,HIGIENE,ENXAGUANTE BUCAL
2022-04-17,821000,486,M,4,0,B,36,ALIMENTOS,LATA DE MILHO
2022-04-17,821036,879,M,2,2,C,166,HIGIENE,MODELADOR
2022-04-17,821084,509,F,2,3,C,53,ALIMENTOS,PRESUNTO COZIDO
2022-04-17,821127,522,M,1,2,A,99,LIMPEZA,DESINFETANTE
2022-04-17,821154,599,F,1,4,C,58,ALIMENTOS,RICOTA
2022-04-17,821211,581,F,4,2,C,125,HIGIENE,TINTURAS
2022-04-17,821227,667,F,4,0,C,216,ALIMENTOS,BROCOLIS
2022-04-17,821315,871,F,1,3,C,194,ALIMENTOS,FILE DE PEIXE
2022-04-17,821412,371,F,4,0,B,155,ALIMENTOS,PATE
2022-04-17,821508,633,F,3,0,C,100,LIMPEZA,DETERGENTE
2022-04-17,821544,845,F,3,3,C,127,ALIMENTOS,SNACKS
2022-04-17,821545,811,M,2,1,B,173,ALIMENTOS,LINGUICA
2022-04-17,821590,374,F,3,0,B,96,LIMPEZA,BALDE
2022-04-17,821677,255,M,4,0,B,188,ALIMENTOS,HAMBUGUER
2022-04-17,821751,287,F,1,0,B,212,LIMPEZA,CERA
2022-04-17,821835,115,M,4,0,B,184,ALIMENTOS,IOGURTE
2022-04-17,821853,697,M,3,0,C,127,ALIMENTOS,SNACKS
2022-04-17,821875,74,M,3,0,C,176,LIMPEZA,LIMPA VIDROS
2022-04-17,821958,74,M,3,0,C,62,ALIMENTOS,SNACKS
2022-04-17,822047,371,F,4,0,B,225,ALIMENTOS,ATUM
2022-04-17,822087,720,M,2,3,B,94,LIMPEZA,ALCOOL
2022-04-17,822180,326,F,1,0,B,93,LIMPEZA,AGUA SANITARIA
2022-04-17,822207,190,M,1,4,B,92,HIGIENE,TINTURAS
2022-04-17,822250,32,F,1,0,B,10,ALIMENTOS,ATUM
2022-04-17,822255,550,M,4,0,B,72,HIGIENE,CONDICIONADOR
2022-04-17,822337,991,F,2,2,C,176,LIMPEZA,LIMPA VIDROS
2022-04-17,822370,346,F,2,4,C,86,HIGIENE,PRESERVATIVO
2022-04-17,822399,419,F,2,1,B,128,HIGIENE,SHAMPOO
2022-04-17,822408,131,F,2,0,C,218,ALIMENTOS,BIFE DE COXAO MOLE
2022-04-22,822507,591,M,4,1,B,33,ALIMENTOS,IOGURTE
2022-04-22,822584,52,F,1,0,A,179,ALIMENTOS,LEITE CONDENSADO
2022-04-22,822601,645,F,4,0,B,207,ALIMENTOS,COPA SUINA
2022-04-22,822656,111,M,2,4,C,64,ALIMENTOS,UVA
2022-04-22,822690,743,M,1,3,C,226,ALIMENTOS,ARROZ INTEGRAL
2022-04-22,822721,90,F,2,2,B,171,ALIMENTOS,MACARRAO
2022-04-22,822760,571,F,2,0,B,125,HIGIENE,TINTURAS
2022-04-22,822773,271,F,4,0,B,139,LIMPEZA,REMOVEDOR
2022-04-22,822808,198,M,4,0,B,170,ALIMENTOS,MACARRAO INSTANTANEO
2022-04-22,822836,682,F,2,2,B,131,ALIMENTOS,SALGADINHO
2022-04-22,822844,204,F,3,3,B,84,HIGIENE,PAPEL HIGIENICO
2022-04-22,822925,878,F,4,3,C,59,ALIMENTOS,SALGADINHO
2022-04-22,823023,237,F,4,3,C,223,ALIMENTOS,AZEITONA
2022-04-22,823069,224,M,4,0,B,171,ALIMENTOS,MACARRAO
2022-04-22,823137,913,M,3,4,C,64,ALIMENTOS,UVA
2022-04-22,823204,29,M,2,0,B,151,HIGIENE,PROTETOR SOLAR
2022-04-22,823295,211,M,2,1,B,215,ALIMENTOS,CAFE
2022-04-22,823373,801,M,1,4,B,115,PET,ALIMENTO PARA PASSARO
2022-04-22,823399,457,M,3,0,C,173,ALIMENTOS,LINGUICA
2022-04-22,823449,909,M,3,0,B,196,HIGIENE,ESCOVA DE DENTE
2022-04-22,823509,868,M,4,0,B,45,ALIMENTOS,MANGA
2022-04-22,823603,559,F,3,1,A,97,LIMPEZA,CERA
2022-04-22,823609,191,M,3,0,B,174,LIMPEZA,LIMPADOR PERFUMADO
2022-04-22,823659,731,M,3,4,B,73,HIGIENE,CREME
2022-04-22,823749,757,F,4,3,C,144,BEBIDAS,REFRIGERANTE COLA
2022-04-22,823843,252,M,2,2,B,213,ALIMENTOS,CENOURA
2022-04-22,823844,215,M,2,4,B,142,BEBIDAS,REFRIGERANTE LARANJA
2022-04-22,823910,516,M,1,0,C,98,LIMPEZA,DESENGORDURANTE
2022-04-22,823947,76,M,3,0,A,123,LIMPEZA,TIRA MANCHA
2022-04-22,823988,97,F,4,1,B,20,ALIMENTOS,CEBOLA
2022-04-22,824019,533,F,4,0,A,127,ALIMENTOS,SNACKS
2022-04-22,824052,583,F,2,0,B,10,ALIMENTOS,ATUM
2022-04-22,824089,824,F,1,0,B,27,ALIMENTOS,DANETTE
2022-04-22,824145,264,F,4,1,B,191,HIGIENE,FRALDA
2022-04-22,824179,370,M,1,4,B,200,LIMPEZA,DETERGENTE
2022-04-22,824238,450,M,1,0,B,43,ALIMENTOS,MAMAO PAPAYA
2022-04-22,824282,914,M,2,4,B,132,HIGIENE,SABONETE
2022-04-22,824318,266,F,3,3,B,160,ALIMENTOS,PALMITO
2022-04-22,824346,287,F,1,0,B,213,ALIMENTOS,CENOURA
2022-04-22,824445,229,M,2,2,C,130,ALIMENTOS,SALGADINHOS DE MILHO
2022-04-22,824492,398,F,4,1,B,85,HIGIENE,PASTA DE DENTE
2022-04-22,824544,78,M,1,0,B,43,ALIMENTOS,MAMAO PAPAYA
2022-04-22,824637,522,M,1,2,A,132,HIGIENE,SABONETE
2022-04-22,824662,340,M,3,4,B,189,ALIMENTOS,GRANOLA
2022-04-22,824747,174,M,4,3,C,93,LIMPEZA,AGUA SANITARIA
2022-04-22,824828,569,M,1,1,A,173,ALIMENTOS,LINGUICA
2022-04-22,824906,736,M,1,0,C,229,ALIMENTOS,ALMONDEGA
2022-04-22,824918,966,F,4,2,B,143,BEBIDAS,REFRIGERANTE GUARANA
2022-04-22,824956,871,F,1,3,C,177,ALIMENTOS,LIMAO
2022-04-22,825025,209,F,4,0,B,205,ALIMENTOS,COXA E SOBRECOXA DE FRANGO
2022-04-22,825078,444,F,2,0,B,18,ALIMENTOS,BROCOLIS
2022-04-22,825087,592,F,2,0,C,56,ALIMENTOS,QUEIJO MUSSARELA
2022-04-22,825180,619,M,4,1,B,32,ALIMENTOS,HAMBUGUER
2022-04-22,825274,735,F,4,0,B,78,HIGIENE,FRALDA
2022-04-22,825364,950,M,3,0,C,36,ALIMENTOS,LATA DE MILHO
2022-04-22,825435,963,M,3,0,B,179,ALIMENTOS,LEITE CONDENSADO
2022-04-22,825508,16,M,1,4,C,97,LIMPEZA,CERA
2022-04-22,825602,485,M,3,3,B,65,BEBIDAS,ENERGETICO
2022-04-22,825651,634,F,2,0,C,73,HIGIENE,CREME
2022-04-22,825729,619,M,4,1,B,52,ALIMENTOS,PATE
2022-04-22,825754,623,F,3,0,C,119,PET,RACAO UMIDA PARA GATOS
2022-04-22,825798,932,M,4,1,B,84,HIGIENE,PAPEL HIGIENICO
2022-04-22,825879,910,M,2,2,B,168,ALIMENTOS,MAMAO PAPAYA
2022-04-22,825907,279,M,1,2,B,76,HIGIENE,FIO DENTAL
2022-04-22,825920,667,F,4,0,C,98,LIMPEZA,DESENGORDURANTE
2022-04-22,825966,733,M,4,0,B,227,ALIMENTOS,ARROZ
2022-04-22,826042,149,M,1,3,A,115,PET,ALIMENTO PARA PASSARO
2022-04-22,826133,312,M,1,0,A,151,HIGIENE,PROTETOR SOLAR
2022-04-22,826162,427,M,3,0,B,44,ALIMENTOS,MAMAO
2022-04-22,826221,234,M,3,4,B,134,LIMPEZA,SABAO
2022-04-22,826292,385,F,2,0,B,91,HIGIENE,TALCO
2022-04-22,826381,55,F,3,0,B,76,HIGIENE,FIO DENTAL
2022-04-22,826412,8,F,3,0,B,151,HIGIENE,PROTETOR SOLAR
2022-04-22,826418,556,F,4,0,B,102,LIMPEZA,LIMPA VIDROS
2022-04-22,826488,437,F,2,1,C,32,ALIMENTOS,HAMBUGUER
2022-04-22,826509,994,M,4,0,C,23,ALIMENTOS,COGUMELOS
2022-04-29,826588,188,M,2,2,B,108,LIMPEZA,REMOVEDOR
2022-04-29,826634,119,F,3,2,B,122,ALIMENTOS,TOMATE
2022-04-29,826724,318,M,1,2,B,78,HIGIENE,FRALDA
2022-04-29,826744,848,F,5,3,A,174,LIMPEZA,LIMPADOR PERFUMADO
2022-04-29,826751,645,F,4,0,B,198,BEBIDAS,ENERGETICO
2022-04-29,826846,692,F,4,0,B,143,BEBIDAS,REFRIGERANTE GUARANA
2022-04-29,826924,493,M,2,4,B,100,LIMPEZA,DETERGENTE
2022-04-29,827007,64,F,4,0,B,101,LIMPEZA,INSETICIDA
2022-04-29,827022,573,F,1,0,C,73,HIGIENE,CREME
2022-04-29,827105,991,F,2,2,C,120,LIMPEZA,VASSOURA
2022-04-29,827119,312,M,1,0,A,35,ALIMENTOS,LATA DE ERVILHA
2022-04-29,827130,703,M,1,3,B,29,ALIMENTOS,FEIJAO
2022-04-29,827170,407,F,3,3,A,50,ALIMENTOS,PAO DE FORMA
2022-04-29,827193,641,F,4,0,C,85,HIGIENE,PASTA DE DENTE
2022-04-29,827197,233,M,3,0,B,138,HIGIENE,REPELENTE
2022-04-29,827275,555,M,4,3,A,217,ALIMENTOS,BISCOITO
2022-04-29,827299,696,M,2,0,B,121,ALIMENTOS,UVA
2022-04-29,827344,513,F,4,3,B,34,ALIMENTOS,KETCHUP
2022-04-29,827365,272,M,4,3,C,128,HIGIENE,SHAMPOO
2022-04-29,827428,737,F,2,1,C,187,HIGIENE,HASTES FLEXIVEIS
2022-04-29,827500,252,M,2,2,B,42,ALIMENTOS,MACARRAO INSTANTANEO
2022-04-29,827541,73,M,1,0,A,7,ALIMENTOS,ALMONDEGA
2022-04-29,827587,938,M,1,4,B,13,ALIMENTOS,BANANA
2022-04-29,827614,311,F,4,0,C,130,ALIMENTOS,SALGADINHOS DE MILHO
2022-04-29,827663,472,M,2,1,C,198,BEBIDAS,ENERGETICO
2022-04-29,827754,540,F,2,0,C,165,ALIMENTOS,MOLHO BARBECUE
2022-04-29,827767,19,F,2,2,C,47,ALIMENTOS,MORTADELA
2022-04-29,827802,399,F,4,1,C,97,LIMPEZA,CERA
2022-04-29,827897,259,M,1,1,B,103,LIMPEZA,LIMPADOR MULTIUSO
2022-04-29,827980,684,F,3,0,C,172,LIMPEZA,LUSTRA MOVEIS
2022-04-29,827993,25,M,4,1,C,57,ALIMENTOS,REQUEIJAO
2022-04-29,828068,562,F,3,0,B,210,ACESSORIOS,CHUPETA
2022-04-29,828087,965,M,3,0,B,26,ALIMENTOS,COXA E SOBRECOXA DE FRANGO
2022-04-29,828160,636,M,2,2,B,134,LIMPEZA,SABAO
2022-04-29,828230,960,F,4,2,B,81,HIGIENE,HIDRATANTE
2022-04-29,828235,878,F,4,3,C,195,ALIMENTOS,FEIJAO
2022-04-29,828317,61,M,1,2,B,183,ALIMENTOS,KETCHUP
2022-04-29,828327,565,F,1,2,B,101,LIMPEZA,INSETICIDA
2022-04-29,828334,175,M,1,0,B,72,HIGIENE,CONDICIONADOR
2022-04-29,828388,962,M,3,4,B,166,HIGIENE,MODELADOR
2022-04-29,828458,296,F,1,3,B,229,ALIMENTOS,ALMONDEGA
2022-04-29,828486,973,F,4,0,B,214,ALIMENTOS,CEBOLA
2022-04-29,828531,249,F,4,0,B,202,LIMPEZA,DESENGORDURANTE
2022-04-29,828581,475,F,4,3,B,182,ALIMENTOS,LATA DE ERVILHA
2022-04-29,828644,8,F,3,0,B,219,ALIMENTOS,BATATA DOCE
2022-04-29,828710,874,F,3,3,B,203,ALIMENTOS,DANETTE
2022-04-29,828758,521,F,1,0,A,54,ALIMENTOS,PRESUNTO COZIDO
2022-04-29,828832,706,F,2,0,A,38,ALIMENTOS,LEITE CONDENSADO
2022-04-29,828853,322,M,2,0,B,118,PET,RACAO UMIDA PARA CAES
2022-04-29,828868,360,M,4,0,B,103,LIMPEZA,LIMPADOR MULTIUSO
2022-04-29,828910,935,F,2,0,B,122,ALIMENTOS,TOMATE
2022-04-29,828911,925,M,2,0,C,168,ALIMENTOS,MAMAO PAPAYA
2022-04-29,828958,166,F,1,0,B,199,ALIMENTOS,DOCE
2022-04-29,828978,56,F,2,3,B,11,ALIMENTOS,AZEITE
2022-04-29,829046,934,F,2,2,B,43,ALIMENTOS,MAMAO PAPAYA
2022-04-29,829086,440,F,4,0,C,155,ALIMENTOS,PATE
2022-04-29,829123,355,M,3,4,B,150,ALIMENTOS,QUEIJO DE CABRA
2022-04-29,829138,389,F,3,0,C,168,ALIMENTOS,MAMAO PAPAYA
2022-04-29,829178,693,F,4,0,B,15,ALIMENTOS,BATATA DOCE
2022-04-29,829260,72,F,2,0,A,137,ALIMENTOS,REQUEIJAO
2022-04-29,829284,972,M,4,0,C,10,ALIMENTOS,ATUM
2022-04-29,829348,30,M,4,0,B,196,HIGIENE,ESCOVA DE DENTE
2022-04-29,829392,975,F,3,0,B,4,ALIMENTOS,ABACAXI
2022-04-29,829393,585,F,2,4,B,26,ALIMENTOS,COXA E SOBRECOXA DE FRANGO
2022-04-29,829447,686,F,3,2,A,59,ALIMENTOS,SALGADINHO
2022-04-29,829456,401,M,1,4,C,22,ALIMENTOS,CHA
2022-04-29,829494,426,F,3,0,C,221,ALIMENTOS,BANANA
2022-04-29,829569,476,M,3,0,C,65,BEBIDAS,ENERGETICO
2022-04-29,829613,176,F,2,0,B,184,ALIMENTOS,IOGURTE
2022-04-29,829668,968,F,1,0,B,145,PET,RACAO UMIDA PARA GATOS
2022-04-29,829691,573,F,1,0,C,107,#N/D,#N/D
2022-04-29,829788,706,F,2,0,A,121,ALIMENTOS,UVA
2022-04-29,829815,410,F,3,3,B,113,LIMPEZA,TIRA MANCHA
2022-04-29,829912,704,F,2,0,C,108,LIMPEZA,REMOVEDOR
2022-04-29,829915,670,M,4,0,C,211,ALIMENTOS,CHA
2022-04-29,829992,258,F,1,0,B,113,LIMPEZA,TIRA MANCHA
2022-04-29,830074,237,F,4,3,C,111,LIMPEZA,SABAO EM PO
2022-04-30,830163,79,F,2,0,C,20,ALIMENTOS,CEBOLA
2022-04-30,830260,233,M,3,0,B,177,ALIMENTOS,LIMAO
2022-04-30,830309,742,M,1,1,C,142,BEBIDAS,REFRIGERANTE LARANJA
2022-04-30,830319,861,M,3,0,B,57,ALIMENTOS,REQUEIJAO
2022-04-30,830334,69,M,4,3,A,123,LIMPEZA,TIRA MANCHA
2022-04-30,830359,960,F,4,2,B,62,ALIMENTOS,SNACKS
2022-04-30,830411,407,F,3,3,A,197,HIGIENE,ENXAGUANTE BUCAL
2022-04-30,830414,302,F,4,3,C,57,ALIMENTOS,REQUEIJAO
2022-04-30,830480,444,F,2,0,B,226,ALIMENTOS,ARROZ INTEGRAL
2022-04-30,830494,644,M,1,0,C,187,HIGIENE,HASTES FLEXIVEIS
2022-01-05,830540,983,F,4,0,C,61,ALIMENTOS,SARDINHA
2022-01-05,830632,412,M,2,0,B,166,HIGIENE,MODELADOR
2022-01-05,830665,518,F,1,0,B,174,LIMPEZA,LIMPADOR PERFUMADO
2022-01-05,830737,502,M,4,0,C,161,ALIMENTOS,OVOS
2022-01-05,830833,636,M,2,2,B,107,#N/D,#N/D
2022-01-05,830895,414,F,1,0,B,227,ALIMENTOS,ARROZ
2022-01-05,830964,812,F,2,0,A,107,#N/D,#N/D
2022-01-05,831023,289,F,3,4,C,215,ALIMENTOS,CAFE
2022-01-05,831095,155,F,2,0,B,90,HIGIENE,SHAMPOO
2022-01-05,831188,807,M,1,3,B,190,HIGIENE,GEL
2022-01-05,831211,472,M,2,1,C,84,HIGIENE,PAPEL HIGIENICO
2022-01-05,831293,738,M,1,0,C,5,ALIMENTOS,ACHOCOLATADO
2022-01-05,831373,492,F,2,1,C,82,HIGIENE,LENCO UMEDECIDO
2022-01-05,831402,396,F,1,0,B,32,ALIMENTOS,HAMBUGUER
2022-01-05,831449,569,M,1,1,A,101,LIMPEZA,INSETICIDA
2022-01-05,831523,242,F,4,0,B,110,LIMPEZA,SABAO
2022-01-05,831609,693,F,4,0,B,66,BEBIDAS,REFRIGERANTE COLA
2022-01-05,831683,131,F,2,0,C,26,ALIMENTOS,COXA E SOBRECOXA DE FRANGO
2022-01-05,831723,550,M,4,0,B,85,HIGIENE,PASTA DE DENTE
2022-01-05,831740,846,F,4,3,C,29,ALIMENTOS,FEIJAO
2022-01-05,831750,2,M,3,0,B,52,ALIMENTOS,PATE
2022-01-05,831798,969,M,1,3,B,177,ALIMENTOS,LIMAO
2022-01-05,831854,334,M,3,0,C,156,HIGIENE,PASTA DE DENTE
2022-01-05,831891,6,F,2,0,B,46,ALIMENTOS,MOLHO BARBECUE
2022-01-05,831959,636,M,2,2,B,72,HIGIENE,CONDICIONADOR
2022-01-05,831977,214,F,4,0,B,219,ALIMENTOS,BATATA DOCE
2022-01-05,832040,496,F,2,0,B,215,ALIMENTOS,CAFE
2022-01-05,832136,905,M,1,0,B,193,HIGIENE,FIO DENTAL
2022-01-05,832193,796,M,2,3,B,80,HIGIENE,HASTES FLEXIVEIS
2022-01-05,832280,570,F,4,1,C,50,ALIMENTOS,PAO DE FORMA
2022-01-05,832282,910,M,2,2,B,161,ALIMENTOS,OVOS
2022-01-05,832305,526,M,2,2,B,208,HIGIENE,CONDICIONADOR
2022-01-05,832323,478,M,1,4,A,144,BEBIDAS,REFRIGERANTE COLA
2022-01-05,832388,801,M,1,4,B,228,LIMPEZA,AMACIANTE
2022-01-05,832394,760,F,2,0,A,109,LIMPEZA,RODO
2022-01-05,832492,382,F,3,0,C,56,ALIMENTOS,QUEIJO MUSSARELA
2022-01-05,832542,269,F,3,3,B,92,HIGIENE,TINTURAS
2022-01-05,832640,528,M,2,2,C,121,ALIMENTOS,UVA
2022-01-05,832731,266,F,3,3,B,136,ALIMENTOS,RICOTA
2022-01-05,832806,808,F,3,0,B,217,ALIMENTOS,BISCOITO
2022-01-05,832807,707,M,4,0,B,21,ALIMENTOS,CENOURA
2022-01-05,832847,64,F,4,0,B,115,PET,ALIMENTO PARA PASSARO
2022-01-05,832895,880,M,3,2,B,2,ACESSORIOS,MORDEDOR
2022-01-05,832912,864,F,1,3,B,114,LIMPEZA,VASSOURA
2022-01-05,832926,576,M,3,0,B,99,LIMPEZA,DESINFETANTE
2022-01-05,833019,648,M,1,0,B,127,ALIMENTOS,SNACKS
2022-01-05,833097,549,M,2,3,C,140,BEBIDAS,REFRIGERANTE OUTROS
2022-01-05,833128,61,M,1,2,B,60,ALIMENTOS,SALGADINHOS DE MILHO
2022-01-05,833169,477,F,4,0,B,23,ALIMENTOS,COGUMELOS
2022-01-05,833195,255,M,4,0,B,206,ALIMENTOS,CORACAO DE FRANGO
2022-01-05,833228,366,M,3,4,B,149,ALIMENTOS,QUEIJO MUSSARELA
2022-01-05,833287,599,F,1,4,C,22,ALIMENTOS,CHA
2022-01-05,833309,739,F,2,3,B,6,ALIMENTOS,ALHO
2022-01-05,833377,353,M,1,2,B,141,BEBIDAS,REFRIGERANTE LIMaO
2022-01-05,833402,157,M,1,1,C,23,ALIMENTOS,COGUMELOS
2022-01-05,833500,404,M,4,0,B,149,ALIMENTOS,QUEIJO MUSSARELA
2022-01-05,833519,607,F,2,0,B,57,ALIMENTOS,REQUEIJAO
2022-01-05,833618,881,F,5,1,C,184,ALIMENTOS,IOGURTE
2022-01-05,833663,542,M,3,1,B,114,LIMPEZA,VASSOURA
2022-01-05,833730,45,M,2,0,A,96,LIMPEZA,BALDE
2022-01-05,833777,14,M,1,3,B,35,ALIMENTOS,LATA DE ERVILHA
2022-01-05,833869,665,M,1,4,B,227,ALIMENTOS,ARROZ
2022-01-05,833950,93,F,2,0,C,16,ALIMENTOS,BIFE DE COXAO MOLE
2022-01-05,834033,977,M,1,0,C,176,LIMPEZA,LIMPA VIDROS
2022-01-05,834064,579,F,3,0,B,14,ALIMENTOS,BATATA
2022-01-05,834075,799,M,4,3,C,19,ALIMENTOS,CAFE
2022-01-05,834115,127,F,4,2,C,33,ALIMENTOS,IOGURTE
2022-01-05,834134,752,M,3,0,C,11,ALIMENTOS,AZEITE
2022-01-05,834159,964,M,2,0,B,147,PET,RACAO SECA PARA GATOS
2022-01-05,834230,997,M,5,2,C,90,HIGIENE,SHAMPOO
2022-01-05,834304,113,F,3,0,B,217,ALIMENTOS,BISCOITO
2022-01-05,834382,716,F,4,0,C,149,ALIMENTOS,QUEIJO MUSSARELA
2022-01-05,834386,882,F,4,1,B,208,HIGIENE,CONDICIONADOR
2022-01-05,834431,591,M,4,1,B,99,LIMPEZA,DESINFETANTE
2022-01-05,834474,571,F,2,0,B,88,HIGIENE,REPELENTE
2022-01-05,834476,639,M,2,0,C,166,HIGIENE,MODELADOR
2022-01-05,834484,234,M,3,4,B,155,ALIMENTOS,PATE
2022-01-05,834540,854,F,5,1,C,43,ALIMENTOS,MAMAO PAPAYA
2022-01-05,834619,170,F,4,2,B,66,BEBIDAS,REFRIGERANTE COLA
2022-01-05,834709,364,F,4,2,C,141,BEBIDAS,REFRIGERANTE LIMaO
2022-01-05,834804,755,M,3,4,B,12,ALIMENTOS,AZEITONA
2022-01-05,834894,905,M,1,0,B,69,BEBIDAS,REFRIGERANTE LIMaO
2022-01-05,834930,224,M,4,0,B,221,ALIMENTOS,BANANA
2022-01-05,834960,811,M,2,1,B,107,#N/D,#N/D
2022-01-05,834966,747,M,1,0,B,118,PET,RACAO UMIDA PARA CAES
2022-01-05,835023,664,M,3,1,B,220,ALIMENTOS,BATATA
2022-01-05,835100,948,M,4,0,C,146,PET,RACAO UMIDA PARA CAES
2022-01-05,835110,637,F,1,0,B,5,ALIMENTOS,ACHOCOLATADO
2022-01-05,835133,88,F,1,0,B,1,ACESSORIOS,CHUPETA
2022-01-05,835195,997,M,5,2,C,187,HIGIENE,HASTES FLEXIVEIS
2022-01-05,835208,550,M,4,0,B,30,ALIMENTOS,FILE DE PEIXE
2022-01-05,835250,810,M,1,0,B,28,ALIMENTOS,DOCE
2022-01-05,835303,36,F,3,0,C,37,ALIMENTOS,LEITE
2022-01-05,835328,289,F,3,4,C,35,ALIMENTOS,LATA DE ERVILHA
2022-01-05,835405,363,F,1,0,B,100,LIMPEZA,DETERGENTE
2022-01-05,835493,479,F,1,0,B,46,ALIMENTOS,MOLHO BARBECUE
2022-01-05,835544,927,M,1,1,C,52,ALIMENTOS,PATE
2022-01-05,835556,227,F,3,0,C,81,HIGIENE,HIDRATANTE
2022-05-05,835655,343,F,1,0,B,71,HIGIENE,ABSORVENTE
2022-05-05,835701,200,F,3,0,B,150,ALIMENTOS,QUEIJO DE CABRA
2022-05-05,835789,923,F,2,4,C,52,ALIMENTOS,PATE
2022-05-05,835842,323,M,1,3,B,8,ALIMENTOS,ARROZ
2022-05-05,835910,373,F,4,2,B,47,ALIMENTOS,MORTADELA
2022-05-05,836005,530,F,1,0,A,193,HIGIENE,FIO DENTAL
2022-05-05,836038,534,M,4,1,C,203,ALIMENTOS,DANETTE
2022-05-05,836054,954,F,4,2,B,224,ALIMENTOS,AZEITE
2022-05-05,836074,48,M,4,1,B,25,ALIMENTOS,CORACAO DE FRANGO
2022-05-05,836154,397,F,1,0,B,147,PET,RACAO SECA PARA GATOS
2022-05-05,836216,806,F,2,3,B,121,ALIMENTOS,UVA
2022-05-05,836309,953,M,1,1,B,207,ALIMENTOS,COPA SUINA
2022-05-05,836335,816,M,4,0,C,25,ALIMENTOS,CORACAO DE FRANGO
2022-05-05,836418,821,F,2,3,B,121,ALIMENTOS,UVA
2022-05-05,836501,931,M,2,0,A,176,LIMPEZA,LIMPA VIDROS
2022-05-05,836550,602,M,3,0,B,223,ALIMENTOS,AZEITONA
2022-05-05,836584,108,M,1,0,B,172,LIMPEZA,LUSTRA MOVEIS
2022-05-05,836660,240,M,4,0,B,131,ALIMENTOS,SALGADINHO
2022-05-05,836702,657,M,2,3,B,9,ALIMENTOS,ARROZ INTEGRAL
2022-05-05,836756,348,F,3,0,A,41,ALIMENTOS,MACARRAO
2022-05-05,836817,577,M,4,0,C,158,HIGIENE,PAPEL HIGIENICO
2022-05-05,836829,256,F,4,0,B,172,LIMPEZA,LUSTRA MOVEIS
2022-05-05,836833,440,F,4,0,C,45,ALIMENTOS,MANGA
2022-05-05,836859,565,F,1,2,B,92,HIGIENE,TINTURAS
2022-05-05,836939,764,F,3,1,B,8,ALIMENTOS,ARROZ
2022-05-05,836948,230,M,1,4,A,138,HIGIENE,REPELENTE
2022-05-05,836980,583,F,2,0,B,134,LIMPEZA,SABAO
2022-05-05,837002,618,M,4,3,B,120,LIMPEZA,VASSOURA
2022-05-05,837089,218,M,4,0,B,173,ALIMENTOS,LINGUICA
2022-05-05,837171,187,M,2,1,B,183,ALIMENTOS,KETCHUP
2022-05-05,837217,194,F,4,0,B,186,HIGIENE,HIDRATANTE
2022-05-05,837262,69,M,4,3,A,155,ALIMENTOS,PATE
2022-05-05,837279,667,F,4,0,C,43,ALIMENTOS,MAMAO PAPAYA
2022-05-05,837349,787,F,3,0,A,224,ALIMENTOS,AZEITE
2022-05-05,837368,962,M,3,4,B,93,LIMPEZA,AGUA SANITARIA
2022-05-05,837405,6,F,2,0,B,3,ALIMENTOS,ABACATE
2022-05-05,837457,394,M,1,0,B,55,ALIMENTOS,QUEIJO DE CABRA
2022-05-05,837530,461,M,3,4,C,154,HIGIENE,PRESERVATIVO
2022-05-05,837566,106,M,1,0,B,178,HIGIENE,LENCO UMEDECIDO
2022-05-05,837635,634,F,2,0,C,184,ALIMENTOS,IOGURTE
2022-05-05,837721,56,F,2,3,B,126,HIGIENE,TALCO
2022-05-05,837810,314,F,1,1,A,123,LIMPEZA,TIRA MANCHA
2022-05-05,837852,730,F,2,0,B,85,HIGIENE,PASTA DE DENTE
2022-05-05,837928,739,F,2,3,B,31,ALIMENTOS,GRANOLA
2022-05-05,837934,791,F,1,0,B,202,LIMPEZA,DESENGORDURANTE
2022-05-05,838017,881,F,5,1,C,181,ALIMENTOS,LATA DE MILHO
2022-05-05,838088,327,M,4,2,A,89,HIGIENE,SABONETE
2022-05-05,838093,242,F,4,0,B,159,ALIMENTOS,PAO DE FORMA
2022-05-05,838190,745,F,1,2,B,64,ALIMENTOS,UVA
2022-05-05,838235,737,F,2,1,C,79,HIGIENE,GEL
2022-05-05,838258,736,M,1,0,C,169,ALIMENTOS,MAMAO
2022-05-05,838264,149,M,1,3,A,39,ALIMENTOS,LIMAO
2022-05-05,838287,406,M,2,4,C,113,LIMPEZA,TIRA MANCHA
2022-05-05,838383,908,M,3,2,C,40,ALIMENTOS,LINGUICA
2022-05-05,838407,121,F,1,2,B,153,ALIMENTOS,PRESUNTO COZIDO
2022-05-05,838490,297,M,4,0,B,14,ALIMENTOS,BATATA
2022-05-05,838520,545,M,2,2,B,148,PET,RACAO SECA PARA CAES
2022-05-05,838588,661,M,3,0,B,51,ALIMENTOS,PAPINHA INFANTIL
2022-05-05,838656,597,M,3,0,C,24,ALIMENTOS,COPA SUINA
2022-05-05,838692,135,M,3,0,B,37,ALIMENTOS,LEITE
2022-05-05,838722,631,M,1,4,C,89,HIGIENE,SABONETE
2022-05-05,838798,60,F,2,3,B,181,ALIMENTOS,LATA DE MILHO
2022-05-05,838800,345,F,2,3,B,4,ALIMENTOS,ABACAXI
2022-05-05,838837,117,M,2,3,B,200,LIMPEZA,DETERGENTE
2022-05-05,838922,702,M,1,0,B,48,ALIMENTOS,OVOS
2022-05-05,838940,349,M,3,0,B,154,HIGIENE,PRESERVATIVO
2022-05-05,839012,831,F,4,2,B,207,ALIMENTOS,COPA SUINA
2022-05-05,839049,12,M,1,1,A,176,LIMPEZA,LIMPA VIDROS
2022-05-05,839147,223,F,3,0,B,141,BEBIDAS,REFRIGERANTE LIMaO
2022-05-05,839158,435,F,2,0,C,9,ALIMENTOS,ARROZ INTEGRAL
2022-05-05,839249,142,F,1,0,B,165,ALIMENTOS,MOLHO BARBECUE
2022-05-05,839336,397,F,1,0,B,146,PET,RACAO UMIDA PARA CAES
2022-05-05,839390,368,M,4,0,C,108,LIMPEZA,REMOVEDOR
2022-05-05,839402,84,F,3,0,C,150,ALIMENTOS,QUEIJO DE CABRA
2022-05-05,839465,498,M,3,2,B,100,LIMPEZA,DETERGENTE
2022-05-05,839539,167,M,1,1,A,217,ALIMENTOS,BISCOITO
2022-05-05,839561,44,F,4,0,C,14,ALIMENTOS,BATATA
2022-05-05,839653,427,M,3,0,B,67,BEBIDAS,REFRIGERANTE GUARANA
2022-05-05,839654,566,F,4,0,B,32,ALIMENTOS,HAMBUGUER
2022-08-05,839701,38,M,3,0,B,161,ALIMENTOS,OVOS
2022-08-05,839709,278,F,3,2,C,77,HIGIENE,FIXADOR
2022-08-05,839721,191,M,3,0,B,107,#N/D,#N/D
2022-08-05,839747,416,M,3,2,C,61,ALIMENTOS,SARDINHA
2022-08-05,839832,495,F,2,3,A,47,ALIMENTOS,MORTADELA
2022-08-05,839928,542,M,3,1,B,94,LIMPEZA,ALCOOL
2022-08-05,839978,291,F,3,0,C,25,ALIMENTOS,CORACAO DE FRANGO
2022-08-05,839996,627,M,3,1,B,26,ALIMENTOS,COXA E SOBRECOXA DE FRANGO
2022-08-05,840084,99,F,1,4,C,7,ALIMENTOS,ALMONDEGA
2022-08-05,840107,62,F,2,0,B,48,ALIMENTOS,OVOS
2022-08-05,840189,271,F,4,0,B,224,ALIMENTOS,AZEITE
2022-08-05,840266,284,M,4,1,B,65,BEBIDAS,ENERGETICO
2022-08-05,840302,273,M,4,0,C,136,ALIMENTOS,RICOTA
2022-08-05,840332,258,F,1,0,B,100,LIMPEZA,DETERGENTE
2022-08-05,840334,620,M,2,0,B,68,BEBIDAS,REFRIGERANTE LARANJA
2022-08-05,840368,353,M,1,2,B,222,LIMPEZA,BALDE
2022-08-05,840445,212,F,2,1,B,170,ALIMENTOS,MACARRAO INSTANTANEO
2022-08-05,840513,395,F,4,1,B,89,HIGIENE,SABONETE
2022-08-05,840559,776,F,2,0,B,200,LIMPEZA,DETERGENTE
2022-08-05,840593,111,M,2,4,C,127,ALIMENTOS,SNACKS
2022-08-05,840650,112,M,4,0,B,138,HIGIENE,REPELENTE
2022-08-05,840668,404,M,4,0,B,166,HIGIENE,MODELADOR
2022-08-05,840748,978,F,3,0,C,45,ALIMENTOS,MANGA
2022-08-05,840802,282,M,2,0,B,160,ALIMENTOS,PALMITO
2022-08-05,840811,4,M,4,0,B,120,LIMPEZA,VASSOURA
2022-08-05,840870,508,F,3,0,B,126,HIGIENE,TALCO
2022-08-05,840961,908,M,3,2,C,98,LIMPEZA,DESENGORDURANTE
2022-08-05,840986,408,F,4,0,B,124,LIMPEZA,TIRA LIMO
2022-08-05,841010,143,F,1,4,B,95,LIMPEZA,AMACIANTE
2022-08-05,841025,58,M,2,2,B,164,ACESSORIOS,MORDEDOR
2022-08-05,841032,87,M,3,2,A,212,LIMPEZA,CERA
2022-08-05,841051,220,M,1,0,B,201,LIMPEZA,DESINFETANTE
2022-08-05,841134,425,F,3,0,B,25,ALIMENTOS,CORACAO DE FRANGO
2022-08-05,841173,161,M,5,2,B,152,ALIMENTOS,PRESUNTO COZIDO
2022-08-05,841272,804,F,4,3,B,103,LIMPEZA,LIMPADOR MULTIUSO
2022-08-05,841300,98,M,1,0,B,224,ALIMENTOS,AZEITE
2022-08-05,841324,151,F,1,0,B,143,BEBIDAS,REFRIGERANTE GUARANA
2022-08-05,841367,769,F,3,3,C,57,ALIMENTOS,REQUEIJAO
2022-08-05,841448,862,M,4,0,B,154,HIGIENE,PRESERVATIVO
2022-08-05,841483,768,F,4,0,B,153,ALIMENTOS,PRESUNTO COZIDO
2022-08-05,841552,721,M,3,2,C,171,ALIMENTOS,MACARRAO
2022-08-05,841568,369,F,3,4,C,62,ALIMENTOS,SNACKS
2022-08-05,841617,218,M,4,0,B,188,ALIMENTOS,HAMBUGUER
2022-08-05,841656,8,F,3,0,B,112,LIMPEZA,TIRA LIMO
2022-08-05,841679,698,F,2,0,B,114,LIMPEZA,VASSOURA
2022-08-05,841765,827,M,4,0,B,42,ALIMENTOS,MACARRAO INSTANTANEO
2022-08-05,841826,244,M,4,0,B,31,ALIMENTOS,GRANOLA
2022-08-05,841924,31,F,1,0,C,24,ALIMENTOS,COPA SUINA
2022-08-05,841963,711,M,4,2,B,201,LIMPEZA,DESINFETANTE
2022-08-05,841973,515,M,4,0,A,182,ALIMENTOS,LATA DE ERVILHA
2022-08-05,842024,832,F,1,0,B,193,HIGIENE,FIO DENTAL
2022-08-05,842045,34,M,2,0,C,105,LIMPEZA,LUSTRA MOVEIS
2022-08-05,842124,41,M,3,0,C,222,LIMPEZA,BALDE
2022-08-05,842216,240,M,4,0,B,50,ALIMENTOS,PAO DE FORMA
2022-08-05,842258,414,F,1,0,B,48,ALIMENTOS,OVOS
2022-08-05,842295,87,M,3,2,A,7,ALIMENTOS,ALMONDEGA
2022-08-05,842380,521,F,1,0,A,177,ALIMENTOS,LIMAO
2022-08-05,842463,919,F,2,0,C,151,HIGIENE,PROTETOR SOLAR
2022-08-05,842519,911,F,2,0,B,31,ALIMENTOS,GRANOLA
2022-08-05,842598,464,M,2,2,B,114,LIMPEZA,VASSOURA
2022-08-05,842645,755,M,3,4,B,160,ALIMENTOS,PALMITO
2022-08-05,842734,912,F,4,0,C,127,ALIMENTOS,SNACKS
2022-08-05,842794,598,F,4,0,B,121,ALIMENTOS,UVA
2022-08-05,842821,307,M,1,0,B,153,ALIMENTOS,PRESUNTO COZIDO
2022-08-05,842872,239,M,4,2,C,7,ALIMENTOS,ALMONDEGA
2022-08-05,842956,497,M,3,0,B,58,ALIMENTOS,RICOTA
2022-08-05,842976,483,M,1,0,C,219,ALIMENTOS,BATATA DOCE
2022-08-05,843074,299,F,3,1,C,74,HIGIENE,ENXAGUANTE BUCAL
2022-08-05,843132,253,F,4,1,B,142,BEBIDAS,REFRIGERANTE LARANJA
2022-08-05,843140,18,M,4,0,C,222,LIMPEZA,BALDE
2022-08-05,843203,335,F,3,0,C,192,HIGIENE,FIXADOR
2022-08-05,843207,440,F,4,0,C,137,ALIMENTOS,REQUEIJAO
2022-08-05,843232,616,F,1,2,C,197,HIGIENE,ENXAGUANTE BUCAL
2022-08-05,843303,265,M,2,3,B,2,ACESSORIOS,MORDEDOR
2022-08-05,843376,36,F,3,0,C,113,LIMPEZA,TIRA MANCHA
2022-08-05,843468,783,F,1,0,B,149,ALIMENTOS,QUEIJO MUSSARELA
2022-08-05,843526,507,F,3,2,B,185,LIMPEZA,INSETICIDA
2022-08-05,843530,79,F,2,0,C,198,BEBIDAS,ENERGETICO
2022-08-05,843539,639,M,2,0,C,33,ALIMENTOS,IOGURTE
2022-08-05,843605,920,F,5,3,B,189,ALIMENTOS,GRANOLA
2022-08-05,843661,46,F,4,1,B,146,PET,RACAO UMIDA PARA CAES
2022-08-05,843748,225,M,4,0,C,142,BEBIDAS,REFRIGERANTE LARANJA
2022-08-05,843828,253,F,4,1,B,131,ALIMENTOS,SALGADINHO
2022-08-05,843836,371,F,4,0,B,111,LIMPEZA,SABAO EM PO
2022-08-05,843864,752,M,3,0,C,97,LIMPEZA,CERA
2022-08-05,843954,642,M,2,3,B,152,ALIMENTOS,PRESUNTO COZIDO
2022-08-05,843991,594,F,3,1,C,159,ALIMENTOS,PAO DE FORMA
2022-08-05,844043,285,M,3,0,B,117,PET,RACAO SECA PARA GATOS
2022-08-05,844070,451,M,3,0,C,33,ALIMENTOS,IOGURTE
2022-08-05,844149,691,M,4,0,B,19,ALIMENTOS,CAFE
2022-08-05,844203,13,M,2,1,B,71,HIGIENE,ABSORVENTE
2022-08-05,844232,785,M,1,4,C,90,HIGIENE,SHAMPOO
2022-08-05,844237,368,M,4,0,C,130,ALIMENTOS,SALGADINHOS DE MILHO
2022-08-05,844296,834,M,3,3,B,19,ALIMENTOS,CAFE
2022-08-05,844338,113,F,3,0,B,65,BEBIDAS,ENERGETICO
2022-08-05,844395,332,F,3,4,C,185,LIMPEZA,INSETICIDA
2022-08-05,844490,916,F,3,4,C,5,ALIMENTOS,ACHOCOLATADO
2022-12-05,844493,733,M,4,0,B,107,#N/D,#N/D
2022-12-05,844529,510,F,4,0,B,46,ALIMENTOS,MOLHO BARBECUE
2022-12-05,844540,562,F,3,0,B,138,HIGIENE,REPELENTE
2022-12-05,844617,48,M,4,1,B,108,LIMPEZA,REMOVEDOR
2022-12-05,844702,8,F,3,0,B,164,ACESSORIOS,MORDEDOR
2022-12-05,844707,826,F,2,0,C,190,HIGIENE,GEL
2022-12-05,844802,419,F,2,1,B,79,HIGIENE,GEL
2022-12-05,844884,68,F,2,1,A,190,HIGIENE,GEL
2022-12-05,844952,318,M,1,2,B,9,ALIMENTOS,ARROZ INTEGRAL
2022-12-05,844959,512,M,4,0,B,127,ALIMENTOS,SNACKS
2022-12-05,845010,863,F,1,4,B,184,ALIMENTOS,IOGURTE
2022-12-05,845096,986,M,4,0,B,154,HIGIENE,PRESERVATIVO
2022-12-05,845193,455,F,2,0,C,7,ALIMENTOS,ALMONDEGA
2022-12-05,845236,907,M,3,1,B,40,ALIMENTOS,LINGUICA
2022-12-05,845302,532,F,2,3,B,30,ALIMENTOS,FILE DE PEIXE
2022-12-05,845338,782,M,3,3,B,127,ALIMENTOS,SNACKS
2022-12-05,845370,189,F,3,4,C,82,HIGIENE,LENCO UMEDECIDO
2022-12-05,845372,119,F,3,2,B,60,ALIMENTOS,SALGADINHOS DE MILHO
2022-12-05,845461,67,M,1,0,B,167,ALIMENTOS,MANGA
2022-12-05,845512,883,M,1,0,B,133,LIMPEZA,SABAO EM PO
2022-12-05,845537,834,M,3,3,B,77,HIGIENE,FIXADOR
2022-12-05,845583,706,F,2,0,A,87,HIGIENE,PROTETOR SOLAR
2022-12-05,845587,470,M,3,1,B,54,ALIMENTOS,PRESUNTO COZIDO
2022-12-05,845588,871,F,1,3,C,156,HIGIENE,PASTA DE DENTE
2022-12-05,845684,342,M,3,0,B,134,LIMPEZA,SABAO
2022-12-05,845708,639,M,2,0,C,60,ALIMENTOS,SALGADINHOS DE MILHO
2022-12-05,845762,399,F,4,1,C,157,ALIMENTOS,PAPINHA INFANTIL
2022-12-05,845817,209,F,4,0,B,130,ALIMENTOS,SALGADINHOS DE MILHO
2022-12-05,845841,902,F,2,1,B,223,ALIMENTOS,AZEITONA
2022-12-05,845878,707,M,4,0,B,23,ALIMENTOS,COGUMELOS
2022-12-05,845939,783,F,1,0,B,133,LIMPEZA,SABAO EM PO
2022-12-05,845962,349,M,3,0,B,99,LIMPEZA,DESINFETANTE
2022-12-05,845982,300,F,1,3,C,8,ALIMENTOS,ARROZ
2022-12-05,846036,696,M,2,0,B,222,LIMPEZA,BALDE
2022-12-05,846072,958,M,2,3,B,107,#N/D,#N/D
2022-12-05,846088,78,M,1,0,B,51,ALIMENTOS,PAPINHA INFANTIL
2022-12-05,846107,242,F,4,0,B,18,ALIMENTOS,BROCOLIS
2022-12-05,846136,992,F,2,0,B,15,ALIMENTOS,BATATA DOCE
2022-12-05,846177,746,M,3,0,C,185,LIMPEZA,INSETICIDA
2022-12-05,846186,893,F,1,0,B,200,LIMPEZA,DETERGENTE
2022-12-05,846217,945,F,2,3,B,193,HIGIENE,FIO DENTAL
2022-12-05,846299,749,F,4,1,B,200,LIMPEZA,DETERGENTE
2022-12-05,846371,843,F,5,1,C,100,LIMPEZA,DETERGENTE
2022-12-05,846408,36,F,3,0,C,12,ALIMENTOS,AZEITONA
2022-12-05,846450,421,M,3,3,C,86,HIGIENE,PRESERVATIVO
2022-12-05,846452,370,M,1,4,B,160,ALIMENTOS,PALMITO
2022-12-05,846457,826,F,2,0,C,44,ALIMENTOS,MAMAO
2022-12-05,846520,232,M,3,1,B,193,HIGIENE,FIO DENTAL
2022-12-05,846555,82,F,1,1,C,34,ALIMENTOS,KETCHUP
2022-12-05,846626,340,M,3,4,B,147,PET,RACAO SECA PARA GATOS
2022-12-05,846699,220,M,1,0,B,93,LIMPEZA,AGUA SANITARIA
2022-12-05,846789,655,M,2,0,B,68,BEBIDAS,REFRIGERANTE LARANJA
2022-12-05,846811,599,F,1,4,C,4,ALIMENTOS,ABACAXI
2022-12-05,846875,708,F,2,2,B,132,HIGIENE,SABONETE
2022-12-05,846944,285,M,3,0,B,126,HIGIENE,TALCO
2022-12-05,846945,843,F,5,1,C,95,LIMPEZA,AMACIANTE
2022-12-05,846972,823,M,5,3,B,144,BEBIDAS,REFRIGERANTE COLA
2022-12-05,847055,732,F,3,4,B,9,ALIMENTOS,ARROZ INTEGRAL
2022-12-05,847107,251,F,2,0,C,128,HIGIENE,SHAMPOO
2022-12-05,847200,79,F,2,0,C,40,ALIMENTOS,LINGUICA
2022-12-05,847210,837,F,2,0,C,69,BEBIDAS,REFRIGERANTE LIMaO
2022-12-05,847252,442,F,3,2,B,138,HIGIENE,REPELENTE
2022-12-05,847286,800,M,1,0,C,174,LIMPEZA,LIMPADOR PERFUMADO
2022-12-05,847304,3,F,4,0,B,145,PET,RACAO UMIDA PARA GATOS
2022-12-05,847316,647,M,1,0,C,13,ALIMENTOS,BANANA
2022-12-05,847333,83,M,1,4,B,50,ALIMENTOS,PAO DE FORMA
2022-12-05,847391,280,M,4,3,B,144,BEBIDAS,REFRIGERANTE COLA
2022-12-05,847438,633,F,3,0,C,53,ALIMENTOS,PRESUNTO COZIDO
2022-12-05,847476,151,F,1,0,B,174,LIMPEZA,LIMPADOR PERFUMADO
2022-12-05,847567,221,F,1,0,B,212,LIMPEZA,CERA
2022-12-05,847644,557,F,2,0,A,177,ALIMENTOS,LIMAO
2022-12-05,847670,503,F,2,1,B,16,ALIMENTOS,BIFE DE COXAO MOLE
2022-12-05,847749,810,M,1,0,B,198,BEBIDAS,ENERGETICO
2022-12-05,847837,199,M,3,3,B,157,ALIMENTOS,PAPINHA INFANTIL
2022-12-05,847890,50,M,4,0,B,199,ALIMENTOS,DOCE
2022-12-05,847941,842,M,5,2,B,221,ALIMENTOS,BANANA
2022-12-05,847985,793,M,1,3,B,199,ALIMENTOS,DOCE
2022-12-05,848030,177,F,3,2,C,65,BEBIDAS,ENERGETICO
2022-12-05,848091,677,M,4,0,B,8,ALIMENTOS,ARROZ
2022-12-05,848152,137,F,4,1,B,184,ALIMENTOS,IOGURTE
2022-12-05,848183,486,M,4,0,B,199,ALIMENTOS,DOCE
2022-12-05,848217,964,M,2,0,B,16,ALIMENTOS,BIFE DE COXAO MOLE
2022-12-05,848237,746,M,3,0,C,216,ALIMENTOS,BROCOLIS
2022-12-05,848247,200,F,3,0,B,133,LIMPEZA,SABAO EM PO
2022-12-05,848278,544,F,2,0,B,174,LIMPEZA,LIMPADOR PERFUMADO
2022-12-05,848280,136,F,2,1,B,215,ALIMENTOS,CAFE
2022-12-05,848306,896,M,3,0,B,101,LIMPEZA,INSETICIDA
2022-12-05,848361,793,M,1,3,B,148,PET,RACAO SECA PARA CAES
2022-12-05,848408,526,M,2,2,B,86,HIGIENE,PRESERVATIVO
2022-12-05,848459,301,F,3,0,C,198,BEBIDAS,ENERGETICO
2022-12-05,848488,911,F,2,0,B,189,ALIMENTOS,GRANOLA
2022-12-05,848551,173,F,1,0,B,191,HIGIENE,FRALDA
2022-12-05,848632,621,F,4,0,B,217,ALIMENTOS,BISCOITO
2022-12-05,848714,286,M,4,0,B,147,PET,RACAO SECA PARA GATOS
2022-12-05,848728,274,M,1,1,B,82,HIGIENE,LENCO UMEDECIDO
2022-05-17,848795,920,F,5,3,B,107,#N/D,#N/D
2022-05-17,848890,359,F,1,0,B,161,ALIMENTOS,OVOS
2022-05-17,848943,875,F,1,0,B,138,HIGIENE,REPELENTE
2022-05-17,848990,907,M,3,1,B,45,ALIMENTOS,MANGA
2022-05-17,849036,122,M,3,3,B,165,ALIMENTOS,MOLHO BARBECUE
2022-05-17,849112,635,F,4,0,B,121,ALIMENTOS,UVA
2022-05-17,849134,262,M,1,2,B,203,ALIMENTOS,DANETTE
2022-05-17,849206,273,M,4,0,C,211,ALIMENTOS,CHA
2022-05-17,849273,437,F,2,1,C,130,ALIMENTOS,SALGADINHOS DE MILHO
2022-05-17,849294,458,F,3,4,C,139,LIMPEZA,REMOVEDOR
2022-05-17,849330,550,M,4,0,B,15,ALIMENTOS,BATATA DOCE
2022-05-17,849331,101,F,1,0,C,73,HIGIENE,CREME
2022-05-17,849372,367,F,1,0,A,213,ALIMENTOS,CENOURA
2022-05-17,849440,972,M,4,0,C,25,ALIMENTOS,CORACAO DE FRANGO
2022-05-23,849529,224,M,4,0,B,64,ALIMENTOS,UVA
2022-05-23,849571,561,M,2,0,B,20,ALIMENTOS,CEBOLA
2022-05-23,849622,666,F,2,2,B,54,ALIMENTOS,PRESUNTO COZIDO
2022-05-23,849654,151,F,1,0,B,209,ALIMENTOS,COGUMELOS
2022-05-23,849747,96,F,1,1,C,146,PET,RACAO UMIDA PARA CAES
2022-05-23,849764,47,F,4,0,B,26,ALIMENTOS,COXA E SOBRECOXA DE FRANGO
2022-05-23,849788,204,F,3,3,B,7,ALIMENTOS,ALMONDEGA
2022-05-23,849878,715,F,3,4,B,133,LIMPEZA,SABAO EM PO
2022-05-23,849964,476,M,3,0,C,4,ALIMENTOS,ABACAXI
2022-05-23,850053,843,F,5,1,C,160,ALIMENTOS,PALMITO
2022-05-23,850085,646,F,1,0,B,56,ALIMENTOS,QUEIJO MUSSARELA
2022-05-23,850090,676,M,2,3,B,213,ALIMENTOS,CENOURA
2022-05-23,850180,856,F,5,1,B,115,PET,ALIMENTO PARA PASSARO
2022-05-23,850220,283,M,4,1,B,107,#N/D,#N/D
2022-05-23,850316,851,F,2,0,B,94,LIMPEZA,ALCOOL
2022-05-23,850336,478,M,1,4,A,104,LIMPEZA,LIMPADOR PERFUMADO
2022-05-23,850343,317,M,3,0,B,153,ALIMENTOS,PRESUNTO COZIDO
2022-05-23,850441,513,F,4,3,B,42,ALIMENTOS,MACARRAO INSTANTANEO
2022-05-23,850458,17,M,4,0,B,134,LIMPEZA,SABAO
2022-05-23,850478,449,F,2,3,B,112,LIMPEZA,TIRA LIMO
2022-05-23,850564,240,M,4,0,B,13,ALIMENTOS,BANANA
2022-05-23,850636,361,F,1,0,C,55,ALIMENTOS,QUEIJO DE CABRA
2022-05-23,850652,645,F,4,0,B,208,HIGIENE,CONDICIONADOR
2022-05-23,850666,378,F,2,0,C,125,HIGIENE,TINTURAS
2022-05-23,850678,694,M,4,0,C,19,ALIMENTOS,CAFE
2022-05-23,850746,942,M,1,0,B,50,ALIMENTOS,PAO DE FORMA
2022-05-23,850825,266,F,3,3,B,32,ALIMENTOS,HAMBUGUER
2022-05-23,850898,367,F,1,0,A,229,ALIMENTOS,ALMONDEGA
2022-05-23,850975,908,M,3,2,C,30,ALIMENTOS,FILE DE PEIXE
2022-05-23,850982,478,M,1,4,A,180,ALIMENTOS,LEITE
2022-05-23,851020,790,F,3,0,B,95,LIMPEZA,AMACIANTE
2022-05-23,851042,640,M,4,0,C,33,ALIMENTOS,IOGURTE
2022-05-23,851078,659,F,2,2,B,24,ALIMENTOS,COPA SUINA
2022-05-23,851170,187,M,2,1,B,94,LIMPEZA,ALCOOL
2022-05-23,851179,869,F,3,0,B,211,ALIMENTOS,CHA
2022-05-23,851231,702,M,1,0,B,9,ALIMENTOS,ARROZ INTEGRAL
2022-05-23,851271,165,F,4,0,C,60,ALIMENTOS,SALGADINHOS DE MILHO
2022-05-23,851359,137,F,4,1,B,85,HIGIENE,PASTA DE DENTE
2022-05-23,851431,405,F,4,0,B,61,ALIMENTOS,SARDINHA
2022-05-23,851515,363,F,1,0,B,26,ALIMENTOS,COXA E SOBRECOXA DE FRANGO
2022-05-23,851559,752,M,3,0,C,58,ALIMENTOS,RICOTA
2022-05-23,851564,19,F,2,2,C,107,#N/D,#N/D
2022-05-23,851625,512,M,4,0,B,35,ALIMENTOS,LATA DE ERVILHA
2022-05-23,851644,823,M,5,3,B,73,HIGIENE,CREME
2022-05-23,851663,512,M,4,0,B,9,ALIMENTOS,ARROZ INTEGRAL
2022-05-23,851740,542,M,3,1,B,222,LIMPEZA,BALDE
2022-05-23,851774,872,M,3,4,A,170,ALIMENTOS,MACARRAO INSTANTANEO
2022-05-23,851780,174,M,4,3,C,137,ALIMENTOS,REQUEIJAO
2022-05-23,851806,172,M,2,0,B,183,ALIMENTOS,KETCHUP
2022-05-23,851880,562,F,3,0,B,32,ALIMENTOS,HAMBUGUER
2022-05-23,851904,959,M,5,1,B,51,ALIMENTOS,PAPINHA INFANTIL
2022-05-23,852003,329,F,3,0,B,131,ALIMENTOS,SALGADINHO
2022-05-23,852074,209,F,4,0,B,202,LIMPEZA,DESENGORDURANTE
2022-05-23,852124,949,M,1,0,B,86,HIGIENE,PRESERVATIVO
2022-05-23,852215,720,M,2,3,B,48,ALIMENTOS,OVOS
2022-05-23,852295,929,M,4,0,B,131,ALIMENTOS,SALGADINHO
2022-05-23,852337,711,M,4,2,B,142,BEBIDAS,REFRIGERANTE LARANJA
2022-05-23,852338,251,F,2,0,C,42,ALIMENTOS,MACARRAO INSTANTANEO
2022-05-23,852402,181,F,2,2,B,10,ALIMENTOS,ATUM
2022-05-23,852483,683,F,3,0,B,173,ALIMENTOS,LINGUICA
2022-05-23,852506,83,M,1,4,B,21,ALIMENTOS,CENOURA
2022-05-23,852510,693,F,4,0,B,31,ALIMENTOS,GRANOLA
2022-05-23,852565,992,F,2,0,B,226,ALIMENTOS,ARROZ INTEGRAL
2022-05-23,852624,892,F,4,2,B,123,LIMPEZA,TIRA MANCHA
2022-05-23,852705,79,F,2,0,C,15,ALIMENTOS,BATATA DOCE
2022-05-23,852756,368,M,4,0,C,43,ALIMENTOS,MAMAO PAPAYA
2022-05-23,852782,760,F,2,0,A,59,ALIMENTOS,SALGADINHO
2022-05-23,852870,693,F,4,0,B,204,HIGIENE,CREME
2022-05-23,852908,364,F,4,2,C,17,ALIMENTOS,BISCOITO
2022-05-23,852970,100,F,2,3,C,36,ALIMENTOS,LATA DE MILHO
2022-05-23,853068,546,F,4,0,B,79,HIGIENE,GEL
2022-05-23,853140,978,F,3,0,C,6,ALIMENTOS,ALHO
2022-05-23,853224,54,M,1,0,A,28,ALIMENTOS,DOCE
2022-05-23,853234,312,M,1,0,A,43,ALIMENTOS,MAMAO PAPAYA
2022-05-23,853329,418,M,2,2,A,130,ALIMENTOS,SALGADINHOS DE MILHO
2022-05-23,853420,934,F,2,2,B,136,ALIMENTOS,RICOTA
2022-05-23,853429,491,M,2,1,A,104,LIMPEZA,LIMPADOR PERFUMADO
2022-05-23,853479,32,F,1,0,B,224,ALIMENTOS,AZEITE
2022-05-23,853486,727,M,4,2,C,117,PET,RACAO SECA PARA GATOS
2022-05-23,853519,669,F,4,0,B,105,LIMPEZA,LUSTRA MOVEIS
2022-05-23,853563,992,F,2,0,B,136,ALIMENTOS,RICOTA
2022-05-23,853612,680,F,3,0,C,163,ALIMENTOS,MORTADELA
2022-05-23,853676,87,M,3,2,A,116,PET,RACAO SECA PARA CAES
2022-05-23,853752,472,M,2,1,C,85,HIGIENE,PASTA DE DENTE
2022-05-23,853764,316,F,3,2,B,213,ALIMENTOS,CENOURA
2022-05-23,853847,449,F,2,3,B,10,ALIMENTOS,ATUM
2022-05-23,853908,145,M,3,0,B,100,LIMPEZA,DETERGENTE
2022-05-28,853925,88,F,1,0,B,11,ALIMENTOS,AZEITE
2022-05-28,853974,847,M,4,2,A,168,ALIMENTOS,MAMAO PAPAYA
2022-05-28,854040,690,F,1,3,B,204,HIGIENE,CREME
2022-05-28,854083,767,F,1,0,B,185,LIMPEZA,INSETICIDA
2022-05-28,854182,320,M,3,4,B,190,HIGIENE,GEL
2022-05-28,854194,909,M,3,0,B,206,ALIMENTOS,CORACAO DE FRANGO
2022-05-28,854238,995,M,3,1,B,95,LIMPEZA,AMACIANTE
2022-05-28,854331,569,M,1,1,A,181,ALIMENTOS,LATA DE MILHO
2022-05-28,854375,862,M,4,0,B,116,PET,RACAO SECA PARA CAES
2022-05-28,854418,462,F,4,0,A,68,BEBIDAS,REFRIGERANTE LARANJA
2022-05-28,854421,962,M,3,4,B,88,HIGIENE,REPELENTE
2022-05-28,854466,834,M,3,3,B,228,LIMPEZA,AMACIANTE
2022-05-28,854488,357,M,2,2,C,110,LIMPEZA,SABAO
2022-05-28,854542,61,M,1,2,B,77,HIGIENE,FIXADOR
2022-05-28,854552,246,M,2,2,B,30,ALIMENTOS,FILE DE PEIXE
2022-05-28,854585,658,F,1,1,B,181,ALIMENTOS,LATA DE MILHO
2022-05-28,854630,702,M,1,0,B,104,LIMPEZA,LIMPADOR PERFUMADO
2022-05-28,854653,480,F,2,0,C,186,HIGIENE,HIDRATANTE
2022-05-28,854713,159,M,1,0,C,96,LIMPEZA,BALDE
2022-05-28,854718,879,M,2,2,C,29,ALIMENTOS,FEIJAO
2022-05-28,854774,532,F,2,3,B,199,ALIMENTOS,DOCE
2022-05-28,854846,878,F,4,3,C,8,ALIMENTOS,ARROZ
2022-05-28,854929,557,F,2,0,A,190,HIGIENE,GEL
2022-05-28,854995,249,F,4,0,B,32,ALIMENTOS,HAMBUGUER
2022-05-28,855005,678,F,3,0,C,141,BEBIDAS,REFRIGERANTE LIMaO
2022-05-28,855062,978,F,3,0,C,111,LIMPEZA,SABAO EM PO
2022-05-28,855131,155,F,2,0,B,179,ALIMENTOS,LEITE CONDENSADO
2022-05-28,855145,883,M,1,0,B,208,HIGIENE,CONDICIONADOR
2022-05-28,855186,590,M,4,3,B,123,LIMPEZA,TIRA MANCHA
2022-05-28,855219,314,F,1,1,A,180,ALIMENTOS,LEITE
2022-05-28,855281,896,M,3,0,B,207,ALIMENTOS,COPA SUINA
2022-05-28,855314,470,M,3,1,B,138,HIGIENE,REPELENTE
2022-05-28,855384,10,M,1,0,B,181,ALIMENTOS,LATA DE MILHO
2022-05-28,855386,478,M,1,4,A,43,ALIMENTOS,MAMAO PAPAYA
2022-05-28,855453,504,M,3,0,B,121,ALIMENTOS,UVA
2022-05-28,855495,916,F,3,4,C,127,ALIMENTOS,SNACKS
2022-05-28,855504,499,M,3,0,B,156,HIGIENE,PASTA DE DENTE
2022-05-28,855559,573,F,1,0,C,217,ALIMENTOS,BISCOITO
2022-05-28,855646,107,F,2,0,C,72,HIGIENE,CONDICIONADOR
2022-05-28,855647,599,F,1,4,C,64,ALIMENTOS,UVA
2022-05-28,855744,894,F,4,3,C,162,LIMPEZA,ODORIZADOR
2022-05-28,855793,631,M,1,4,C,74,HIGIENE,ENXAGUANTE BUCAL
2022-05-28,855861,471,F,4,0,A,176,LIMPEZA,LIMPA VIDROS
2022-05-28,855957,368,M,4,0,C,56,ALIMENTOS,QUEIJO MUSSARELA
2022-05-28,856014,398,F,4,1,B,220,ALIMENTOS,BATATA
2022-05-28,856067,762,F,2,0,B,166,HIGIENE,MODELADOR
2022-05-28,856100,650,F,2,0,C,101,LIMPEZA,INSETICIDA
2022-05-28,856196,711,M,4,2,B,98,LIMPEZA,DESENGORDURANTE
2022-05-28,856241,53,M,1,1,B,17,ALIMENTOS,BISCOITO
2022-05-28,856256,822,M,2,3,B,198,BEBIDAS,ENERGETICO
2022-05-28,856265,389,F,3,0,C,18,ALIMENTOS,BROCOLIS
2022-05-28,856348,828,F,2,4,B,160,ALIMENTOS,PALMITO
2022-05-28,856396,118,M,2,4,A,164,ACESSORIOS,MORDEDOR
2022-05-28,856414,402,M,2,0,C,23,ALIMENTOS,COGUMELOS
2022-05-28,856484,938,M,1,4,B,43,ALIMENTOS,MAMAO PAPAYA
2022-05-28,856509,615,M,1,4,C,22,ALIMENTOS,CHA
2022-02-06,856536,317,M,3,0,B,220,ALIMENTOS,BATATA
2022-02-06,856628,963,M,3,0,B,156,HIGIENE,PASTA DE DENTE
2022-02-06,856702,372,M,1,4,B,99,LIMPEZA,DESINFETANTE
2022-02-06,856748,327,M,4,2,A,74,HIGIENE,ENXAGUANTE BUCAL
2022-02-06,856788,323,M,1,3,B,106,LIMPEZA,ODORIZADOR
2022-02-06,856796,479,F,1,0,B,98,LIMPEZA,DESENGORDURANTE
2022-02-06,856841,483,M,1,0,C,156,HIGIENE,PASTA DE DENTE
2022-02-06,856890,957,M,2,3,B,96,LIMPEZA,BALDE
2022-02-06,856912,203,F,3,0,A,96,LIMPEZA,BALDE
2022-02-06,856976,391,F,2,0,A,62,ALIMENTOS,SNACKS
2022-02-06,857001,876,F,2,3,B,165,ALIMENTOS,MOLHO BARBECUE
2022-02-06,857066,617,F,4,3,C,72,HIGIENE,CONDICIONADOR
2022-02-06,857102,287,F,1,0,B,175,LIMPEZA,LIMPADOR MULTIUSO
2022-02-06,857169,260,F,2,0,C,21,ALIMENTOS,CENOURA
2022-02-06,857204,131,F,2,0,C,48,ALIMENTOS,OVOS
2022-02-06,857302,654,M,1,1,B,1,ACESSORIOS,CHUPETA
2022-02-06,857374,890,M,3,0,C,198,BEBIDAS,ENERGETICO
2022-02-06,857428,823,M,5,3,B,215,ALIMENTOS,CAFE
2022-02-06,857479,454,F,1,0,B,103,LIMPEZA,LIMPADOR MULTIUSO
2022-02-06,857558,524,F,4,3,C,20,ALIMENTOS,CEBOLA
2022-02-06,857600,961,F,1,0,C,40,ALIMENTOS,LINGUICA
2022-02-06,857689,884,F,3,2,C,222,LIMPEZA,BALDE
2022-02-06,857720,505,F,1,0,C,13,ALIMENTOS,BANANA
2022-02-06,857803,577,M,4,0,C,79,HIGIENE,GEL
2022-02-06,857843,992,F,2,0,B,27,ALIMENTOS,DANETTE
2022-02-06,857911,888,F,4,2,B,95,LIMPEZA,AMACIANTE
2022-02-06,857925,805,F,3,0,C,139,LIMPEZA,REMOVEDOR
2022-02-06,857957,797,M,2,4,B,88,HIGIENE,REPELENTE
2022-02-06,857978,250,F,4,1,B,159,ALIMENTOS,PAO DE FORMA
2022-02-06,858000,974,M,4,1,B,10,ALIMENTOS,ATUM
2022-02-06,858037,833,F,1,4,B,126,HIGIENE,TALCO
2022-02-06,858056,952,F,3,4,C,117,PET,RACAO SECA PARA GATOS
2022-02-06,858147,624,M,4,0,B,64,ALIMENTOS,UVA
2022-02-06,858179,583,F,2,0,B,134,LIMPEZA,SABAO
2022-02-06,858236,432,F,1,0,C,187,HIGIENE,HASTES FLEXIVEIS
2022-02-06,858326,789,F,5,1,B,174,LIMPEZA,LIMPADOR PERFUMADO
2022-02-06,858414,70,F,4,0,B,51,ALIMENTOS,PAPINHA INFANTIL
2022-02-06,858426,494,F,5,1,C,220,ALIMENTOS,BATATA
2022-02-06,858480,41,M,3,0,C,156,HIGIENE,PASTA DE DENTE
2022-02-06,858575,352,M,4,2,B,121,ALIMENTOS,UVA
2022-02-06,858647,158,M,3,0,B,194,ALIMENTOS,FILE DE PEIXE
2022-02-06,858673,583,F,2,0,B,169,ALIMENTOS,MAMAO
2022-02-06,858712,930,F,4,1,B,31,ALIMENTOS,GRANOLA
2022-02-06,858742,480,F,2,0,C,21,ALIMENTOS,CENOURA
2022-02-06,858788,949,M,1,0,B,84,HIGIENE,PAPEL HIGIENICO
2022-02-06,858789,167,M,1,1,A,37,ALIMENTOS,LEITE
2022-02-06,858812,145,M,3,0,B,103,LIMPEZA,LIMPADOR MULTIUSO
2022-02-06,858815,754,F,3,4,B,212,LIMPEZA,CERA
2022-02-06,858823,191,M,3,0,B,157,ALIMENTOS,PAPINHA INFANTIL
2022-02-06,858915,175,M,1,0,B,142,BEBIDAS,REFRIGERANTE LARANJA
2022-02-06,858995,609,F,4,0,C,132,HIGIENE,SABONETE
2022-02-06,859009,675,M,4,0,B,100,LIMPEZA,DETERGENTE
2022-02-06,859038,13,M,2,1,B,209,ALIMENTOS,COGUMELOS
2022-02-06,859067,908,M,3,2,C,40,ALIMENTOS,LINGUICA
2022-02-06,859120,779,M,3,4,A,23,ALIMENTOS,COGUMELOS
2022-02-06,859215,702,M,1,0,B,176,LIMPEZA,LIMPA VIDROS
2022-02-06,859235,203,F,3,0,A,60,ALIMENTOS,SALGADINHOS DE MILHO
2022-02-06,859315,664,M,3,1,B,133,LIMPEZA,SABAO EM PO
2022-02-06,859369,857,F,2,2,B,80,HIGIENE,HASTES FLEXIVEIS
2022-02-06,859455,556,F,4,0,B,85,HIGIENE,PASTA DE DENTE
2022-02-06,859494,509,F,2,3,C,73,HIGIENE,CREME
2022-02-06,859546,550,M,4,0,B,201,LIMPEZA,DESINFETANTE
2022-02-06,859637,879,M,2,2,C,15,ALIMENTOS,BATATA DOCE
2022-02-06,859697,982,M,4,3,B,196,HIGIENE,ESCOVA DE DENTE
2022-02-06,859717,968,F,1,0,B,169,ALIMENTOS,MAMAO
2022-02-06,859767,135,M,3,0,B,23,ALIMENTOS,COGUMELOS
2022-02-06,859845,608,F,3,0,C,105,LIMPEZA,LUSTRA MOVEIS
2022-02-06,859876,762,F,2,0,B,67,BEBIDAS,REFRIGERANTE GUARANA
2022-02-06,859918,421,M,3,3,C,172,LIMPEZA,LUSTRA MOVEIS
2022-02-06,859945,564,M,3,2,B,42,ALIMENTOS,MACARRAO INSTANTANEO
2022-02-06,860032,515,M,4,0,A,191,HIGIENE,FRALDA
2022-02-06,860065,879,M,2,2,C,229,ALIMENTOS,ALMONDEGA
2022-02-06,860118,595,M,1,0,B,93,LIMPEZA,AGUA SANITARIA
2022-02-06,860154,978,F,3,0,C,82,HIGIENE,LENCO UMEDECIDO
2022-02-06,860163,192,F,4,0,B,224,ALIMENTOS,AZEITE
2022-02-06,860206,187,M,2,1,B,9,ALIMENTOS,ARROZ INTEGRAL
2022-02-06,860207,38,M,3,0,B,186,HIGIENE,HIDRATANTE
2022-02-06,860214,524,F,4,3,C,163,ALIMENTOS,MORTADELA
2022-02-06,860298,739,F,2,3,B,153,ALIMENTOS,PRESUNTO COZIDO
2022-02-06,860397,739,F,2,3,B,157,ALIMENTOS,PAPINHA INFANTIL
2022-02-06,860420,156,F,2,0,B,62,ALIMENTOS,SNACKS
2022-02-06,860498,204,F,3,3,B,157,ALIMENTOS,PAPINHA INFANTIL
2022-02-06,860583,223,F,3,0,B,54,ALIMENTOS,PRESUNTO COZIDO
2022-02-06,860587,724,M,1,0,B,19,ALIMENTOS,CAFE
2022-02-06,860588,185,F,3,0,C,224,ALIMENTOS,AZEITE
2022-04-06,860663,89,F,3,3,C,224,ALIMENTOS,AZEITE
2022-04-06,860706,663,F,4,0,B,122,ALIMENTOS,TOMATE
2022-04-06,860760,479,F,1,0,B,94,LIMPEZA,ALCOOL
2022-04-06,860832,659,F,2,2,B,97,LIMPEZA,CERA
2022-04-06,860864,781,M,4,0,B,135,LIMPEZA,RODO
2022-04-06,860948,403,M,3,2,B,37,ALIMENTOS,LEITE
2022-04-06,860954,691,M,4,0,B,127,ALIMENTOS,SNACKS
2022-04-06,860960,442,F,3,2,B,191,HIGIENE,FRALDA
2022-04-06,861049,656,M,2,0,C,103,LIMPEZA,LIMPADOR MULTIUSO
2022-04-06,861111,314,F,1,1,A,123,LIMPEZA,TIRA MANCHA
2022-04-06,861193,790,F,3,0,B,13,ALIMENTOS,BANANA
2022-04-06,861235,253,F,4,1,B,105,LIMPEZA,LUSTRA MOVEIS
2022-04-06,861256,549,M,2,3,C,166,HIGIENE,MODELADOR
2022-04-06,861289,471,F,4,0,A,12,ALIMENTOS,AZEITONA
2022-04-06,861291,822,M,2,3,B,140,BEBIDAS,REFRIGERANTE OUTROS
2022-04-06,861343,730,F,2,0,B,51,ALIMENTOS,PAPINHA INFANTIL
2022-04-06,861434,124,F,4,2,B,46,ALIMENTOS,MOLHO BARBECUE
2022-11-06,861440,763,F,4,0,B,59,ALIMENTOS,SALGADINHO
2022-11-06,861479,953,M,1,1,B,25,ALIMENTOS,CORACAO DE FRANGO
2022-11-06,861517,765,F,5,1,B,86,HIGIENE,PRESERVATIVO
2022-11-06,861557,406,M,2,4,C,16,ALIMENTOS,BIFE DE COXAO MOLE
2022-11-06,861606,555,M,4,3,A,52,ALIMENTOS,PATE
2022-11-06,861642,390,F,2,0,B,175,LIMPEZA,LIMPADOR MULTIUSO
2022-11-06,861645,733,M,4,0,B,24,ALIMENTOS,COPA SUINA
2022-11-06,861686,450,M,1,0,B,67,BEBIDAS,REFRIGERANTE GUARANA
2022-11-06,861767,694,M,4,0,C,151,HIGIENE,PROTETOR SOLAR
2022-11-06,861847,572,M,1,0,C,192,HIGIENE,FIXADOR
2022-11-06,861858,157,M,1,1,C,108,LIMPEZA,REMOVEDOR
2022-11-06,861878,948,M,4,0,C,148,PET,RACAO SECA PARA CAES
2022-11-06,861943,54,M,1,0,A,226,ALIMENTOS,ARROZ INTEGRAL
2022-11-06,861967,785,M,1,4,C,176,LIMPEZA,LIMPA VIDROS
2022-11-06,862029,887,F,3,0,B,160,ALIMENTOS,PALMITO
2022-11-06,862061,885,F,3,1,A,145,PET,RACAO UMIDA PARA GATOS
2022-11-06,862093,289,F,3,4,C,169,ALIMENTOS,MAMAO
2022-11-06,862134,659,F,2,2,B,61,ALIMENTOS,SARDINHA
2022-11-06,862182,656,M,2,0,C,61,ALIMENTOS,SARDINHA
2022-11-06,862268,804,F,4,3,B,83,HIGIENE,MODELADOR
2022-11-06,862321,832,F,1,0,B,205,ALIMENTOS,COXA E SOBRECOXA DE FRANGO
2022-11-06,862418,808,F,3,0,B,130,ALIMENTOS,SALGADINHOS DE MILHO
2022-11-06,862494,193,F,4,0,B,150,ALIMENTOS,QUEIJO DE CABRA
2022-11-06,862495,984,F,4,3,B,86,HIGIENE,PRESERVATIVO
2022-11-06,862523,40,M,2,1,B,12,ALIMENTOS,AZEITONA
2022-11-06,862538,138,F,3,2,B,178,HIGIENE,LENCO UMEDECIDO
2022-11-06,862592,434,M,1,4,B,177,ALIMENTOS,LIMAO
2022-11-06,862683,579,F,3,0,B,225,ALIMENTOS,ATUM
2022-11-06,862768,908,M,3,2,C,93,LIMPEZA,AGUA SANITARIA
2022-11-06,862818,979,F,3,0,A,144,BEBIDAS,REFRIGERANTE COLA
2022-11-06,862827,928,F,5,1,B,205,ALIMENTOS,COXA E SOBRECOXA DE FRANGO
2022-11-06,862847,388,F,4,3,B,65,BEBIDAS,ENERGETICO
2022-11-06,862941,524,F,4,3,C,69,BEBIDAS,REFRIGERANTE LIMaO
2022-11-06,862970,442,F,3,2,B,164,ACESSORIOS,MORDEDOR
2022-11-06,863053,759,F,3,0,B,195,ALIMENTOS,FEIJAO
2022-11-06,863120,85,M,1,0,B,222,LIMPEZA,BALDE
2022-11-06,863169,30,M,4,0,B,192,HIGIENE,FIXADOR
2022-11-06,863211,796,M,2,3,B,140,BEBIDAS,REFRIGERANTE OUTROS
2022-11-06,863226,926,M,1,0,B,110,LIMPEZA,SABAO
2022-11-06,863306,617,F,4,3,C,69,BEBIDAS,REFRIGERANTE LIMaO
2022-11-06,863340,340,M,3,4,B,86,HIGIENE,PRESERVATIVO
2022-11-06,863413,474,M,2,0,B,129,ALIMENTOS,SARDINHA
2022-11-06,863452,930,F,4,1,B,79,HIGIENE,GEL
2022-11-06,863542,402,M,2,0,C,41,ALIMENTOS,MACARRAO
2022-11-06,863556,408,F,4,0,B,186,HIGIENE,HIDRATANTE
2022-11-06,863598,652,F,4,0,B,19,ALIMENTOS,CAFE
2022-11-06,863649,444,F,2,0,B,92,HIGIENE,TINTURAS
2022-11-06,863671,613,F,3,0,B,131,ALIMENTOS,SALGADINHO
2022-11-06,863768,797,M,2,4,B,30,ALIMENTOS,FILE DE PEIXE
2022-11-06,863828,313,M,3,0,B,69,BEBIDAS,REFRIGERANTE LIMaO
2022-11-06,863854,83,M,1,4,B,111,LIMPEZA,SABAO EM PO
2022-11-06,863883,353,M,1,2,B,8,ALIMENTOS,ARROZ
2022-11-06,863926,7,M,1,3,B,107,#N/D,#N/D
2022-11-06,863992,794,M,1,2,B,121,ALIMENTOS,UVA
2022-11-06,864010,227,F,3,0,C,50,ALIMENTOS,PAO DE FORMA
2022-11-06,864044,773,M,4,0,B,154,HIGIENE,PRESERVATIVO
2022-11-06,864134,731,M,3,4,B,2,ACESSORIOS,MORDEDOR
2022-11-06,864220,834,M,3,3,B,12,ALIMENTOS,AZEITONA
2022-11-06,864280,719,M,1,0,B,177,ALIMENTOS,LIMAO
2022-11-06,864333,87,M,3,2,A,134,LIMPEZA,SABAO
2022-11-06,864365,608,F,3,0,C,131,ALIMENTOS,SALGADINHO
2022-11-06,864372,658,F,1,1,B,191,HIGIENE,FRALDA
2022-11-06,864395,364,F,4,2,C,14,ALIMENTOS,BATATA
2022-11-06,864466,29,M,2,0,B,192,HIGIENE,FIXADOR
2022-11-06,864494,482,M,4,2,B,117,PET,RACAO SECA PARA GATOS
2022-11-06,864551,743,M,1,3,C,163,ALIMENTOS,MORTADELA
2022-11-06,864597,785,M,1,4,C,103,LIMPEZA,LIMPADOR MULTIUSO
2022-11-06,864659,263,M,3,0,B,83,HIGIENE,MODELADOR
2022-11-06,864757,623,F,3,0,C,166,HIGIENE,MODELADOR
2022-11-06,864778,791,F,1,0,B,137,ALIMENTOS,REQUEIJAO
2022-11-06,864802,128,F,2,0,B,75,HIGIENE,ESCOVA DE DENTE
2022-06-18,864866,528,M,2,2,C,119,PET,RACAO UMIDA PARA GATOS
2022-06-18,864889,497,M,3,0,B,197,HIGIENE,ENXAGUANTE BUCAL
2022-06-18,864911,290,F,1,0,B,188,ALIMENTOS,HAMBUGUER
2022-06-18,864962,921,M,2,3,B,193,HIGIENE,FIO DENTAL
2022-06-18,864966,607,F,2,0,B,45,ALIMENTOS,MANGA
2022-06-18,865029,966,F,4,2,B,120,LIMPEZA,VASSOURA
2022-06-18,865038,902,F,2,1,B,70,BEBIDAS,REFRIGERANTE OUTROS
2022-06-18,865113,855,M,4,1,C,89,HIGIENE,SABONETE
2022-06-18,865130,777,F,1,0,B,59,ALIMENTOS,SALGADINHO
2022-06-18,865181,387,M,2,2,B,35,ALIMENTOS,LATA DE ERVILHA
2022-06-18,865186,10,M,1,0,B,212,LIMPEZA,CERA
2022-06-18,865282,126,M,1,0,C,37,ALIMENTOS,LEITE
2022-06-18,865376,369,F,3,4,C,81,HIGIENE,HIDRATANTE
2022-06-18,865445,649,F,3,0,B,107,#N/D,#N/D
2022-06-18,865454,9,F,2,0,B,223,ALIMENTOS,AZEITONA
2022-06-18,865478,712,F,2,3,B,174,LIMPEZA,LIMPADOR PERFUMADO
2022-06-18,865532,682,F,2,2,B,16,ALIMENTOS,BIFE DE COXAO MOLE
2022-06-18,865605,204,F,3,3,B,16,ALIMENTOS,BIFE DE COXAO MOLE
2022-06-18,865688,65,M,4,0,B,32,ALIMENTOS,HAMBUGUER
2022-06-18,865750,400,F,4,1,C,72,HIGIENE,CONDICIONADOR
2022-06-18,865817,33,F,2,0,B,2,ACESSORIOS,MORDEDOR
2022-06-18,865831,988,F,2,0,C,65,BEBIDAS,ENERGETICO
2022-06-18,865867,564,M,3,2,B,25,ALIMENTOS,CORACAO DE FRANGO
2022-06-18,865937,462,F,4,0,A,114,LIMPEZA,VASSOURA
2022-06-18,866020,121,F,1,2,B,38,ALIMENTOS,LEITE CONDENSADO
2022-06-18,866041,955,F,3,2,C,202,LIMPEZA,DESENGORDURANTE
2022-06-18,866057,479,F,1,0,B,68,BEBIDAS,REFRIGERANTE LARANJA
2022-06-18,866112,250,F,4,1,B,203,ALIMENTOS,DANETTE
2022-06-18,866117,264,F,4,1,B,207,ALIMENTOS,COPA SUINA
2022-06-18,866182,69,M,4,3,A,165,ALIMENTOS,MOLHO BARBECUE
2022-06-18,866189,190,M,1,4,B,213,ALIMENTOS,CENOURA
2022-06-18,866213,551,M,1,0,C,160,ALIMENTOS,PALMITO
2022-06-18,866257,980,F,1,0,B,184,ALIMENTOS,IOGURTE
2022-06-18,866324,293,M,4,0,B,2,ACESSORIOS,MORDEDOR
2022-06-18,866368,517,F,3,1,B,198,BEBIDAS,ENERGETICO
2022-06-18,866455,229,M,2,2,C,70,BEBIDAS,REFRIGERANTE OUTROS
2022-06-18,866506,727,M,4,2,C,183,ALIMENTOS,KETCHUP
2022-06-18,866594,928,F,5,1,B,108,LIMPEZA,REMOVEDOR
2022-06-18,866669,286,M,4,0,B,17,ALIMENTOS,BISCOITO
2022-06-18,866751,973,F,4,0,B,103,LIMPEZA,LIMPADOR MULTIUSO
2022-06-18,866807,204,F,3,3,B,115,PET,ALIMENTO PARA PASSARO
2022-06-18,866898,330,F,1,0,B,11,ALIMENTOS,AZEITE
2022-06-18,866959,234,M,3,4,B,171,ALIMENTOS,MACARRAO
2022-06-18,866968,53,M,1,1,B,142,BEBIDAS,REFRIGERANTE LARANJA
2022-06-18,867028,167,M,1,1,A,185,LIMPEZA,INSETICIDA
2022-06-18,867107,719,M,1,0,B,142,BEBIDAS,REFRIGERANTE LARANJA
2022-06-18,867127,14,M,1,3,B,209,ALIMENTOS,COGUMELOS
2022-06-18,867220,771,F,4,0,B,130,ALIMENTOS,SALGADINHOS DE MILHO
2022-06-18,867243,911,F,2,0,B,52,ALIMENTOS,PATE
2022-06-18,867283,914,M,2,4,B,171,ALIMENTOS,MACARRAO
2022-06-18,867334,150,M,1,4,B,160,ALIMENTOS,PALMITO
2022-06-18,867376,21,M,3,0,B,24,ALIMENTOS,COPA SUINA
2022-06-18,867453,85,M,1,0,B,103,LIMPEZA,LIMPADOR MULTIUSO
2022-06-18,867481,635,F,4,0,B,57,ALIMENTOS,REQUEIJAO
2022-06-18,867524,735,F,4,0,B,215,ALIMENTOS,CAFE
2022-06-18,867538,65,M,4,0,B,220,ALIMENTOS,BATATA
2022-06-22,867615,772,F,2,0,B,178,HIGIENE,LENCO UMEDECIDO
2022-06-22,867664,751,F,2,0,B,92,HIGIENE,TINTURAS
2022-06-22,867689,783,F,1,0,B,137,ALIMENTOS,REQUEIJAO
2022-06-22,867752,155,F,2,0,B,106,LIMPEZA,ODORIZADOR
2022-06-22,867844,699,F,1,0,C,99,LIMPEZA,DESINFETANTE
2022-06-22,867878,661,M,3,0,B,23,ALIMENTOS,COGUMELOS
2022-06-22,867943,43,M,2,0,B,195,ALIMENTOS,FEIJAO
2022-06-22,867957,434,M,1,4,B,63,ALIMENTOS,TOMATE
2022-06-22,868002,663,F,4,0,B,195,ALIMENTOS,FEIJAO
2022-06-22,868011,306,F,3,0,B,90,HIGIENE,SHAMPOO
2022-06-22,868047,887,F,3,0,B,121,ALIMENTOS,UVA
2022-06-22,868128,881,F,5,1,C,65,BEBIDAS,ENERGETICO
2022-06-22,868140,350,F,5,1,B,110,LIMPEZA,SABAO
2022-06-22,868189,146,F,2,0,B,62,ALIMENTOS,SNACKS
2022-06-22,868225,488,M,3,2,B,149,ALIMENTOS,QUEIJO MUSSARELA
2022-06-22,868282,63,F,3,0,B,113,LIMPEZA,TIRA MANCHA
2022-06-22,868304,738,M,1,0,C,27,ALIMENTOS,DANETTE
2022-06-22,868317,162,F,1,1,B,118,PET,RACAO UMIDA PARA CAES
2022-06-22,868347,920,F,5,3,B,80,HIGIENE,HASTES FLEXIVEIS
2022-06-22,868391,124,F,4,2,B,192,HIGIENE,FIXADOR
2022-06-22,868410,855,M,4,1,C,19,ALIMENTOS,CAFE
2022-06-22,868443,259,M,1,1,B,136,ALIMENTOS,RICOTA
2022-06-22,868515,366,M,3,4,B,33,ALIMENTOS,IOGURTE
2022-06-22,868613,110,M,3,0,C,49,ALIMENTOS,PALMITO
2022-06-22,868676,219,M,2,0,B,133,LIMPEZA,SABAO EM PO
2022-06-22,868752,866,M,2,2,C,57,ALIMENTOS,REQUEIJAO
2022-06-22,868807,749,F,4,1,B,143,BEBIDAS,REFRIGERANTE GUARANA
2022-06-22,868821,42,M,2,2,B,229,ALIMENTOS,ALMONDEGA
2022-06-22,868824,102,F,1,2,C,52,ALIMENTOS,PATE
2022-06-22,868892,214,F,4,0,B,3,ALIMENTOS,ABACATE
2022-06-22,868956,373,F,4,2,B,2,ACESSORIOS,MORDEDOR
2022-06-22,869005,753,F,1,3,C,218,ALIMENTOS,BIFE DE COXAO MOLE
2022-06-22,869037,970,M,2,4,B,52,ALIMENTOS,PATE
2022-06-22,869123,101,F,1,0,C,220,ALIMENTOS,BATATA
2022-06-22,869209,841,M,1,0,B,14,ALIMENTOS,BATATA
2022-06-22,869306,729,M,3,0,B,40,ALIMENTOS,LINGUICA
2022-06-22,869405,625,F,4,0,C,121,ALIMENTOS,UVA
2022-06-22,869481,770,M,2,3,B,55,ALIMENTOS,QUEIJO DE CABRA
2022-06-22,869544,211,M,2,1,B,184,ALIMENTOS,IOGURTE
2022-06-22,869606,567,F,1,0,C,53,ALIMENTOS,PRESUNTO COZIDO
2022-06-22,869673,736,M,1,0,C,170,ALIMENTOS,MACARRAO INSTANTANEO
2022-06-22,869680,837,F,2,0,C,125,HIGIENE,TINTURAS
2022-06-22,869760,674,M,4,1,B,18,ALIMENTOS,BROCOLIS
2022-06-22,869820,223,F,3,0,B,39,ALIMENTOS,LIMAO
2022-06-22,869858,128,F,2,0,B,150,ALIMENTOS,QUEIJO DE CABRA
2022-06-22,869894,269,F,3,3,B,101,LIMPEZA,INSETICIDA
2022-06-22,869984,956,M,5,1,C,46,ALIMENTOS,MOLHO BARBECUE
2022-06-22,869986,241,M,4,1,B,202,LIMPEZA,DESENGORDURANTE
2022-06-22,869990,99,F,1,4,C,19,ALIMENTOS,CAFE
2022-06-22,869998,933,M,2,2,B,18,ALIMENTOS,BROCOLIS
2022-06-22,870022,234,M,3,4,B,83,HIGIENE,MODELADOR
2022-06-22,870033,456,M,1,4,B,128,HIGIENE,SHAMPOO
2022-06-22,870039,550,M,4,0,B,140,BEBIDAS,REFRIGERANTE OUTROS
2022-06-22,870069,843,F,5,1,C,43,ALIMENTOS,MAMAO PAPAYA
2022-06-22,870135,923,F,2,4,C,120,LIMPEZA,VASSOURA
2022-06-22,870219,563,M,3,0,B,139,LIMPEZA,REMOVEDOR
2022-06-22,870271,723,M,4,0,B,131,ALIMENTOS,SALGADINHO
2022-06-23,870365,926,M,1,0,B,29,ALIMENTOS,FEIJAO
2022-06-23,870375,689,M,2,0,C,43,ALIMENTOS,MAMAO PAPAYA
2022-06-23,870443,861,M,3,0,B,148,PET,RACAO SECA PARA CAES
2022-06-23,870488,756,F,1,4,B,199,ALIMENTOS,DOCE
2022-06-23,870521,330,F,1,0,B,163,ALIMENTOS,MORTADELA
2022-06-23,870528,67,M,1,0,B,114,LIMPEZA,VASSOURA
2022-06-23,870613,106,M,1,0,B,44,ALIMENTOS,MAMAO
2022-06-23,870702,870,F,1,0,B,228,LIMPEZA,AMACIANTE
2022-06-23,870796,971,F,1,2,A,84,HIGIENE,PAPEL HIGIENICO
2022-06-23,870864,678,F,3,0,C,51,ALIMENTOS,PAPINHA INFANTIL
2022-06-23,870932,154,M,2,3,B,92,HIGIENE,TINTURAS
2022-06-23,870976,690,F,1,3,B,163,ALIMENTOS,MORTADELA
2022-06-23,871060,148,M,3,4,A,191,HIGIENE,FRALDA
2022-06-23,871128,661,M,3,0,B,48,ALIMENTOS,OVOS
2022-06-23,871199,225,M,4,0,C,106,LIMPEZA,ODORIZADOR
2022-06-23,871257,616,F,1,2,C,17,ALIMENTOS,BISCOITO
2022-06-23,871345,486,M,4,0,B,56,ALIMENTOS,QUEIJO MUSSARELA
2022-06-23,871368,935,F,2,0,B,57,ALIMENTOS,REQUEIJAO
2022-06-23,871382,746,M,3,0,C,65,BEBIDAS,ENERGETICO
2022-06-23,871457,284,M,4,1,B,214,ALIMENTOS,CEBOLA
2022-06-23,871518,163,F,3,0,A,17,ALIMENTOS,BISCOITO
2022-06-23,871527,235,F,4,0,B,129,ALIMENTOS,SARDINHA
2022-06-23,871612,74,M,3,0,C,176,LIMPEZA,LIMPA VIDROS
2022-06-23,871617,440,F,4,0,C,1,ACESSORIOS,CHUPETA
2022-06-23,871663,493,M,2,4,B,213,ALIMENTOS,CENOURA
2022-06-23,871757,800,M,1,0,C,24,ALIMENTOS,COPA SUINA
2022-06-30,871780,898,F,4,0,C,33,ALIMENTOS,IOGURTE
2022-06-30,871813,590,M,4,3,B,30,ALIMENTOS,FILE DE PEIXE
2022-06-30,871854,666,F,2,2,B,197,HIGIENE,ENXAGUANTE BUCAL
2022-06-30,871912,298,F,4,0,C,166,HIGIENE,MODELADOR
2022-06-30,871977,435,F,2,0,C,162,LIMPEZA,ODORIZADOR
2022-06-30,872052,364,F,4,2,C,43,ALIMENTOS,MAMAO PAPAYA
2022-06-30,872066,215,M,2,4,B,81,HIGIENE,HIDRATANTE
2022-06-30,872110,455,F,2,0,C,89,HIGIENE,SABONETE
2022-06-30,872181,979,F,3,0,A,91,HIGIENE,TALCO
2022-06-30,872207,955,F,3,2,C,191,HIGIENE,FRALDA
2022-06-30,872268,382,F,3,0,C,131,ALIMENTOS,SALGADINHO
2022-06-30,872311,254,F,5,2,B,221,ALIMENTOS,BANANA
2022-06-30,872321,286,M,4,0,B,73,HIGIENE,CREME
2022-06-30,872358,59,M,2,0,A,228,LIMPEZA,AMACIANTE
2022-06-30,872404,74,M,3,0,C,169,ALIMENTOS,MAMAO
2022-06-30,872444,397,F,1,0,B,153,ALIMENTOS,PRESUNTO COZIDO
2022-06-30,872502,40,M,2,1,B,22,ALIMENTOS,CHA
2022-06-30,872528,968,F,1,0,B,187,HIGIENE,HASTES FLEXIVEIS
2022-06-30,872581,382,F,3,0,C,194,ALIMENTOS,FILE DE PEIXE
2022-06-30,872593,825,M,1,2,C,184,ALIMENTOS,IOGURTE
2022-06-30,872625,234,M,3,4,B,112,LIMPEZA,TIRA LIMO
2022-06-30,872627,999,M,2,2,C,226,ALIMENTOS,ARROZ INTEGRAL
2022-06-30,872668,561,M,2,0,B,228,LIMPEZA,AMACIANTE
2022-06-30,872730,911,F,2,0,B,25,ALIMENTOS,CORACAO DE FRANGO
2022-06-30,872829,793,M,1,3,B,140,BEBIDAS,REFRIGERANTE OUTROS
2022-06-30,872911,312,M,1,0,A,145,PET,RACAO UMIDA PARA GATOS
2022-06-30,872980,945,F,2,3,B,33,ALIMENTOS,IOGURTE
2022-06-30,872988,501,M,1,0,B,209,ALIMENTOS,COGUMELOS
2022-06-30,873080,87,M,3,2,A,184,ALIMENTOS,IOGURTE
2022-06-30,873161,384,F,3,2,C,65,BEBIDAS,ENERGETICO
2022-06-30,873162,177,F,3,2,C,207,ALIMENTOS,COPA SUINA
2022-06-30,873165,987,F,1,0,B,221,ALIMENTOS,BANANA
2022-06-30,873189,746,M,3,0,C,56,ALIMENTOS,QUEIJO MUSSARELA
2022-06-30,873264,226,F,4,0,B,129,ALIMENTOS,SARDINHA
2022-06-30,873290,41,M,3,0,C,96,LIMPEZA,BALDE
2022-06-30,873356,47,F,4,0,B,208,HIGIENE,CONDICIONADOR
2022-06-30,873405,536,M,4,0,B,65,BEBIDAS,ENERGETICO
2022-06-30,873486,232,M,3,1,B,148,PET,RACAO SECA PARA CAES
2022-06-30,873533,516,M,1,0,C,4,ALIMENTOS,ABACAXI
2022-06-30,873606,355,M,3,4,B,27,ALIMENTOS,DANETTE
2022-06-30,873703,260,F,2,0,C,38,ALIMENTOS,LEITE CONDENSADO
2022-06-30,873730,554,F,3,0,A,219,ALIMENTOS,BATATA DOCE
2022-06-30,873827,963,M,3,0,B,98,LIMPEZA,DESENGORDURANTE
2022-06-30,873844,890,M,3,0,C,217,ALIMENTOS,BISCOITO
2022-06-30,873916,588,F,1,4,C,198,BEBIDAS,ENERGETICO
2022-06-30,873969,783,F,1,0,B,31,ALIMENTOS,GRANOLA
2022-06-30,874068,205,M,2,4,B,148,PET,RACAO SECA PARA CAES
2022-06-30,874137,998,F,2,0,C,19,ALIMENTOS,CAFE
2022-06-30,874155,625,F,4,0,C,118,PET,RACAO UMIDA PARA CAES
2022-06-30,874192,897,M,2,1,C,103,LIMPEZA,LIMPADOR MULTIUSO
2022-06-30,874198,519,M,2,4,B,222,LIMPEZA,BALDE
2022-06-30,874216,140,F,1,0,C,27,ALIMENTOS,DANETTE
2022-06-30,874235,384,F,3,2,C,146,PET,RACAO UMIDA PARA CAES
2022-06-30,874247,531,F,3,1,B,180,ALIMENTOS,LEITE
2022-06-30,874343,999,M,2,2,C,48,ALIMENTOS,OVOS
2022-06-30,874353,764,F,3,1,B,143,BEBIDAS,REFRIGERANTE GUARANA
2022-06-30,874399,584,M,3,0,B,4,ALIMENTOS,ABACAXI
2022-06-30,874426,864,F,1,3,B,213,ALIMENTOS,CENOURA
2022-06-30,874501,164,M,2,3,A,133,LIMPEZA,SABAO EM PO
2022-06-30,874533,398,F,4,1,B,209,ALIMENTOS,COGUMELOS
2022-06-30,874584,255,M,4,0,B,23,ALIMENTOS,COGUMELOS
2022-06-30,874598,910,M,2,2,B,116,PET,RACAO SECA PARA CAES
2022-06-30,874695,444,F,2,0,B,7,ALIMENTOS,ALMONDEGA
2022-06-30,874721,279,M,1,2,B,107,#N/D,#N/D
2022-06-30,874801,761,F,1,4,B,29,ALIMENTOS,FEIJAO
2022-06-30,874849,298,F,4,0,C,144,BEBIDAS,REFRIGERANTE COLA
2022-06-30,874932,322,M,2,0,B,178,HIGIENE,LENCO UMEDECIDO
2022-06-30,874936,277,F,1,3,B,206,ALIMENTOS,CORACAO DE FRANGO
2022-06-30,874969,917,M,1,0,A,10,ALIMENTOS,ATUM
2022-06-30,875001,665,M,1,4,B,88,HIGIENE,REPELENTE
2022-06-30,875029,498,M,3,2,B,30,ALIMENTOS,FILE DE PEIXE
2022-06-30,875092,127,F,4,2,C,195,ALIMENTOS,FEIJAO
2022-06-30,875160,921,M,2,3,B,188,ALIMENTOS,HAMBUGUER
2022-06-30,875226,881,F,5,1,C,92,HIGIENE,TINTURAS
2022-06-30,875234,211,M,2,1,B,131,ALIMENTOS,SALGADINHO
2022-06-30,875249,304,F,2,3,B,36,ALIMENTOS,LATA DE MILHO
2022-01-07,875285,277,F,1,3,B,58,ALIMENTOS,RICOTA
2022-01-07,875348,581,F,4,2,C,159,ALIMENTOS,PAO DE FORMA
2022-01-07,875401,339,F,4,0,C,118,PET,RACAO UMIDA PARA CAES
2022-01-07,875488,789,F,5,1,B,182,ALIMENTOS,LATA DE ERVILHA
2022-01-07,875541,164,M,2,3,A,161,ALIMENTOS,OVOS
2022-01-07,875622,978,F,3,0,C,60,ALIMENTOS,SALGADINHOS DE MILHO
2022-01-07,875708,106,M,1,0,B,161,ALIMENTOS,OVOS
2022-01-07,875728,408,F,4,0,B,220,ALIMENTOS,BATATA
2022-01-07,875774,909,M,3,0,B,6,ALIMENTOS,ALHO
2022-01-07,875786,584,M,3,0,B,189,ALIMENTOS,GRANOLA
2022-01-07,875852,347,F,4,0,B,201,LIMPEZA,DESINFETANTE
2022-01-07,875886,324,F,3,3,B,182,ALIMENTOS,LATA DE ERVILHA
2022-01-07,875973,549,M,2,3,C,228,LIMPEZA,AMACIANTE
2022-01-07,876018,771,F,4,0,B,37,ALIMENTOS,LEITE
2022-01-07,876047,838,F,1,0,C,227,ALIMENTOS,ARROZ
2022-01-07,876116,996,F,1,4,B,183,ALIMENTOS,KETCHUP
2022-01-07,876126,728,M,2,0,A,117,PET,RACAO SECA PARA GATOS
2022-01-07,876191,261,F,4,0,B,199,ALIMENTOS,DOCE
2022-01-07,876273,720,M,2,3,B,110,LIMPEZA,SABAO
2022-01-07,876311,878,F,4,3,C,132,HIGIENE,SABONETE
2022-01-07,876318,120,F,4,3,A,215,ALIMENTOS,CAFE
2022-01-07,876356,821,F,2,3,B,223,ALIMENTOS,AZEITONA
2022-01-07,876435,328,M,2,0,B,222,LIMPEZA,BALDE
2022-01-07,876529,774,F,2,0,B,84,HIGIENE,PAPEL HIGIENICO
2022-01-07,876600,71,F,3,1,B,122,ALIMENTOS,TOMATE
2022-01-07,876630,983,F,4,0,C,6,ALIMENTOS,ALHO
2022-01-07,876635,405,F,4,0,B,49,ALIMENTOS,PALMITO
2022-01-07,876668,851,F,2,0,B,22,ALIMENTOS,CHA
2022-01-07,876736,987,F,1,0,B,75,HIGIENE,ESCOVA DE DENTE
2022-01-07,876789,803,F,2,0,A,124,LIMPEZA,TIRA LIMO
2022-01-07,876886,193,F,4,0,B,10,ALIMENTOS,ATUM
2022-01-07,876949,426,F,3,0,C,88,HIGIENE,REPELENTE
2022-01-07,876990,199,M,3,3,B,5,ALIMENTOS,ACHOCOLATADO
2022-01-07,876999,725,M,4,0,C,219,ALIMENTOS,BATATA DOCE
2022-01-07,877061,792,F,2,0,B,169,ALIMENTOS,MAMAO
2022-01-07,877073,81,F,2,0,B,176,LIMPEZA,LIMPA VIDROS
2022-01-07,877082,755,M,3,4,B,131,ALIMENTOS,SALGADINHO
2022-01-07,877130,11,F,4,0,A,93,LIMPEZA,AGUA SANITARIA
2022-01-07,877161,750,M,2,2,C,22,ALIMENTOS,CHA
2022-01-07,877202,409,F,3,4,B,158,HIGIENE,PAPEL HIGIENICO
2022-01-07,877230,995,M,3,1,B,115,PET,ALIMENTO PARA PASSARO
2022-01-07,877320,740,F,1,4,C,52,ALIMENTOS,PATE
2022-01-07,877339,877,M,2,0,C,49,ALIMENTOS,PALMITO
2022-01-07,877354,737,F,2,1,C,93,LIMPEZA,AGUA SANITARIA
2022-01-07,877381,375,M,4,0,B,13,ALIMENTOS,BANANA
2022-01-07,877472,728,M,2,0,A,80,HIGIENE,HASTES FLEXIVEIS
2022-01-07,877538,965,M,3,0,B,143,BEBIDAS,REFRIGERANTE GUARANA
2022-01-07,877570,415,F,3,0,B,226,ALIMENTOS,ARROZ INTEGRAL
2022-01-07,877624,62,F,2,0,B,88,HIGIENE,REPELENTE
2022-01-07,877703,805,F,3,0,C,171,ALIMENTOS,MACARRAO
2022-01-07,877725,253,F,4,1,B,138,HIGIENE,REPELENTE
2022-01-07,877798,330,F,1,0,B,80,HIGIENE,HASTES FLEXIVEIS
2022-01-07,877841,222,F,4,0,B,190,HIGIENE,GEL
2022-01-07,877860,220,M,1,0,B,131,ALIMENTOS,SALGADINHO
2022-01-07,877892,931,M,2,0,A,228,LIMPEZA,AMACIANTE
2022-01-07,877979,796,M,2,3,B,151,HIGIENE,PROTETOR SOLAR
2022-01-07,878046,428,F,2,0,A,67,BEBIDAS,REFRIGERANTE GUARANA
2022-01-07,878097,514,M,4,0,C,25,ALIMENTOS,CORACAO DE FRANGO
2022-01-07,878098,565,F,1,2,B,183,ALIMENTOS,KETCHUP
2022-01-07,878101,990,F,1,4,B,113,LIMPEZA,TIRA MANCHA
2022-01-07,878198,894,F,4,3,C,199,ALIMENTOS,DOCE
2022-01-07,878283,531,F,3,1,B,148,PET,RACAO SECA PARA CAES
2022-06-07,878304,41,M,3,0,C,20,ALIMENTOS,CEBOLA
2022-06-07,878314,722,F,4,0,B,3,ALIMENTOS,ABACATE
2022-06-07,878333,226,F,4,0,B,225,ALIMENTOS,ATUM
2022-06-07,878352,654,M,1,1,B,101,LIMPEZA,INSETICIDA
2022-06-07,878396,688,M,1,1,A,150,ALIMENTOS,QUEIJO DE CABRA
2022-06-07,878434,502,M,4,0,C,89,HIGIENE,SABONETE
2022-06-07,878488,276,F,3,0,B,64,ALIMENTOS,UVA
2022-06-07,878522,679,F,3,3,B,17,ALIMENTOS,BISCOITO
2022-06-07,878599,446,M,1,4,B,60,ALIMENTOS,SALGADINHOS DE MILHO
2022-06-07,878686,184,M,1,3,B,62,ALIMENTOS,SNACKS
2022-06-07,878759,64,F,4,0,B,80,HIGIENE,HASTES FLEXIVEIS
2022-06-07,878855,631,M,1,4,C,121,ALIMENTOS,UVA
2022-06-07,878927,132,M,2,0,A,55,ALIMENTOS,QUEIJO DE CABRA
2022-06-07,878961,38,M,3,0,B,8,ALIMENTOS,ARROZ
2022-06-07,879051,208,M,3,0,B,68,BEBIDAS,REFRIGERANTE LARANJA
2022-06-07,879095,766,F,1,0,B,216,ALIMENTOS,BROCOLIS
2022-06-07,879126,309,M,1,0,B,202,LIMPEZA,DESENGORDURANTE
2022-06-07,879161,730,F,2,0,B,10,ALIMENTOS,ATUM
2022-06-07,879180,590,M,4,3,B,165,ALIMENTOS,MOLHO BARBECUE
2022-06-07,879198,750,M,2,2,C,7,ALIMENTOS,ALMONDEGA
2022-06-07,879210,417,M,4,1,B,140,BEBIDAS,REFRIGERANTE OUTROS
2022-06-07,879215,963,M,3,0,B,167,ALIMENTOS,MANGA
2022-06-07,879268,320,M,3,4,B,85,HIGIENE,PASTA DE DENTE
2022-06-07,879309,520,M,1,0,B,148,PET,RACAO SECA PARA CAES
2022-06-07,879403,971,F,1,2,A,42,ALIMENTOS,MACARRAO INSTANTANEO
2022-06-07,879494,180,M,3,4,B,119,PET,RACAO UMIDA PARA GATOS
2022-06-07,879553,14,M,1,3,B,146,PET,RACAO UMIDA PARA CAES
2022-06-07,879574,437,F,2,1,C,102,LIMPEZA,LIMPA VIDROS
2022-06-07,879578,679,F,3,3,B,57,ALIMENTOS,REQUEIJAO
2022-06-07,879670,684,F,3,0,C,225,ALIMENTOS,ATUM
2022-06-07,879684,101,F,1,0,C,49,ALIMENTOS,PALMITO
2022-06-07,879736,336,F,1,0,C,122,ALIMENTOS,TOMATE
2022-06-07,879743,449,F,2,3,B,217,ALIMENTOS,BISCOITO
2022-06-07,879827,932,M,4,1,B,139,LIMPEZA,REMOVEDOR
2022-06-07,879869,227,F,3,0,C,220,ALIMENTOS,BATATA
2022-12-07,879882,274,M,1,1,B,191,HIGIENE,FRALDA
2022-12-07,879905,570,F,4,1,C,211,ALIMENTOS,CHA
2022-12-07,880003,601,M,4,0,A,36,ALIMENTOS,LATA DE MILHO
2022-12-07,880007,159,M,1,0,C,167,ALIMENTOS,MANGA
2022-12-07,880100,60,F,2,3,B,23,ALIMENTOS,COGUMELOS
2022-12-07,880156,719,M,1,0,B,201,LIMPEZA,DESINFETANTE
2022-12-07,880251,613,F,3,0,B,59,ALIMENTOS,SALGADINHO
2022-12-07,880332,152,F,3,1,C,143,BEBIDAS,REFRIGERANTE GUARANA
2022-12-07,880398,810,M,1,0,B,227,ALIMENTOS,ARROZ
2022-12-07,880430,335,F,3,0,C,99,LIMPEZA,DESINFETANTE
2022-12-07,880432,151,F,1,0,B,146,PET,RACAO UMIDA PARA CAES
2022-12-07,880448,140,F,1,0,C,211,ALIMENTOS,CHA
2022-12-07,880477,940,F,1,3,B,17,ALIMENTOS,BISCOITO
2022-12-07,880506,779,M,3,4,A,70,BEBIDAS,REFRIGERANTE OUTROS
2022-12-07,880570,705,M,1,0,B,93,LIMPEZA,AGUA SANITARIA
2022-12-07,880644,636,M,2,2,B,143,BEBIDAS,REFRIGERANTE GUARANA
2022-12-07,880678,852,M,2,3,B,105,LIMPEZA,LUSTRA MOVEIS
2022-12-07,880690,764,F,3,1,B,164,ACESSORIOS,MORDEDOR
2022-12-07,880751,434,M,1,4,B,87,HIGIENE,PROTETOR SOLAR
2022-12-07,880786,608,F,3,0,C,50,ALIMENTOS,PAO DE FORMA
2022-12-07,880879,641,F,4,0,C,73,HIGIENE,CREME
2022-12-07,880937,243,F,1,4,C,133,LIMPEZA,SABAO EM PO
2022-12-07,880972,378,F,2,0,C,60,ALIMENTOS,SALGADINHOS DE MILHO
2022-12-07,881027,540,F,2,0,C,197,HIGIENE,ENXAGUANTE BUCAL
2022-12-07,881104,798,M,5,2,B,45,ALIMENTOS,MANGA
2022-12-07,881183,314,F,1,1,A,32,ALIMENTOS,HAMBUGUER
2022-12-07,881190,368,M,4,0,C,214,ALIMENTOS,CEBOLA
2022-12-07,881277,29,M,2,0,B,215,ALIMENTOS,CAFE
2022-12-07,881303,55,F,3,0,B,134,LIMPEZA,SABAO
2022-12-07,881359,726,M,2,0,B,106,LIMPEZA,ODORIZADOR
2022-12-07,881439,655,M,2,0,B,219,ALIMENTOS,BATATA DOCE
2022-12-07,881495,527,F,4,1,B,181,ALIMENTOS,LATA DE MILHO
2022-12-07,881508,707,M,4,0,B,10,ALIMENTOS,ATUM
2022-12-07,881575,626,M,3,1,C,119,PET,RACAO UMIDA PARA GATOS
2022-12-07,881624,262,M,1,2,B,113,LIMPEZA,TIRA MANCHA
2022-12-07,881721,169,F,1,1,B,113,LIMPEZA,TIRA MANCHA
2022-12-07,881743,190,M,1,4,B,40,ALIMENTOS,LINGUICA
2022-12-07,881757,380,M,3,4,B,28,ALIMENTOS,DOCE
2022-12-07,881844,524,F,4,3,C,26,ALIMENTOS,COXA E SOBRECOXA DE FRANGO
2022-12-07,881925,711,M,4,2,B,39,ALIMENTOS,LIMAO
2022-12-07,881962,801,M,1,4,B,226,ALIMENTOS,ARROZ INTEGRAL
2022-12-07,882042,986,M,4,0,B,105,LIMPEZA,LUSTRA MOVEIS
2022-12-07,882108,890,M,3,0,C,51,ALIMENTOS,PAPINHA INFANTIL
2022-12-07,882188,773,M,4,0,B,106,LIMPEZA,ODORIZADOR
2022-12-07,882269,96,F,1,1,C,216,ALIMENTOS,BROCOLIS
2022-12-07,882318,854,F,5,1,C,20,ALIMENTOS,CEBOLA
2022-12-07,882397,293,M,4,0,B,133,LIMPEZA,SABAO EM PO
2022-12-07,882433,82,F,1,1,C,204,HIGIENE,CREME
2022-12-07,882501,749,F,4,1,B,133,LIMPEZA,SABAO EM PO
2022-12-07,882574,797,M,2,4,B,26,ALIMENTOS,COXA E SOBRECOXA DE FRANGO
2022-12-07,882623,540,F,2,0,C,90,HIGIENE,SHAMPOO
2022-12-07,882627,547,F,3,4,C,131,ALIMENTOS,SALGADINHO
2022-12-07,882726,784,F,1,3,B,74,HIGIENE,ENXAGUANTE BUCAL
2022-12-07,882734,265,M,2,3,B,139,LIMPEZA,REMOVEDOR
2022-12-07,882804,547,F,3,4,C,6,ALIMENTOS,ALHO
2022-12-07,882823,502,M,4,0,C,196,HIGIENE,ESCOVA DE DENTE
2022-12-07,882896,34,M,2,0,C,18,ALIMENTOS,BROCOLIS
2022-12-07,882918,652,F,4,0,B,2,ACESSORIOS,MORDEDOR
2022-12-07,882982,310,M,4,3,C,136,ALIMENTOS,RICOTA
2022-12-07,883073,575,M,1,4,B,105,LIMPEZA,LUSTRA MOVEIS
2022-12-07,883123,142,F,1,0,B,111,LIMPEZA,SABAO EM PO
2022-12-07,883142,538,M,3,0,B,42,ALIMENTOS,MACARRAO INSTANTANEO
2022-12-07,883241,232,M,3,1,B,24,ALIMENTOS,COPA SUINA
2022-12-07,883330,110,M,3,0,C,228,LIMPEZA,AMACIANTE
2022-12-07,883332,336,F,1,0,C,175,LIMPEZA,LIMPADOR MULTIUSO
2022-12-07,883402,395,F,4,1,B,204,HIGIENE,CREME
2022-12-07,883406,457,M,3,0,C,100,LIMPEZA,DETERGENTE
2022-12-07,883409,565,F,1,2,B,219,ALIMENTOS,BATATA DOCE
2022-12-07,883443,856,F,5,1,B,6,ALIMENTOS,ALHO
2022-12-07,883511,553,F,4,0,B,16,ALIMENTOS,BIFE DE COXAO MOLE
2022-12-07,883605,199,M,3,3,B,91,HIGIENE,TALCO
2022-12-07,883697,587,M,1,0,B,157,ALIMENTOS,PAPINHA INFANTIL
2022-12-07,883778,236,M,2,2,C,76,HIGIENE,FIO DENTAL
2022-12-07,883819,568,F,4,1,A,155,ALIMENTOS,PATE
2022-12-07,883829,397,F,1,0,B,35,ALIMENTOS,LATA DE ERVILHA
2022-12-07,883856,536,M,4,0,B,220,ALIMENTOS,BATATA
2022-12-07,883955,450,M,1,0,B,90,HIGIENE,SHAMPOO
2022-12-07,884001,787,F,3,0,A,118,PET,RACAO UMIDA PARA CAES
2022-12-07,884048,590,M,4,3,B,229,ALIMENTOS,ALMONDEGA
2022-12-07,884108,742,M,1,1,C,2,ACESSORIOS,MORDEDOR
2022-12-07,884184,222,F,4,0,B,154,HIGIENE,PRESERVATIVO
2022-12-07,884237,553,F,4,0,B,38,ALIMENTOS,LEITE CONDENSADO
2022-12-07,884277,742,M,1,1,C,197,HIGIENE,ENXAGUANTE BUCAL
2022-12-07,884345,617,F,4,3,C,34,ALIMENTOS,KETCHUP
2022-12-07,884363,269,F,3,3,B,112,LIMPEZA,TIRA LIMO
2022-12-07,884450,605,M,4,2,B,102,LIMPEZA,LIMPA VIDROS
2022-12-07,884477,229,M,2,2,C,144,BEBIDAS,REFRIGERANTE COLA
2022-07-13,884487,205,M,2,4,B,206,ALIMENTOS,CORACAO DE FRANGO
2022-07-13,884537,71,F,3,1,B,161,ALIMENTOS,OVOS
2022-07-13,884588,13,M,2,1,B,88,HIGIENE,REPELENTE
2022-07-13,884666,424,M,1,4,B,115,PET,ALIMENTO PARA PASSARO
2022-07-13,884674,647,M,1,0,C,209,ALIMENTOS,COGUMELOS
2022-07-13,884758,730,F,2,0,B,202,LIMPEZA,DESENGORDURANTE
2022-07-13,884759,550,M,4,0,B,163,ALIMENTOS,MORTADELA
2022-07-13,884793,659,F,2,2,B,76,HIGIENE,FIO DENTAL
2022-07-13,884874,93,F,2,0,C,22,ALIMENTOS,CHA
2022-07-13,884953,71,F,3,1,B,58,ALIMENTOS,RICOTA
2022-07-13,885020,617,F,4,3,C,181,ALIMENTOS,LATA DE MILHO
2022-07-13,885065,433,M,3,3,B,169,ALIMENTOS,MAMAO
2022-07-13,885152,768,F,4,0,B,94,LIMPEZA,ALCOOL
2022-07-13,885235,387,M,2,2,B,184,ALIMENTOS,IOGURTE
2022-07-13,885242,230,M,1,4,A,150,ALIMENTOS,QUEIJO DE CABRA
2022-07-13,885330,397,F,1,0,B,205,ALIMENTOS,COXA E SOBRECOXA DE FRANGO
2022-07-13,885355,303,M,3,4,B,80,HIGIENE,HASTES FLEXIVEIS
2022-07-13,885438,438,F,1,0,B,40,ALIMENTOS,LINGUICA
2022-07-13,885511,120,F,4,3,A,155,ALIMENTOS,PATE
2022-07-13,885589,381,F,1,1,B,1,ACESSORIOS,CHUPETA
2022-07-13,885622,785,M,1,4,C,4,ALIMENTOS,ABACAXI
2022-07-13,885687,584,M,3,0,B,126,HIGIENE,TALCO
2022-07-13,885773,784,F,1,3,B,181,ALIMENTOS,LATA DE MILHO
2022-07-13,885829,360,M,4,0,B,36,ALIMENTOS,LATA DE MILHO
2022-07-13,885898,970,M,2,4,B,186,HIGIENE,HIDRATANTE
2022-07-13,885908,842,M,5,2,B,175,LIMPEZA,LIMPADOR MULTIUSO
2022-07-13,885928,760,F,2,0,A,169,ALIMENTOS,MAMAO
2022-07-13,885993,698,F,2,0,B,52,ALIMENTOS,PATE
2022-07-13,886069,821,F,2,3,B,24,ALIMENTOS,COPA SUINA
2022-07-13,886141,410,F,3,3,B,153,ALIMENTOS,PRESUNTO COZIDO
2022-07-13,886210,353,M,1,2,B,206,ALIMENTOS,CORACAO DE FRANGO
2022-07-13,886276,605,M,4,2,B,170,ALIMENTOS,MACARRAO INSTANTANEO
2022-07-13,886322,196,M,2,0,B,48,ALIMENTOS,OVOS
2022-07-13,886330,12,M,1,1,A,56,ALIMENTOS,QUEIJO MUSSARELA
2022-07-13,886411,66,M,3,3,B,157,ALIMENTOS,PAPINHA INFANTIL
2022-07-13,886424,535,M,4,0,A,36,ALIMENTOS,LATA DE MILHO
2022-07-13,886482,596,M,2,0,B,108,LIMPEZA,REMOVEDOR
2022-07-13,886520,920,F,5,3,B,226,ALIMENTOS,ARROZ INTEGRAL
2022-07-13,886578,255,M,4,0,B,1,ACESSORIOS,CHUPETA
2022-07-13,886632,781,M,4,0,B,133,LIMPEZA,SABAO EM PO
2022-07-13,886676,734,F,4,2,B,210,ACESSORIOS,CHUPETA
2022-07-13,886754,827,M,4,0,B,228,LIMPEZA,AMACIANTE
2022-07-13,886842,664,M,3,1,B,134,LIMPEZA,SABAO
2022-07-13,886930,894,F,4,3,C,33,ALIMENTOS,IOGURTE
2022-07-13,886964,894,F,4,3,C,11,ALIMENTOS,AZEITE
2022-07-13,887034,109,M,2,1,B,139,LIMPEZA,REMOVEDOR
2022-07-13,887129,642,M,2,3,B,107,#N/D,#N/D
2022-07-13,887222,49,M,2,0,C,165,ALIMENTOS,MOLHO BARBECUE
2022-07-13,887300,50,M,4,0,B,24,ALIMENTOS,COPA SUINA
2022-07-13,887375,555,M,4,3,A,175,LIMPEZA,LIMPADOR MULTIUSO
2022-07-13,887463,916,F,3,4,C,190,HIGIENE,GEL
2022-07-13,887495,686,F,3,2,A,207,ALIMENTOS,COPA SUINA
2022-07-13,887503,722,F,4,0,B,140,BEBIDAS,REFRIGERANTE OUTROS
2022-07-13,887508,580,M,3,0,B,66,BEBIDAS,REFRIGERANTE COLA
2022-07-13,887597,732,F,3,4,B,131,ALIMENTOS,SALGADINHO
2022-07-13,887687,322,M,2,0,B,176,LIMPEZA,LIMPA VIDROS
2022-07-13,887743,785,M,1,4,C,213,ALIMENTOS,CENOURA
2022-07-13,887751,597,M,3,0,C,174,LIMPEZA,LIMPADOR PERFUMADO
2022-07-13,887786,936,F,3,2,B,119,PET,RACAO UMIDA PARA GATOS
2022-07-13,887793,510,F,4,0,B,30,ALIMENTOS,FILE DE PEIXE
2022-07-13,887838,252,M,2,2,B,24,ALIMENTOS,COPA SUINA
2022-07-13,887901,638,M,3,1,B,104,LIMPEZA,LIMPADOR PERFUMADO
2022-07-13,887975,319,M,1,4,B,64,ALIMENTOS,UVA
2022-07-13,888049,134,F,3,0,B,77,HIGIENE,FIXADOR
2022-07-13,888080,440,F,4,0,C,23,ALIMENTOS,COGUMELOS
2022-07-13,888160,916,F,3,4,C,164,ACESSORIOS,MORDEDOR
2022-07-13,888210,204,F,3,3,B,67,BEBIDAS,REFRIGERANTE GUARANA
2022-07-13,888268,858,F,4,2,C,112,LIMPEZA,TIRA LIMO
2022-07-13,888345,816,M,4,0,C,58,ALIMENTOS,RICOTA
2022-07-13,888364,378,F,2,0,C,10,ALIMENTOS,ATUM
2022-07-16,888418,931,M,2,0,A,201,LIMPEZA,DESINFETANTE
2022-07-16,888506,109,M,2,1,B,173,ALIMENTOS,LINGUICA
2022-07-16,888527,97,F,4,1,B,191,HIGIENE,FRALDA
2022-07-16,888578,864,F,1,3,B,215,ALIMENTOS,CAFE
2022-07-16,888629,787,F,3,0,A,139,LIMPEZA,REMOVEDOR
2022-07-16,888697,399,F,4,1,C,113,LIMPEZA,TIRA MANCHA
2022-07-16,888765,656,M,2,0,C,57,ALIMENTOS,REQUEIJAO
2022-07-16,888863,180,M,3,4,B,89,HIGIENE,SABONETE
2022-07-16,888893,713,F,1,3,C,50,ALIMENTOS,PAO DE FORMA
2022-07-16,888990,729,M,3,0,B,116,PET,RACAO SECA PARA CAES
2022-07-16,889014,802,M,1,1,B,80,HIGIENE,HASTES FLEXIVEIS
2022-07-16,889034,127,F,4,2,C,192,HIGIENE,FIXADOR
2022-07-16,889065,415,F,3,0,B,169,ALIMENTOS,MAMAO
2022-07-16,889108,331,F,4,0,B,207,ALIMENTOS,COPA SUINA
2022-07-16,889196,278,F,3,2,C,156,HIGIENE,PASTA DE DENTE
2022-07-16,889207,317,M,3,0,B,162,LIMPEZA,ODORIZADOR
2022-07-16,889213,596,M,2,0,B,35,ALIMENTOS,LATA DE ERVILHA
2022-07-16,889252,105,F,4,0,C,204,HIGIENE,CREME
2022-07-16,889278,602,M,3,0,B,169,ALIMENTOS,MAMAO
2022-07-16,889375,7,M,1,3,B,148,PET,RACAO SECA PARA CAES
2022-07-16,889414,654,M,1,1,B,103,LIMPEZA,LIMPADOR MULTIUSO
2022-07-16,889512,684,F,3,0,C,23,ALIMENTOS,COGUMELOS
2022-07-16,889557,882,F,4,1,B,154,HIGIENE,PRESERVATIVO
2022-07-16,889641,647,M,1,0,C,152,ALIMENTOS,PRESUNTO COZIDO
2022-07-16,889686,231,F,4,2,B,1,ACESSORIOS,CHUPETA
2022-07-16,889689,174,M,4,3,C,226,ALIMENTOS,ARROZ INTEGRAL
2022-07-16,889690,382,F,3,0,C,141,BEBIDAS,REFRIGERANTE LIMaO
2022-07-16,889728,914,M,2,4,B,134,LIMPEZA,SABAO
2022-07-16,889759,247,M,1,0,B,115,PET,ALIMENTO PARA PASSARO
2022-07-16,889771,533,F,4,0,A,196,HIGIENE,ESCOVA DE DENTE
2022-07-16,889783,431,F,4,3,B,182,ALIMENTOS,LATA DE ERVILHA
2022-07-16,889816,201,M,3,0,B,216,ALIMENTOS,BROCOLIS
2022-07-16,889844,945,F,2,3,B,91,HIGIENE,TALCO
2022-07-16,889895,567,F,1,0,C,122,ALIMENTOS,TOMATE
2022-07-16,889899,237,F,4,3,C,128,HIGIENE,SHAMPOO
2022-07-16,889952,117,M,2,3,B,163,ALIMENTOS,MORTADELA
2022-07-16,890019,75,M,1,0,B,54,ALIMENTOS,PRESUNTO COZIDO
2022-07-16,890060,596,M,2,0,B,133,LIMPEZA,SABAO EM PO
2022-07-16,890065,48,M,4,1,B,223,ALIMENTOS,AZEITONA
2022-07-16,890152,895,M,3,0,B,192,HIGIENE,FIXADOR
2022-07-16,890153,665,M,1,4,B,141,BEBIDAS,REFRIGERANTE LIMaO
2022-07-16,890196,255,M,4,0,B,223,ALIMENTOS,AZEITONA
2022-07-16,890211,655,M,2,0,B,212,LIMPEZA,CERA
2022-07-16,890284,68,F,2,1,A,161,ALIMENTOS,OVOS
2022-07-16,890309,715,F,3,4,B,10,ALIMENTOS,ATUM
2022-07-16,890368,245,F,4,3,B,12,ALIMENTOS,AZEITONA
2022-07-16,890391,541,F,3,0,B,91,HIGIENE,TALCO
2022-07-16,890410,441,M,4,2,B,127,ALIMENTOS,SNACKS
2022-07-16,890461,971,F,1,2,A,110,LIMPEZA,SABAO
2022-07-16,890485,597,M,3,0,C,58,ALIMENTOS,RICOTA
2022-07-16,890535,675,M,4,0,B,177,ALIMENTOS,LIMAO
2022-07-16,890568,286,M,4,0,B,216,ALIMENTOS,BROCOLIS
2022-07-16,890606,219,M,2,0,B,89,HIGIENE,SABONETE
2022-07-16,890609,862,M,4,0,B,29,ALIMENTOS,FEIJAO
2022-07-16,890620,960,F,4,2,B,35,ALIMENTOS,LATA DE ERVILHA
2022-07-16,890677,85,M,1,0,B,99,LIMPEZA,DESINFETANTE
2022-07-16,890698,96,F,1,1,C,36,ALIMENTOS,LATA DE MILHO
2022-07-16,890718,678,F,3,0,C,225,ALIMENTOS,ATUM
2022-07-16,890779,513,F,4,3,B,102,LIMPEZA,LIMPA VIDROS
2022-07-16,890830,869,F,3,0,B,4,ALIMENTOS,ABACAXI
2022-07-16,890847,866,M,2,2,C,83,HIGIENE,MODELADOR
2022-07-16,890884,548,F,4,0,C,176,LIMPEZA,LIMPA VIDROS
2022-07-16,890891,438,F,1,0,B,46,ALIMENTOS,MOLHO BARBECUE
2022-07-16,890899,443,F,4,0,C,216,ALIMENTOS,BROCOLIS
2022-07-16,890907,482,M,4,2,B,121,ALIMENTOS,UVA
2022-07-16,890991,767,F,1,0,B,170,ALIMENTOS,MACARRAO INSTANTANEO
2022-07-16,891002,139,F,3,3,B,203,ALIMENTOS,DANETTE
2022-07-16,891094,691,M,4,0,B,160,ALIMENTOS,PALMITO
2022-07-16,891145,956,M,5,1,C,221,ALIMENTOS,BANANA
2022-07-16,891207,623,F,3,0,C,104,LIMPEZA,LIMPADOR PERFUMADO
2022-07-16,891302,812,F,2,0,A,134,LIMPEZA,SABAO
2022-07-16,891323,344,M,3,0,B,184,ALIMENTOS,IOGURTE
2022-07-16,891388,284,M,4,1,B,78,HIGIENE,FRALDA
2022-07-16,891450,100,F,2,3,C,47,ALIMENTOS,MORTADELA
2022-07-16,891479,82,F,1,1,C,142,BEBIDAS,REFRIGERANTE LARANJA
2022-07-16,891574,646,F,1,0,B,128,HIGIENE,SHAMPOO
2022-07-16,891649,501,M,1,0,B,8,ALIMENTOS,ARROZ
2022-07-16,891674,364,F,4,2,C,97,LIMPEZA,CERA
2022-07-16,891752,17,M,4,0,B,16,ALIMENTOS,BIFE DE COXAO MOLE
2022-07-16,891762,206,F,3,1,C,64,ALIMENTOS,UVA
2022-07-16,891778,144,M,1,0,B,212,LIMPEZA,CERA
2022-07-16,891840,704,F,2,0,C,180,ALIMENTOS,LEITE
2022-07-16,891902,931,M,2,0,A,187,HIGIENE,HASTES FLEXIVEIS
2022-07-16,891971,452,M,1,3,B,202,LIMPEZA,DESENGORDURANTE
2022-07-16,892004,19,F,2,2,C,101,LIMPEZA,INSETICIDA
2022-07-16,892027,233,M,3,0,B,179,ALIMENTOS,LEITE CONDENSADO
2022-07-16,892100,567,F,1,0,C,47,ALIMENTOS,MORTADELA
2022-07-16,892175,717,F,3,0,B,93,LIMPEZA,AGUA SANITARIA
2022-07-16,892199,230,M,1,4,A,202,LIMPEZA,DESENGORDURANTE
2022-07-16,892263,871,F,1,3,C,83,HIGIENE,MODELADOR
2022-07-16,892314,610,M,2,0,B,84,HIGIENE,PAPEL HIGIENICO
2022-07-16,892338,144,M,1,0,B,60,ALIMENTOS,SALGADINHOS DE MILHO
2022-07-16,892356,170,F,4,2,B,221,ALIMENTOS,BANANA
2022-07-16,892432,289,F,3,4,C,72,HIGIENE,CONDICIONADOR
2022-07-16,892530,223,F,3,0,B,73,HIGIENE,CREME
2022-07-16,892588,88,F,1,0,B,205,ALIMENTOS,COXA E SOBRECOXA DE FRANGO
2022-07-16,892628,983,F,4,0,C,5,ALIMENTOS,ACHOCOLATADO
2022-07-17,892662,705,M,1,0,B,182,ALIMENTOS,LATA DE ERVILHA
2022-07-17,892732,990,F,1,4,B,154,HIGIENE,PRESERVATIVO
2022-07-17,892767,921,M,2,3,B,168,ALIMENTOS,MAMAO PAPAYA
2022-07-17,892816,589,F,3,2,C,19,ALIMENTOS,CAFE
2022-07-17,892893,904,M,1,2,B,151,HIGIENE,PROTETOR SOLAR
2022-07-17,892962,309,M,1,0,B,159,ALIMENTOS,PAO DE FORMA
2022-07-17,893035,946,M,3,0,B,89,HIGIENE,SABONETE
2022-07-17,893040,610,M,2,0,B,216,ALIMENTOS,BROCOLIS
2022-07-17,893132,662,F,1,1,B,152,ALIMENTOS,PRESUNTO COZIDO
2022-07-17,893178,873,F,3,0,B,188,ALIMENTOS,HAMBUGUER
2022-07-17,893193,473,F,4,3,B,153,ALIMENTOS,PRESUNTO COZIDO
2022-07-17,893241,21,M,3,0,B,105,LIMPEZA,LUSTRA MOVEIS
2022-07-17,893292,867,M,2,3,B,217,ALIMENTOS,BISCOITO
2022-07-17,893343,33,F,2,0,B,33,ALIMENTOS,IOGURTE
2022-07-17,893442,521,F,1,0,A,56,ALIMENTOS,QUEIJO MUSSARELA
2022-07-17,893475,217,F,3,0,B,198,BEBIDAS,ENERGETICO
2022-07-17,893551,92,M,4,1,B,21,ALIMENTOS,CENOURA
2022-07-17,893609,291,F,3,0,C,99,LIMPEZA,DESINFETANTE
2022-07-17,893705,79,F,2,0,C,31,ALIMENTOS,GRANOLA
2022-07-17,893780,917,M,1,0,A,166,HIGIENE,MODELADOR
2022-07-17,893835,290,F,1,0,B,133,LIMPEZA,SABAO EM PO
2022-07-17,893903,295,F,1,3,B,82,HIGIENE,LENCO UMEDECIDO
2022-07-17,894002,62,F,2,0,B,221,ALIMENTOS,BANANA
2022-07-17,894095,211,M,2,1,B,127,ALIMENTOS,SNACKS
2022-07-17,894147,823,M,5,3,B,45,ALIMENTOS,MANGA
2022-07-17,894150,637,F,1,0,B,107,#N/D,#N/D
2022-07-17,894193,775,F,2,3,B,149,ALIMENTOS,QUEIJO MUSSARELA
2022-07-17,894209,422,F,2,4,C,127,ALIMENTOS,SNACKS
2022-07-17,894257,485,M,3,3,B,112,LIMPEZA,TIRA LIMO
2022-07-17,894325,466,F,1,0,C,6,ALIMENTOS,ALHO
2022-07-17,894389,730,F,2,0,B,134,LIMPEZA,SABAO
2022-07-17,894431,657,M,2,3,B,202,LIMPEZA,DESENGORDURANTE
2022-07-17,894492,981,F,4,1,C,194,ALIMENTOS,FILE DE PEIXE
2022-07-17,894548,923,F,2,4,C,5,ALIMENTOS,ACHOCOLATADO
2022-07-17,894610,244,M,4,0,B,208,HIGIENE,CONDICIONADOR
2022-07-17,894620,101,F,1,0,C,120,LIMPEZA,VASSOURA
2022-07-17,894715,777,F,1,0,B,30,ALIMENTOS,FILE DE PEIXE
2022-07-17,894726,914,M,2,4,B,16,ALIMENTOS,BIFE DE COXAO MOLE
2022-07-17,894747,422,F,2,4,C,169,ALIMENTOS,MAMAO
2022-07-17,894770,705,M,1,0,B,221,ALIMENTOS,BANANA
2022-07-17,894788,952,F,3,4,C,212,LIMPEZA,CERA
2022-07-17,894822,458,F,3,4,C,57,ALIMENTOS,REQUEIJAO
2022-07-17,894905,574,F,2,2,B,225,ALIMENTOS,ATUM
2022-07-17,894965,569,M,1,1,A,84,HIGIENE,PAPEL HIGIENICO
2022-07-17,894987,54,M,1,0,A,114,LIMPEZA,VASSOURA
2022-07-17,894993,133,F,2,0,B,221,ALIMENTOS,BANANA
2022-07-17,895009,296,F,1,3,B,204,HIGIENE,CREME
2022-07-17,895097,871,F,1,3,C,74,HIGIENE,ENXAGUANTE BUCAL
2022-07-17,895155,537,F,1,4,B,62,ALIMENTOS,SNACKS
2022-07-17,895218,973,F,4,0,B,1,ACESSORIOS,CHUPETA
2022-07-17,895269,216,F,1,2,B,139,LIMPEZA,REMOVEDOR
2022-07-17,895320,327,M,4,2,A,19,ALIMENTOS,CAFE
2022-07-17,895351,42,M,2,2,B,108,LIMPEZA,REMOVEDOR
2022-07-17,895405,67,M,1,0,B,160,ALIMENTOS,PALMITO
2022-07-17,895472,572,M,1,0,C,64,ALIMENTOS,UVA
2022-07-17,895522,862,M,4,0,B,22,ALIMENTOS,CHA
2022-07-17,895577,663,F,4,0,B,222,LIMPEZA,BALDE
2022-07-17,895673,161,M,5,2,B,205,ALIMENTOS,COXA E SOBRECOXA DE FRANGO
2022-07-17,895691,679,F,3,3,B,210,ACESSORIOS,CHUPETA
2022-07-17,895723,101,F,1,0,C,126,HIGIENE,TALCO
2022-07-17,895771,604,M,4,0,B,106,LIMPEZA,ODORIZADOR
2022-07-17,895831,729,M,3,0,B,186,HIGIENE,HIDRATANTE
2022-07-17,895927,728,M,2,0,A,113,LIMPEZA,TIRA MANCHA
2022-07-17,896018,402,M,2,0,C,63,ALIMENTOS,TOMATE
2022-07-17,896031,752,M,3,0,C,14,ALIMENTOS,BATATA
2022-07-17,896128,540,F,2,0,C,10,ALIMENTOS,ATUM
2022-07-17,896162,886,F,5,1,B,124,LIMPEZA,TIRA LIMO
2022-07-17,896217,866,M,2,2,C,47,ALIMENTOS,MORTADELA
2022-07-17,896273,148,M,3,4,A,132,HIGIENE,SABONETE
2022-07-17,896368,534,M,4,1,C,229,ALIMENTOS,ALMONDEGA
2022-07-17,896414,867,M,2,3,B,63,ALIMENTOS,TOMATE
2022-07-17,896432,655,M,2,0,B,105,LIMPEZA,LUSTRA MOVEIS
2022-07-17,896472,502,M,4,0,C,159,ALIMENTOS,PAO DE FORMA
2022-07-17,896564,339,F,4,0,C,94,LIMPEZA,ALCOOL
2022-07-17,896640,532,F,2,3,B,156,HIGIENE,PASTA DE DENTE
2022-07-17,896716,375,M,4,0,B,173,ALIMENTOS,LINGUICA
2022-07-17,896771,283,M,4,1,B,223,ALIMENTOS,AZEITONA
2022-07-17,896784,70,F,4,0,B,149,ALIMENTOS,QUEIJO MUSSARELA
2022-07-17,896882,883,M,1,0,B,69,BEBIDAS,REFRIGERANTE LIMaO
2022-07-17,896943,710,F,3,1,C,128,HIGIENE,SHAMPOO
2022-07-17,896949,556,F,4,0,B,222,LIMPEZA,BALDE
2022-07-17,896969,839,F,1,3,B,47,ALIMENTOS,MORTADELA
2022-07-17,897025,983,F,4,0,C,189,ALIMENTOS,GRANOLA
2022-07-17,897066,93,F,2,0,C,220,ALIMENTOS,BATATA
2022-07-17,897083,920,F,5,3,B,146,PET,RACAO UMIDA PARA CAES
2022-07-17,897179,660,F,3,0,C,89,HIGIENE,SABONETE
2022-07-17,897257,926,M,1,0,B,193,HIGIENE,FIO DENTAL
2022-07-17,897323,588,F,1,4,C,38,ALIMENTOS,LEITE CONDENSADO
2022-07-17,897342,137,F,4,1,B,157,ALIMENTOS,PAPINHA INFANTIL
2022-07-17,897354,250,F,4,1,B,144,BEBIDAS,REFRIGERANTE COLA
2022-07-17,897451,966,F,4,2,B,152,ALIMENTOS,PRESUNTO COZIDO
2022-07-17,897490,951,M,2,0,B,118,PET,RACAO UMIDA PARA CAES
2022-07-17,897557,659,F,2,2,B,168,ALIMENTOS,MAMAO PAPAYA
2022-07-17,897608,482,M,4,2,B,55,ALIMENTOS,QUEIJO DE CABRA
2022-07-17,897627,719,M,1,0,B,10,ALIMENTOS,ATUM
2022-07-17,897659,118,M,2,4,A,177,ALIMENTOS,LIMAO
2022-07-17,897676,821,F,2,3,B,217,ALIMENTOS,BISCOITO
2022-07-24,897761,877,M,2,0,C,4,ALIMENTOS,ABACAXI
2022-07-24,897857,424,M,1,4,B,15,ALIMENTOS,BATATA DOCE
2022-07-24,897956,969,M,1,3,B,166,HIGIENE,MODELADOR
2022-07-24,897966,435,F,2,0,C,32,ALIMENTOS,HAMBUGUER
2022-07-24,897990,155,F,2,0,B,143,BEBIDAS,REFRIGERANTE GUARANA
2022-07-24,898010,19,F,2,2,C,62,ALIMENTOS,SNACKS
2022-07-24,898102,452,M,1,3,B,55,ALIMENTOS,QUEIJO DE CABRA
2022-07-24,898157,228,F,4,0,C,41,ALIMENTOS,MACARRAO
2022-07-24,898187,971,F,1,2,A,123,LIMPEZA,TIRA MANCHA
2022-07-24,898237,785,M,1,4,C,55,ALIMENTOS,QUEIJO DE CABRA
2022-07-24,898313,460,F,1,3,B,28,ALIMENTOS,DOCE
2022-07-24,898390,10,M,1,0,B,157,ALIMENTOS,PAPINHA INFANTIL
2022-07-24,898449,734,F,4,2,B,160,ALIMENTOS,PALMITO
2022-07-24,898516,870,F,1,0,B,196,HIGIENE,ESCOVA DE DENTE
2022-07-24,898593,347,F,4,0,B,27,ALIMENTOS,DANETTE
2022-07-24,898639,485,M,3,3,B,197,HIGIENE,ENXAGUANTE BUCAL
2022-07-24,898720,859,M,1,0,B,107,#N/D,#N/D
2022-07-24,898735,989,M,2,0,B,79,HIGIENE,GEL
2022-07-24,898765,558,F,5,2,C,171,ALIMENTOS,MACARRAO
2022-07-24,898772,913,M,3,4,C,213,ALIMENTOS,CENOURA
2022-07-24,898774,581,F,4,2,C,207,ALIMENTOS,COPA SUINA
2022-07-24,898819,556,F,4,0,B,46,ALIMENTOS,MOLHO BARBECUE
2022-07-24,898857,968,F,1,0,B,125,HIGIENE,TINTURAS
2022-07-24,898920,395,F,4,1,B,111,LIMPEZA,SABAO EM PO
2022-07-24,898995,118,M,2,4,A,177,ALIMENTOS,LIMAO
2022-07-24,899048,19,F,2,2,C,37,ALIMENTOS,LEITE
2022-07-24,899081,166,F,1,0,B,196,HIGIENE,ESCOVA DE DENTE
2022-07-24,899134,807,M,1,3,B,209,ALIMENTOS,COGUMELOS
2022-07-24,899172,877,M,2,0,C,59,ALIMENTOS,SALGADINHO
2022-07-24,899200,613,F,3,0,B,159,ALIMENTOS,PAO DE FORMA
2022-07-24,899266,328,M,2,0,B,9,ALIMENTOS,ARROZ INTEGRAL
2022-07-24,899318,13,M,2,1,B,72,HIGIENE,CONDICIONADOR
2022-07-24,899402,879,M,2,2,C,194,ALIMENTOS,FILE DE PEIXE
2022-07-24,899500,188,M,2,2,B,197,HIGIENE,ENXAGUANTE BUCAL
2022-07-24,899553,801,M,1,4,B,144,BEBIDAS,REFRIGERANTE COLA
2022-07-24,899636,313,M,3,0,B,179,ALIMENTOS,LEITE CONDENSADO
2022-07-24,899698,148,M,3,4,A,13,ALIMENTOS,BANANA
2022-07-24,899757,622,F,3,0,B,10,ALIMENTOS,ATUM
2022-07-24,899823,481,M,3,0,B,150,ALIMENTOS,QUEIJO DE CABRA
2022-07-24,899837,929,M,4,0,B,68,BEBIDAS,REFRIGERANTE LARANJA
2022-07-24,899869,996,F,1,4,B,173,ALIMENTOS,LINGUICA
2022-07-24,899941,219,M,2,0,B,70,BEBIDAS,REFRIGERANTE OUTROS
2022-07-24,899986,537,F,1,4,B,10,ALIMENTOS,ATUM
2022-07-24,900027,180,M,3,4,B,159,ALIMENTOS,PAO DE FORMA
2022-07-24,900045,172,M,2,0,B,37,ALIMENTOS,LEITE
2022-07-24,900070,924,F,2,2,B,67,BEBIDAS,REFRIGERANTE GUARANA
2022-07-24,900102,144,M,1,0,B,127,ALIMENTOS,SNACKS
2022-07-24,900106,39,M,2,0,C,115,PET,ALIMENTO PARA PASSARO
2022-07-24,900177,17,M,4,0,B,130,ALIMENTOS,SALGADINHOS DE MILHO
2022-07-24,900187,791,F,1,0,B,78,HIGIENE,FRALDA
2022-07-24,900229,748,M,4,0,B,110,LIMPEZA,SABAO
2022-07-24,900305,169,F,1,1,B,217,ALIMENTOS,BISCOITO
2022-07-24,900358,828,F,2,4,B,96,LIMPEZA,BALDE
2022-07-24,900451,722,F,4,0,B,228,LIMPEZA,AMACIANTE
2022-07-24,900489,554,F,3,0,A,197,HIGIENE,ENXAGUANTE BUCAL
2022-07-24,900516,893,F,1,0,B,220,ALIMENTOS,BATATA
2022-07-24,900583,594,F,3,1,C,38,ALIMENTOS,LEITE CONDENSADO
2022-07-24,900599,579,F,3,0,B,71,HIGIENE,ABSORVENTE
2022-07-24,900610,213,M,2,4,B,160,ALIMENTOS,PALMITO
2022-07-24,900640,991,F,2,2,C,222,LIMPEZA,BALDE
2022-07-24,900738,122,M,3,3,B,121,ALIMENTOS,UVA
2022-07-24,900809,524,F,4,3,C,26,ALIMENTOS,COXA E SOBRECOXA DE FRANGO
2022-07-24,900904,302,F,4,3,C,148,PET,RACAO SECA PARA CAES
2022-07-24,900945,953,M,1,1,B,96,LIMPEZA,BALDE
2022-07-24,901029,47,F,4,0,B,26,ALIMENTOS,COXA E SOBRECOXA DE FRANGO
2022-07-24,901043,385,F,2,0,B,42,ALIMENTOS,MACARRAO INSTANTANEO
2022-07-30,901134,815,F,2,4,B,24,ALIMENTOS,COPA SUINA
2022-07-30,901165,576,M,3,0,B,225,ALIMENTOS,ATUM
2022-07-30,901210,304,F,2,3,B,160,ALIMENTOS,PALMITO
2022-07-30,901222,744,M,4,0,A,182,ALIMENTOS,LATA DE ERVILHA
2022-07-30,901249,605,M,4,2,B,35,ALIMENTOS,LATA DE ERVILHA
2022-07-30,901312,226,F,4,0,B,223,ALIMENTOS,AZEITONA
2022-07-30,901367,147,M,1,0,A,37,ALIMENTOS,LEITE
2022-07-30,901417,476,M,3,0,C,116,PET,RACAO SECA PARA CAES
2022-07-30,901425,997,M,5,2,C,86,HIGIENE,PRESERVATIVO
2022-07-30,901489,741,M,3,0,B,217,ALIMENTOS,BISCOITO
2022-07-30,901572,766,F,1,0,B,41,ALIMENTOS,MACARRAO
2022-07-30,901578,96,F,1,1,C,137,ALIMENTOS,REQUEIJAO
2022-07-30,901610,729,M,3,0,B,80,HIGIENE,HASTES FLEXIVEIS
2022-07-30,901641,691,M,4,0,B,20,ALIMENTOS,CEBOLA
2022-07-30,901687,406,M,2,4,C,130,ALIMENTOS,SALGADINHOS DE MILHO
2022-07-30,901688,952,F,3,4,C,71,HIGIENE,ABSORVENTE
2022-07-30,901725,735,F,4,0,B,150,ALIMENTOS,QUEIJO DE CABRA
2022-07-30,901736,463,M,3,3,B,22,ALIMENTOS,CHA
2022-07-30,901765,904,M,1,2,B,75,HIGIENE,ESCOVA DE DENTE
2022-07-30,901845,610,M,2,0,B,228,LIMPEZA,AMACIANTE
2022-07-30,901919,130,F,1,0,B,188,ALIMENTOS,HAMBUGUER
2022-07-30,901921,666,F,2,2,B,86,HIGIENE,PRESERVATIVO
2022-07-31,901963,704,F,2,0,C,41,ALIMENTOS,MACARRAO
2022-07-31,902017,925,M,2,0,C,209,ALIMENTOS,COGUMELOS
2022-07-31,902056,201,M,3,0,B,9,ALIMENTOS,ARROZ INTEGRAL
2022-07-31,902094,207,F,3,0,B,194,ALIMENTOS,FILE DE PEIXE
2022-07-31,902099,269,F,3,3,B,162,LIMPEZA,ODORIZADOR
2022-07-31,902168,184,M,1,3,B,222,LIMPEZA,BALDE
2022-07-31,902181,992,F,2,0,B,205,ALIMENTOS,COXA E SOBRECOXA DE FRANGO
2022-07-31,902192,669,F,4,0,B,103,LIMPEZA,LIMPADOR MULTIUSO
2022-07-31,902217,847,M,4,2,A,173,ALIMENTOS,LINGUICA
2022-07-31,902242,542,M,3,1,B,229,ALIMENTOS,ALMONDEGA
2022-07-31,902278,887,F,3,0,B,199,ALIMENTOS,DOCE
2022-07-31,902303,589,F,3,2,C,130,ALIMENTOS,SALGADINHOS DE MILHO
2022-07-31,902363,188,M,2,2,B,164,ACESSORIOS,MORDEDOR
2022-07-31,902441,328,M,2,0,B,9,ALIMENTOS,ARROZ INTEGRAL
2022-07-31,902516,619,M,4,1,B,115,PET,ALIMENTO PARA PASSARO
2022-07-31,902585,669,F,4,0,B,206,ALIMENTOS,CORACAO DE FRANGO
2022-07-31,902683,50,M,4,0,B,101,LIMPEZA,INSETICIDA
2022-07-31,902736,756,F,1,4,B,28,ALIMENTOS,DOCE
2022-07-31,902765,190,M,1,4,B,144,BEBIDAS,REFRIGERANTE COLA
2022-07-31,902831,312,M,1,0,A,224,ALIMENTOS,AZEITE
2022-07-31,902929,90,F,2,2,B,103,LIMPEZA,LIMPADOR MULTIUSO
2022-07-31,902932,127,F,4,2,C,93,LIMPEZA,AGUA SANITARIA
2022-07-31,903024,928,F,5,1,B,68,BEBIDAS,REFRIGERANTE LARANJA
2022-07-31,903032,450,M,1,0,B,68,BEBIDAS,REFRIGERANTE LARANJA
2022-07-31,903036,176,F,2,0,B,22,ALIMENTOS,CHA
2022-07-31,903118,563,M,3,0,B,182,ALIMENTOS,LATA DE ERVILHA
2022-07-31,903207,683,F,3,0,B,99,LIMPEZA,DESINFETANTE
2022-07-31,903276,968,F,1,0,B,21,ALIMENTOS,CENOURA
2022-07-31,903334,673,F,5,1,B,34,ALIMENTOS,KETCHUP
2022-07-31,903396,868,M,4,0,B,149,ALIMENTOS,QUEIJO MUSSARELA
2022-07-31,903441,345,F,2,3,B,212,LIMPEZA,CERA
2022-07-31,903502,129,M,2,0,A,139,LIMPEZA,REMOVEDOR
2022-07-31,903564,179,F,2,0,B,18,ALIMENTOS,BROCOLIS
2022-07-31,903583,172,M,2,0,B,97,LIMPEZA,CERA
2022-07-31,903657,932,M,4,1,B,20,ALIMENTOS,CEBOLA
2022-07-31,903692,51,F,3,0,B,119,PET,RACAO UMIDA PARA GATOS
2022-07-31,903766,364,F,4,2,C,215,ALIMENTOS,CAFE
2022-07-31,903771,249,F,4,0,B,213,ALIMENTOS,CENOURA
2022-07-31,903851,319,M,1,4,B,22,ALIMENTOS,CHA
2022-07-31,903873,334,M,3,0,C,195,ALIMENTOS,FEIJAO
2022-07-31,903888,33,F,2,0,B,37,ALIMENTOS,LEITE
2022-07-31,903984,404,M,4,0,B,221,ALIMENTOS,BANANA
2022-07-31,904064,839,F,1,3,B,29,ALIMENTOS,FEIJAO
2022-07-31,904137,659,F,2,2,B,114,LIMPEZA,VASSOURA
2022-07-31,904170,690,F,1,3,B,44,ALIMENTOS,MAMAO
2022-07-31,904258,470,M,3,1,B,35,ALIMENTOS,LATA DE ERVILHA
2022-07-31,904282,635,F,4,0,B,200,LIMPEZA,DETERGENTE
2022-07-31,904361,345,F,2,3,B,87,HIGIENE,PROTETOR SOLAR
2022-07-31,904371,807,M,1,3,B,150,ALIMENTOS,QUEIJO DE CABRA
2022-07-31,904375,989,M,2,0,B,181,ALIMENTOS,LATA DE MILHO
2022-07-31,904402,941,M,2,3,B,219,ALIMENTOS,BATATA DOCE
2022-07-31,904477,379,F,4,0,C,197,HIGIENE,ENXAGUANTE BUCAL
2022-07-31,904564,540,F,2,0,C,83,HIGIENE,MODELADOR
2022-07-31,904581,166,F,1,0,B,85,HIGIENE,PASTA DE DENTE
2022-07-31,904611,261,F,4,0,B,147,PET,RACAO SECA PARA GATOS
2022-07-31,904656,448,F,2,0,A,219,ALIMENTOS,BATATA DOCE
2022-07-31,904687,425,F,3,0,B,149,ALIMENTOS,QUEIJO MUSSARELA
2022-07-31,904732,532,F,2,3,B,226,ALIMENTOS,ARROZ INTEGRAL
2022-07-31,904765,587,M,1,0,B,32,ALIMENTOS,HAMBUGUER
2022-06-08,904772,425,F,3,0,B,166,HIGIENE,MODELADOR
2022-06-08,904865,651,F,2,0,B,158,HIGIENE,PAPEL HIGIENICO
2022-06-08,904946,355,M,3,4,B,138,HIGIENE,REPELENTE
2022-06-08,904994,910,M,2,2,B,109,LIMPEZA,RODO
2022-06-08,905062,428,F,2,0,A,1,ACESSORIOS,CHUPETA
2022-06-08,905112,370,M,1,4,B,189,ALIMENTOS,GRANOLA
2022-06-08,905130,335,F,3,0,C,101,LIMPEZA,INSETICIDA
2022-06-08,905161,555,M,4,3,A,60,ALIMENTOS,SALGADINHOS DE MILHO
2022-06-08,905253,475,F,4,3,B,55,ALIMENTOS,QUEIJO DE CABRA
2022-06-08,905283,898,F,4,0,C,47,ALIMENTOS,MORTADELA
2022-06-08,905294,59,M,2,0,A,143,BEBIDAS,REFRIGERANTE GUARANA
2022-06-08,905377,395,F,4,1,B,55,ALIMENTOS,QUEIJO DE CABRA
2022-06-08,905379,220,M,1,0,B,152,ALIMENTOS,PRESUNTO COZIDO
2022-06-08,905431,52,F,1,0,A,207,ALIMENTOS,COPA SUINA
2022-06-08,905467,403,M,3,2,B,165,ALIMENTOS,MOLHO BARBECUE
2022-06-08,905497,930,F,4,1,B,166,HIGIENE,MODELADOR
2022-06-08,905573,227,F,3,0,C,220,ALIMENTOS,BATATA
2022-06-08,905625,228,F,4,0,C,184,ALIMENTOS,IOGURTE
2022-06-08,905680,24,F,4,0,C,154,HIGIENE,PRESERVATIVO
2022-06-08,905736,488,M,3,2,B,5,ALIMENTOS,ACHOCOLATADO
2022-06-08,905815,839,F,1,3,B,50,ALIMENTOS,PAO DE FORMA
2022-06-08,905849,637,F,1,0,B,191,HIGIENE,FRALDA
2022-06-08,905903,634,F,2,0,C,173,ALIMENTOS,LINGUICA
2022-06-08,905953,833,F,1,4,B,223,ALIMENTOS,AZEITONA
2022-06-08,906035,6,F,2,0,B,15,ALIMENTOS,BATATA DOCE
2022-06-08,906049,62,F,2,0,B,29,ALIMENTOS,FEIJAO
2022-06-08,906141,734,F,4,2,B,8,ALIMENTOS,ARROZ
2022-06-08,906173,51,F,3,0,B,146,PET,RACAO UMIDA PARA CAES
2022-06-08,906254,852,M,2,3,B,4,ALIMENTOS,ABACAXI
2022-06-08,906340,789,F,5,1,B,125,HIGIENE,TINTURAS
2022-06-08,906381,992,F,2,0,B,39,ALIMENTOS,LIMAO
2022-06-08,906390,439,F,3,0,B,4,ALIMENTOS,ABACAXI
2022-06-08,906487,574,F,2,2,B,41,ALIMENTOS,MACARRAO
2022-06-08,906546,998,F,2,0,C,7,ALIMENTOS,ALMONDEGA
2022-06-08,906572,607,F,2,0,B,198,BEBIDAS,ENERGETICO
2022-06-08,906580,511,F,1,0,B,44,ALIMENTOS,MAMAO
2022-06-08,906653,277,F,1,3,B,63,ALIMENTOS,TOMATE
2022-06-08,906726,452,M,1,3,B,14,ALIMENTOS,BATATA
2022-06-08,906775,955,F,3,2,C,185,LIMPEZA,INSETICIDA
2022-06-08,906799,849,F,5,1,B,104,LIMPEZA,LIMPADOR PERFUMADO
2022-06-08,906824,605,M,4,2,B,196,HIGIENE,ESCOVA DE DENTE
2022-06-08,906888,818,F,2,0,B,58,ALIMENTOS,RICOTA
2022-06-08,906934,668,M,1,0,A,57,ALIMENTOS,REQUEIJAO
2022-06-08,906975,681,M,1,0,C,211,ALIMENTOS,CHA
2022-06-08,907033,969,M,1,3,B,173,ALIMENTOS,LINGUICA
2022-06-08,907125,977,M,1,0,C,118,PET,RACAO UMIDA PARA CAES
2022-06-08,907141,800,M,1,0,C,65,BEBIDAS,ENERGETICO
2022-06-08,907228,261,F,4,0,B,178,HIGIENE,LENCO UMEDECIDO
2022-06-08,907279,162,F,1,1,B,223,ALIMENTOS,AZEITONA
2022-06-08,907338,981,F,4,1,C,118,PET,RACAO UMIDA PARA CAES
2022-06-08,907373,535,M,4,0,A,153,ALIMENTOS,PRESUNTO COZIDO
2022-12-08,907428,682,F,2,2,B,103,LIMPEZA,LIMPADOR MULTIUSO
2022-12-08,907444,887,F,3,0,B,197,HIGIENE,ENXAGUANTE BUCAL
2022-12-08,907487,85,M,1,0,B,184,ALIMENTOS,IOGURTE
2022-12-08,907505,714,M,1,0,B,153,ALIMENTOS,PRESUNTO COZIDO
2022-12-08,907534,387,M,2,2,B,115,PET,ALIMENTO PARA PASSARO
2022-12-08,907628,475,F,4,3,B,44,ALIMENTOS,MAMAO
2022-12-08,907669,987,F,1,0,B,57,ALIMENTOS,REQUEIJAO
2022-12-08,907759,760,F,2,0,A,162,LIMPEZA,ODORIZADOR
2022-12-08,907772,65,M,4,0,B,175,LIMPEZA,LIMPADOR MULTIUSO
2022-12-08,907849,276,F,3,0,B,150,ALIMENTOS,QUEIJO DE CABRA
2022-12-08,907878,699,F,1,0,C,174,LIMPEZA,LIMPADOR PERFUMADO
2022-12-08,907942,223,F,3,0,B,78,HIGIENE,FRALDA
2022-12-08,908034,206,F,3,1,C,158,HIGIENE,PAPEL HIGIENICO
2022-12-08,908064,547,F,3,4,C,12,ALIMENTOS,AZEITONA
2022-12-08,908081,803,F,2,0,A,16,ALIMENTOS,BIFE DE COXAO MOLE
2022-12-08,908168,115,M,4,0,B,104,LIMPEZA,LIMPADOR PERFUMADO
2022-12-08,908221,316,F,3,2,B,17,ALIMENTOS,BISCOITO
2022-12-08,908225,377,F,1,0,B,56,ALIMENTOS,QUEIJO MUSSARELA
2022-12-08,908228,456,M,1,4,B,17,ALIMENTOS,BISCOITO
2022-12-08,908233,895,M,3,0,B,27,ALIMENTOS,DANETTE
2022-12-08,908271,123,F,3,2,B,40,ALIMENTOS,LINGUICA
2022-12-08,908360,482,M,4,2,B,88,HIGIENE,REPELENTE
2022-12-08,908445,42,M,2,2,B,158,HIGIENE,PAPEL HIGIENICO
2022-12-08,908463,744,M,4,0,A,176,LIMPEZA,LIMPA VIDROS
2022-12-08,908558,713,F,1,3,C,174,LIMPEZA,LIMPADOR PERFUMADO
2022-12-08,908603,114,F,3,3,B,43,ALIMENTOS,MAMAO PAPAYA
2022-12-08,908613,721,M,3,2,C,9,ALIMENTOS,ARROZ INTEGRAL
2022-12-08,908643,342,M,3,0,B,114,LIMPEZA,VASSOURA
2022-12-08,908723,800,M,1,0,C,28,ALIMENTOS,DOCE
2022-12-08,908727,750,M,2,2,C,52,ALIMENTOS,PATE
2022-12-08,908799,958,M,2,3,B,225,ALIMENTOS,ATUM
2022-12-08,908822,997,M,5,2,C,185,LIMPEZA,INSETICIDA
2022-12-08,908871,50,M,4,0,B,88,HIGIENE,REPELENTE
2022-12-08,908965,923,F,2,4,C,33,ALIMENTOS,IOGURTE
2022-12-08,909064,659,F,2,2,B,75,HIGIENE,ESCOVA DE DENTE
2022-12-08,909122,33,F,2,0,B,92,HIGIENE,TINTURAS
2022-12-08,909125,749,F,4,1,B,53,ALIMENTOS,PRESUNTO COZIDO
2022-12-08,909160,717,F,3,0,B,136,ALIMENTOS,RICOTA
2022-12-08,909236,675,M,4,0,B,175,LIMPEZA,LIMPADOR MULTIUSO
2022-12-08,909321,451,M,3,0,C,16,ALIMENTOS,BIFE DE COXAO MOLE
2022-12-08,909333,987,F,1,0,B,74,HIGIENE,ENXAGUANTE BUCAL
2022-12-08,909341,738,M,1,0,C,21,ALIMENTOS,CENOURA
2022-12-08,909429,305,F,4,0,B,215,ALIMENTOS,CAFE
2022-12-08,909505,797,M,2,4,B,5,ALIMENTOS,ACHOCOLATADO
2022-12-08,909527,558,F,5,2,C,202,LIMPEZA,DESENGORDURANTE
2022-12-08,909546,170,F,4,2,B,121,ALIMENTOS,UVA
2022-12-08,909595,173,F,1,0,B,151,HIGIENE,PROTETOR SOLAR
2022-12-08,909669,613,F,3,0,B,120,LIMPEZA,VASSOURA
2022-12-08,909725,361,F,1,0,C,56,ALIMENTOS,QUEIJO MUSSARELA
2022-12-08,909781,131,F,2,0,C,182,ALIMENTOS,LATA DE ERVILHA
2022-12-08,909863,119,F,3,2,B,148,PET,RACAO SECA PARA CAES
2022-12-08,909897,999,M,2,2,C,133,LIMPEZA,SABAO EM PO
2022-12-08,909907,311,F,4,0,C,49,ALIMENTOS,PALMITO
2022-12-08,909916,718,F,3,2,B,219,ALIMENTOS,BATATA DOCE
2022-12-08,909973,559,F,3,1,A,99,LIMPEZA,DESINFETANTE
2022-12-08,909989,369,F,3,4,C,206,ALIMENTOS,CORACAO DE FRANGO
2022-12-08,910080,144,M,1,0,B,206,ALIMENTOS,CORACAO DE FRANGO
2022-12-08,910108,857,F,2,2,B,155,ALIMENTOS,PATE
2022-12-08,910118,898,F,4,0,C,127,ALIMENTOS,SNACKS
2022-12-08,910156,257,M,1,4,C,24,ALIMENTOS,COPA SUINA
2022-12-08,910226,62,F,2,0,B,175,LIMPEZA,LIMPADOR MULTIUSO
2022-12-08,910317,741,M,3,0,B,70,BEBIDAS,REFRIGERANTE OUTROS
2022-12-08,910379,673,F,5,1,B,111,LIMPEZA,SABAO EM PO
2022-12-08,910408,732,F,3,4,B,28,ALIMENTOS,DOCE
2022-12-08,910481,547,F,3,4,C,18,ALIMENTOS,BROCOLIS
2022-12-08,910564,104,F,3,2,B,140,BEBIDAS,REFRIGERANTE OUTROS
2022-12-08,910628,488,M,3,2,B,118,PET,RACAO UMIDA PARA CAES
2022-12-08,910701,201,M,3,0,B,214,ALIMENTOS,CEBOLA
2022-12-08,910735,665,M,1,4,B,193,HIGIENE,FIO DENTAL
2022-12-08,910819,188,M,2,2,B,42,ALIMENTOS,MACARRAO INSTANTANEO
2022-12-08,910842,50,M,4,0,B,206,ALIMENTOS,CORACAO DE FRANGO
2022-12-08,910903,899,F,4,0,C,49,ALIMENTOS,PALMITO
2022-12-08,910915,73,M,1,0,A,179,ALIMENTOS,LEITE CONDENSADO
2022-12-08,910924,624,M,4,0,B,107,#N/D,#N/D
2022-12-08,910974,444,F,2,0,B,145,PET,RACAO UMIDA PARA GATOS
2022-12-08,911006,295,F,1,3,B,170,ALIMENTOS,MACARRAO INSTANTANEO
2022-12-08,911048,180,M,3,4,B,223,ALIMENTOS,AZEITONA
2022-12-08,911055,993,M,5,1,B,157,ALIMENTOS,PAPINHA INFANTIL
2022-12-08,911113,722,F,4,0,B,183,ALIMENTOS,KETCHUP
2022-12-08,911144,771,F,4,0,B,153,ALIMENTOS,PRESUNTO COZIDO
2022-12-08,911156,906,M,2,0,A,151,HIGIENE,PROTETOR SOLAR
2022-12-08,911185,371,F,4,0,B,170,ALIMENTOS,MACARRAO INSTANTANEO
2022-12-08,911223,955,F,3,2,C,211,ALIMENTOS,CHA
2022-12-08,911242,797,M,2,4,B,204,HIGIENE,CREME
2022-12-08,911244,490,F,2,4,C,72,HIGIENE,CONDICIONADOR
2022-12-08,911308,558,F,5,2,C,3,ALIMENTOS,ABACATE
2022-08-15,911388,38,M,3,0,B,136,ALIMENTOS,RICOTA
2022-08-15,911450,614,F,4,1,B,66,BEBIDAS,REFRIGERANTE COLA
2022-08-15,911458,730,F,2,0,B,20,ALIMENTOS,CEBOLA
2022-08-15,911493,906,M,2,0,A,140,BEBIDAS,REFRIGERANTE OUTROS
2022-08-15,911529,10,M,1,0,B,188,ALIMENTOS,HAMBUGUER
2022-08-15,911579,667,F,4,0,C,133,LIMPEZA,SABAO EM PO
2022-08-15,911636,130,F,1,0,B,55,ALIMENTOS,QUEIJO DE CABRA
2022-08-15,911653,774,F,2,0,B,20,ALIMENTOS,CEBOLA
2022-08-15,911676,258,F,1,0,B,159,ALIMENTOS,PAO DE FORMA
2022-08-15,911710,591,M,4,1,B,12,ALIMENTOS,AZEITONA
2022-08-15,911774,675,M,4,0,B,171,ALIMENTOS,MACARRAO
2022-08-15,911834,917,M,1,0,A,223,ALIMENTOS,AZEITONA
2022-08-15,911845,224,M,4,0,B,195,ALIMENTOS,FEIJAO
2022-08-15,911856,192,F,4,0,B,40,ALIMENTOS,LINGUICA
2022-08-15,911948,397,F,1,0,B,54,ALIMENTOS,PRESUNTO COZIDO
2022-08-15,911960,87,M,3,2,A,79,HIGIENE,GEL
2022-08-15,911987,143,F,1,4,B,43,ALIMENTOS,MAMAO PAPAYA
2022-08-15,912037,535,M,4,0,A,129,ALIMENTOS,SARDINHA
2022-08-15,912124,890,M,3,0,C,12,ALIMENTOS,AZEITONA
2022-08-15,912192,404,M,4,0,B,71,HIGIENE,ABSORVENTE
2022-08-15,912198,723,M,4,0,B,130,ALIMENTOS,SALGADINHOS DE MILHO
2022-08-15,912285,652,F,4,0,B,35,ALIMENTOS,LATA DE ERVILHA
2022-08-15,912314,469,M,4,2,C,155,ALIMENTOS,PATE
2022-08-15,912409,361,F,1,0,C,177,ALIMENTOS,LIMAO
2022-08-15,912487,243,F,1,4,C,141,BEBIDAS,REFRIGERANTE LIMaO
2022-08-15,912528,481,M,3,0,B,134,LIMPEZA,SABAO
2022-08-15,912596,83,M,1,4,B,193,HIGIENE,FIO DENTAL
2022-08-15,912621,858,F,4,2,C,215,ALIMENTOS,CAFE
2022-08-15,912676,831,F,4,2,B,183,ALIMENTOS,KETCHUP
2022-08-15,912731,969,M,1,3,B,43,ALIMENTOS,MAMAO PAPAYA
2022-08-15,912751,667,F,4,0,C,178,HIGIENE,LENCO UMEDECIDO
2022-08-15,912804,421,M,3,3,C,1,ACESSORIOS,CHUPETA
2022-08-15,912824,661,M,3,0,B,132,HIGIENE,SABONETE
2022-08-15,912895,559,F,3,1,A,50,ALIMENTOS,PAO DE FORMA
2022-08-15,912923,896,M,3,0,B,190,HIGIENE,GEL
2022-08-15,913009,504,M,3,0,B,21,ALIMENTOS,CENOURA
2022-08-15,913084,275,M,4,0,B,119,PET,RACAO UMIDA PARA GATOS
2022-08-15,913151,625,F,4,0,C,21,ALIMENTOS,CENOURA
2022-08-15,913157,876,F,2,3,B,92,HIGIENE,TINTURAS
2022-08-15,913178,560,M,2,0,B,44,ALIMENTOS,MAMAO
2022-08-15,913238,6,F,2,0,B,185,LIMPEZA,INSETICIDA
2022-08-15,913309,220,M,1,0,B,200,LIMPEZA,DETERGENTE
2022-08-15,913386,936,F,3,2,B,109,LIMPEZA,RODO
2022-08-15,913412,926,M,1,0,B,133,LIMPEZA,SABAO EM PO
2022-08-15,913434,462,F,4,0,A,152,ALIMENTOS,PRESUNTO COZIDO
2022-08-15,913460,511,F,1,0,B,37,ALIMENTOS,LEITE
2022-08-15,913468,432,F,1,0,C,102,LIMPEZA,LIMPA VIDROS
2022-08-15,913517,357,M,2,2,C,33,ALIMENTOS,IOGURTE
2022-08-15,913567,994,M,4,0,C,82,HIGIENE,LENCO UMEDECIDO
2022-08-15,913582,246,M,2,2,B,132,HIGIENE,SABONETE
2022-08-15,913673,36,F,3,0,C,74,HIGIENE,ENXAGUANTE BUCAL
2022-08-15,913713,796,M,2,3,B,23,ALIMENTOS,COGUMELOS
2022-08-15,913758,67,M,1,0,B,19,ALIMENTOS,CAFE
2022-08-15,913761,180,M,3,4,B,90,HIGIENE,SHAMPOO
2022-08-15,913853,899,F,4,0,C,65,BEBIDAS,ENERGETICO
2022-08-15,913941,585,F,2,4,B,89,HIGIENE,SABONETE
2022-08-15,913952,592,F,2,0,C,137,ALIMENTOS,REQUEIJAO
2022-08-15,913960,802,M,1,1,B,193,HIGIENE,FIO DENTAL
2022-08-15,913997,711,M,4,2,B,128,HIGIENE,SHAMPOO
2022-08-15,914043,129,M,2,0,A,60,ALIMENTOS,SALGADINHOS DE MILHO
2022-08-15,914064,149,M,1,3,A,22,ALIMENTOS,CHA
2022-08-15,914160,337,M,3,0,B,75,HIGIENE,ESCOVA DE DENTE
2022-08-15,914250,10,M,1,0,B,20,ALIMENTOS,CEBOLA
2022-08-15,914281,537,F,1,4,B,99,LIMPEZA,DESINFETANTE
2022-08-15,914348,715,F,3,4,B,84,HIGIENE,PAPEL HIGIENICO
2022-08-15,914378,415,F,3,0,B,71,HIGIENE,ABSORVENTE
2022-08-15,914461,88,F,1,0,B,96,LIMPEZA,BALDE
2022-08-15,914548,633,F,3,0,C,11,ALIMENTOS,AZEITE
2022-08-15,914562,888,F,4,2,B,142,BEBIDAS,REFRIGERANTE LARANJA
2022-08-15,914649,438,F,1,0,B,106,LIMPEZA,ODORIZADOR
2022-08-15,914674,578,M,4,0,B,58,ALIMENTOS,RICOTA
2022-08-15,914741,797,M,2,4,B,65,BEBIDAS,ENERGETICO
2022-08-15,914786,805,F,3,0,C,24,ALIMENTOS,COPA SUINA
2022-08-15,914801,856,F,5,1,B,33,ALIMENTOS,IOGURTE
2022-08-15,914816,223,F,3,0,B,177,ALIMENTOS,LIMAO
2022-08-15,914851,639,M,2,0,C,187,HIGIENE,HASTES FLEXIVEIS
2022-08-15,914863,100,F,2,3,C,20,ALIMENTOS,CEBOLA
2022-08-15,914879,339,F,4,0,C,213,ALIMENTOS,CENOURA
2022-08-15,914975,554,F,3,0,A,194,ALIMENTOS,FILE DE PEIXE
2022-08-15,915009,120,F,4,3,A,62,ALIMENTOS,SNACKS
2022-08-15,915093,284,M,4,1,B,135,LIMPEZA,RODO
2022-08-15,915180,465,F,3,0,B,221,ALIMENTOS,BANANA
2022-08-15,915200,467,F,2,2,B,36,ALIMENTOS,LATA DE MILHO
2022-08-15,915285,899,F,4,0,C,148,PET,RACAO SECA PARA CAES
2022-08-15,915365,276,F,3,0,B,207,ALIMENTOS,COPA SUINA
2022-08-15,915422,791,F,1,0,B,20,ALIMENTOS,CEBOLA
2022-08-15,915463,927,M,1,1,C,69,BEBIDAS,REFRIGERANTE LIMaO
2022-08-15,915534,640,M,4,0,C,197,HIGIENE,ENXAGUANTE BUCAL
2022-08-15,915584,990,F,1,4,B,74,HIGIENE,ENXAGUANTE BUCAL
2022-08-15,915633,172,M,2,0,B,41,ALIMENTOS,MACARRAO
2022-08-15,915680,74,M,3,0,C,34,ALIMENTOS,KETCHUP
2022-08-15,915747,869,F,3,0,B,121,ALIMENTOS,UVA
2022-08-15,915771,586,F,4,2,B,96,LIMPEZA,BALDE
2022-08-15,915804,86,F,4,3,C,24,ALIMENTOS,COPA SUINA
2022-08-15,915857,127,F,4,2,C,172,LIMPEZA,LUSTRA MOVEIS
2022-08-15,915933,400,F,4,1,C,73,HIGIENE,CREME
2022-08-15,916007,755,M,3,4,B,147,PET,RACAO SECA PARA GATOS
2022-08-15,916058,82,F,1,1,C,131,ALIMENTOS,SALGADINHO
2022-08-17,916112,14,M,1,3,B,207,ALIMENTOS,COPA SUINA
2022-08-17,916138,388,F,4,3,B,172,LIMPEZA,LUSTRA MOVEIS
2022-08-17,916165,140,F,1,0,C,149,ALIMENTOS,QUEIJO MUSSARELA
2022-08-17,916244,770,M,2,3,B,119,PET,RACAO UMIDA PARA GATOS
2022-08-17,916309,845,F,3,3,C,29,ALIMENTOS,FEIJAO
2022-08-17,916401,971,F,1,2,A,85,HIGIENE,PASTA DE DENTE
2022-08-17,916474,67,M,1,0,B,109,LIMPEZA,RODO
2022-08-17,916481,59,M,2,0,A,169,ALIMENTOS,MAMAO
2022-08-17,916535,199,M,3,3,B,61,ALIMENTOS,SARDINHA
2022-08-17,916611,327,M,4,2,A,97,LIMPEZA,CERA
2022-08-17,916707,494,F,5,1,C,43,ALIMENTOS,MAMAO PAPAYA
2022-08-17,916781,917,M,1,0,A,72,HIGIENE,CONDICIONADOR
2022-08-17,916838,721,M,3,2,C,125,HIGIENE,TINTURAS
2022-08-17,916878,91,M,3,0,B,2,ACESSORIOS,MORDEDOR
2022-08-17,916938,694,M,4,0,C,167,ALIMENTOS,MANGA
2022-08-17,917029,559,F,3,1,A,148,PET,RACAO SECA PARA CAES
2022-08-17,917030,614,F,4,1,B,115,PET,ALIMENTO PARA PASSARO
2022-08-17,917050,908,M,3,2,C,56,ALIMENTOS,QUEIJO MUSSARELA
2022-08-17,917073,461,M,3,4,C,89,HIGIENE,SABONETE
2022-08-17,917088,832,F,1,0,B,204,HIGIENE,CREME
2022-08-17,917132,155,F,2,0,B,129,ALIMENTOS,SARDINHA
2022-08-17,917155,982,M,4,3,B,159,ALIMENTOS,PAO DE FORMA
2022-08-17,917163,648,M,1,0,B,156,HIGIENE,PASTA DE DENTE
2022-08-17,917219,154,M,2,3,B,173,ALIMENTOS,LINGUICA
2022-08-17,917296,73,M,1,0,A,156,HIGIENE,PASTA DE DENTE
2022-08-17,917300,167,M,1,1,A,203,ALIMENTOS,DANETTE
2022-08-17,917356,776,F,2,0,B,42,ALIMENTOS,MACARRAO INSTANTANEO
2022-08-17,917387,343,F,1,0,B,188,ALIMENTOS,HAMBUGUER
2022-08-17,917426,253,F,4,1,B,45,ALIMENTOS,MANGA
2022-08-17,917486,911,F,2,0,B,141,BEBIDAS,REFRIGERANTE LIMaO
2022-08-17,917522,338,M,2,0,B,224,ALIMENTOS,AZEITE
2022-08-17,917535,276,F,3,0,B,16,ALIMENTOS,BIFE DE COXAO MOLE
2022-08-17,917611,477,F,4,0,B,155,ALIMENTOS,PATE
2022-08-17,917693,514,M,4,0,C,41,ALIMENTOS,MACARRAO
2022-08-17,917763,197,F,2,0,B,4,ALIMENTOS,ABACAXI
2022-08-17,917802,87,M,3,2,A,9,ALIMENTOS,ARROZ INTEGRAL
2022-08-17,917825,671,M,2,0,C,194,ALIMENTOS,FILE DE PEIXE
2022-08-17,917909,698,F,2,0,B,4,ALIMENTOS,ABACAXI
2022-08-17,917953,426,F,3,0,C,119,PET,RACAO UMIDA PARA GATOS
2022-08-17,917986,891,F,3,2,B,26,ALIMENTOS,COXA E SOBRECOXA DE FRANGO
2022-08-17,918075,387,M,2,2,B,177,ALIMENTOS,LIMAO
2022-08-17,918125,865,F,1,0,B,76,HIGIENE,FIO DENTAL
2022-08-17,918214,133,F,2,0,B,133,LIMPEZA,SABAO EM PO
2022-08-17,918283,611,M,4,0,B,53,ALIMENTOS,PRESUNTO COZIDO
2022-08-17,918357,281,F,2,0,B,39,ALIMENTOS,LIMAO
2022-08-17,918442,762,F,2,0,B,85,HIGIENE,PASTA DE DENTE
2022-08-17,918443,460,F,1,3,B,21,ALIMENTOS,CENOURA
2022-08-17,918482,168,F,4,3,B,217,ALIMENTOS,BISCOITO
2022-08-17,918556,793,M,1,3,B,90,HIGIENE,SHAMPOO
2022-08-17,918566,709,F,3,0,B,125,HIGIENE,TINTURAS
2022-08-17,918662,841,M,1,0,B,77,HIGIENE,FIXADOR
2022-08-17,918673,789,F,5,1,B,159,ALIMENTOS,PAO DE FORMA
2022-08-17,918729,215,M,2,4,B,14,ALIMENTOS,BATATA
2022-08-17,918760,818,F,2,0,B,122,ALIMENTOS,TOMATE
2022-08-17,918813,23,M,3,0,B,207,ALIMENTOS,COPA SUINA
2022-08-17,918827,706,F,2,0,A,52,ALIMENTOS,PATE
2022-08-17,918871,210,M,2,2,C,174,LIMPEZA,LIMPADOR PERFUMADO
2022-08-17,918933,952,F,3,4,C,11,ALIMENTOS,AZEITE
2022-08-17,918970,592,F,2,0,C,131,ALIMENTOS,SALGADINHO
2022-08-17,919017,969,M,1,3,B,129,ALIMENTOS,SARDINHA
2022-08-17,919019,969,M,1,3,B,220,ALIMENTOS,BATATA
2022-08-17,919066,74,M,3,0,C,146,PET,RACAO UMIDA PARA CAES
2022-08-17,919161,838,F,1,0,C,208,HIGIENE,CONDICIONADOR
2022-08-17,919229,830,F,5,1,B,20,ALIMENTOS,CEBOLA
2022-08-17,919269,723,M,4,0,B,166,HIGIENE,MODELADOR
2022-08-19,919279,955,F,3,2,C,116,PET,RACAO SECA PARA CAES
2022-08-19,919332,919,F,2,0,C,100,LIMPEZA,DETERGENTE
2022-08-19,919415,142,F,1,0,B,82,HIGIENE,LENCO UMEDECIDO
2022-08-19,919480,402,M,2,0,C,1,ACESSORIOS,CHUPETA
2022-08-19,919487,871,F,1,3,C,35,ALIMENTOS,LATA DE ERVILHA
2022-08-19,919511,932,M,4,1,B,36,ALIMENTOS,LATA DE MILHO
2022-08-19,919578,567,F,1,0,C,2,ACESSORIOS,MORDEDOR
2022-08-19,919626,758,F,3,0,B,122,ALIMENTOS,TOMATE
2022-08-19,919655,18,M,4,0,C,79,HIGIENE,GEL
2022-08-19,919682,332,F,3,4,C,39,ALIMENTOS,LIMAO
2022-08-19,919716,801,M,1,4,B,16,ALIMENTOS,BIFE DE COXAO MOLE
2022-08-19,919770,888,F,4,2,B,69,BEBIDAS,REFRIGERANTE LIMaO
2022-08-19,919822,155,F,2,0,B,46,ALIMENTOS,MOLHO BARBECUE
